solid ASCII
  facet normal 9.932384e-01 -0.000000e+00 1.160929e-01
    outer loop
      vertex   1.256684e+02 -3.143402e+01 -5.291848e+00
      vertex   1.256684e+02 -2.843402e+01 -5.291848e+00
      vertex   1.255875e+02 -3.143402e+01 -4.600000e+00
    endloop
  endfacet
  facet normal 9.932384e-01 -0.000000e+00 1.160929e-01
    outer loop
      vertex   1.255875e+02 -3.143402e+01 -4.600000e+00
      vertex   1.256684e+02 -2.843402e+01 -5.291848e+00
      vertex   1.255875e+02 -2.843402e+01 -4.600000e+00
    endloop
  endfacet
  facet normal 9.932384e-01 0.000000e+00 -1.160929e-01
    outer loop
      vertex   1.255875e+02 -3.143402e+01 -4.600000e+00
      vertex   1.255875e+02 -2.843402e+01 -4.600000e+00
      vertex   1.256684e+02 -3.143402e+01 -3.908152e+00
    endloop
  endfacet
  facet normal 9.932384e-01 0.000000e+00 -1.160929e-01
    outer loop
      vertex   1.256684e+02 -3.143402e+01 -3.908152e+00
      vertex   1.255875e+02 -2.843402e+01 -4.600000e+00
      vertex   1.256684e+02 -2.843402e+01 -3.908152e+00
    endloop
  endfacet
  facet normal 9.396926e-01 0.000000e+00 -3.420201e-01
    outer loop
      vertex   1.256684e+02 -3.143402e+01 -3.908152e+00
      vertex   1.256684e+02 -2.843402e+01 -3.908152e+00
      vertex   1.259066e+02 -3.143402e+01 -3.253602e+00
    endloop
  endfacet
  facet normal 9.396926e-01 0.000000e+00 -3.420201e-01
    outer loop
      vertex   1.259066e+02 -3.143402e+01 -3.253602e+00
      vertex   1.256684e+02 -2.843402e+01 -3.908152e+00
      vertex   1.259066e+02 -2.843402e+01 -3.253602e+00
    endloop
  endfacet
  facet normal 8.354878e-01 0.000000e+00 -5.495090e-01
    outer loop
      vertex   1.259066e+02 -3.143402e+01 -3.253602e+00
      vertex   1.259066e+02 -2.843402e+01 -3.253602e+00
      vertex   1.262894e+02 -3.143402e+01 -2.671637e+00
    endloop
  endfacet
  facet normal 8.354878e-01 0.000000e+00 -5.495090e-01
    outer loop
      vertex   1.262894e+02 -3.143402e+01 -2.671637e+00
      vertex   1.259066e+02 -2.843402e+01 -3.253602e+00
      vertex   1.262894e+02 -2.843402e+01 -2.671637e+00
    endloop
  endfacet
  facet normal 6.862416e-01 0.000000e+00 -7.273736e-01
    outer loop
      vertex   1.262894e+02 -3.143402e+01 -2.671637e+00
      vertex   1.262894e+02 -2.843402e+01 -2.671637e+00
      vertex   1.267960e+02 -3.143402e+01 -2.193630e+00
    endloop
  endfacet
  facet normal 6.862416e-01 0.000000e+00 -7.273736e-01
    outer loop
      vertex   1.267960e+02 -3.143402e+01 -2.193630e+00
      vertex   1.262894e+02 -2.843402e+01 -2.671637e+00
      vertex   1.267960e+02 -2.843402e+01 -2.193630e+00
    endloop
  endfacet
  facet normal 5.000000e-01 0.000000e+00 -8.660254e-01
    outer loop
      vertex   1.267960e+02 -3.143402e+01 -2.193630e+00
      vertex   1.267960e+02 -2.843402e+01 -2.193630e+00
      vertex   1.273993e+02 -3.143402e+01 -1.845352e+00
    endloop
  endfacet
  facet normal 5.000000e-01 1.922963e-16 -8.660254e-01
    outer loop
      vertex   1.273993e+02 -3.143402e+01 -1.845352e+00
      vertex   1.267960e+02 -2.843402e+01 -2.193630e+00
      vertex   1.273993e+02 -2.843402e+01 -1.845352e+00
    endloop
  endfacet
  facet normal 2.868032e-01 2.127164e-16 -9.579895e-01
    outer loop
      vertex   1.273993e+02 -3.143402e+01 -1.845352e+00
      vertex   1.273993e+02 -2.843402e+01 -1.845352e+00
      vertex   1.280666e+02 -3.143402e+01 -1.645577e+00
    endloop
  endfacet
  facet normal 2.868032e-01 2.127164e-16 -9.579895e-01
    outer loop
      vertex   1.280666e+02 -3.143402e+01 -1.645577e+00
      vertex   1.273993e+02 -2.843402e+01 -1.845352e+00
      vertex   1.280666e+02 -2.843402e+01 -1.645577e+00
    endloop
  endfacet
  facet normal 5.814483e-02 2.216689e-16 -9.983082e-01
    outer loop
      vertex   1.280666e+02 -3.143402e+01 -1.645577e+00
      vertex   1.280666e+02 -2.843402e+01 -1.645577e+00
      vertex   1.287619e+02 -3.143402e+01 -1.605076e+00
    endloop
  endfacet
  facet normal 5.814483e-02 0.000000e+00 -9.983082e-01
    outer loop
      vertex   1.287619e+02 -3.143402e+01 -1.605076e+00
      vertex   1.280666e+02 -2.843402e+01 -1.645577e+00
      vertex   1.287619e+02 -2.843402e+01 -1.605076e+00
    endloop
  endfacet
  facet normal -1.736482e-01 0.000000e+00 -9.848078e-01
    outer loop
      vertex   1.287619e+02 -3.143402e+01 -1.605076e+00
      vertex   1.287619e+02 -2.843402e+01 -1.605076e+00
      vertex   1.294479e+02 -3.143402e+01 -1.726031e+00
    endloop
  endfacet
  facet normal -1.736482e-01 -1.457808e-16 -9.848078e-01
    outer loop
      vertex   1.294479e+02 -3.143402e+01 -1.726031e+00
      vertex   1.287619e+02 -2.843402e+01 -1.605076e+00
      vertex   1.294479e+02 -2.843402e+01 -1.726031e+00
    endloop
  endfacet
  facet normal -3.960798e-01 -1.359233e-16 -9.182161e-01
    outer loop
      vertex   1.294479e+02 -3.143402e+01 -1.726031e+00
      vertex   1.294479e+02 -2.843402e+01 -1.726031e+00
      vertex   1.300875e+02 -3.143402e+01 -2.001924e+00
    endloop
  endfacet
  facet normal -3.960798e-01 -2.718466e-16 -9.182161e-01
    outer loop
      vertex   1.300875e+02 -3.143402e+01 -2.001924e+00
      vertex   1.294479e+02 -2.843402e+01 -1.726031e+00
      vertex   1.300875e+02 -2.843402e+01 -2.001924e+00
    endloop
  endfacet
  facet normal -5.971586e-01 -2.374762e-16 -8.021232e-01
    outer loop
      vertex   1.300875e+02 -3.143402e+01 -2.001924e+00
      vertex   1.300875e+02 -2.843402e+01 -2.001924e+00
      vertex   1.306462e+02 -3.143402e+01 -2.417879e+00
    endloop
  endfacet
  facet normal -5.971586e-01 0.000000e+00 -8.021232e-01
    outer loop
      vertex   1.306462e+02 -3.143402e+01 -2.417879e+00
      vertex   1.300875e+02 -2.843402e+01 -2.001924e+00
      vertex   1.306462e+02 -2.843402e+01 -2.417879e+00
    endloop
  endfacet
  facet normal -7.660444e-01 0.000000e+00 -6.427876e-01
    outer loop
      vertex   1.306462e+02 -3.143402e+01 -2.417879e+00
      vertex   1.306462e+02 -2.843402e+01 -2.417879e+00
      vertex   1.310940e+02 -3.143402e+01 -2.951473e+00
    endloop
  endfacet
  facet normal -7.660444e-01 0.000000e+00 -6.427876e-01
    outer loop
      vertex   1.310940e+02 -3.143402e+01 -2.951473e+00
      vertex   1.306462e+02 -2.843402e+01 -2.417879e+00
      vertex   1.310940e+02 -2.843402e+01 -2.951473e+00
    endloop
  endfacet
  facet normal -8.936326e-01 0.000000e+00 -4.487992e-01
    outer loop
      vertex   1.310940e+02 -3.143402e+01 -2.951473e+00
      vertex   1.310940e+02 -2.843402e+01 -2.951473e+00
      vertex   1.314066e+02 -3.143402e+01 -3.573940e+00
    endloop
  endfacet
  facet normal -8.936326e-01 0.000000e+00 -4.487992e-01
    outer loop
      vertex   1.314066e+02 -3.143402e+01 -3.573940e+00
      vertex   1.310940e+02 -2.843402e+01 -2.951473e+00
      vertex   1.314066e+02 -2.843402e+01 -3.573940e+00
    endloop
  endfacet
  facet normal -9.730449e-01 0.000000e+00 -2.306159e-01
    outer loop
      vertex   1.314066e+02 -3.143402e+01 -3.573940e+00
      vertex   1.314066e+02 -2.843402e+01 -3.573940e+00
      vertex   1.315672e+02 -3.143402e+01 -4.251721e+00
    endloop
  endfacet
  facet normal -9.730449e-01 0.000000e+00 -2.306159e-01
    outer loop
      vertex   1.315672e+02 -3.143402e+01 -4.251721e+00
      vertex   1.314066e+02 -2.843402e+01 -3.573940e+00
      vertex   1.315672e+02 -2.843402e+01 -4.251721e+00
    endloop
  endfacet
  facet normal -1.000000e+00 0.000000e+00 0.000000e+00
    outer loop
      vertex   1.315672e+02 -3.143402e+01 -4.251721e+00
      vertex   1.315672e+02 -2.843402e+01 -4.251721e+00
      vertex   1.315672e+02 -3.143402e+01 -4.948279e+00
    endloop
  endfacet
  facet normal -1.000000e+00 0.000000e+00 0.000000e+00
    outer loop
      vertex   1.315672e+02 -3.143402e+01 -4.948279e+00
      vertex   1.315672e+02 -2.843402e+01 -4.251721e+00
      vertex   1.315672e+02 -2.843402e+01 -4.948279e+00
    endloop
  endfacet
  facet normal -9.730449e-01 0.000000e+00 2.306159e-01
    outer loop
      vertex   1.315672e+02 -3.143402e+01 -4.948279e+00
      vertex   1.315672e+02 -2.843402e+01 -4.948279e+00
      vertex   1.314066e+02 -3.143402e+01 -5.626060e+00
    endloop
  endfacet
  facet normal -9.730449e-01 0.000000e+00 2.306159e-01
    outer loop
      vertex   1.314066e+02 -3.143402e+01 -5.626060e+00
      vertex   1.315672e+02 -2.843402e+01 -4.948279e+00
      vertex   1.314066e+02 -2.843402e+01 -5.626060e+00
    endloop
  endfacet
  facet normal -8.936326e-01 0.000000e+00 4.487992e-01
    outer loop
      vertex   1.314066e+02 -3.143402e+01 -5.626060e+00
      vertex   1.314066e+02 -2.843402e+01 -5.626060e+00
      vertex   1.310940e+02 -3.143402e+01 -6.248527e+00
    endloop
  endfacet
  facet normal -8.936326e-01 0.000000e+00 4.487992e-01
    outer loop
      vertex   1.310940e+02 -3.143402e+01 -6.248527e+00
      vertex   1.314066e+02 -2.843402e+01 -5.626060e+00
      vertex   1.310940e+02 -2.843402e+01 -6.248527e+00
    endloop
  endfacet
  facet normal -7.660444e-01 0.000000e+00 6.427876e-01
    outer loop
      vertex   1.310940e+02 -3.143402e+01 -6.248527e+00
      vertex   1.310940e+02 -2.843402e+01 -6.248527e+00
      vertex   1.306462e+02 -3.143402e+01 -6.782121e+00
    endloop
  endfacet
  facet normal -7.660444e-01 0.000000e+00 6.427876e-01
    outer loop
      vertex   1.306462e+02 -3.143402e+01 -6.782121e+00
      vertex   1.310940e+02 -2.843402e+01 -6.248527e+00
      vertex   1.306462e+02 -2.843402e+01 -6.782121e+00
    endloop
  endfacet
  facet normal -5.971586e-01 0.000000e+00 8.021232e-01
    outer loop
      vertex   1.306462e+02 -3.143402e+01 -6.782121e+00
      vertex   1.306462e+02 -2.843402e+01 -6.782121e+00
      vertex   1.300875e+02 -3.143402e+01 -7.198076e+00
    endloop
  endfacet
  facet normal -5.971586e-01 2.374762e-16 8.021232e-01
    outer loop
      vertex   1.300875e+02 -3.143402e+01 -7.198076e+00
      vertex   1.306462e+02 -2.843402e+01 -6.782121e+00
      vertex   1.300875e+02 -2.843402e+01 -7.198076e+00
    endloop
  endfacet
  facet normal -3.960798e-01 2.718466e-16 9.182161e-01
    outer loop
      vertex   1.300875e+02 -3.143402e+01 -7.198076e+00
      vertex   1.300875e+02 -2.843402e+01 -7.198076e+00
      vertex   1.294479e+02 -3.143402e+01 -7.473969e+00
    endloop
  endfacet
  facet normal -3.960798e-01 0.000000e+00 9.182161e-01
    outer loop
      vertex   1.294479e+02 -3.143402e+01 -7.473969e+00
      vertex   1.300875e+02 -2.843402e+01 -7.198076e+00
      vertex   1.294479e+02 -2.843402e+01 -7.473969e+00
    endloop
  endfacet
  facet normal -1.736482e-01 0.000000e+00 9.848078e-01
    outer loop
      vertex   1.294479e+02 -3.143402e+01 -7.473969e+00
      vertex   1.294479e+02 -2.843402e+01 -7.473969e+00
      vertex   1.287619e+02 -3.143402e+01 -7.594924e+00
    endloop
  endfacet
  facet normal -1.736482e-01 0.000000e+00 9.848078e-01
    outer loop
      vertex   1.287619e+02 -3.143402e+01 -7.594924e+00
      vertex   1.294479e+02 -2.843402e+01 -7.473969e+00
      vertex   1.287619e+02 -2.843402e+01 -7.594924e+00
    endloop
  endfacet
  facet normal 5.814483e-02 -0.000000e+00 9.983082e-01
    outer loop
      vertex   1.287619e+02 -3.143402e+01 -7.594924e+00
      vertex   1.287619e+02 -2.843402e+01 -7.594924e+00
      vertex   1.280666e+02 -3.143402e+01 -7.554423e+00
    endloop
  endfacet
  facet normal 5.814483e-02 -2.955586e-16 9.983082e-01
    outer loop
      vertex   1.280666e+02 -3.143402e+01 -7.554423e+00
      vertex   1.287619e+02 -2.843402e+01 -7.594924e+00
      vertex   1.280666e+02 -2.843402e+01 -7.554423e+00
    endloop
  endfacet
  facet normal 2.868032e-01 -2.836219e-16 9.579895e-01
    outer loop
      vertex   1.280666e+02 -3.143402e+01 -7.554423e+00
      vertex   1.280666e+02 -2.843402e+01 -7.554423e+00
      vertex   1.273993e+02 -3.143402e+01 -7.354648e+00
    endloop
  endfacet
  facet normal 2.868032e-01 -2.836219e-16 9.579895e-01
    outer loop
      vertex   1.273993e+02 -3.143402e+01 -7.354648e+00
      vertex   1.280666e+02 -2.843402e+01 -7.554423e+00
      vertex   1.273993e+02 -2.843402e+01 -7.354648e+00
    endloop
  endfacet
  facet normal 5.000000e-01 -2.563950e-16 8.660254e-01
    outer loop
      vertex   1.273993e+02 -3.143402e+01 -7.354648e+00
      vertex   1.273993e+02 -2.843402e+01 -7.354648e+00
      vertex   1.267960e+02 -3.143402e+01 -7.006370e+00
    endloop
  endfacet
  facet normal 5.000000e-01 -0.000000e+00 8.660254e-01
    outer loop
      vertex   1.267960e+02 -3.143402e+01 -7.006370e+00
      vertex   1.273993e+02 -2.843402e+01 -7.354648e+00
      vertex   1.267960e+02 -2.843402e+01 -7.006370e+00
    endloop
  endfacet
  facet normal 6.862416e-01 -0.000000e+00 7.273736e-01
    outer loop
      vertex   1.267960e+02 -3.143402e+01 -7.006370e+00
      vertex   1.267960e+02 -2.843402e+01 -7.006370e+00
      vertex   1.262894e+02 -3.143402e+01 -6.528363e+00
    endloop
  endfacet
  facet normal 6.862416e-01 -0.000000e+00 7.273736e-01
    outer loop
      vertex   1.262894e+02 -3.143402e+01 -6.528363e+00
      vertex   1.267960e+02 -2.843402e+01 -7.006370e+00
      vertex   1.262894e+02 -2.843402e+01 -6.528363e+00
    endloop
  endfacet
  facet normal 8.354878e-01 -0.000000e+00 5.495090e-01
    outer loop
      vertex   1.262894e+02 -3.143402e+01 -6.528363e+00
      vertex   1.262894e+02 -2.843402e+01 -6.528363e+00
      vertex   1.259066e+02 -3.143402e+01 -5.946398e+00
    endloop
  endfacet
  facet normal 8.354878e-01 -0.000000e+00 5.495090e-01
    outer loop
      vertex   1.259066e+02 -3.143402e+01 -5.946398e+00
      vertex   1.262894e+02 -2.843402e+01 -6.528363e+00
      vertex   1.259066e+02 -2.843402e+01 -5.946398e+00
    endloop
  endfacet
  facet normal 9.396926e-01 -0.000000e+00 3.420201e-01
    outer loop
      vertex   1.259066e+02 -3.143402e+01 -5.946398e+00
      vertex   1.259066e+02 -2.843402e+01 -5.946398e+00
      vertex   1.256684e+02 -3.143402e+01 -5.291848e+00
    endloop
  endfacet
  facet normal 9.396926e-01 -0.000000e+00 3.420201e-01
    outer loop
      vertex   1.256684e+02 -3.143402e+01 -5.291848e+00
      vertex   1.259066e+02 -2.843402e+01 -5.946398e+00
      vertex   1.256684e+02 -2.843402e+01 -5.291848e+00
    endloop
  endfacet
  facet normal 1.048629e-14 1.000000e+00 -4.945883e-14
    outer loop
      vertex   1.272835e+02 -3.143402e+01 -4.949406e+00
      vertex   1.256684e+02 -3.143402e+01 -5.291848e+00
      vertex   1.272375e+02 -3.143402e+01 -4.600000e+00
    endloop
  endfacet
  facet normal 1.382089e-29 1.000000e+00 -2.567555e-14
    outer loop
      vertex   1.272375e+02 -3.143402e+01 -4.600000e+00
      vertex   1.256684e+02 -3.143402e+01 -5.291848e+00
      vertex   1.255875e+02 -3.143402e+01 -4.600000e+00
    endloop
  endfacet
  facet normal -1.382089e-29 1.000000e+00 2.567555e-14
    outer loop
      vertex   1.272375e+02 -3.143402e+01 -4.600000e+00
      vertex   1.255875e+02 -3.143402e+01 -4.600000e+00
      vertex   1.256684e+02 -3.143402e+01 -3.908152e+00
    endloop
  endfacet
  facet normal -0.000000e+00 1.000000e+00 0.000000e+00
    outer loop
      vertex   1.256684e+02 -3.143402e+01 -5.291848e+00
      vertex   1.272835e+02 -3.143402e+01 -4.949406e+00
      vertex   1.259066e+02 -3.143402e+01 -5.946398e+00
    endloop
  endfacet
  facet normal 0.000000e+00 1.000000e+00 0.000000e+00
    outer loop
      vertex   1.259066e+02 -3.143402e+01 -5.946398e+00
      vertex   1.272835e+02 -3.143402e+01 -4.949406e+00
      vertex   1.274184e+02 -3.143402e+01 -5.275000e+00
    endloop
  endfacet
  facet normal -0.000000e+00 1.000000e+00 0.000000e+00
    outer loop
      vertex   1.259066e+02 -3.143402e+01 -5.946398e+00
      vertex   1.274184e+02 -3.143402e+01 -5.275000e+00
      vertex   1.262894e+02 -3.143402e+01 -6.528363e+00
    endloop
  endfacet
  facet normal 0.000000e+00 1.000000e+00 0.000000e+00
    outer loop
      vertex   1.262894e+02 -3.143402e+01 -6.528363e+00
      vertex   1.274184e+02 -3.143402e+01 -5.275000e+00
      vertex   1.276329e+02 -3.143402e+01 -5.554594e+00
    endloop
  endfacet
  facet normal -0.000000e+00 1.000000e+00 0.000000e+00
    outer loop
      vertex   1.262894e+02 -3.143402e+01 -6.528363e+00
      vertex   1.276329e+02 -3.143402e+01 -5.554594e+00
      vertex   1.267960e+02 -3.143402e+01 -7.006370e+00
    endloop
  endfacet
  facet normal 0.000000e+00 1.000000e+00 0.000000e+00
    outer loop
      vertex   1.267960e+02 -3.143402e+01 -7.006370e+00
      vertex   1.276329e+02 -3.143402e+01 -5.554594e+00
      vertex   1.279125e+02 -3.143402e+01 -5.769134e+00
    endloop
  endfacet
  facet normal -0.000000e+00 1.000000e+00 0.000000e+00
    outer loop
      vertex   1.267960e+02 -3.143402e+01 -7.006370e+00
      vertex   1.279125e+02 -3.143402e+01 -5.769134e+00
      vertex   1.273993e+02 -3.143402e+01 -7.354648e+00
    endloop
  endfacet
  facet normal 0.000000e+00 1.000000e+00 0.000000e+00
    outer loop
      vertex   1.273993e+02 -3.143402e+01 -7.354648e+00
      vertex   1.279125e+02 -3.143402e+01 -5.769134e+00
      vertex   1.282381e+02 -3.143402e+01 -5.904000e+00
    endloop
  endfacet
  facet normal -0.000000e+00 1.000000e+00 0.000000e+00
    outer loop
      vertex   1.273993e+02 -3.143402e+01 -7.354648e+00
      vertex   1.282381e+02 -3.143402e+01 -5.904000e+00
      vertex   1.280666e+02 -3.143402e+01 -7.554423e+00
    endloop
  endfacet
  facet normal 0.000000e+00 1.000000e+00 0.000000e+00
    outer loop
      vertex   1.280666e+02 -3.143402e+01 -7.554423e+00
      vertex   1.282381e+02 -3.143402e+01 -5.904000e+00
      vertex   1.285875e+02 -3.143402e+01 -5.950000e+00
    endloop
  endfacet
  facet normal -0.000000e+00 1.000000e+00 0.000000e+00
    outer loop
      vertex   1.280666e+02 -3.143402e+01 -7.554423e+00
      vertex   1.285875e+02 -3.143402e+01 -5.950000e+00
      vertex   1.287619e+02 -3.143402e+01 -7.594924e+00
    endloop
  endfacet
  facet normal 0.000000e+00 1.000000e+00 -0.000000e+00
    outer loop
      vertex   1.287619e+02 -3.143402e+01 -7.594924e+00
      vertex   1.285875e+02 -3.143402e+01 -5.950000e+00
      vertex   1.289369e+02 -3.143402e+01 -5.904000e+00
    endloop
  endfacet
  facet normal 0.000000e+00 1.000000e+00 0.000000e+00
    outer loop
      vertex   1.287619e+02 -3.143402e+01 -7.594924e+00
      vertex   1.289369e+02 -3.143402e+01 -5.904000e+00
      vertex   1.294479e+02 -3.143402e+01 -7.473969e+00
    endloop
  endfacet
  facet normal 0.000000e+00 1.000000e+00 0.000000e+00
    outer loop
      vertex   1.294479e+02 -3.143402e+01 -7.473969e+00
      vertex   1.289369e+02 -3.143402e+01 -5.904000e+00
      vertex   1.292625e+02 -3.143402e+01 -5.769134e+00
    endloop
  endfacet
  facet normal 0.000000e+00 1.000000e+00 -0.000000e+00
    outer loop
      vertex   1.294479e+02 -3.143402e+01 -7.473969e+00
      vertex   1.292625e+02 -3.143402e+01 -5.769134e+00
      vertex   1.300875e+02 -3.143402e+01 -7.198076e+00
    endloop
  endfacet
  facet normal 0.000000e+00 1.000000e+00 -0.000000e+00
    outer loop
      vertex   1.300875e+02 -3.143402e+01 -7.198076e+00
      vertex   1.292625e+02 -3.143402e+01 -5.769134e+00
      vertex   1.306462e+02 -3.143402e+01 -6.782121e+00
    endloop
  endfacet
  facet normal 0.000000e+00 1.000000e+00 0.000000e+00
    outer loop
      vertex   1.306462e+02 -3.143402e+01 -6.782121e+00
      vertex   1.292625e+02 -3.143402e+01 -5.769134e+00
      vertex   1.295421e+02 -3.143402e+01 -5.554594e+00
    endloop
  endfacet
  facet normal 0.000000e+00 1.000000e+00 -0.000000e+00
    outer loop
      vertex   1.306462e+02 -3.143402e+01 -6.782121e+00
      vertex   1.295421e+02 -3.143402e+01 -5.554594e+00
      vertex   1.310940e+02 -3.143402e+01 -6.248527e+00
    endloop
  endfacet
  facet normal 0.000000e+00 1.000000e+00 0.000000e+00
    outer loop
      vertex   1.310940e+02 -3.143402e+01 -6.248527e+00
      vertex   1.295421e+02 -3.143402e+01 -5.554594e+00
      vertex   1.297566e+02 -3.143402e+01 -5.275000e+00
    endloop
  endfacet
  facet normal 0.000000e+00 1.000000e+00 -0.000000e+00
    outer loop
      vertex   1.310940e+02 -3.143402e+01 -6.248527e+00
      vertex   1.297566e+02 -3.143402e+01 -5.275000e+00
      vertex   1.314066e+02 -3.143402e+01 -5.626060e+00
    endloop
  endfacet
  facet normal 0.000000e+00 1.000000e+00 0.000000e+00
    outer loop
      vertex   1.314066e+02 -3.143402e+01 -5.626060e+00
      vertex   1.297566e+02 -3.143402e+01 -5.275000e+00
      vertex   1.298915e+02 -3.143402e+01 -4.949406e+00
    endloop
  endfacet
  facet normal 0.000000e+00 1.000000e+00 -0.000000e+00
    outer loop
      vertex   1.314066e+02 -3.143402e+01 -5.626060e+00
      vertex   1.298915e+02 -3.143402e+01 -4.949406e+00
      vertex   1.315672e+02 -3.143402e+01 -4.948279e+00
    endloop
  endfacet
  facet normal 0.000000e+00 1.000000e+00 0.000000e+00
    outer loop
      vertex   1.315672e+02 -3.143402e+01 -4.948279e+00
      vertex   1.298915e+02 -3.143402e+01 -4.949406e+00
      vertex   1.299375e+02 -3.143402e+01 -4.600000e+00
    endloop
  endfacet
  facet normal 0.000000e+00 1.000000e+00 -0.000000e+00
    outer loop
      vertex   1.315672e+02 -3.143402e+01 -4.948279e+00
      vertex   1.299375e+02 -3.143402e+01 -4.600000e+00
      vertex   1.315672e+02 -3.143402e+01 -4.251721e+00
    endloop
  endfacet
  facet normal 0.000000e+00 1.000000e+00 0.000000e+00
    outer loop
      vertex   1.315672e+02 -3.143402e+01 -4.251721e+00
      vertex   1.299375e+02 -3.143402e+01 -4.600000e+00
      vertex   1.298915e+02 -3.143402e+01 -4.250594e+00
    endloop
  endfacet
  facet normal 0.000000e+00 1.000000e+00 0.000000e+00
    outer loop
      vertex   1.315672e+02 -3.143402e+01 -4.251721e+00
      vertex   1.298915e+02 -3.143402e+01 -4.250594e+00
      vertex   1.314066e+02 -3.143402e+01 -3.573940e+00
    endloop
  endfacet
  facet normal 0.000000e+00 1.000000e+00 0.000000e+00
    outer loop
      vertex   1.314066e+02 -3.143402e+01 -3.573940e+00
      vertex   1.298915e+02 -3.143402e+01 -4.250594e+00
      vertex   1.297566e+02 -3.143402e+01 -3.925000e+00
    endloop
  endfacet
  facet normal 0.000000e+00 1.000000e+00 0.000000e+00
    outer loop
      vertex   1.314066e+02 -3.143402e+01 -3.573940e+00
      vertex   1.297566e+02 -3.143402e+01 -3.925000e+00
      vertex   1.310940e+02 -3.143402e+01 -2.951473e+00
    endloop
  endfacet
  facet normal 0.000000e+00 1.000000e+00 0.000000e+00
    outer loop
      vertex   1.310940e+02 -3.143402e+01 -2.951473e+00
      vertex   1.297566e+02 -3.143402e+01 -3.925000e+00
      vertex   1.295421e+02 -3.143402e+01 -3.645406e+00
    endloop
  endfacet
  facet normal 0.000000e+00 1.000000e+00 0.000000e+00
    outer loop
      vertex   1.310940e+02 -3.143402e+01 -2.951473e+00
      vertex   1.295421e+02 -3.143402e+01 -3.645406e+00
      vertex   1.306462e+02 -3.143402e+01 -2.417879e+00
    endloop
  endfacet
  facet normal 0.000000e+00 1.000000e+00 0.000000e+00
    outer loop
      vertex   1.306462e+02 -3.143402e+01 -2.417879e+00
      vertex   1.295421e+02 -3.143402e+01 -3.645406e+00
      vertex   1.292625e+02 -3.143402e+01 -3.430866e+00
    endloop
  endfacet
  facet normal 0.000000e+00 1.000000e+00 0.000000e+00
    outer loop
      vertex   1.306462e+02 -3.143402e+01 -2.417879e+00
      vertex   1.292625e+02 -3.143402e+01 -3.430866e+00
      vertex   1.300875e+02 -3.143402e+01 -2.001924e+00
    endloop
  endfacet
  facet normal 0.000000e+00 1.000000e+00 0.000000e+00
    outer loop
      vertex   1.300875e+02 -3.143402e+01 -2.001924e+00
      vertex   1.292625e+02 -3.143402e+01 -3.430866e+00
      vertex   1.294479e+02 -3.143402e+01 -1.726031e+00
    endloop
  endfacet
  facet normal 0.000000e+00 1.000000e+00 0.000000e+00
    outer loop
      vertex   1.294479e+02 -3.143402e+01 -1.726031e+00
      vertex   1.292625e+02 -3.143402e+01 -3.430866e+00
      vertex   1.289369e+02 -3.143402e+01 -3.296000e+00
    endloop
  endfacet
  facet normal 0.000000e+00 1.000000e+00 0.000000e+00
    outer loop
      vertex   1.294479e+02 -3.143402e+01 -1.726031e+00
      vertex   1.289369e+02 -3.143402e+01 -3.296000e+00
      vertex   1.287619e+02 -3.143402e+01 -1.605076e+00
    endloop
  endfacet
  facet normal 0.000000e+00 1.000000e+00 0.000000e+00
    outer loop
      vertex   1.287619e+02 -3.143402e+01 -1.605076e+00
      vertex   1.289369e+02 -3.143402e+01 -3.296000e+00
      vertex   1.285875e+02 -3.143402e+01 -3.250000e+00
    endloop
  endfacet
  facet normal 0.000000e+00 1.000000e+00 0.000000e+00
    outer loop
      vertex   1.287619e+02 -3.143402e+01 -1.605076e+00
      vertex   1.285875e+02 -3.143402e+01 -3.250000e+00
      vertex   1.280666e+02 -3.143402e+01 -1.645577e+00
    endloop
  endfacet
  facet normal 0.000000e+00 1.000000e+00 0.000000e+00
    outer loop
      vertex   1.280666e+02 -3.143402e+01 -1.645577e+00
      vertex   1.285875e+02 -3.143402e+01 -3.250000e+00
      vertex   1.282381e+02 -3.143402e+01 -3.296000e+00
    endloop
  endfacet
  facet normal 0.000000e+00 1.000000e+00 0.000000e+00
    outer loop
      vertex   1.280666e+02 -3.143402e+01 -1.645577e+00
      vertex   1.282381e+02 -3.143402e+01 -3.296000e+00
      vertex   1.273993e+02 -3.143402e+01 -1.845352e+00
    endloop
  endfacet
  facet normal 0.000000e+00 1.000000e+00 0.000000e+00
    outer loop
      vertex   1.273993e+02 -3.143402e+01 -1.845352e+00
      vertex   1.282381e+02 -3.143402e+01 -3.296000e+00
      vertex   1.279125e+02 -3.143402e+01 -3.430866e+00
    endloop
  endfacet
  facet normal 0.000000e+00 1.000000e+00 0.000000e+00
    outer loop
      vertex   1.273993e+02 -3.143402e+01 -1.845352e+00
      vertex   1.279125e+02 -3.143402e+01 -3.430866e+00
      vertex   1.267960e+02 -3.143402e+01 -2.193630e+00
    endloop
  endfacet
  facet normal 0.000000e+00 1.000000e+00 0.000000e+00
    outer loop
      vertex   1.267960e+02 -3.143402e+01 -2.193630e+00
      vertex   1.279125e+02 -3.143402e+01 -3.430866e+00
      vertex   1.276329e+02 -3.143402e+01 -3.645406e+00
    endloop
  endfacet
  facet normal 0.000000e+00 1.000000e+00 0.000000e+00
    outer loop
      vertex   1.267960e+02 -3.143402e+01 -2.193630e+00
      vertex   1.276329e+02 -3.143402e+01 -3.645406e+00
      vertex   1.262894e+02 -3.143402e+01 -2.671637e+00
    endloop
  endfacet
  facet normal 0.000000e+00 1.000000e+00 0.000000e+00
    outer loop
      vertex   1.262894e+02 -3.143402e+01 -2.671637e+00
      vertex   1.276329e+02 -3.143402e+01 -3.645406e+00
      vertex   1.274184e+02 -3.143402e+01 -3.925000e+00
    endloop
  endfacet
  facet normal 0.000000e+00 1.000000e+00 0.000000e+00
    outer loop
      vertex   1.262894e+02 -3.143402e+01 -2.671637e+00
      vertex   1.274184e+02 -3.143402e+01 -3.925000e+00
      vertex   1.259066e+02 -3.143402e+01 -3.253602e+00
    endloop
  endfacet
  facet normal 0.000000e+00 1.000000e+00 0.000000e+00
    outer loop
      vertex   1.259066e+02 -3.143402e+01 -3.253602e+00
      vertex   1.274184e+02 -3.143402e+01 -3.925000e+00
      vertex   1.272835e+02 -3.143402e+01 -4.250594e+00
    endloop
  endfacet
  facet normal 0.000000e+00 1.000000e+00 0.000000e+00
    outer loop
      vertex   1.259066e+02 -3.143402e+01 -3.253602e+00
      vertex   1.272835e+02 -3.143402e+01 -4.250594e+00
      vertex   1.256684e+02 -3.143402e+01 -3.908152e+00
    endloop
  endfacet
  facet normal 1.048629e-14 1.000000e+00 4.945883e-14
    outer loop
      vertex   1.256684e+02 -3.143402e+01 -3.908152e+00
      vertex   1.272835e+02 -3.143402e+01 -4.250594e+00
      vertex   1.272375e+02 -3.143402e+01 -4.600000e+00
    endloop
  endfacet
  facet normal 9.932384e-01 0.000000e+00 -1.160929e-01
    outer loop
      vertex   1.256684e+02 -1.304500e+02 -3.908152e+00
      vertex   1.256684e+02 -1.334500e+02 -3.908152e+00
      vertex   1.255875e+02 -1.304500e+02 -4.600000e+00
    endloop
  endfacet
  facet normal 9.932384e-01 0.000000e+00 -1.160929e-01
    outer loop
      vertex   1.255875e+02 -1.304500e+02 -4.600000e+00
      vertex   1.256684e+02 -1.334500e+02 -3.908152e+00
      vertex   1.255875e+02 -1.334500e+02 -4.600000e+00
    endloop
  endfacet
  facet normal 9.932384e-01 0.000000e+00 1.160929e-01
    outer loop
      vertex   1.255875e+02 -1.304500e+02 -4.600000e+00
      vertex   1.255875e+02 -1.334500e+02 -4.600000e+00
      vertex   1.256684e+02 -1.304500e+02 -5.291848e+00
    endloop
  endfacet
  facet normal 9.932384e-01 0.000000e+00 1.160929e-01
    outer loop
      vertex   1.256684e+02 -1.304500e+02 -5.291848e+00
      vertex   1.255875e+02 -1.334500e+02 -4.600000e+00
      vertex   1.256684e+02 -1.334500e+02 -5.291848e+00
    endloop
  endfacet
  facet normal 9.396926e-01 0.000000e+00 3.420201e-01
    outer loop
      vertex   1.256684e+02 -1.304500e+02 -5.291848e+00
      vertex   1.256684e+02 -1.334500e+02 -5.291848e+00
      vertex   1.259066e+02 -1.304500e+02 -5.946398e+00
    endloop
  endfacet
  facet normal 9.396926e-01 0.000000e+00 3.420201e-01
    outer loop
      vertex   1.259066e+02 -1.304500e+02 -5.946398e+00
      vertex   1.256684e+02 -1.334500e+02 -5.291848e+00
      vertex   1.259066e+02 -1.334500e+02 -5.946398e+00
    endloop
  endfacet
  facet normal 8.354878e-01 0.000000e+00 5.495090e-01
    outer loop
      vertex   1.259066e+02 -1.304500e+02 -5.946398e+00
      vertex   1.259066e+02 -1.334500e+02 -5.946398e+00
      vertex   1.262894e+02 -1.304500e+02 -6.528363e+00
    endloop
  endfacet
  facet normal 8.354878e-01 0.000000e+00 5.495090e-01
    outer loop
      vertex   1.262894e+02 -1.304500e+02 -6.528363e+00
      vertex   1.259066e+02 -1.334500e+02 -5.946398e+00
      vertex   1.262894e+02 -1.334500e+02 -6.528363e+00
    endloop
  endfacet
  facet normal 6.862416e-01 0.000000e+00 7.273736e-01
    outer loop
      vertex   1.262894e+02 -1.304500e+02 -6.528363e+00
      vertex   1.262894e+02 -1.334500e+02 -6.528363e+00
      vertex   1.267960e+02 -1.304500e+02 -7.006370e+00
    endloop
  endfacet
  facet normal 6.862416e-01 0.000000e+00 7.273736e-01
    outer loop
      vertex   1.267960e+02 -1.304500e+02 -7.006370e+00
      vertex   1.262894e+02 -1.334500e+02 -6.528363e+00
      vertex   1.267960e+02 -1.334500e+02 -7.006370e+00
    endloop
  endfacet
  facet normal 5.000000e-01 0.000000e+00 8.660254e-01
    outer loop
      vertex   1.267960e+02 -1.304500e+02 -7.006370e+00
      vertex   1.267960e+02 -1.334500e+02 -7.006370e+00
      vertex   1.273993e+02 -1.304500e+02 -7.354648e+00
    endloop
  endfacet
  facet normal 5.000000e-01 0.000000e+00 8.660254e-01
    outer loop
      vertex   1.273993e+02 -1.304500e+02 -7.354648e+00
      vertex   1.267960e+02 -1.334500e+02 -7.006370e+00
      vertex   1.273993e+02 -1.334500e+02 -7.354648e+00
    endloop
  endfacet
  facet normal 2.868032e-01 0.000000e+00 9.579895e-01
    outer loop
      vertex   1.273993e+02 -1.304500e+02 -7.354648e+00
      vertex   1.273993e+02 -1.334500e+02 -7.354648e+00
      vertex   1.280666e+02 -1.304500e+02 -7.554423e+00
    endloop
  endfacet
  facet normal 2.868032e-01 0.000000e+00 9.579895e-01
    outer loop
      vertex   1.280666e+02 -1.304500e+02 -7.554423e+00
      vertex   1.273993e+02 -1.334500e+02 -7.354648e+00
      vertex   1.280666e+02 -1.334500e+02 -7.554423e+00
    endloop
  endfacet
  facet normal 5.814483e-02 0.000000e+00 9.983082e-01
    outer loop
      vertex   1.280666e+02 -1.304500e+02 -7.554423e+00
      vertex   1.280666e+02 -1.334500e+02 -7.554423e+00
      vertex   1.287619e+02 -1.304500e+02 -7.594924e+00
    endloop
  endfacet
  facet normal 5.814483e-02 0.000000e+00 9.983082e-01
    outer loop
      vertex   1.287619e+02 -1.304500e+02 -7.594924e+00
      vertex   1.280666e+02 -1.334500e+02 -7.554423e+00
      vertex   1.287619e+02 -1.334500e+02 -7.594924e+00
    endloop
  endfacet
  facet normal -1.736482e-01 0.000000e+00 9.848078e-01
    outer loop
      vertex   1.287619e+02 -1.304500e+02 -7.594924e+00
      vertex   1.287619e+02 -1.334500e+02 -7.594924e+00
      vertex   1.294479e+02 -1.304500e+02 -7.473969e+00
    endloop
  endfacet
  facet normal -1.736482e-01 0.000000e+00 9.848078e-01
    outer loop
      vertex   1.294479e+02 -1.304500e+02 -7.473969e+00
      vertex   1.287619e+02 -1.334500e+02 -7.594924e+00
      vertex   1.294479e+02 -1.334500e+02 -7.473969e+00
    endloop
  endfacet
  facet normal -3.960798e-01 0.000000e+00 9.182161e-01
    outer loop
      vertex   1.294479e+02 -1.304500e+02 -7.473969e+00
      vertex   1.294479e+02 -1.334500e+02 -7.473969e+00
      vertex   1.300875e+02 -1.304500e+02 -7.198076e+00
    endloop
  endfacet
  facet normal -3.960798e-01 0.000000e+00 9.182161e-01
    outer loop
      vertex   1.300875e+02 -1.304500e+02 -7.198076e+00
      vertex   1.294479e+02 -1.334500e+02 -7.473969e+00
      vertex   1.300875e+02 -1.334500e+02 -7.198076e+00
    endloop
  endfacet
  facet normal -5.971586e-01 0.000000e+00 8.021232e-01
    outer loop
      vertex   1.300875e+02 -1.304500e+02 -7.198076e+00
      vertex   1.300875e+02 -1.334500e+02 -7.198076e+00
      vertex   1.306462e+02 -1.304500e+02 -6.782121e+00
    endloop
  endfacet
  facet normal -5.971586e-01 0.000000e+00 8.021232e-01
    outer loop
      vertex   1.306462e+02 -1.304500e+02 -6.782121e+00
      vertex   1.300875e+02 -1.334500e+02 -7.198076e+00
      vertex   1.306462e+02 -1.334500e+02 -6.782121e+00
    endloop
  endfacet
  facet normal -7.660444e-01 0.000000e+00 6.427876e-01
    outer loop
      vertex   1.306462e+02 -1.304500e+02 -6.782121e+00
      vertex   1.306462e+02 -1.334500e+02 -6.782121e+00
      vertex   1.310940e+02 -1.304500e+02 -6.248527e+00
    endloop
  endfacet
  facet normal -7.660444e-01 0.000000e+00 6.427876e-01
    outer loop
      vertex   1.310940e+02 -1.304500e+02 -6.248527e+00
      vertex   1.306462e+02 -1.334500e+02 -6.782121e+00
      vertex   1.310940e+02 -1.334500e+02 -6.248527e+00
    endloop
  endfacet
  facet normal -8.936326e-01 0.000000e+00 4.487992e-01
    outer loop
      vertex   1.310940e+02 -1.304500e+02 -6.248527e+00
      vertex   1.310940e+02 -1.334500e+02 -6.248527e+00
      vertex   1.314066e+02 -1.304500e+02 -5.626060e+00
    endloop
  endfacet
  facet normal -8.936326e-01 0.000000e+00 4.487992e-01
    outer loop
      vertex   1.314066e+02 -1.304500e+02 -5.626060e+00
      vertex   1.310940e+02 -1.334500e+02 -6.248527e+00
      vertex   1.314066e+02 -1.334500e+02 -5.626060e+00
    endloop
  endfacet
  facet normal -9.730449e-01 0.000000e+00 2.306159e-01
    outer loop
      vertex   1.314066e+02 -1.304500e+02 -5.626060e+00
      vertex   1.314066e+02 -1.334500e+02 -5.626060e+00
      vertex   1.315672e+02 -1.304500e+02 -4.948279e+00
    endloop
  endfacet
  facet normal -9.730449e-01 0.000000e+00 2.306159e-01
    outer loop
      vertex   1.315672e+02 -1.304500e+02 -4.948279e+00
      vertex   1.314066e+02 -1.334500e+02 -5.626060e+00
      vertex   1.315672e+02 -1.334500e+02 -4.948279e+00
    endloop
  endfacet
  facet normal -1.000000e+00 0.000000e+00 0.000000e+00
    outer loop
      vertex   1.315672e+02 -1.304500e+02 -4.948279e+00
      vertex   1.315672e+02 -1.334500e+02 -4.948279e+00
      vertex   1.315672e+02 -1.304500e+02 -4.251721e+00
    endloop
  endfacet
  facet normal -1.000000e+00 -0.000000e+00 0.000000e+00
    outer loop
      vertex   1.315672e+02 -1.304500e+02 -4.251721e+00
      vertex   1.315672e+02 -1.334500e+02 -4.948279e+00
      vertex   1.315672e+02 -1.334500e+02 -4.251721e+00
    endloop
  endfacet
  facet normal -9.730449e-01 -0.000000e+00 -2.306159e-01
    outer loop
      vertex   1.315672e+02 -1.304500e+02 -4.251721e+00
      vertex   1.315672e+02 -1.334500e+02 -4.251721e+00
      vertex   1.314066e+02 -1.304500e+02 -3.573940e+00
    endloop
  endfacet
  facet normal -9.730449e-01 -0.000000e+00 -2.306159e-01
    outer loop
      vertex   1.314066e+02 -1.304500e+02 -3.573940e+00
      vertex   1.315672e+02 -1.334500e+02 -4.251721e+00
      vertex   1.314066e+02 -1.334500e+02 -3.573940e+00
    endloop
  endfacet
  facet normal -8.936326e-01 -0.000000e+00 -4.487992e-01
    outer loop
      vertex   1.314066e+02 -1.304500e+02 -3.573940e+00
      vertex   1.314066e+02 -1.334500e+02 -3.573940e+00
      vertex   1.310940e+02 -1.304500e+02 -2.951473e+00
    endloop
  endfacet
  facet normal -8.936326e-01 -0.000000e+00 -4.487992e-01
    outer loop
      vertex   1.310940e+02 -1.304500e+02 -2.951473e+00
      vertex   1.314066e+02 -1.334500e+02 -3.573940e+00
      vertex   1.310940e+02 -1.334500e+02 -2.951473e+00
    endloop
  endfacet
  facet normal -7.660444e-01 -0.000000e+00 -6.427876e-01
    outer loop
      vertex   1.310940e+02 -1.304500e+02 -2.951473e+00
      vertex   1.310940e+02 -1.334500e+02 -2.951473e+00
      vertex   1.306462e+02 -1.304500e+02 -2.417879e+00
    endloop
  endfacet
  facet normal -7.660444e-01 -0.000000e+00 -6.427876e-01
    outer loop
      vertex   1.306462e+02 -1.304500e+02 -2.417879e+00
      vertex   1.310940e+02 -1.334500e+02 -2.951473e+00
      vertex   1.306462e+02 -1.334500e+02 -2.417879e+00
    endloop
  endfacet
  facet normal -5.971586e-01 -0.000000e+00 -8.021232e-01
    outer loop
      vertex   1.306462e+02 -1.304500e+02 -2.417879e+00
      vertex   1.306462e+02 -1.334500e+02 -2.417879e+00
      vertex   1.300875e+02 -1.304500e+02 -2.001924e+00
    endloop
  endfacet
  facet normal -5.971586e-01 -0.000000e+00 -8.021232e-01
    outer loop
      vertex   1.300875e+02 -1.304500e+02 -2.001924e+00
      vertex   1.306462e+02 -1.334500e+02 -2.417879e+00
      vertex   1.300875e+02 -1.334500e+02 -2.001924e+00
    endloop
  endfacet
  facet normal -3.960798e-01 -0.000000e+00 -9.182161e-01
    outer loop
      vertex   1.300875e+02 -1.304500e+02 -2.001924e+00
      vertex   1.300875e+02 -1.334500e+02 -2.001924e+00
      vertex   1.294479e+02 -1.304500e+02 -1.726031e+00
    endloop
  endfacet
  facet normal -3.960798e-01 -0.000000e+00 -9.182161e-01
    outer loop
      vertex   1.294479e+02 -1.304500e+02 -1.726031e+00
      vertex   1.300875e+02 -1.334500e+02 -2.001924e+00
      vertex   1.294479e+02 -1.334500e+02 -1.726031e+00
    endloop
  endfacet
  facet normal -1.736482e-01 -0.000000e+00 -9.848078e-01
    outer loop
      vertex   1.294479e+02 -1.304500e+02 -1.726031e+00
      vertex   1.294479e+02 -1.334500e+02 -1.726031e+00
      vertex   1.287619e+02 -1.304500e+02 -1.605076e+00
    endloop
  endfacet
  facet normal -1.736482e-01 -0.000000e+00 -9.848078e-01
    outer loop
      vertex   1.287619e+02 -1.304500e+02 -1.605076e+00
      vertex   1.294479e+02 -1.334500e+02 -1.726031e+00
      vertex   1.287619e+02 -1.334500e+02 -1.605076e+00
    endloop
  endfacet
  facet normal 5.814483e-02 0.000000e+00 -9.983082e-01
    outer loop
      vertex   1.287619e+02 -1.304500e+02 -1.605076e+00
      vertex   1.287619e+02 -1.334500e+02 -1.605076e+00
      vertex   1.280666e+02 -1.304500e+02 -1.645577e+00
    endloop
  endfacet
  facet normal 5.814483e-02 0.000000e+00 -9.983082e-01
    outer loop
      vertex   1.280666e+02 -1.304500e+02 -1.645577e+00
      vertex   1.287619e+02 -1.334500e+02 -1.605076e+00
      vertex   1.280666e+02 -1.334500e+02 -1.645577e+00
    endloop
  endfacet
  facet normal 2.868032e-01 0.000000e+00 -9.579895e-01
    outer loop
      vertex   1.280666e+02 -1.304500e+02 -1.645577e+00
      vertex   1.280666e+02 -1.334500e+02 -1.645577e+00
      vertex   1.273993e+02 -1.304500e+02 -1.845352e+00
    endloop
  endfacet
  facet normal 2.868032e-01 0.000000e+00 -9.579895e-01
    outer loop
      vertex   1.273993e+02 -1.304500e+02 -1.845352e+00
      vertex   1.280666e+02 -1.334500e+02 -1.645577e+00
      vertex   1.273993e+02 -1.334500e+02 -1.845352e+00
    endloop
  endfacet
  facet normal 5.000000e-01 0.000000e+00 -8.660254e-01
    outer loop
      vertex   1.273993e+02 -1.304500e+02 -1.845352e+00
      vertex   1.273993e+02 -1.334500e+02 -1.845352e+00
      vertex   1.267960e+02 -1.304500e+02 -2.193630e+00
    endloop
  endfacet
  facet normal 5.000000e-01 0.000000e+00 -8.660254e-01
    outer loop
      vertex   1.267960e+02 -1.304500e+02 -2.193630e+00
      vertex   1.273993e+02 -1.334500e+02 -1.845352e+00
      vertex   1.267960e+02 -1.334500e+02 -2.193630e+00
    endloop
  endfacet
  facet normal 6.862416e-01 0.000000e+00 -7.273736e-01
    outer loop
      vertex   1.267960e+02 -1.304500e+02 -2.193630e+00
      vertex   1.267960e+02 -1.334500e+02 -2.193630e+00
      vertex   1.262894e+02 -1.304500e+02 -2.671637e+00
    endloop
  endfacet
  facet normal 6.862416e-01 0.000000e+00 -7.273736e-01
    outer loop
      vertex   1.262894e+02 -1.304500e+02 -2.671637e+00
      vertex   1.267960e+02 -1.334500e+02 -2.193630e+00
      vertex   1.262894e+02 -1.334500e+02 -2.671637e+00
    endloop
  endfacet
  facet normal 8.354878e-01 0.000000e+00 -5.495090e-01
    outer loop
      vertex   1.262894e+02 -1.304500e+02 -2.671637e+00
      vertex   1.262894e+02 -1.334500e+02 -2.671637e+00
      vertex   1.259066e+02 -1.304500e+02 -3.253602e+00
    endloop
  endfacet
  facet normal 8.354878e-01 0.000000e+00 -5.495090e-01
    outer loop
      vertex   1.259066e+02 -1.304500e+02 -3.253602e+00
      vertex   1.262894e+02 -1.334500e+02 -2.671637e+00
      vertex   1.259066e+02 -1.334500e+02 -3.253602e+00
    endloop
  endfacet
  facet normal 9.396926e-01 0.000000e+00 -3.420201e-01
    outer loop
      vertex   1.259066e+02 -1.304500e+02 -3.253602e+00
      vertex   1.259066e+02 -1.334500e+02 -3.253602e+00
      vertex   1.256684e+02 -1.304500e+02 -3.908152e+00
    endloop
  endfacet
  facet normal 9.396926e-01 0.000000e+00 -3.420201e-01
    outer loop
      vertex   1.256684e+02 -1.304500e+02 -3.908152e+00
      vertex   1.259066e+02 -1.334500e+02 -3.253602e+00
      vertex   1.256684e+02 -1.334500e+02 -3.908152e+00
    endloop
  endfacet
  facet normal -0.000000e+00 -1.000000e+00 0.000000e+00
    outer loop
      vertex   1.272835e+02 -1.304500e+02 -4.250594e+00
      vertex   1.256684e+02 -1.304500e+02 -3.908152e+00
      vertex   1.272375e+02 -1.304500e+02 -4.600000e+00
    endloop
  endfacet
  facet normal -0.000000e+00 -1.000000e+00 0.000000e+00
    outer loop
      vertex   1.272375e+02 -1.304500e+02 -4.600000e+00
      vertex   1.256684e+02 -1.304500e+02 -3.908152e+00
      vertex   1.255875e+02 -1.304500e+02 -4.600000e+00
    endloop
  endfacet
  facet normal 0.000000e+00 -1.000000e+00 0.000000e+00
    outer loop
      vertex   1.272375e+02 -1.304500e+02 -4.600000e+00
      vertex   1.255875e+02 -1.304500e+02 -4.600000e+00
      vertex   1.256684e+02 -1.304500e+02 -5.291848e+00
    endloop
  endfacet
  facet normal 0.000000e+00 -1.000000e+00 0.000000e+00
    outer loop
      vertex   1.256684e+02 -1.304500e+02 -3.908152e+00
      vertex   1.272835e+02 -1.304500e+02 -4.250594e+00
      vertex   1.259066e+02 -1.304500e+02 -3.253602e+00
    endloop
  endfacet
  facet normal 0.000000e+00 -1.000000e+00 0.000000e+00
    outer loop
      vertex   1.259066e+02 -1.304500e+02 -3.253602e+00
      vertex   1.272835e+02 -1.304500e+02 -4.250594e+00
      vertex   1.274184e+02 -1.304500e+02 -3.925000e+00
    endloop
  endfacet
  facet normal 0.000000e+00 -1.000000e+00 0.000000e+00
    outer loop
      vertex   1.259066e+02 -1.304500e+02 -3.253602e+00
      vertex   1.274184e+02 -1.304500e+02 -3.925000e+00
      vertex   1.262894e+02 -1.304500e+02 -2.671637e+00
    endloop
  endfacet
  facet normal 0.000000e+00 -1.000000e+00 0.000000e+00
    outer loop
      vertex   1.262894e+02 -1.304500e+02 -2.671637e+00
      vertex   1.274184e+02 -1.304500e+02 -3.925000e+00
      vertex   1.276329e+02 -1.304500e+02 -3.645406e+00
    endloop
  endfacet
  facet normal 0.000000e+00 -1.000000e+00 0.000000e+00
    outer loop
      vertex   1.262894e+02 -1.304500e+02 -2.671637e+00
      vertex   1.276329e+02 -1.304500e+02 -3.645406e+00
      vertex   1.267960e+02 -1.304500e+02 -2.193630e+00
    endloop
  endfacet
  facet normal 0.000000e+00 -1.000000e+00 0.000000e+00
    outer loop
      vertex   1.267960e+02 -1.304500e+02 -2.193630e+00
      vertex   1.276329e+02 -1.304500e+02 -3.645406e+00
      vertex   1.279125e+02 -1.304500e+02 -3.430866e+00
    endloop
  endfacet
  facet normal 0.000000e+00 -1.000000e+00 0.000000e+00
    outer loop
      vertex   1.267960e+02 -1.304500e+02 -2.193630e+00
      vertex   1.279125e+02 -1.304500e+02 -3.430866e+00
      vertex   1.273993e+02 -1.304500e+02 -1.845352e+00
    endloop
  endfacet
  facet normal 0.000000e+00 -1.000000e+00 0.000000e+00
    outer loop
      vertex   1.273993e+02 -1.304500e+02 -1.845352e+00
      vertex   1.279125e+02 -1.304500e+02 -3.430866e+00
      vertex   1.282381e+02 -1.304500e+02 -3.296000e+00
    endloop
  endfacet
  facet normal 0.000000e+00 -1.000000e+00 0.000000e+00
    outer loop
      vertex   1.273993e+02 -1.304500e+02 -1.845352e+00
      vertex   1.282381e+02 -1.304500e+02 -3.296000e+00
      vertex   1.280666e+02 -1.304500e+02 -1.645577e+00
    endloop
  endfacet
  facet normal 0.000000e+00 -1.000000e+00 0.000000e+00
    outer loop
      vertex   1.280666e+02 -1.304500e+02 -1.645577e+00
      vertex   1.282381e+02 -1.304500e+02 -3.296000e+00
      vertex   1.285875e+02 -1.304500e+02 -3.250000e+00
    endloop
  endfacet
  facet normal 0.000000e+00 -1.000000e+00 0.000000e+00
    outer loop
      vertex   1.280666e+02 -1.304500e+02 -1.645577e+00
      vertex   1.285875e+02 -1.304500e+02 -3.250000e+00
      vertex   1.287619e+02 -1.304500e+02 -1.605076e+00
    endloop
  endfacet
  facet normal 0.000000e+00 -1.000000e+00 -0.000000e+00
    outer loop
      vertex   1.287619e+02 -1.304500e+02 -1.605076e+00
      vertex   1.285875e+02 -1.304500e+02 -3.250000e+00
      vertex   1.289369e+02 -1.304500e+02 -3.296000e+00
    endloop
  endfacet
  facet normal 0.000000e+00 -1.000000e+00 0.000000e+00
    outer loop
      vertex   1.287619e+02 -1.304500e+02 -1.605076e+00
      vertex   1.289369e+02 -1.304500e+02 -3.296000e+00
      vertex   1.294479e+02 -1.304500e+02 -1.726031e+00
    endloop
  endfacet
  facet normal 0.000000e+00 -1.000000e+00 0.000000e+00
    outer loop
      vertex   1.294479e+02 -1.304500e+02 -1.726031e+00
      vertex   1.289369e+02 -1.304500e+02 -3.296000e+00
      vertex   1.292625e+02 -1.304500e+02 -3.430866e+00
    endloop
  endfacet
  facet normal 0.000000e+00 -1.000000e+00 -0.000000e+00
    outer loop
      vertex   1.294479e+02 -1.304500e+02 -1.726031e+00
      vertex   1.292625e+02 -1.304500e+02 -3.430866e+00
      vertex   1.300875e+02 -1.304500e+02 -2.001924e+00
    endloop
  endfacet
  facet normal 0.000000e+00 -1.000000e+00 -0.000000e+00
    outer loop
      vertex   1.300875e+02 -1.304500e+02 -2.001924e+00
      vertex   1.292625e+02 -1.304500e+02 -3.430866e+00
      vertex   1.306462e+02 -1.304500e+02 -2.417879e+00
    endloop
  endfacet
  facet normal 0.000000e+00 -1.000000e+00 0.000000e+00
    outer loop
      vertex   1.306462e+02 -1.304500e+02 -2.417879e+00
      vertex   1.292625e+02 -1.304500e+02 -3.430866e+00
      vertex   1.295421e+02 -1.304500e+02 -3.645406e+00
    endloop
  endfacet
  facet normal 0.000000e+00 -1.000000e+00 -0.000000e+00
    outer loop
      vertex   1.306462e+02 -1.304500e+02 -2.417879e+00
      vertex   1.295421e+02 -1.304500e+02 -3.645406e+00
      vertex   1.310940e+02 -1.304500e+02 -2.951473e+00
    endloop
  endfacet
  facet normal 0.000000e+00 -1.000000e+00 0.000000e+00
    outer loop
      vertex   1.310940e+02 -1.304500e+02 -2.951473e+00
      vertex   1.295421e+02 -1.304500e+02 -3.645406e+00
      vertex   1.297566e+02 -1.304500e+02 -3.925000e+00
    endloop
  endfacet
  facet normal 0.000000e+00 -1.000000e+00 -0.000000e+00
    outer loop
      vertex   1.310940e+02 -1.304500e+02 -2.951473e+00
      vertex   1.297566e+02 -1.304500e+02 -3.925000e+00
      vertex   1.314066e+02 -1.304500e+02 -3.573940e+00
    endloop
  endfacet
  facet normal 0.000000e+00 -1.000000e+00 0.000000e+00
    outer loop
      vertex   1.314066e+02 -1.304500e+02 -3.573940e+00
      vertex   1.297566e+02 -1.304500e+02 -3.925000e+00
      vertex   1.298915e+02 -1.304500e+02 -4.250594e+00
    endloop
  endfacet
  facet normal 0.000000e+00 -1.000000e+00 -0.000000e+00
    outer loop
      vertex   1.314066e+02 -1.304500e+02 -3.573940e+00
      vertex   1.298915e+02 -1.304500e+02 -4.250594e+00
      vertex   1.315672e+02 -1.304500e+02 -4.251721e+00
    endloop
  endfacet
  facet normal -0.000000e+00 -1.000000e+00 0.000000e+00
    outer loop
      vertex   1.315672e+02 -1.304500e+02 -4.251721e+00
      vertex   1.298915e+02 -1.304500e+02 -4.250594e+00
      vertex   1.299375e+02 -1.304500e+02 -4.600000e+00
    endloop
  endfacet
  facet normal 0.000000e+00 -1.000000e+00 -0.000000e+00
    outer loop
      vertex   1.315672e+02 -1.304500e+02 -4.251721e+00
      vertex   1.299375e+02 -1.304500e+02 -4.600000e+00
      vertex   1.315672e+02 -1.304500e+02 -4.948279e+00
    endloop
  endfacet
  facet normal -0.000000e+00 -1.000000e+00 0.000000e+00
    outer loop
      vertex   1.315672e+02 -1.304500e+02 -4.948279e+00
      vertex   1.299375e+02 -1.304500e+02 -4.600000e+00
      vertex   1.298915e+02 -1.304500e+02 -4.949406e+00
    endloop
  endfacet
  facet normal 0.000000e+00 -1.000000e+00 0.000000e+00
    outer loop
      vertex   1.315672e+02 -1.304500e+02 -4.948279e+00
      vertex   1.298915e+02 -1.304500e+02 -4.949406e+00
      vertex   1.314066e+02 -1.304500e+02 -5.626060e+00
    endloop
  endfacet
  facet normal 0.000000e+00 -1.000000e+00 0.000000e+00
    outer loop
      vertex   1.314066e+02 -1.304500e+02 -5.626060e+00
      vertex   1.298915e+02 -1.304500e+02 -4.949406e+00
      vertex   1.297566e+02 -1.304500e+02 -5.275000e+00
    endloop
  endfacet
  facet normal -0.000000e+00 -1.000000e+00 0.000000e+00
    outer loop
      vertex   1.314066e+02 -1.304500e+02 -5.626060e+00
      vertex   1.297566e+02 -1.304500e+02 -5.275000e+00
      vertex   1.310940e+02 -1.304500e+02 -6.248527e+00
    endloop
  endfacet
  facet normal 0.000000e+00 -1.000000e+00 0.000000e+00
    outer loop
      vertex   1.310940e+02 -1.304500e+02 -6.248527e+00
      vertex   1.297566e+02 -1.304500e+02 -5.275000e+00
      vertex   1.295421e+02 -1.304500e+02 -5.554594e+00
    endloop
  endfacet
  facet normal -0.000000e+00 -1.000000e+00 0.000000e+00
    outer loop
      vertex   1.310940e+02 -1.304500e+02 -6.248527e+00
      vertex   1.295421e+02 -1.304500e+02 -5.554594e+00
      vertex   1.306462e+02 -1.304500e+02 -6.782121e+00
    endloop
  endfacet
  facet normal 0.000000e+00 -1.000000e+00 0.000000e+00
    outer loop
      vertex   1.306462e+02 -1.304500e+02 -6.782121e+00
      vertex   1.295421e+02 -1.304500e+02 -5.554594e+00
      vertex   1.292625e+02 -1.304500e+02 -5.769134e+00
    endloop
  endfacet
  facet normal -0.000000e+00 -1.000000e+00 0.000000e+00
    outer loop
      vertex   1.306462e+02 -1.304500e+02 -6.782121e+00
      vertex   1.292625e+02 -1.304500e+02 -5.769134e+00
      vertex   1.300875e+02 -1.304500e+02 -7.198076e+00
    endloop
  endfacet
  facet normal -0.000000e+00 -1.000000e+00 0.000000e+00
    outer loop
      vertex   1.300875e+02 -1.304500e+02 -7.198076e+00
      vertex   1.292625e+02 -1.304500e+02 -5.769134e+00
      vertex   1.294479e+02 -1.304500e+02 -7.473969e+00
    endloop
  endfacet
  facet normal 0.000000e+00 -1.000000e+00 0.000000e+00
    outer loop
      vertex   1.294479e+02 -1.304500e+02 -7.473969e+00
      vertex   1.292625e+02 -1.304500e+02 -5.769134e+00
      vertex   1.289369e+02 -1.304500e+02 -5.904000e+00
    endloop
  endfacet
  facet normal -0.000000e+00 -1.000000e+00 0.000000e+00
    outer loop
      vertex   1.294479e+02 -1.304500e+02 -7.473969e+00
      vertex   1.289369e+02 -1.304500e+02 -5.904000e+00
      vertex   1.287619e+02 -1.304500e+02 -7.594924e+00
    endloop
  endfacet
  facet normal 0.000000e+00 -1.000000e+00 0.000000e+00
    outer loop
      vertex   1.287619e+02 -1.304500e+02 -7.594924e+00
      vertex   1.289369e+02 -1.304500e+02 -5.904000e+00
      vertex   1.285875e+02 -1.304500e+02 -5.950000e+00
    endloop
  endfacet
  facet normal 0.000000e+00 -1.000000e+00 0.000000e+00
    outer loop
      vertex   1.287619e+02 -1.304500e+02 -7.594924e+00
      vertex   1.285875e+02 -1.304500e+02 -5.950000e+00
      vertex   1.280666e+02 -1.304500e+02 -7.554423e+00
    endloop
  endfacet
  facet normal 0.000000e+00 -1.000000e+00 0.000000e+00
    outer loop
      vertex   1.280666e+02 -1.304500e+02 -7.554423e+00
      vertex   1.285875e+02 -1.304500e+02 -5.950000e+00
      vertex   1.282381e+02 -1.304500e+02 -5.904000e+00
    endloop
  endfacet
  facet normal 0.000000e+00 -1.000000e+00 0.000000e+00
    outer loop
      vertex   1.280666e+02 -1.304500e+02 -7.554423e+00
      vertex   1.282381e+02 -1.304500e+02 -5.904000e+00
      vertex   1.273993e+02 -1.304500e+02 -7.354648e+00
    endloop
  endfacet
  facet normal 0.000000e+00 -1.000000e+00 0.000000e+00
    outer loop
      vertex   1.273993e+02 -1.304500e+02 -7.354648e+00
      vertex   1.282381e+02 -1.304500e+02 -5.904000e+00
      vertex   1.279125e+02 -1.304500e+02 -5.769134e+00
    endloop
  endfacet
  facet normal 0.000000e+00 -1.000000e+00 0.000000e+00
    outer loop
      vertex   1.273993e+02 -1.304500e+02 -7.354648e+00
      vertex   1.279125e+02 -1.304500e+02 -5.769134e+00
      vertex   1.267960e+02 -1.304500e+02 -7.006370e+00
    endloop
  endfacet
  facet normal 0.000000e+00 -1.000000e+00 0.000000e+00
    outer loop
      vertex   1.267960e+02 -1.304500e+02 -7.006370e+00
      vertex   1.279125e+02 -1.304500e+02 -5.769134e+00
      vertex   1.276329e+02 -1.304500e+02 -5.554594e+00
    endloop
  endfacet
  facet normal 0.000000e+00 -1.000000e+00 0.000000e+00
    outer loop
      vertex   1.267960e+02 -1.304500e+02 -7.006370e+00
      vertex   1.276329e+02 -1.304500e+02 -5.554594e+00
      vertex   1.262894e+02 -1.304500e+02 -6.528363e+00
    endloop
  endfacet
  facet normal 0.000000e+00 -1.000000e+00 0.000000e+00
    outer loop
      vertex   1.262894e+02 -1.304500e+02 -6.528363e+00
      vertex   1.276329e+02 -1.304500e+02 -5.554594e+00
      vertex   1.274184e+02 -1.304500e+02 -5.275000e+00
    endloop
  endfacet
  facet normal 0.000000e+00 -1.000000e+00 0.000000e+00
    outer loop
      vertex   1.262894e+02 -1.304500e+02 -6.528363e+00
      vertex   1.274184e+02 -1.304500e+02 -5.275000e+00
      vertex   1.259066e+02 -1.304500e+02 -5.946398e+00
    endloop
  endfacet
  facet normal 0.000000e+00 -1.000000e+00 0.000000e+00
    outer loop
      vertex   1.259066e+02 -1.304500e+02 -5.946398e+00
      vertex   1.274184e+02 -1.304500e+02 -5.275000e+00
      vertex   1.272835e+02 -1.304500e+02 -4.949406e+00
    endloop
  endfacet
  facet normal 0.000000e+00 -1.000000e+00 0.000000e+00
    outer loop
      vertex   1.259066e+02 -1.304500e+02 -5.946398e+00
      vertex   1.272835e+02 -1.304500e+02 -4.949406e+00
      vertex   1.256684e+02 -1.304500e+02 -5.291848e+00
    endloop
  endfacet
  facet normal 0.000000e+00 -1.000000e+00 0.000000e+00
    outer loop
      vertex   1.256684e+02 -1.304500e+02 -5.291848e+00
      vertex   1.272835e+02 -1.304500e+02 -4.949406e+00
      vertex   1.272375e+02 -1.304500e+02 -4.600000e+00
    endloop
  endfacet
  facet normal 9.914449e-01 0.000000e+00 -1.305262e-01
    outer loop
      vertex   1.272835e+02 -3.143402e+01 -4.250594e+00
      vertex   1.272835e+02 -3.905064e+01 -4.250594e+00
      vertex   1.272375e+02 -3.143402e+01 -4.600000e+00
    endloop
  endfacet
  facet normal 9.914449e-01 -3.699618e-15 -1.305262e-01
    outer loop
      vertex   1.272375e+02 -3.143402e+01 -4.600000e+00
      vertex   1.272835e+02 -3.905064e+01 -4.250594e+00
      vertex   1.272375e+02 -3.905064e+01 -4.600000e+00
    endloop
  endfacet
  facet normal 9.914449e-01 -3.699618e-15 1.305262e-01
    outer loop
      vertex   1.272375e+02 -3.143402e+01 -4.600000e+00
      vertex   1.272375e+02 -3.905064e+01 -4.600000e+00
      vertex   1.272835e+02 -3.143402e+01 -4.949406e+00
    endloop
  endfacet
  facet normal 9.914449e-01 1.522075e-17 1.305262e-01
    outer loop
      vertex   1.272835e+02 -3.143402e+01 -4.949406e+00
      vertex   1.272375e+02 -3.905064e+01 -4.600000e+00
      vertex   1.272835e+02 -3.905064e+01 -4.949406e+00
    endloop
  endfacet
  facet normal 9.238795e-01 4.462497e-17 3.826834e-01
    outer loop
      vertex   1.272835e+02 -3.143402e+01 -4.949406e+00
      vertex   1.272835e+02 -3.905064e+01 -4.949406e+00
      vertex   1.274184e+02 -3.143402e+01 -5.275000e+00
    endloop
  endfacet
  facet normal 9.238795e-01 -1.784999e-16 3.826834e-01
    outer loop
      vertex   1.274184e+02 -3.143402e+01 -5.275000e+00
      vertex   1.272835e+02 -3.905064e+01 -4.949406e+00
      vertex   1.274184e+02 -3.905064e+01 -5.275000e+00
    endloop
  endfacet
  facet normal 7.933533e-01 -2.839523e-16 6.087614e-01
    outer loop
      vertex   1.274184e+02 -3.143402e+01 -5.275000e+00
      vertex   1.274184e+02 -3.905064e+01 -5.275000e+00
      vertex   1.276329e+02 -3.143402e+01 -5.554594e+00
    endloop
  endfacet
  facet normal 7.933533e-01 -7.098808e-17 6.087614e-01
    outer loop
      vertex   1.276329e+02 -3.143402e+01 -5.554594e+00
      vertex   1.274184e+02 -3.905064e+01 -5.275000e+00
      vertex   1.276329e+02 -3.905064e+01 -5.554594e+00
    endloop
  endfacet
  facet normal 6.087614e-01 -9.251346e-17 7.933533e-01
    outer loop
      vertex   1.276329e+02 -3.143402e+01 -5.554594e+00
      vertex   1.276329e+02 -3.905064e+01 -5.554594e+00
      vertex   1.279125e+02 -3.143402e+01 -5.769134e+00
    endloop
  endfacet
  facet normal 6.087614e-01 -2.775404e-16 7.933533e-01
    outer loop
      vertex   1.279125e+02 -3.143402e+01 -5.769134e+00
      vertex   1.276329e+02 -3.905064e+01 -5.554594e+00
      vertex   1.279125e+02 -3.905064e+01 -5.769134e+00
    endloop
  endfacet
  facet normal 3.826834e-01 -3.232026e-16 9.238795e-01
    outer loop
      vertex   1.279125e+02 -3.143402e+01 -5.769134e+00
      vertex   1.279125e+02 -3.905064e+01 -5.769134e+00
      vertex   1.282381e+02 -3.143402e+01 -5.904000e+00
    endloop
  endfacet
  facet normal 3.826834e-01 3.232026e-16 9.238795e-01
    outer loop
      vertex   1.282381e+02 -3.143402e+01 -5.904000e+00
      vertex   1.279125e+02 -3.905064e+01 -5.769134e+00
      vertex   1.282381e+02 -3.905064e+01 -5.904000e+00
    endloop
  endfacet
  facet normal 1.305262e-01 3.468391e-16 9.914449e-01
    outer loop
      vertex   1.282381e+02 -3.143402e+01 -5.904000e+00
      vertex   1.282381e+02 -3.905064e+01 -5.904000e+00
      vertex   1.285875e+02 -3.143402e+01 -5.950000e+00
    endloop
  endfacet
  facet normal 1.305262e-01 0.000000e+00 9.914449e-01
    outer loop
      vertex   1.285875e+02 -3.143402e+01 -5.950000e+00
      vertex   1.282381e+02 -3.905064e+01 -5.904000e+00
      vertex   1.285875e+02 -3.905064e+01 -5.950000e+00
    endloop
  endfacet
  facet normal -1.305262e-01 0.000000e+00 9.914449e-01
    outer loop
      vertex   1.285875e+02 -3.143402e+01 -5.950000e+00
      vertex   1.285875e+02 -3.905064e+01 -5.950000e+00
      vertex   1.289369e+02 -3.143402e+01 -5.904000e+00
    endloop
  endfacet
  facet normal -1.305262e-01 1.156130e-16 9.914449e-01
    outer loop
      vertex   1.289369e+02 -3.143402e+01 -5.904000e+00
      vertex   1.285875e+02 -3.905064e+01 -5.950000e+00
      vertex   1.289369e+02 -3.905064e+01 -5.904000e+00
    endloop
  endfacet
  facet normal -3.826834e-01 1.077342e-16 9.238795e-01
    outer loop
      vertex   1.289369e+02 -3.143402e+01 -5.904000e+00
      vertex   1.289369e+02 -3.905064e+01 -5.904000e+00
      vertex   1.292625e+02 -3.143402e+01 -5.769134e+00
    endloop
  endfacet
  facet normal -3.826834e-01 4.309368e-16 9.238795e-01
    outer loop
      vertex   1.292625e+02 -3.143402e+01 -5.769134e+00
      vertex   1.289369e+02 -3.905064e+01 -5.904000e+00
      vertex   1.292625e+02 -3.905064e+01 -5.769134e+00
    endloop
  endfacet
  facet normal -6.087614e-01 3.700539e-16 7.933533e-01
    outer loop
      vertex   1.292625e+02 -3.143402e+01 -5.769134e+00
      vertex   1.292625e+02 -3.905064e+01 -5.769134e+00
      vertex   1.295421e+02 -3.143402e+01 -5.554594e+00
    endloop
  endfacet
  facet normal -6.087614e-01 -9.251346e-17 7.933533e-01
    outer loop
      vertex   1.295421e+02 -3.143402e+01 -5.554594e+00
      vertex   1.292625e+02 -3.905064e+01 -5.769134e+00
      vertex   1.295421e+02 -3.905064e+01 -5.554594e+00
    endloop
  endfacet
  facet normal -7.933533e-01 -7.098808e-17 6.087614e-01
    outer loop
      vertex   1.295421e+02 -3.143402e+01 -5.554594e+00
      vertex   1.295421e+02 -3.905064e+01 -5.554594e+00
      vertex   1.297566e+02 -3.143402e+01 -5.275000e+00
    endloop
  endfacet
  facet normal -7.933533e-01 -2.839523e-16 6.087614e-01
    outer loop
      vertex   1.297566e+02 -3.143402e+01 -5.275000e+00
      vertex   1.295421e+02 -3.905064e+01 -5.554594e+00
      vertex   1.297566e+02 -3.905064e+01 -5.275000e+00
    endloop
  endfacet
  facet normal -9.238795e-01 -1.784999e-16 3.826834e-01
    outer loop
      vertex   1.297566e+02 -3.143402e+01 -5.275000e+00
      vertex   1.297566e+02 -3.905064e+01 -5.275000e+00
      vertex   1.298915e+02 -3.143402e+01 -4.949406e+00
    endloop
  endfacet
  facet normal -9.238795e-01 4.462497e-17 3.826834e-01
    outer loop
      vertex   1.298915e+02 -3.143402e+01 -4.949406e+00
      vertex   1.297566e+02 -3.905064e+01 -5.275000e+00
      vertex   1.298915e+02 -3.905064e+01 -4.949406e+00
    endloop
  endfacet
  facet normal -9.914449e-01 1.522075e-17 1.305262e-01
    outer loop
      vertex   1.298915e+02 -3.143402e+01 -4.949406e+00
      vertex   1.298915e+02 -3.905064e+01 -4.949406e+00
      vertex   1.299375e+02 -3.143402e+01 -4.600000e+00
    endloop
  endfacet
  facet normal -9.914449e-01 0.000000e+00 1.305262e-01
    outer loop
      vertex   1.299375e+02 -3.143402e+01 -4.600000e+00
      vertex   1.298915e+02 -3.905064e+01 -4.949406e+00
      vertex   1.299375e+02 -3.905064e+01 -4.600000e+00
    endloop
  endfacet
  facet normal -9.914449e-01 -0.000000e+00 -1.305262e-01
    outer loop
      vertex   1.299375e+02 -3.143402e+01 -4.600000e+00
      vertex   1.299375e+02 -3.905064e+01 -4.600000e+00
      vertex   1.298915e+02 -3.143402e+01 -4.250594e+00
    endloop
  endfacet
  facet normal -9.914449e-01 1.522075e-17 -1.305262e-01
    outer loop
      vertex   1.298915e+02 -3.143402e+01 -4.250594e+00
      vertex   1.299375e+02 -3.905064e+01 -4.600000e+00
      vertex   1.298915e+02 -3.905064e+01 -4.250594e+00
    endloop
  endfacet
  facet normal -9.238795e-01 4.462497e-17 -3.826834e-01
    outer loop
      vertex   1.298915e+02 -3.143402e+01 -4.250594e+00
      vertex   1.298915e+02 -3.905064e+01 -4.250594e+00
      vertex   1.297566e+02 -3.143402e+01 -3.925000e+00
    endloop
  endfacet
  facet normal -9.238795e-01 -8.924994e-17 -3.826834e-01
    outer loop
      vertex   1.297566e+02 -3.143402e+01 -3.925000e+00
      vertex   1.298915e+02 -3.905064e+01 -4.250594e+00
      vertex   1.297566e+02 -3.905064e+01 -3.925000e+00
    endloop
  endfacet
  facet normal -7.933533e-01 -1.419762e-16 -6.087614e-01
    outer loop
      vertex   1.297566e+02 -3.143402e+01 -3.925000e+00
      vertex   1.297566e+02 -3.905064e+01 -3.925000e+00
      vertex   1.295421e+02 -3.143402e+01 -3.645406e+00
    endloop
  endfacet
  facet normal -7.933533e-01 -7.098808e-17 -6.087614e-01
    outer loop
      vertex   1.295421e+02 -3.143402e+01 -3.645406e+00
      vertex   1.297566e+02 -3.905064e+01 -3.925000e+00
      vertex   1.295421e+02 -3.905064e+01 -3.645406e+00
    endloop
  endfacet
  facet normal -6.087614e-01 -9.251346e-17 -7.933533e-01
    outer loop
      vertex   1.295421e+02 -3.143402e+01 -3.645406e+00
      vertex   1.295421e+02 -3.905064e+01 -3.645406e+00
      vertex   1.292625e+02 -3.143402e+01 -3.430866e+00
    endloop
  endfacet
  facet normal -6.087614e-01 -1.850269e-16 -7.933533e-01
    outer loop
      vertex   1.292625e+02 -3.143402e+01 -3.430866e+00
      vertex   1.295421e+02 -3.905064e+01 -3.645406e+00
      vertex   1.292625e+02 -3.905064e+01 -3.430866e+00
    endloop
  endfacet
  facet normal -3.826834e-01 -2.154684e-16 -9.238795e-01
    outer loop
      vertex   1.292625e+02 -3.143402e+01 -3.430866e+00
      vertex   1.292625e+02 -3.905064e+01 -3.430866e+00
      vertex   1.289369e+02 -3.143402e+01 -3.296000e+00
    endloop
  endfacet
  facet normal -3.826834e-01 5.386711e-17 -9.238795e-01
    outer loop
      vertex   1.289369e+02 -3.143402e+01 -3.296000e+00
      vertex   1.292625e+02 -3.905064e+01 -3.430866e+00
      vertex   1.289369e+02 -3.905064e+01 -3.296000e+00
    endloop
  endfacet
  facet normal -1.305262e-01 5.780652e-17 -9.914449e-01
    outer loop
      vertex   1.289369e+02 -3.143402e+01 -3.296000e+00
      vertex   1.289369e+02 -3.905064e+01 -3.296000e+00
      vertex   1.285875e+02 -3.143402e+01 -3.250000e+00
    endloop
  endfacet
  facet normal -1.305262e-01 -0.000000e+00 -9.914449e-01
    outer loop
      vertex   1.285875e+02 -3.143402e+01 -3.250000e+00
      vertex   1.289369e+02 -3.905064e+01 -3.296000e+00
      vertex   1.285875e+02 -3.905064e+01 -3.250000e+00
    endloop
  endfacet
  facet normal 1.305262e-01 0.000000e+00 -9.914449e-01
    outer loop
      vertex   1.285875e+02 -3.143402e+01 -3.250000e+00
      vertex   1.285875e+02 -3.905064e+01 -3.250000e+00
      vertex   1.282381e+02 -3.143402e+01 -3.296000e+00
    endloop
  endfacet
  facet normal 1.305262e-01 5.780652e-17 -9.914449e-01
    outer loop
      vertex   1.282381e+02 -3.143402e+01 -3.296000e+00
      vertex   1.285875e+02 -3.905064e+01 -3.250000e+00
      vertex   1.282381e+02 -3.905064e+01 -3.296000e+00
    endloop
  endfacet
  facet normal 3.826834e-01 5.386711e-17 -9.238795e-01
    outer loop
      vertex   1.282381e+02 -3.143402e+01 -3.296000e+00
      vertex   1.282381e+02 -3.905064e+01 -3.296000e+00
      vertex   1.279125e+02 -3.143402e+01 -3.430866e+00
    endloop
  endfacet
  facet normal 3.826834e-01 2.693355e-16 -9.238795e-01
    outer loop
      vertex   1.279125e+02 -3.143402e+01 -3.430866e+00
      vertex   1.282381e+02 -3.905064e+01 -3.296000e+00
      vertex   1.279125e+02 -3.905064e+01 -3.430866e+00
    endloop
  endfacet
  facet normal 6.087614e-01 2.312837e-16 -7.933533e-01
    outer loop
      vertex   1.279125e+02 -3.143402e+01 -3.430866e+00
      vertex   1.279125e+02 -3.905064e+01 -3.430866e+00
      vertex   1.276329e+02 -3.143402e+01 -3.645406e+00
    endloop
  endfacet
  facet normal 6.087614e-01 -9.251346e-17 -7.933533e-01
    outer loop
      vertex   1.276329e+02 -3.143402e+01 -3.645406e+00
      vertex   1.279125e+02 -3.905064e+01 -3.430866e+00
      vertex   1.276329e+02 -3.905064e+01 -3.645406e+00
    endloop
  endfacet
  facet normal 7.933533e-01 -7.098808e-17 -6.087614e-01
    outer loop
      vertex   1.276329e+02 -3.143402e+01 -3.645406e+00
      vertex   1.276329e+02 -3.905064e+01 -3.645406e+00
      vertex   1.274184e+02 -3.143402e+01 -3.925000e+00
    endloop
  endfacet
  facet normal 7.933533e-01 -1.419762e-16 -6.087614e-01
    outer loop
      vertex   1.274184e+02 -3.143402e+01 -3.925000e+00
      vertex   1.276329e+02 -3.905064e+01 -3.645406e+00
      vertex   1.274184e+02 -3.905064e+01 -3.925000e+00
    endloop
  endfacet
  facet normal 9.238795e-01 -8.924994e-17 -3.826834e-01
    outer loop
      vertex   1.274184e+02 -3.143402e+01 -3.925000e+00
      vertex   1.274184e+02 -3.905064e+01 -3.925000e+00
      vertex   1.272835e+02 -3.143402e+01 -4.250594e+00
    endloop
  endfacet
  facet normal 9.238795e-01 0.000000e+00 -3.826834e-01
    outer loop
      vertex   1.272835e+02 -3.143402e+01 -4.250594e+00
      vertex   1.274184e+02 -3.905064e+01 -3.925000e+00
      vertex   1.272835e+02 -3.905064e+01 -4.250594e+00
    endloop
  endfacet
  facet normal 9.914449e-01 -0.000000e+00 1.305262e-01
    outer loop
      vertex   1.272835e+02 -1.304500e+02 -4.949406e+00
      vertex   1.272835e+02 -1.228334e+02 -4.949406e+00
      vertex   1.272375e+02 -1.304500e+02 -4.600000e+00
    endloop
  endfacet
  facet normal 9.914449e-01 -0.000000e+00 1.305262e-01
    outer loop
      vertex   1.272375e+02 -1.304500e+02 -4.600000e+00
      vertex   1.272835e+02 -1.228334e+02 -4.949406e+00
      vertex   1.272375e+02 -1.228334e+02 -4.600000e+00
    endloop
  endfacet
  facet normal 9.914449e-01 0.000000e+00 -1.305262e-01
    outer loop
      vertex   1.272375e+02 -1.304500e+02 -4.600000e+00
      vertex   1.272375e+02 -1.228334e+02 -4.600000e+00
      vertex   1.272835e+02 -1.304500e+02 -4.250594e+00
    endloop
  endfacet
  facet normal 9.914449e-01 -1.522075e-17 -1.305262e-01
    outer loop
      vertex   1.272835e+02 -1.304500e+02 -4.250594e+00
      vertex   1.272375e+02 -1.228334e+02 -4.600000e+00
      vertex   1.272835e+02 -1.228334e+02 -4.250594e+00
    endloop
  endfacet
  facet normal 9.238795e-01 -4.462497e-17 -3.826834e-01
    outer loop
      vertex   1.272835e+02 -1.304500e+02 -4.250594e+00
      vertex   1.272835e+02 -1.228334e+02 -4.250594e+00
      vertex   1.274184e+02 -1.304500e+02 -3.925000e+00
    endloop
  endfacet
  facet normal 9.238795e-01 6.693746e-17 -3.826834e-01
    outer loop
      vertex   1.274184e+02 -1.304500e+02 -3.925000e+00
      vertex   1.272835e+02 -1.228334e+02 -4.250594e+00
      vertex   1.274184e+02 -1.228334e+02 -3.925000e+00
    endloop
  endfacet
  facet normal 7.933533e-01 1.064821e-16 -6.087614e-01
    outer loop
      vertex   1.274184e+02 -1.304500e+02 -3.925000e+00
      vertex   1.274184e+02 -1.228334e+02 -3.925000e+00
      vertex   1.276329e+02 -1.304500e+02 -3.645406e+00
    endloop
  endfacet
  facet normal 7.933533e-01 7.098808e-17 -6.087614e-01
    outer loop
      vertex   1.276329e+02 -1.304500e+02 -3.645406e+00
      vertex   1.274184e+02 -1.228334e+02 -3.925000e+00
      vertex   1.276329e+02 -1.228334e+02 -3.645406e+00
    endloop
  endfacet
  facet normal 6.087614e-01 9.251346e-17 -7.933533e-01
    outer loop
      vertex   1.276329e+02 -1.304500e+02 -3.645406e+00
      vertex   1.276329e+02 -1.228334e+02 -3.645406e+00
      vertex   1.279125e+02 -1.304500e+02 -3.430866e+00
    endloop
  endfacet
  facet normal 6.087614e-01 9.251346e-17 -7.933533e-01
    outer loop
      vertex   1.279125e+02 -1.304500e+02 -3.430866e+00
      vertex   1.276329e+02 -1.228334e+02 -3.645406e+00
      vertex   1.279125e+02 -1.228334e+02 -3.430866e+00
    endloop
  endfacet
  facet normal 3.826834e-01 1.077342e-16 -9.238795e-01
    outer loop
      vertex   1.279125e+02 -1.304500e+02 -3.430866e+00
      vertex   1.279125e+02 -1.228334e+02 -3.430866e+00
      vertex   1.282381e+02 -1.304500e+02 -3.296000e+00
    endloop
  endfacet
  facet normal 3.826834e-01 -1.077342e-16 -9.238795e-01
    outer loop
      vertex   1.282381e+02 -1.304500e+02 -3.296000e+00
      vertex   1.279125e+02 -1.228334e+02 -3.430866e+00
      vertex   1.282381e+02 -1.228334e+02 -3.296000e+00
    endloop
  endfacet
  facet normal 1.305262e-01 -1.156130e-16 -9.914449e-01
    outer loop
      vertex   1.282381e+02 -1.304500e+02 -3.296000e+00
      vertex   1.282381e+02 -1.228334e+02 -3.296000e+00
      vertex   1.285875e+02 -1.304500e+02 -3.250000e+00
    endloop
  endfacet
  facet normal 1.305262e-01 0.000000e+00 -9.914449e-01
    outer loop
      vertex   1.285875e+02 -1.304500e+02 -3.250000e+00
      vertex   1.282381e+02 -1.228334e+02 -3.296000e+00
      vertex   1.285875e+02 -1.228334e+02 -3.250000e+00
    endloop
  endfacet
  facet normal -1.305262e-01 0.000000e+00 -9.914449e-01
    outer loop
      vertex   1.285875e+02 -1.304500e+02 -3.250000e+00
      vertex   1.285875e+02 -1.228334e+02 -3.250000e+00
      vertex   1.289369e+02 -1.304500e+02 -3.296000e+00
    endloop
  endfacet
  facet normal -1.305262e-01 0.000000e+00 -9.914449e-01
    outer loop
      vertex   1.289369e+02 -1.304500e+02 -3.296000e+00
      vertex   1.285875e+02 -1.228334e+02 -3.250000e+00
      vertex   1.289369e+02 -1.228334e+02 -3.296000e+00
    endloop
  endfacet
  facet normal -3.826834e-01 0.000000e+00 -9.238795e-01
    outer loop
      vertex   1.289369e+02 -1.304500e+02 -3.296000e+00
      vertex   1.289369e+02 -1.228334e+02 -3.296000e+00
      vertex   1.292625e+02 -1.304500e+02 -3.430866e+00
    endloop
  endfacet
  facet normal -3.826834e-01 -2.154684e-16 -9.238795e-01
    outer loop
      vertex   1.292625e+02 -1.304500e+02 -3.430866e+00
      vertex   1.289369e+02 -1.228334e+02 -3.296000e+00
      vertex   1.292625e+02 -1.228334e+02 -3.430866e+00
    endloop
  endfacet
  facet normal -6.087614e-01 -1.850269e-16 -7.933533e-01
    outer loop
      vertex   1.292625e+02 -1.304500e+02 -3.430866e+00
      vertex   1.292625e+02 -1.228334e+02 -3.430866e+00
      vertex   1.295421e+02 -1.304500e+02 -3.645406e+00
    endloop
  endfacet
  facet normal -6.087614e-01 4.625673e-17 -7.933533e-01
    outer loop
      vertex   1.295421e+02 -1.304500e+02 -3.645406e+00
      vertex   1.292625e+02 -1.228334e+02 -3.430866e+00
      vertex   1.295421e+02 -1.228334e+02 -3.645406e+00
    endloop
  endfacet
  facet normal -7.933533e-01 3.549404e-17 -6.087614e-01
    outer loop
      vertex   1.295421e+02 -1.304500e+02 -3.645406e+00
      vertex   1.295421e+02 -1.228334e+02 -3.645406e+00
      vertex   1.297566e+02 -1.304500e+02 -3.925000e+00
    endloop
  endfacet
  facet normal -7.933533e-01 1.419762e-16 -6.087614e-01
    outer loop
      vertex   1.297566e+02 -1.304500e+02 -3.925000e+00
      vertex   1.295421e+02 -1.228334e+02 -3.645406e+00
      vertex   1.297566e+02 -1.228334e+02 -3.925000e+00
    endloop
  endfacet
  facet normal -9.238795e-01 8.924994e-17 -3.826834e-01
    outer loop
      vertex   1.297566e+02 -1.304500e+02 -3.925000e+00
      vertex   1.297566e+02 -1.228334e+02 -3.925000e+00
      vertex   1.298915e+02 -1.304500e+02 -4.250594e+00
    endloop
  endfacet
  facet normal -9.238795e-01 0.000000e+00 -3.826834e-01
    outer loop
      vertex   1.298915e+02 -1.304500e+02 -4.250594e+00
      vertex   1.297566e+02 -1.228334e+02 -3.925000e+00
      vertex   1.298915e+02 -1.228334e+02 -4.250594e+00
    endloop
  endfacet
  facet normal -9.914449e-01 0.000000e+00 -1.305262e-01
    outer loop
      vertex   1.298915e+02 -1.304500e+02 -4.250594e+00
      vertex   1.298915e+02 -1.228334e+02 -4.250594e+00
      vertex   1.299375e+02 -1.304500e+02 -4.600000e+00
    endloop
  endfacet
  facet normal -9.914449e-01 0.000000e+00 -1.305262e-01
    outer loop
      vertex   1.299375e+02 -1.304500e+02 -4.600000e+00
      vertex   1.298915e+02 -1.228334e+02 -4.250594e+00
      vertex   1.299375e+02 -1.228334e+02 -4.600000e+00
    endloop
  endfacet
  facet normal -9.914449e-01 0.000000e+00 1.305262e-01
    outer loop
      vertex   1.299375e+02 -1.304500e+02 -4.600000e+00
      vertex   1.299375e+02 -1.228334e+02 -4.600000e+00
      vertex   1.298915e+02 -1.304500e+02 -4.949406e+00
    endloop
  endfacet
  facet normal -9.914449e-01 0.000000e+00 1.305262e-01
    outer loop
      vertex   1.298915e+02 -1.304500e+02 -4.949406e+00
      vertex   1.299375e+02 -1.228334e+02 -4.600000e+00
      vertex   1.298915e+02 -1.228334e+02 -4.949406e+00
    endloop
  endfacet
  facet normal -9.238795e-01 0.000000e+00 3.826834e-01
    outer loop
      vertex   1.298915e+02 -1.304500e+02 -4.949406e+00
      vertex   1.298915e+02 -1.228334e+02 -4.949406e+00
      vertex   1.297566e+02 -1.304500e+02 -5.275000e+00
    endloop
  endfacet
  facet normal -9.238795e-01 1.784999e-16 3.826834e-01
    outer loop
      vertex   1.297566e+02 -1.304500e+02 -5.275000e+00
      vertex   1.298915e+02 -1.228334e+02 -4.949406e+00
      vertex   1.297566e+02 -1.228334e+02 -5.275000e+00
    endloop
  endfacet
  facet normal -7.933533e-01 2.839523e-16 6.087614e-01
    outer loop
      vertex   1.297566e+02 -1.304500e+02 -5.275000e+00
      vertex   1.297566e+02 -1.228334e+02 -5.275000e+00
      vertex   1.295421e+02 -1.304500e+02 -5.554594e+00
    endloop
  endfacet
  facet normal -7.933533e-01 7.098808e-17 6.087614e-01
    outer loop
      vertex   1.295421e+02 -1.304500e+02 -5.554594e+00
      vertex   1.297566e+02 -1.228334e+02 -5.275000e+00
      vertex   1.295421e+02 -1.228334e+02 -5.554594e+00
    endloop
  endfacet
  facet normal -6.087614e-01 9.251346e-17 7.933533e-01
    outer loop
      vertex   1.295421e+02 -1.304500e+02 -5.554594e+00
      vertex   1.295421e+02 -1.228334e+02 -5.554594e+00
      vertex   1.292625e+02 -1.304500e+02 -5.769134e+00
    endloop
  endfacet
  facet normal -6.087614e-01 3.700539e-16 7.933533e-01
    outer loop
      vertex   1.292625e+02 -1.304500e+02 -5.769134e+00
      vertex   1.295421e+02 -1.228334e+02 -5.554594e+00
      vertex   1.292625e+02 -1.228334e+02 -5.769134e+00
    endloop
  endfacet
  facet normal -3.826834e-01 4.309368e-16 9.238795e-01
    outer loop
      vertex   1.292625e+02 -1.304500e+02 -5.769134e+00
      vertex   1.292625e+02 -1.228334e+02 -5.769134e+00
      vertex   1.289369e+02 -1.304500e+02 -5.904000e+00
    endloop
  endfacet
  facet normal -3.826834e-01 -3.232026e-16 9.238795e-01
    outer loop
      vertex   1.289369e+02 -1.304500e+02 -5.904000e+00
      vertex   1.292625e+02 -1.228334e+02 -5.769134e+00
      vertex   1.289369e+02 -1.228334e+02 -5.904000e+00
    endloop
  endfacet
  facet normal -1.305262e-01 -3.468391e-16 9.914449e-01
    outer loop
      vertex   1.289369e+02 -1.304500e+02 -5.904000e+00
      vertex   1.289369e+02 -1.228334e+02 -5.904000e+00
      vertex   1.285875e+02 -1.304500e+02 -5.950000e+00
    endloop
  endfacet
  facet normal -1.305262e-01 0.000000e+00 9.914449e-01
    outer loop
      vertex   1.285875e+02 -1.304500e+02 -5.950000e+00
      vertex   1.289369e+02 -1.228334e+02 -5.904000e+00
      vertex   1.285875e+02 -1.228334e+02 -5.950000e+00
    endloop
  endfacet
  facet normal 1.305262e-01 -0.000000e+00 9.914449e-01
    outer loop
      vertex   1.285875e+02 -1.304500e+02 -5.950000e+00
      vertex   1.285875e+02 -1.228334e+02 -5.950000e+00
      vertex   1.282381e+02 -1.304500e+02 -5.904000e+00
    endloop
  endfacet
  facet normal 1.305262e-01 -3.468391e-16 9.914449e-01
    outer loop
      vertex   1.282381e+02 -1.304500e+02 -5.904000e+00
      vertex   1.285875e+02 -1.228334e+02 -5.950000e+00
      vertex   1.282381e+02 -1.228334e+02 -5.904000e+00
    endloop
  endfacet
  facet normal 3.826834e-01 -3.232026e-16 9.238795e-01
    outer loop
      vertex   1.282381e+02 -1.304500e+02 -5.904000e+00
      vertex   1.282381e+02 -1.228334e+02 -5.904000e+00
      vertex   1.279125e+02 -1.304500e+02 -5.769134e+00
    endloop
  endfacet
  facet normal 3.826834e-01 -2.154684e-16 9.238795e-01
    outer loop
      vertex   1.279125e+02 -1.304500e+02 -5.769134e+00
      vertex   1.282381e+02 -1.228334e+02 -5.904000e+00
      vertex   1.279125e+02 -1.228334e+02 -5.769134e+00
    endloop
  endfacet
  facet normal 6.087614e-01 -1.850269e-16 7.933533e-01
    outer loop
      vertex   1.279125e+02 -1.304500e+02 -5.769134e+00
      vertex   1.279125e+02 -1.228334e+02 -5.769134e+00
      vertex   1.276329e+02 -1.304500e+02 -5.554594e+00
    endloop
  endfacet
  facet normal 6.087614e-01 9.251346e-17 7.933533e-01
    outer loop
      vertex   1.276329e+02 -1.304500e+02 -5.554594e+00
      vertex   1.279125e+02 -1.228334e+02 -5.769134e+00
      vertex   1.276329e+02 -1.228334e+02 -5.554594e+00
    endloop
  endfacet
  facet normal 7.933533e-01 7.098808e-17 6.087614e-01
    outer loop
      vertex   1.276329e+02 -1.304500e+02 -5.554594e+00
      vertex   1.276329e+02 -1.228334e+02 -5.554594e+00
      vertex   1.274184e+02 -1.304500e+02 -5.275000e+00
    endloop
  endfacet
  facet normal 7.933533e-01 2.839523e-16 6.087614e-01
    outer loop
      vertex   1.274184e+02 -1.304500e+02 -5.275000e+00
      vertex   1.276329e+02 -1.228334e+02 -5.554594e+00
      vertex   1.274184e+02 -1.228334e+02 -5.275000e+00
    endloop
  endfacet
  facet normal 9.238795e-01 1.784999e-16 3.826834e-01
    outer loop
      vertex   1.274184e+02 -1.304500e+02 -5.275000e+00
      vertex   1.274184e+02 -1.228334e+02 -5.275000e+00
      vertex   1.272835e+02 -1.304500e+02 -4.949406e+00
    endloop
  endfacet
  facet normal 9.238795e-01 -0.000000e+00 3.826834e-01
    outer loop
      vertex   1.272835e+02 -1.304500e+02 -4.949406e+00
      vertex   1.274184e+02 -1.228334e+02 -5.275000e+00
      vertex   1.272835e+02 -1.228334e+02 -4.949406e+00
    endloop
  endfacet
  facet normal 9.690424e-01 -6.390023e-03 2.468118e-01
    outer loop
      vertex   1.272471e+02 -1.134500e+02 -4.760781e+00
      vertex   1.272835e+02 -1.152168e+02 -4.949406e+00
      vertex   1.273335e+02 -1.134500e+02 -5.100000e+00
    endloop
  endfacet
  facet normal 9.490454e-01 3.699052e-17 3.151394e-01
    outer loop
      vertex   1.273335e+02 -1.134500e+02 -5.100000e+00
      vertex   1.272835e+02 -1.152168e+02 -4.949406e+00
      vertex   1.272835e+02 -1.228334e+02 -4.949406e+00
    endloop
  endfacet
  facet normal 9.072456e-01 1.915250e-03 4.205968e-01
    outer loop
      vertex   1.273335e+02 -1.134500e+02 -5.100000e+00
      vertex   1.272835e+02 -1.228334e+02 -4.949406e+00
      vertex   1.274184e+02 -1.152168e+02 -5.275000e+00
    endloop
  endfacet
  facet normal 9.238795e-01 0.000000e+00 3.826834e-01
    outer loop
      vertex   1.274184e+02 -1.152168e+02 -5.275000e+00
      vertex   1.272835e+02 -1.228334e+02 -4.949406e+00
      vertex   1.274184e+02 -1.228334e+02 -5.275000e+00
    endloop
  endfacet
  facet normal 7.933533e-01 0.000000e+00 6.087614e-01
    outer loop
      vertex   1.274184e+02 -1.152168e+02 -5.275000e+00
      vertex   1.274184e+02 -1.228334e+02 -5.275000e+00
      vertex   1.276329e+02 -1.152168e+02 -5.554594e+00
    endloop
  endfacet
  facet normal 7.933533e-01 0.000000e+00 6.087614e-01
    outer loop
      vertex   1.276329e+02 -1.152168e+02 -5.554594e+00
      vertex   1.274184e+02 -1.228334e+02 -5.275000e+00
      vertex   1.276329e+02 -1.228334e+02 -5.554594e+00
    endloop
  endfacet
  facet normal 6.087614e-01 0.000000e+00 7.933533e-01
    outer loop
      vertex   1.276329e+02 -1.152168e+02 -5.554594e+00
      vertex   1.276329e+02 -1.228334e+02 -5.554594e+00
      vertex   1.279125e+02 -1.152168e+02 -5.769134e+00
    endloop
  endfacet
  facet normal 6.087614e-01 0.000000e+00 7.933533e-01
    outer loop
      vertex   1.279125e+02 -1.152168e+02 -5.769134e+00
      vertex   1.276329e+02 -1.228334e+02 -5.554594e+00
      vertex   1.279125e+02 -1.228334e+02 -5.769134e+00
    endloop
  endfacet
  facet normal 3.826834e-01 0.000000e+00 9.238795e-01
    outer loop
      vertex   1.279125e+02 -1.152168e+02 -5.769134e+00
      vertex   1.279125e+02 -1.228334e+02 -5.769134e+00
      vertex   1.282381e+02 -1.152168e+02 -5.904000e+00
    endloop
  endfacet
  facet normal 3.826834e-01 0.000000e+00 9.238795e-01
    outer loop
      vertex   1.282381e+02 -1.152168e+02 -5.904000e+00
      vertex   1.279125e+02 -1.228334e+02 -5.769134e+00
      vertex   1.282381e+02 -1.228334e+02 -5.904000e+00
    endloop
  endfacet
  facet normal 1.305262e-01 0.000000e+00 9.914449e-01
    outer loop
      vertex   1.282381e+02 -1.152168e+02 -5.904000e+00
      vertex   1.282381e+02 -1.228334e+02 -5.904000e+00
      vertex   1.285875e+02 -1.152168e+02 -5.950000e+00
    endloop
  endfacet
  facet normal 1.305262e-01 0.000000e+00 9.914449e-01
    outer loop
      vertex   1.285875e+02 -1.152168e+02 -5.950000e+00
      vertex   1.282381e+02 -1.228334e+02 -5.904000e+00
      vertex   1.285875e+02 -1.228334e+02 -5.950000e+00
    endloop
  endfacet
  facet normal -1.305262e-01 0.000000e+00 9.914449e-01
    outer loop
      vertex   1.285875e+02 -1.152168e+02 -5.950000e+00
      vertex   1.285875e+02 -1.228334e+02 -5.950000e+00
      vertex   1.289369e+02 -1.152168e+02 -5.904000e+00
    endloop
  endfacet
  facet normal -1.305262e-01 0.000000e+00 9.914449e-01
    outer loop
      vertex   1.289369e+02 -1.152168e+02 -5.904000e+00
      vertex   1.285875e+02 -1.228334e+02 -5.950000e+00
      vertex   1.289369e+02 -1.228334e+02 -5.904000e+00
    endloop
  endfacet
  facet normal -3.826834e-01 0.000000e+00 9.238795e-01
    outer loop
      vertex   1.289369e+02 -1.152168e+02 -5.904000e+00
      vertex   1.289369e+02 -1.228334e+02 -5.904000e+00
      vertex   1.292625e+02 -1.152168e+02 -5.769134e+00
    endloop
  endfacet
  facet normal -3.826834e-01 0.000000e+00 9.238795e-01
    outer loop
      vertex   1.292625e+02 -1.152168e+02 -5.769134e+00
      vertex   1.289369e+02 -1.228334e+02 -5.904000e+00
      vertex   1.292625e+02 -1.228334e+02 -5.769134e+00
    endloop
  endfacet
  facet normal -6.087614e-01 0.000000e+00 7.933533e-01
    outer loop
      vertex   1.292625e+02 -1.152168e+02 -5.769134e+00
      vertex   1.292625e+02 -1.228334e+02 -5.769134e+00
      vertex   1.295421e+02 -1.152168e+02 -5.554594e+00
    endloop
  endfacet
  facet normal -6.087614e-01 0.000000e+00 7.933533e-01
    outer loop
      vertex   1.295421e+02 -1.152168e+02 -5.554594e+00
      vertex   1.292625e+02 -1.228334e+02 -5.769134e+00
      vertex   1.295421e+02 -1.228334e+02 -5.554594e+00
    endloop
  endfacet
  facet normal -7.933533e-01 0.000000e+00 6.087614e-01
    outer loop
      vertex   1.295421e+02 -1.152168e+02 -5.554594e+00
      vertex   1.295421e+02 -1.228334e+02 -5.554594e+00
      vertex   1.297566e+02 -1.152168e+02 -5.275000e+00
    endloop
  endfacet
  facet normal -7.933533e-01 0.000000e+00 6.087614e-01
    outer loop
      vertex   1.297566e+02 -1.152168e+02 -5.275000e+00
      vertex   1.295421e+02 -1.228334e+02 -5.554594e+00
      vertex   1.297566e+02 -1.228334e+02 -5.275000e+00
    endloop
  endfacet
  facet normal -8.997922e-01 0.000000e+00 4.363186e-01
    outer loop
      vertex   1.297566e+02 -1.152168e+02 -5.275000e+00
      vertex   1.297566e+02 -1.228334e+02 -5.275000e+00
      vertex   1.298415e+02 -1.134500e+02 -5.100000e+00
    endloop
  endfacet
  facet normal -9.410351e-01 2.200998e-03 3.383017e-01
    outer loop
      vertex   1.298415e+02 -1.134500e+02 -5.100000e+00
      vertex   1.297566e+02 -1.228334e+02 -5.275000e+00
      vertex   1.298915e+02 -1.152168e+02 -4.949406e+00
    endloop
  endfacet
  facet normal -9.690424e-01 -6.390023e-03 2.468118e-01
    outer loop
      vertex   1.298415e+02 -1.134500e+02 -5.100000e+00
      vertex   1.298915e+02 -1.152168e+02 -4.949406e+00
      vertex   1.299279e+02 -1.134500e+02 -4.760781e+00
    endloop
  endfacet
  facet normal -9.818926e-01 1.461986e-19 1.894382e-01
    outer loop
      vertex   1.299279e+02 -1.134500e+02 -4.760781e+00
      vertex   1.298915e+02 -1.152168e+02 -4.949406e+00
      vertex   1.298915e+02 -1.228334e+02 -4.949406e+00
    endloop
  endfacet
  facet normal -9.965002e-01 2.184972e-03 8.356205e-02
    outer loop
      vertex   1.299279e+02 -1.134500e+02 -4.760781e+00
      vertex   1.298915e+02 -1.228334e+02 -4.949406e+00
      vertex   1.299375e+02 -1.152168e+02 -4.600000e+00
    endloop
  endfacet
  facet normal -9.914449e-01 0.000000e+00 1.305262e-01
    outer loop
      vertex   1.299375e+02 -1.152168e+02 -4.600000e+00
      vertex   1.298915e+02 -1.228334e+02 -4.949406e+00
      vertex   1.299375e+02 -1.228334e+02 -4.600000e+00
    endloop
  endfacet
  facet normal -9.975283e-01 -0.000000e+00 -7.026540e-02
    outer loop
      vertex   1.299375e+02 -1.152168e+02 -4.600000e+00
      vertex   1.299375e+02 -1.228334e+02 -4.600000e+00
      vertex   1.299242e+02 -1.134500e+02 -4.410752e+00
    endloop
  endfacet
  facet normal -9.842360e-01 2.168458e-03 -1.768468e-01
    outer loop
      vertex   1.299242e+02 -1.134500e+02 -4.410752e+00
      vertex   1.299375e+02 -1.228334e+02 -4.600000e+00
      vertex   1.298915e+02 -1.152168e+02 -4.250594e+00
    endloop
  endfacet
  facet normal -9.635747e-01 -6.418818e-03 -2.673622e-01
    outer loop
      vertex   1.299242e+02 -1.134500e+02 -4.410752e+00
      vertex   1.298915e+02 -1.152168e+02 -4.250594e+00
      vertex   1.298306e+02 -1.134500e+02 -4.073447e+00
    endloop
  endfacet
  facet normal -9.456409e-01 3.845675e-17 -3.252127e-01
    outer loop
      vertex   1.298306e+02 -1.134500e+02 -4.073447e+00
      vertex   1.298915e+02 -1.152168e+02 -4.250594e+00
      vertex   1.298915e+02 -1.228334e+02 -4.250594e+00
    endloop
  endfacet
  facet normal -9.050840e-01 2.151473e-03 -4.252274e-01
    outer loop
      vertex   1.298306e+02 -1.134500e+02 -4.073447e+00
      vertex   1.298915e+02 -1.228334e+02 -4.250594e+00
      vertex   1.297566e+02 -1.152168e+02 -3.925000e+00
    endloop
  endfacet
  facet normal -9.238795e-01 -6.693746e-17 -3.826834e-01
    outer loop
      vertex   1.297566e+02 -1.152168e+02 -3.925000e+00
      vertex   1.298915e+02 -1.228334e+02 -4.250594e+00
      vertex   1.297566e+02 -1.228334e+02 -3.925000e+00
    endloop
  endfacet
  facet normal -8.297426e-01 -9.762870e-17 -5.581462e-01
    outer loop
      vertex   1.297566e+02 -1.152168e+02 -3.925000e+00
      vertex   1.297566e+02 -1.228334e+02 -3.925000e+00
      vertex   1.296534e+02 -1.134500e+02 -3.771545e+00
    endloop
  endfacet
  facet normal -7.644305e-01 2.134028e-03 -6.447026e-01
    outer loop
      vertex   1.296534e+02 -1.134500e+02 -3.771545e+00
      vertex   1.297566e+02 -1.228334e+02 -3.925000e+00
      vertex   1.295421e+02 -1.152168e+02 -3.645406e+00
    endloop
  endfacet
  facet normal -7.033229e-01 -6.438015e-03 -7.108414e-01
    outer loop
      vertex   1.296534e+02 -1.134500e+02 -3.771545e+00
      vertex   1.295421e+02 -1.152168e+02 -3.645406e+00
      vertex   1.294046e+02 -1.134500e+02 -3.525342e+00
    endloop
  endfacet
  facet normal -6.576787e-01 -1.193695e-18 -7.532986e-01
    outer loop
      vertex   1.294046e+02 -1.134500e+02 -3.525342e+00
      vertex   1.295421e+02 -1.152168e+02 -3.645406e+00
      vertex   1.295421e+02 -1.228334e+02 -3.645406e+00
    endloop
  endfacet
  facet normal -5.718394e-01 2.116137e-03 -8.203628e-01
    outer loop
      vertex   1.294046e+02 -1.134500e+02 -3.525342e+00
      vertex   1.295421e+02 -1.228334e+02 -3.645406e+00
      vertex   1.292625e+02 -1.152168e+02 -3.430866e+00
    endloop
  endfacet
  facet normal -6.087614e-01 1.850269e-16 -7.933533e-01
    outer loop
      vertex   1.292625e+02 -1.152168e+02 -3.430866e+00
      vertex   1.295421e+02 -1.228334e+02 -3.645406e+00
      vertex   1.292625e+02 -1.228334e+02 -3.430866e+00
    endloop
  endfacet
  facet normal -4.410962e-01 2.093068e-16 -8.974598e-01
    outer loop
      vertex   1.292625e+02 -1.152168e+02 -3.430866e+00
      vertex   1.292625e+02 -1.228334e+02 -3.430866e+00
      vertex   1.291008e+02 -1.134500e+02 -3.351394e+00
    endloop
  endfacet
  facet normal -3.404017e-01 2.097813e-03 -9.402778e-01
    outer loop
      vertex   1.291008e+02 -1.134500e+02 -3.351394e+00
      vertex   1.292625e+02 -1.228334e+02 -3.430866e+00
      vertex   1.289369e+02 -1.152168e+02 -3.296000e+00
    endloop
  endfacet
  facet normal -2.571015e-01 -6.447614e-03 -9.663629e-01
    outer loop
      vertex   1.291008e+02 -1.134500e+02 -3.351394e+00
      vertex   1.289369e+02 -1.152168e+02 -3.296000e+00
      vertex   1.287625e+02 -1.134500e+02 -3.261394e+00
    endloop
  endfacet
  facet normal -1.946558e-01 3.071613e-19 -9.808716e-01
    outer loop
      vertex   1.287625e+02 -1.134500e+02 -3.261394e+00
      vertex   1.289369e+02 -1.152168e+02 -3.296000e+00
      vertex   1.289369e+02 -1.228334e+02 -3.296000e+00
    endloop
  endfacet
  facet normal -8.584510e-02 2.079068e-03 -9.963063e-01
    outer loop
      vertex   1.287625e+02 -1.134500e+02 -3.261394e+00
      vertex   1.289369e+02 -1.228334e+02 -3.296000e+00
      vertex   1.285875e+02 -1.152168e+02 -3.250000e+00
    endloop
  endfacet
  facet normal -1.305262e-01 -0.000000e+00 -9.914449e-01
    outer loop
      vertex   1.285875e+02 -1.152168e+02 -3.250000e+00
      vertex   1.289369e+02 -1.228334e+02 -3.296000e+00
      vertex   1.285875e+02 -1.228334e+02 -3.250000e+00
    endloop
  endfacet
  facet normal 6.496103e-02 0.000000e+00 -9.978878e-01
    outer loop
      vertex   1.285875e+02 -1.152168e+02 -3.250000e+00
      vertex   1.285875e+02 -1.228334e+02 -3.250000e+00
      vertex   1.284125e+02 -1.134500e+02 -3.261394e+00
    endloop
  endfacet
  facet normal 1.745350e-01 2.059913e-03 -9.846488e-01
    outer loop
      vertex   1.284125e+02 -1.134500e+02 -3.261394e+00
      vertex   1.285875e+02 -1.228334e+02 -3.250000e+00
      vertex   1.282381e+02 -1.152168e+02 -3.296000e+00
    endloop
  endfacet
  facet normal 2.571015e-01 -6.447614e-03 -9.663629e-01
    outer loop
      vertex   1.284125e+02 -1.134500e+02 -3.261394e+00
      vertex   1.282381e+02 -1.152168e+02 -3.296000e+00
      vertex   1.280742e+02 -1.134500e+02 -3.351394e+00
    endloop
  endfacet
  facet normal 3.201806e-01 -4.424631e-19 -9.473565e-01
    outer loop
      vertex   1.280742e+02 -1.134500e+02 -3.351394e+00
      vertex   1.282381e+02 -1.152168e+02 -3.296000e+00
      vertex   1.282381e+02 -1.228334e+02 -3.296000e+00
    endloop
  endfacet
  facet normal 4.230505e-01 2.040359e-03 -9.061038e-01
    outer loop
      vertex   1.280742e+02 -1.134500e+02 -3.351394e+00
      vertex   1.282381e+02 -1.228334e+02 -3.296000e+00
      vertex   1.279125e+02 -1.152168e+02 -3.430866e+00
    endloop
  endfacet
  facet normal 3.826834e-01 -1.077342e-16 -9.238795e-01
    outer loop
      vertex   1.279125e+02 -1.152168e+02 -3.430866e+00
      vertex   1.282381e+02 -1.228334e+02 -3.296000e+00
      vertex   1.279125e+02 -1.228334e+02 -3.430866e+00
    endloop
  endfacet
  facet normal 5.537270e-01 -9.710150e-17 -8.326983e-01
    outer loop
      vertex   1.279125e+02 -1.152168e+02 -3.430866e+00
      vertex   1.279125e+02 -1.228334e+02 -3.430866e+00
      vertex   1.277704e+02 -1.134500e+02 -3.525342e+00
    endloop
  endfacet
  facet normal 6.428220e-01 2.020418e-03 -7.660129e-01
    outer loop
      vertex   1.277704e+02 -1.134500e+02 -3.525342e+00
      vertex   1.279125e+02 -1.228334e+02 -3.430866e+00
      vertex   1.276329e+02 -1.152168e+02 -3.645406e+00
    endloop
  endfacet
  facet normal 7.033229e-01 -6.438015e-03 -7.108414e-01
    outer loop
      vertex   1.277704e+02 -1.134500e+02 -3.525342e+00
      vertex   1.276329e+02 -1.152168e+02 -3.645406e+00
      vertex   1.275216e+02 -1.134500e+02 -3.771545e+00
    endloop
  endfacet
  facet normal 7.497914e-01 -7.685360e-17 -6.616743e-01
    outer loop
      vertex   1.275216e+02 -1.134500e+02 -3.771545e+00
      vertex   1.276329e+02 -1.152168e+02 -3.645406e+00
      vertex   1.276329e+02 -1.228334e+02 -3.645406e+00
    endloop
  endfacet
  facet normal 8.189249e-01 2.000100e-03 -5.738971e-01
    outer loop
      vertex   1.275216e+02 -1.134500e+02 -3.771545e+00
      vertex   1.276329e+02 -1.228334e+02 -3.645406e+00
      vertex   1.274184e+02 -1.152168e+02 -3.925000e+00
    endloop
  endfacet
  facet normal 7.933533e-01 -1.064821e-16 -6.087614e-01
    outer loop
      vertex   1.274184e+02 -1.152168e+02 -3.925000e+00
      vertex   1.276329e+02 -1.228334e+02 -3.645406e+00
      vertex   1.274184e+02 -1.228334e+02 -3.925000e+00
    endloop
  endfacet
  facet normal 8.951020e-01 -7.798829e-17 -4.458614e-01
    outer loop
      vertex   1.274184e+02 -1.152168e+02 -3.925000e+00
      vertex   1.274184e+02 -1.228334e+02 -3.925000e+00
      vertex   1.273444e+02 -1.134500e+02 -4.073447e+00
    endloop
  endfacet
  facet normal 9.394030e-01 1.979414e-03 -3.428091e-01
    outer loop
      vertex   1.273444e+02 -1.134500e+02 -4.073447e+00
      vertex   1.274184e+02 -1.228334e+02 -3.925000e+00
      vertex   1.272835e+02 -1.152168e+02 -4.250594e+00
    endloop
  endfacet
  facet normal 9.635747e-01 -6.418818e-03 -2.673622e-01
    outer loop
      vertex   1.273444e+02 -1.134500e+02 -4.073447e+00
      vertex   1.272835e+02 -1.152168e+02 -4.250594e+00
      vertex   1.272508e+02 -1.134500e+02 -4.410752e+00
    endloop
  endfacet
  facet normal 9.798229e-01 2.599459e-19 -1.998678e-01
    outer loop
      vertex   1.272508e+02 -1.134500e+02 -4.410752e+00
      vertex   1.272835e+02 -1.152168e+02 -4.250594e+00
      vertex   1.272835e+02 -1.228334e+02 -4.250594e+00
    endloop
  endfacet
  facet normal 9.960790e-01 1.958371e-03 -8.844621e-02
    outer loop
      vertex   1.272508e+02 -1.134500e+02 -4.410752e+00
      vertex   1.272835e+02 -1.228334e+02 -4.250594e+00
      vertex   1.272375e+02 -1.152168e+02 -4.600000e+00
    endloop
  endfacet
  facet normal 9.914449e-01 0.000000e+00 -1.305262e-01
    outer loop
      vertex   1.272375e+02 -1.152168e+02 -4.600000e+00
      vertex   1.272835e+02 -1.228334e+02 -4.250594e+00
      vertex   1.272375e+02 -1.228334e+02 -4.600000e+00
    endloop
  endfacet
  facet normal 9.982191e-01 0.000000e+00 5.965482e-02
    outer loop
      vertex   1.272375e+02 -1.152168e+02 -4.600000e+00
      vertex   1.272375e+02 -1.228334e+02 -4.600000e+00
      vertex   1.272471e+02 -1.134500e+02 -4.760781e+00
    endloop
  endfacet
  facet normal 9.851097e-01 1.936980e-03 1.719159e-01
    outer loop
      vertex   1.272471e+02 -1.134500e+02 -4.760781e+00
      vertex   1.272375e+02 -1.228334e+02 -4.600000e+00
      vertex   1.272835e+02 -1.152168e+02 -4.949406e+00
    endloop
  endfacet
  facet normal 9.999230e-01 -6.405621e-03 -1.063267e-02
    outer loop
      vertex   1.272471e+02 -1.134500e+02 -4.760781e+00
      vertex   1.272508e+02 -1.134500e+02 -4.410752e+00
      vertex   1.272375e+02 -1.152168e+02 -4.600000e+00
    endloop
  endfacet
  facet normal 8.624415e-01 -6.429617e-03 -5.061159e-01
    outer loop
      vertex   1.273444e+02 -1.134500e+02 -4.073447e+00
      vertex   1.275216e+02 -1.134500e+02 -3.771545e+00
      vertex   1.274184e+02 -1.152168e+02 -3.925000e+00
    endloop
  endfacet
  facet normal 4.969170e-01 -6.444014e-03 -8.677741e-01
    outer loop
      vertex   1.277704e+02 -1.134500e+02 -3.525342e+00
      vertex   1.280742e+02 -1.134500e+02 -3.351394e+00
      vertex   1.279125e+02 -1.152168e+02 -3.430866e+00
    endloop
  endfacet
  facet normal 0.000000e+00 -6.448813e-03 -9.999792e-01
    outer loop
      vertex   1.284125e+02 -1.134500e+02 -3.261394e+00
      vertex   1.287625e+02 -1.134500e+02 -3.261394e+00
      vertex   1.285875e+02 -1.152168e+02 -3.250000e+00
    endloop
  endfacet
  facet normal -4.969170e-01 -6.444014e-03 -8.677741e-01
    outer loop
      vertex   1.291008e+02 -1.134500e+02 -3.351394e+00
      vertex   1.294046e+02 -1.134500e+02 -3.525342e+00
      vertex   1.292625e+02 -1.152168e+02 -3.430866e+00
    endloop
  endfacet
  facet normal -8.624415e-01 -6.429617e-03 -5.061159e-01
    outer loop
      vertex   1.296534e+02 -1.134500e+02 -3.771545e+00
      vertex   1.298306e+02 -1.134500e+02 -4.073447e+00
      vertex   1.297566e+02 -1.152168e+02 -3.925000e+00
    endloop
  endfacet
  facet normal -9.999230e-01 -6.405621e-03 -1.063267e-02
    outer loop
      vertex   1.299242e+02 -1.134500e+02 -4.410752e+00
      vertex   1.299279e+02 -1.134500e+02 -4.760781e+00
      vertex   1.299375e+02 -1.152168e+02 -4.600000e+00
    endloop
  endfacet
  facet normal -8.997922e-01 0.000000e+00 4.363186e-01
    outer loop
      vertex   1.298415e+02 -4.843402e+01 -5.100000e+00
      vertex   1.297566e+02 -8.475032e+01 -5.275000e+00
      vertex   1.298415e+02 -1.134500e+02 -5.100000e+00
    endloop
  endfacet
  facet normal -8.997922e-01 -4.609758e-19 4.363186e-01
    outer loop
      vertex   1.298415e+02 -1.134500e+02 -5.100000e+00
      vertex   1.297566e+02 -8.475032e+01 -5.275000e+00
      vertex   1.297566e+02 -9.236693e+01 -5.275000e+00
    endloop
  endfacet
  facet normal -8.997922e-01 -4.609758e-19 4.363186e-01
    outer loop
      vertex   1.298415e+02 -1.134500e+02 -5.100000e+00
      vertex   1.297566e+02 -9.236693e+01 -5.275000e+00
      vertex   1.297566e+02 -9.998355e+01 -5.275000e+00
    endloop
  endfacet
  facet normal -7.933533e-01 0.000000e+00 6.087614e-01
    outer loop
      vertex   1.297566e+02 -9.998355e+01 -5.275000e+00
      vertex   1.297566e+02 -9.236693e+01 -5.275000e+00
      vertex   1.295421e+02 -9.998355e+01 -5.554594e+00
    endloop
  endfacet
  facet normal -7.933533e-01 -2.519122e-19 6.087614e-01
    outer loop
      vertex   1.297566e+02 -9.998355e+01 -5.275000e+00
      vertex   1.295421e+02 -9.998355e+01 -5.554594e+00
      vertex   1.295421e+02 -1.076002e+02 -5.554594e+00
    endloop
  endfacet
  facet normal -6.087614e-01 0.000000e+00 7.933533e-01
    outer loop
      vertex   1.295421e+02 -1.076002e+02 -5.554594e+00
      vertex   1.295421e+02 -9.998355e+01 -5.554594e+00
      vertex   1.292625e+02 -1.076002e+02 -5.769134e+00
    endloop
  endfacet
  facet normal -6.087614e-01 -1.844873e-16 7.933533e-01
    outer loop
      vertex   1.295421e+02 -1.076002e+02 -5.554594e+00
      vertex   1.292625e+02 -1.076002e+02 -5.769134e+00
      vertex   1.292625e+02 -1.152168e+02 -5.769134e+00
    endloop
  endfacet
  facet normal -3.826834e-01 -2.154684e-16 9.238795e-01
    outer loop
      vertex   1.292625e+02 -1.152168e+02 -5.769134e+00
      vertex   1.292625e+02 -1.076002e+02 -5.769134e+00
      vertex   1.289369e+02 -1.152168e+02 -5.904000e+00
    endloop
  endfacet
  facet normal -9.690424e-01 6.390023e-03 2.468118e-01
    outer loop
      vertex   1.299279e+02 -4.843402e+01 -4.760781e+00
      vertex   1.298915e+02 -4.666725e+01 -4.949406e+00
      vertex   1.298415e+02 -4.843402e+01 -5.100000e+00
    endloop
  endfacet
  facet normal -9.490454e-01 -3.669428e-17 3.151394e-01
    outer loop
      vertex   1.298415e+02 -4.843402e+01 -5.100000e+00
      vertex   1.298915e+02 -4.666725e+01 -4.949406e+00
      vertex   1.298915e+02 -3.905064e+01 -4.949406e+00
    endloop
  endfacet
  facet normal -9.072456e-01 -1.915250e-03 4.205968e-01
    outer loop
      vertex   1.298415e+02 -4.843402e+01 -5.100000e+00
      vertex   1.298915e+02 -3.905064e+01 -4.949406e+00
      vertex   1.297566e+02 -4.666725e+01 -5.275000e+00
    endloop
  endfacet
  facet normal -9.238795e-01 0.000000e+00 3.826834e-01
    outer loop
      vertex   1.297566e+02 -4.666725e+01 -5.275000e+00
      vertex   1.298915e+02 -3.905064e+01 -4.949406e+00
      vertex   1.297566e+02 -3.905064e+01 -5.275000e+00
    endloop
  endfacet
  facet normal -7.933533e-01 0.000000e+00 6.087614e-01
    outer loop
      vertex   1.297566e+02 -4.666725e+01 -5.275000e+00
      vertex   1.297566e+02 -3.905064e+01 -5.275000e+00
      vertex   1.295421e+02 -4.666725e+01 -5.554594e+00
    endloop
  endfacet
  facet normal -7.933533e-01 0.000000e+00 6.087614e-01
    outer loop
      vertex   1.295421e+02 -4.666725e+01 -5.554594e+00
      vertex   1.297566e+02 -3.905064e+01 -5.275000e+00
      vertex   1.295421e+02 -3.905064e+01 -5.554594e+00
    endloop
  endfacet
  facet normal -6.087614e-01 0.000000e+00 7.933533e-01
    outer loop
      vertex   1.295421e+02 -4.666725e+01 -5.554594e+00
      vertex   1.295421e+02 -3.905064e+01 -5.554594e+00
      vertex   1.292625e+02 -4.666725e+01 -5.769134e+00
    endloop
  endfacet
  facet normal -6.087614e-01 -1.850269e-16 7.933533e-01
    outer loop
      vertex   1.292625e+02 -4.666725e+01 -5.769134e+00
      vertex   1.295421e+02 -3.905064e+01 -5.554594e+00
      vertex   1.292625e+02 -3.905064e+01 -5.769134e+00
    endloop
  endfacet
  facet normal -3.826834e-01 -2.154684e-16 9.238795e-01
    outer loop
      vertex   1.292625e+02 -4.666725e+01 -5.769134e+00
      vertex   1.292625e+02 -3.905064e+01 -5.769134e+00
      vertex   1.289369e+02 -4.666725e+01 -5.904000e+00
    endloop
  endfacet
  facet normal -3.826834e-01 0.000000e+00 9.238795e-01
    outer loop
      vertex   1.289369e+02 -4.666725e+01 -5.904000e+00
      vertex   1.292625e+02 -3.905064e+01 -5.769134e+00
      vertex   1.289369e+02 -3.905064e+01 -5.904000e+00
    endloop
  endfacet
  facet normal -1.305262e-01 0.000000e+00 9.914449e-01
    outer loop
      vertex   1.289369e+02 -4.666725e+01 -5.904000e+00
      vertex   1.289369e+02 -3.905064e+01 -5.904000e+00
      vertex   1.285875e+02 -4.666725e+01 -5.950000e+00
    endloop
  endfacet
  facet normal -1.305262e-01 0.000000e+00 9.914449e-01
    outer loop
      vertex   1.285875e+02 -4.666725e+01 -5.950000e+00
      vertex   1.289369e+02 -3.905064e+01 -5.904000e+00
      vertex   1.285875e+02 -3.905064e+01 -5.950000e+00
    endloop
  endfacet
  facet normal 1.305262e-01 -0.000000e+00 9.914449e-01
    outer loop
      vertex   1.285875e+02 -4.666725e+01 -5.950000e+00
      vertex   1.285875e+02 -3.905064e+01 -5.950000e+00
      vertex   1.282381e+02 -4.666725e+01 -5.904000e+00
    endloop
  endfacet
  facet normal 1.305262e-01 -0.000000e+00 9.914449e-01
    outer loop
      vertex   1.282381e+02 -4.666725e+01 -5.904000e+00
      vertex   1.285875e+02 -3.905064e+01 -5.950000e+00
      vertex   1.282381e+02 -3.905064e+01 -5.904000e+00
    endloop
  endfacet
  facet normal 3.826834e-01 -0.000000e+00 9.238795e-01
    outer loop
      vertex   1.282381e+02 -4.666725e+01 -5.904000e+00
      vertex   1.282381e+02 -3.905064e+01 -5.904000e+00
      vertex   1.279125e+02 -4.666725e+01 -5.769134e+00
    endloop
  endfacet
  facet normal 3.826834e-01 -0.000000e+00 9.238795e-01
    outer loop
      vertex   1.279125e+02 -4.666725e+01 -5.769134e+00
      vertex   1.282381e+02 -3.905064e+01 -5.904000e+00
      vertex   1.279125e+02 -3.905064e+01 -5.769134e+00
    endloop
  endfacet
  facet normal 6.087614e-01 -0.000000e+00 7.933533e-01
    outer loop
      vertex   1.279125e+02 -4.666725e+01 -5.769134e+00
      vertex   1.279125e+02 -3.905064e+01 -5.769134e+00
      vertex   1.276329e+02 -4.666725e+01 -5.554594e+00
    endloop
  endfacet
  facet normal 6.087614e-01 -0.000000e+00 7.933533e-01
    outer loop
      vertex   1.276329e+02 -4.666725e+01 -5.554594e+00
      vertex   1.279125e+02 -3.905064e+01 -5.769134e+00
      vertex   1.276329e+02 -3.905064e+01 -5.554594e+00
    endloop
  endfacet
  facet normal 7.933533e-01 -0.000000e+00 6.087614e-01
    outer loop
      vertex   1.276329e+02 -4.666725e+01 -5.554594e+00
      vertex   1.276329e+02 -3.905064e+01 -5.554594e+00
      vertex   1.274184e+02 -4.666725e+01 -5.275000e+00
    endloop
  endfacet
  facet normal 7.933533e-01 -0.000000e+00 6.087614e-01
    outer loop
      vertex   1.274184e+02 -4.666725e+01 -5.275000e+00
      vertex   1.276329e+02 -3.905064e+01 -5.554594e+00
      vertex   1.274184e+02 -3.905064e+01 -5.275000e+00
    endloop
  endfacet
  facet normal 8.997922e-01 -0.000000e+00 4.363186e-01
    outer loop
      vertex   1.274184e+02 -4.666725e+01 -5.275000e+00
      vertex   1.274184e+02 -3.905064e+01 -5.275000e+00
      vertex   1.273335e+02 -4.843402e+01 -5.100000e+00
    endloop
  endfacet
  facet normal 9.410351e-01 -2.200998e-03 3.383017e-01
    outer loop
      vertex   1.273335e+02 -4.843402e+01 -5.100000e+00
      vertex   1.274184e+02 -3.905064e+01 -5.275000e+00
      vertex   1.272835e+02 -4.666725e+01 -4.949406e+00
    endloop
  endfacet
  facet normal 9.690424e-01 6.390023e-03 2.468118e-01
    outer loop
      vertex   1.273335e+02 -4.843402e+01 -5.100000e+00
      vertex   1.272835e+02 -4.666725e+01 -4.949406e+00
      vertex   1.272471e+02 -4.843402e+01 -4.760781e+00
    endloop
  endfacet
  facet normal 9.818926e-01 -2.189573e-17 1.894382e-01
    outer loop
      vertex   1.272471e+02 -4.843402e+01 -4.760781e+00
      vertex   1.272835e+02 -4.666725e+01 -4.949406e+00
      vertex   1.272835e+02 -3.905064e+01 -4.949406e+00
    endloop
  endfacet
  facet normal 9.965002e-01 -2.184972e-03 8.356205e-02
    outer loop
      vertex   1.272471e+02 -4.843402e+01 -4.760781e+00
      vertex   1.272835e+02 -3.905064e+01 -4.949406e+00
      vertex   1.272375e+02 -4.666725e+01 -4.600000e+00
    endloop
  endfacet
  facet normal 9.914449e-01 -0.000000e+00 1.305262e-01
    outer loop
      vertex   1.272375e+02 -4.666725e+01 -4.600000e+00
      vertex   1.272835e+02 -3.905064e+01 -4.949406e+00
      vertex   1.272375e+02 -3.905064e+01 -4.600000e+00
    endloop
  endfacet
  facet normal 9.975283e-01 0.000000e+00 -7.026540e-02
    outer loop
      vertex   1.272375e+02 -4.666725e+01 -4.600000e+00
      vertex   1.272375e+02 -3.905064e+01 -4.600000e+00
      vertex   1.272508e+02 -4.843402e+01 -4.410752e+00
    endloop
  endfacet
  facet normal 9.842360e-01 -2.168458e-03 -1.768468e-01
    outer loop
      vertex   1.272508e+02 -4.843402e+01 -4.410752e+00
      vertex   1.272375e+02 -3.905064e+01 -4.600000e+00
      vertex   1.272835e+02 -4.666725e+01 -4.250594e+00
    endloop
  endfacet
  facet normal 9.635747e-01 6.418818e-03 -2.673622e-01
    outer loop
      vertex   1.272508e+02 -4.843402e+01 -4.410752e+00
      vertex   1.272835e+02 -4.666725e+01 -4.250594e+00
      vertex   1.273444e+02 -4.843402e+01 -4.073447e+00
    endloop
  endfacet
  facet normal 9.456409e-01 2.210754e-19 -3.252127e-01
    outer loop
      vertex   1.273444e+02 -4.843402e+01 -4.073447e+00
      vertex   1.272835e+02 -4.666725e+01 -4.250594e+00
      vertex   1.272835e+02 -3.905064e+01 -4.250594e+00
    endloop
  endfacet
  facet normal 9.050840e-01 -2.151473e-03 -4.252274e-01
    outer loop
      vertex   1.273444e+02 -4.843402e+01 -4.073447e+00
      vertex   1.272835e+02 -3.905064e+01 -4.250594e+00
      vertex   1.274184e+02 -4.666725e+01 -3.925000e+00
    endloop
  endfacet
  facet normal 9.238795e-01 6.693746e-17 -3.826834e-01
    outer loop
      vertex   1.274184e+02 -4.666725e+01 -3.925000e+00
      vertex   1.272835e+02 -3.905064e+01 -4.250594e+00
      vertex   1.274184e+02 -3.905064e+01 -3.925000e+00
    endloop
  endfacet
  facet normal 8.297426e-01 9.762870e-17 -5.581462e-01
    outer loop
      vertex   1.274184e+02 -4.666725e+01 -3.925000e+00
      vertex   1.274184e+02 -3.905064e+01 -3.925000e+00
      vertex   1.275216e+02 -4.843402e+01 -3.771545e+00
    endloop
  endfacet
  facet normal 7.644305e-01 -2.134028e-03 -6.447026e-01
    outer loop
      vertex   1.275216e+02 -4.843402e+01 -3.771545e+00
      vertex   1.274184e+02 -3.905064e+01 -3.925000e+00
      vertex   1.276329e+02 -4.666725e+01 -3.645406e+00
    endloop
  endfacet
  facet normal 7.033229e-01 6.438015e-03 -7.108414e-01
    outer loop
      vertex   1.275216e+02 -4.843402e+01 -3.771545e+00
      vertex   1.276329e+02 -4.666725e+01 -3.645406e+00
      vertex   1.277704e+02 -4.843402e+01 -3.525342e+00
    endloop
  endfacet
  facet normal 6.576787e-01 8.702160e-17 -7.532986e-01
    outer loop
      vertex   1.277704e+02 -4.843402e+01 -3.525342e+00
      vertex   1.276329e+02 -4.666725e+01 -3.645406e+00
      vertex   1.276329e+02 -3.905064e+01 -3.645406e+00
    endloop
  endfacet
  facet normal 5.718394e-01 -2.116137e-03 -8.203628e-01
    outer loop
      vertex   1.277704e+02 -4.843402e+01 -3.525342e+00
      vertex   1.276329e+02 -3.905064e+01 -3.645406e+00
      vertex   1.279125e+02 -4.666725e+01 -3.430866e+00
    endloop
  endfacet
  facet normal 6.087614e-01 -2.312837e-16 -7.933533e-01
    outer loop
      vertex   1.279125e+02 -4.666725e+01 -3.430866e+00
      vertex   1.276329e+02 -3.905064e+01 -3.645406e+00
      vertex   1.279125e+02 -3.905064e+01 -3.430866e+00
    endloop
  endfacet
  facet normal 4.410962e-01 -2.616335e-16 -8.974598e-01
    outer loop
      vertex   1.279125e+02 -4.666725e+01 -3.430866e+00
      vertex   1.279125e+02 -3.905064e+01 -3.430866e+00
      vertex   1.280742e+02 -4.843402e+01 -3.351394e+00
    endloop
  endfacet
  facet normal 3.404017e-01 -2.097813e-03 -9.402778e-01
    outer loop
      vertex   1.280742e+02 -4.843402e+01 -3.351394e+00
      vertex   1.279125e+02 -3.905064e+01 -3.430866e+00
      vertex   1.282381e+02 -4.666725e+01 -3.296000e+00
    endloop
  endfacet
  facet normal 2.571015e-01 6.447614e-03 -9.663629e-01
    outer loop
      vertex   1.280742e+02 -4.843402e+01 -3.351394e+00
      vertex   1.282381e+02 -4.666725e+01 -3.296000e+00
      vertex   1.284125e+02 -4.843402e+01 -3.261394e+00
    endloop
  endfacet
  facet normal 1.946558e-01 -3.071613e-19 -9.808716e-01
    outer loop
      vertex   1.284125e+02 -4.843402e+01 -3.261394e+00
      vertex   1.282381e+02 -4.666725e+01 -3.296000e+00
      vertex   1.282381e+02 -3.905064e+01 -3.296000e+00
    endloop
  endfacet
  facet normal 8.584510e-02 -2.079068e-03 -9.963063e-01
    outer loop
      vertex   1.284125e+02 -4.843402e+01 -3.261394e+00
      vertex   1.282381e+02 -3.905064e+01 -3.296000e+00
      vertex   1.285875e+02 -4.666725e+01 -3.250000e+00
    endloop
  endfacet
  facet normal 1.305262e-01 0.000000e+00 -9.914449e-01
    outer loop
      vertex   1.285875e+02 -4.666725e+01 -3.250000e+00
      vertex   1.282381e+02 -3.905064e+01 -3.296000e+00
      vertex   1.285875e+02 -3.905064e+01 -3.250000e+00
    endloop
  endfacet
  facet normal -6.496103e-02 0.000000e+00 -9.978878e-01
    outer loop
      vertex   1.285875e+02 -4.666725e+01 -3.250000e+00
      vertex   1.285875e+02 -3.905064e+01 -3.250000e+00
      vertex   1.287625e+02 -4.843402e+01 -3.261394e+00
    endloop
  endfacet
  facet normal -1.745350e-01 -2.059913e-03 -9.846488e-01
    outer loop
      vertex   1.287625e+02 -4.843402e+01 -3.261394e+00
      vertex   1.285875e+02 -3.905064e+01 -3.250000e+00
      vertex   1.289369e+02 -4.666725e+01 -3.296000e+00
    endloop
  endfacet
  facet normal -2.571015e-01 6.447614e-03 -9.663629e-01
    outer loop
      vertex   1.287625e+02 -4.843402e+01 -3.261394e+00
      vertex   1.289369e+02 -4.666725e+01 -3.296000e+00
      vertex   1.291008e+02 -4.843402e+01 -3.351394e+00
    endloop
  endfacet
  facet normal -3.201806e-01 -1.805773e-19 -9.473565e-01
    outer loop
      vertex   1.291008e+02 -4.843402e+01 -3.351394e+00
      vertex   1.289369e+02 -4.666725e+01 -3.296000e+00
      vertex   1.289369e+02 -3.905064e+01 -3.296000e+00
    endloop
  endfacet
  facet normal -4.230505e-01 -2.040359e-03 -9.061038e-01
    outer loop
      vertex   1.291008e+02 -4.843402e+01 -3.351394e+00
      vertex   1.289369e+02 -3.905064e+01 -3.296000e+00
      vertex   1.292625e+02 -4.666725e+01 -3.430866e+00
    endloop
  endfacet
  facet normal -3.826834e-01 1.077342e-16 -9.238795e-01
    outer loop
      vertex   1.292625e+02 -4.666725e+01 -3.430866e+00
      vertex   1.289369e+02 -3.905064e+01 -3.296000e+00
      vertex   1.292625e+02 -3.905064e+01 -3.430866e+00
    endloop
  endfacet
  facet normal -5.537270e-01 9.710150e-17 -8.326983e-01
    outer loop
      vertex   1.292625e+02 -4.666725e+01 -3.430866e+00
      vertex   1.292625e+02 -3.905064e+01 -3.430866e+00
      vertex   1.294046e+02 -4.843402e+01 -3.525342e+00
    endloop
  endfacet
  facet normal -6.428220e-01 -2.020418e-03 -7.660129e-01
    outer loop
      vertex   1.294046e+02 -4.843402e+01 -3.525342e+00
      vertex   1.292625e+02 -3.905064e+01 -3.430866e+00
      vertex   1.295421e+02 -4.666725e+01 -3.645406e+00
    endloop
  endfacet
  facet normal -7.033229e-01 6.438015e-03 -7.108414e-01
    outer loop
      vertex   1.294046e+02 -4.843402e+01 -3.525342e+00
      vertex   1.295421e+02 -4.666725e+01 -3.645406e+00
      vertex   1.296534e+02 -4.843402e+01 -3.771545e+00
    endloop
  endfacet
  facet normal -7.497914e-01 7.684435e-17 -6.616743e-01
    outer loop
      vertex   1.296534e+02 -4.843402e+01 -3.771545e+00
      vertex   1.295421e+02 -4.666725e+01 -3.645406e+00
      vertex   1.295421e+02 -3.905064e+01 -3.645406e+00
    endloop
  endfacet
  facet normal -8.189249e-01 -2.000100e-03 -5.738971e-01
    outer loop
      vertex   1.296534e+02 -4.843402e+01 -3.771545e+00
      vertex   1.295421e+02 -3.905064e+01 -3.645406e+00
      vertex   1.297566e+02 -4.666725e+01 -3.925000e+00
    endloop
  endfacet
  facet normal -7.933533e-01 1.064821e-16 -6.087614e-01
    outer loop
      vertex   1.297566e+02 -4.666725e+01 -3.925000e+00
      vertex   1.295421e+02 -3.905064e+01 -3.645406e+00
      vertex   1.297566e+02 -3.905064e+01 -3.925000e+00
    endloop
  endfacet
  facet normal -8.951020e-01 7.798829e-17 -4.458614e-01
    outer loop
      vertex   1.297566e+02 -4.666725e+01 -3.925000e+00
      vertex   1.297566e+02 -3.905064e+01 -3.925000e+00
      vertex   1.298306e+02 -4.843402e+01 -4.073447e+00
    endloop
  endfacet
  facet normal -9.394030e-01 -1.979414e-03 -3.428091e-01
    outer loop
      vertex   1.298306e+02 -4.843402e+01 -4.073447e+00
      vertex   1.297566e+02 -3.905064e+01 -3.925000e+00
      vertex   1.298915e+02 -4.666725e+01 -4.250594e+00
    endloop
  endfacet
  facet normal -9.635747e-01 6.418818e-03 -2.673622e-01
    outer loop
      vertex   1.298306e+02 -4.843402e+01 -4.073447e+00
      vertex   1.298915e+02 -4.666725e+01 -4.250594e+00
      vertex   1.299242e+02 -4.843402e+01 -4.410752e+00
    endloop
  endfacet
  facet normal -9.798229e-01 -2.365171e-17 -1.998678e-01
    outer loop
      vertex   1.299242e+02 -4.843402e+01 -4.410752e+00
      vertex   1.298915e+02 -4.666725e+01 -4.250594e+00
      vertex   1.298915e+02 -3.905064e+01 -4.250594e+00
    endloop
  endfacet
  facet normal -9.960790e-01 -1.958371e-03 -8.844621e-02
    outer loop
      vertex   1.299242e+02 -4.843402e+01 -4.410752e+00
      vertex   1.298915e+02 -3.905064e+01 -4.250594e+00
      vertex   1.299375e+02 -4.666725e+01 -4.600000e+00
    endloop
  endfacet
  facet normal -9.914449e-01 0.000000e+00 -1.305262e-01
    outer loop
      vertex   1.299375e+02 -4.666725e+01 -4.600000e+00
      vertex   1.298915e+02 -3.905064e+01 -4.250594e+00
      vertex   1.299375e+02 -3.905064e+01 -4.600000e+00
    endloop
  endfacet
  facet normal -9.982191e-01 0.000000e+00 5.965482e-02
    outer loop
      vertex   1.299375e+02 -4.666725e+01 -4.600000e+00
      vertex   1.299375e+02 -3.905064e+01 -4.600000e+00
      vertex   1.299279e+02 -4.843402e+01 -4.760781e+00
    endloop
  endfacet
  facet normal -9.851097e-01 -1.936980e-03 1.719159e-01
    outer loop
      vertex   1.299279e+02 -4.843402e+01 -4.760781e+00
      vertex   1.299375e+02 -3.905064e+01 -4.600000e+00
      vertex   1.298915e+02 -4.666725e+01 -4.949406e+00
    endloop
  endfacet
  facet normal -9.999230e-01 6.405621e-03 -1.063267e-02
    outer loop
      vertex   1.299279e+02 -4.843402e+01 -4.760781e+00
      vertex   1.299242e+02 -4.843402e+01 -4.410752e+00
      vertex   1.299375e+02 -4.666725e+01 -4.600000e+00
    endloop
  endfacet
  facet normal -8.624415e-01 6.429617e-03 -5.061159e-01
    outer loop
      vertex   1.298306e+02 -4.843402e+01 -4.073447e+00
      vertex   1.296534e+02 -4.843402e+01 -3.771545e+00
      vertex   1.297566e+02 -4.666725e+01 -3.925000e+00
    endloop
  endfacet
  facet normal -4.969170e-01 6.444014e-03 -8.677741e-01
    outer loop
      vertex   1.294046e+02 -4.843402e+01 -3.525342e+00
      vertex   1.291008e+02 -4.843402e+01 -3.351394e+00
      vertex   1.292625e+02 -4.666725e+01 -3.430866e+00
    endloop
  endfacet
  facet normal 0.000000e+00 6.448813e-03 -9.999792e-01
    outer loop
      vertex   1.287625e+02 -4.843402e+01 -3.261394e+00
      vertex   1.284125e+02 -4.843402e+01 -3.261394e+00
      vertex   1.285875e+02 -4.666725e+01 -3.250000e+00
    endloop
  endfacet
  facet normal 4.969170e-01 6.444014e-03 -8.677741e-01
    outer loop
      vertex   1.280742e+02 -4.843402e+01 -3.351394e+00
      vertex   1.277704e+02 -4.843402e+01 -3.525342e+00
      vertex   1.279125e+02 -4.666725e+01 -3.430866e+00
    endloop
  endfacet
  facet normal 8.624415e-01 6.429617e-03 -5.061159e-01
    outer loop
      vertex   1.275216e+02 -4.843402e+01 -3.771545e+00
      vertex   1.273444e+02 -4.843402e+01 -4.073447e+00
      vertex   1.274184e+02 -4.666725e+01 -3.925000e+00
    endloop
  endfacet
  facet normal 9.999230e-01 6.405621e-03 -1.063267e-02
    outer loop
      vertex   1.272508e+02 -4.843402e+01 -4.410752e+00
      vertex   1.272471e+02 -4.843402e+01 -4.760781e+00
      vertex   1.272375e+02 -4.666725e+01 -4.600000e+00
    endloop
  endfacet
  facet normal 8.997922e-01 -0.000000e+00 4.363186e-01
    outer loop
      vertex   1.273335e+02 -1.134500e+02 -5.100000e+00
      vertex   1.274184e+02 -7.713370e+01 -5.275000e+00
      vertex   1.273335e+02 -4.843402e+01 -5.100000e+00
    endloop
  endfacet
  facet normal 8.997922e-01 4.609758e-19 4.363186e-01
    outer loop
      vertex   1.273335e+02 -4.843402e+01 -5.100000e+00
      vertex   1.274184e+02 -7.713370e+01 -5.275000e+00
      vertex   1.274184e+02 -6.951709e+01 -5.275000e+00
    endloop
  endfacet
  facet normal 8.997922e-01 4.609758e-19 4.363186e-01
    outer loop
      vertex   1.273335e+02 -4.843402e+01 -5.100000e+00
      vertex   1.274184e+02 -6.951709e+01 -5.275000e+00
      vertex   1.274184e+02 -6.190048e+01 -5.275000e+00
    endloop
  endfacet
  facet normal 7.933533e-01 0.000000e+00 6.087614e-01
    outer loop
      vertex   1.274184e+02 -6.190048e+01 -5.275000e+00
      vertex   1.274184e+02 -6.951709e+01 -5.275000e+00
      vertex   1.276329e+02 -6.190048e+01 -5.554594e+00
    endloop
  endfacet
  facet normal 7.933533e-01 1.263105e-18 6.087614e-01
    outer loop
      vertex   1.274184e+02 -6.190048e+01 -5.275000e+00
      vertex   1.276329e+02 -6.190048e+01 -5.554594e+00
      vertex   1.276329e+02 -5.428386e+01 -5.554594e+00
    endloop
  endfacet
  facet normal 6.087614e-01 0.000000e+00 7.933533e-01
    outer loop
      vertex   1.276329e+02 -5.428386e+01 -5.554594e+00
      vertex   1.276329e+02 -6.190048e+01 -5.554594e+00
      vertex   1.279125e+02 -5.428386e+01 -5.769134e+00
    endloop
  endfacet
  facet normal 6.087614e-01 1.854650e-16 7.933533e-01
    outer loop
      vertex   1.276329e+02 -5.428386e+01 -5.554594e+00
      vertex   1.279125e+02 -5.428386e+01 -5.769134e+00
      vertex   1.279125e+02 -4.666725e+01 -5.769134e+00
    endloop
  endfacet
  facet normal 3.826834e-01 2.154684e-16 9.238795e-01
    outer loop
      vertex   1.279125e+02 -4.666725e+01 -5.769134e+00
      vertex   1.279125e+02 -5.428386e+01 -5.769134e+00
      vertex   1.282381e+02 -4.666725e+01 -5.904000e+00
    endloop
  endfacet
  facet normal 9.914449e-01 0.000000e+00 -1.305262e-01
    outer loop
      vertex   1.272835e+02 -4.666725e+01 -4.250594e+00
      vertex   1.272375e+02 -3.905064e+01 -4.600000e+00
      vertex   1.272835e+02 -3.905064e+01 -4.250594e+00
    endloop
  endfacet
  facet normal 9.914449e-01 1.522075e-17 1.305262e-01
    outer loop
      vertex   1.272835e+02 -1.152168e+02 -4.949406e+00
      vertex   1.272375e+02 -1.228334e+02 -4.600000e+00
      vertex   1.272835e+02 -1.228334e+02 -4.949406e+00
    endloop
  endfacet
  facet normal 7.933533e-01 7.098808e-17 -6.087614e-01
    outer loop
      vertex   1.276329e+02 -4.666725e+01 -3.645406e+00
      vertex   1.274184e+02 -3.905064e+01 -3.925000e+00
      vertex   1.276329e+02 -3.905064e+01 -3.645406e+00
    endloop
  endfacet
  facet normal 3.826834e-01 0.000000e+00 -9.238795e-01
    outer loop
      vertex   1.282381e+02 -4.666725e+01 -3.296000e+00
      vertex   1.279125e+02 -3.905064e+01 -3.430866e+00
      vertex   1.282381e+02 -3.905064e+01 -3.296000e+00
    endloop
  endfacet
  facet normal -1.305262e-01 0.000000e+00 -9.914449e-01
    outer loop
      vertex   1.289369e+02 -4.666725e+01 -3.296000e+00
      vertex   1.285875e+02 -3.905064e+01 -3.250000e+00
      vertex   1.289369e+02 -3.905064e+01 -3.296000e+00
    endloop
  endfacet
  facet normal -6.087614e-01 9.251346e-17 -7.933533e-01
    outer loop
      vertex   1.295421e+02 -4.666725e+01 -3.645406e+00
      vertex   1.292625e+02 -3.905064e+01 -3.430866e+00
      vertex   1.295421e+02 -3.905064e+01 -3.645406e+00
    endloop
  endfacet
  facet normal -9.238795e-01 -4.462497e-17 -3.826834e-01
    outer loop
      vertex   1.298915e+02 -4.666725e+01 -4.250594e+00
      vertex   1.297566e+02 -3.905064e+01 -3.925000e+00
      vertex   1.298915e+02 -3.905064e+01 -4.250594e+00
    endloop
  endfacet
  facet normal -9.914449e-01 -1.522075e-17 1.305262e-01
    outer loop
      vertex   1.298915e+02 -4.666725e+01 -4.949406e+00
      vertex   1.299375e+02 -3.905064e+01 -4.600000e+00
      vertex   1.298915e+02 -3.905064e+01 -4.949406e+00
    endloop
  endfacet
  facet normal -8.997922e-01 0.000000e+00 4.363186e-01
    outer loop
      vertex   1.297566e+02 -4.666725e+01 -5.275000e+00
      vertex   1.297566e+02 -5.428386e+01 -5.275000e+00
      vertex   1.298415e+02 -4.843402e+01 -5.100000e+00
    endloop
  endfacet
  facet normal -8.997922e-01 -4.609758e-19 4.363186e-01
    outer loop
      vertex   1.298415e+02 -4.843402e+01 -5.100000e+00
      vertex   1.297566e+02 -5.428386e+01 -5.275000e+00
      vertex   1.297566e+02 -6.190048e+01 -5.275000e+00
    endloop
  endfacet
  facet normal -8.997922e-01 -4.609758e-19 4.363186e-01
    outer loop
      vertex   1.298415e+02 -4.843402e+01 -5.100000e+00
      vertex   1.297566e+02 -6.190048e+01 -5.275000e+00
      vertex   1.297566e+02 -6.951709e+01 -5.275000e+00
    endloop
  endfacet
  facet normal -7.933533e-01 0.000000e+00 6.087614e-01
    outer loop
      vertex   1.297566e+02 -6.951709e+01 -5.275000e+00
      vertex   1.297566e+02 -6.190048e+01 -5.275000e+00
      vertex   1.295421e+02 -6.951709e+01 -5.554594e+00
    endloop
  endfacet
  facet normal -7.933533e-01 -2.519122e-19 6.087614e-01
    outer loop
      vertex   1.297566e+02 -6.951709e+01 -5.275000e+00
      vertex   1.295421e+02 -6.951709e+01 -5.554594e+00
      vertex   1.295421e+02 -7.713370e+01 -5.554594e+00
    endloop
  endfacet
  facet normal -6.087614e-01 0.000000e+00 7.933533e-01
    outer loop
      vertex   1.295421e+02 -7.713370e+01 -5.554594e+00
      vertex   1.295421e+02 -6.951709e+01 -5.554594e+00
      vertex   1.292625e+02 -7.713370e+01 -5.769134e+00
    endloop
  endfacet
  facet normal -6.087614e-01 1.461464e-19 7.933533e-01
    outer loop
      vertex   1.295421e+02 -7.713370e+01 -5.554594e+00
      vertex   1.292625e+02 -7.713370e+01 -5.769134e+00
      vertex   1.292625e+02 -8.475032e+01 -5.769134e+00
    endloop
  endfacet
  facet normal -3.826834e-01 0.000000e+00 9.238795e-01
    outer loop
      vertex   1.292625e+02 -8.475032e+01 -5.769134e+00
      vertex   1.292625e+02 -7.713370e+01 -5.769134e+00
      vertex   1.289369e+02 -8.475032e+01 -5.904000e+00
    endloop
  endfacet
  facet normal -3.826834e-01 -7.668957e-19 9.238795e-01
    outer loop
      vertex   1.292625e+02 -8.475032e+01 -5.769134e+00
      vertex   1.289369e+02 -8.475032e+01 -5.904000e+00
      vertex   1.289369e+02 -9.236693e+01 -5.904000e+00
    endloop
  endfacet
  facet normal -1.305262e-01 0.000000e+00 9.914449e-01
    outer loop
      vertex   1.289369e+02 -9.236693e+01 -5.904000e+00
      vertex   1.289369e+02 -8.475032e+01 -5.904000e+00
      vertex   1.285875e+02 -9.236693e+01 -5.950000e+00
    endloop
  endfacet
  facet normal -1.305262e-01 -2.827195e-19 9.914449e-01
    outer loop
      vertex   1.289369e+02 -9.236693e+01 -5.904000e+00
      vertex   1.285875e+02 -9.236693e+01 -5.950000e+00
      vertex   1.285875e+02 -9.998355e+01 -5.950000e+00
    endloop
  endfacet
  facet normal 1.305262e-01 -0.000000e+00 9.914449e-01
    outer loop
      vertex   1.285875e+02 -9.998355e+01 -5.950000e+00
      vertex   1.285875e+02 -9.236693e+01 -5.950000e+00
      vertex   1.282381e+02 -9.998355e+01 -5.904000e+00
    endloop
  endfacet
  facet normal 1.305262e-01 6.700054e-20 9.914449e-01
    outer loop
      vertex   1.285875e+02 -9.998355e+01 -5.950000e+00
      vertex   1.282381e+02 -9.998355e+01 -5.904000e+00
      vertex   1.282381e+02 -1.076002e+02 -5.904000e+00
    endloop
  endfacet
  facet normal 3.826834e-01 -0.000000e+00 9.238795e-01
    outer loop
      vertex   1.282381e+02 -1.076002e+02 -5.904000e+00
      vertex   1.282381e+02 -9.998355e+01 -5.904000e+00
      vertex   1.279125e+02 -1.076002e+02 -5.769134e+00
    endloop
  endfacet
  facet normal 3.826834e-01 1.070617e-16 9.238795e-01
    outer loop
      vertex   1.282381e+02 -1.076002e+02 -5.904000e+00
      vertex   1.279125e+02 -1.076002e+02 -5.769134e+00
      vertex   1.279125e+02 -1.152168e+02 -5.769134e+00
    endloop
  endfacet
  facet normal 6.087614e-01 9.251346e-17 7.933533e-01
    outer loop
      vertex   1.279125e+02 -1.152168e+02 -5.769134e+00
      vertex   1.279125e+02 -1.076002e+02 -5.769134e+00
      vertex   1.276329e+02 -1.152168e+02 -5.554594e+00
    endloop
  endfacet
  facet normal -7.933533e-01 0.000000e+00 6.087614e-01
    outer loop
      vertex   1.297566e+02 -5.428386e+01 -5.275000e+00
      vertex   1.297566e+02 -4.666725e+01 -5.275000e+00
      vertex   1.295421e+02 -5.428386e+01 -5.554594e+00
    endloop
  endfacet
  facet normal -7.933533e-01 0.000000e+00 6.087614e-01
    outer loop
      vertex   1.295421e+02 -5.428386e+01 -5.554594e+00
      vertex   1.297566e+02 -4.666725e+01 -5.275000e+00
      vertex   1.295421e+02 -4.666725e+01 -5.554594e+00
    endloop
  endfacet
  facet normal -6.087614e-01 0.000000e+00 7.933533e-01
    outer loop
      vertex   1.295421e+02 -5.428386e+01 -5.554594e+00
      vertex   1.295421e+02 -4.666725e+01 -5.554594e+00
      vertex   1.292625e+02 -5.428386e+01 -5.769134e+00
    endloop
  endfacet
  facet normal -6.087614e-01 0.000000e+00 7.933533e-01
    outer loop
      vertex   1.292625e+02 -5.428386e+01 -5.769134e+00
      vertex   1.295421e+02 -4.666725e+01 -5.554594e+00
      vertex   1.292625e+02 -4.666725e+01 -5.769134e+00
    endloop
  endfacet
  facet normal -3.826834e-01 0.000000e+00 9.238795e-01
    outer loop
      vertex   1.292625e+02 -5.428386e+01 -5.769134e+00
      vertex   1.292625e+02 -4.666725e+01 -5.769134e+00
      vertex   1.289369e+02 -5.428386e+01 -5.904000e+00
    endloop
  endfacet
  facet normal -3.826834e-01 0.000000e+00 9.238795e-01
    outer loop
      vertex   1.289369e+02 -5.428386e+01 -5.904000e+00
      vertex   1.292625e+02 -4.666725e+01 -5.769134e+00
      vertex   1.289369e+02 -4.666725e+01 -5.904000e+00
    endloop
  endfacet
  facet normal -1.305262e-01 0.000000e+00 9.914449e-01
    outer loop
      vertex   1.289369e+02 -5.428386e+01 -5.904000e+00
      vertex   1.289369e+02 -4.666725e+01 -5.904000e+00
      vertex   1.285875e+02 -5.428386e+01 -5.950000e+00
    endloop
  endfacet
  facet normal -1.305262e-01 0.000000e+00 9.914449e-01
    outer loop
      vertex   1.285875e+02 -5.428386e+01 -5.950000e+00
      vertex   1.289369e+02 -4.666725e+01 -5.904000e+00
      vertex   1.285875e+02 -4.666725e+01 -5.950000e+00
    endloop
  endfacet
  facet normal 1.305262e-01 -0.000000e+00 9.914449e-01
    outer loop
      vertex   1.285875e+02 -5.428386e+01 -5.950000e+00
      vertex   1.285875e+02 -4.666725e+01 -5.950000e+00
      vertex   1.282381e+02 -5.428386e+01 -5.904000e+00
    endloop
  endfacet
  facet normal 1.305262e-01 -0.000000e+00 9.914449e-01
    outer loop
      vertex   1.282381e+02 -5.428386e+01 -5.904000e+00
      vertex   1.285875e+02 -4.666725e+01 -5.950000e+00
      vertex   1.282381e+02 -4.666725e+01 -5.904000e+00
    endloop
  endfacet
  facet normal 3.826834e-01 -0.000000e+00 9.238795e-01
    outer loop
      vertex   1.282381e+02 -5.428386e+01 -5.904000e+00
      vertex   1.282381e+02 -4.666725e+01 -5.904000e+00
      vertex   1.279125e+02 -5.428386e+01 -5.769134e+00
    endloop
  endfacet
  facet normal -7.933533e-01 0.000000e+00 6.087614e-01
    outer loop
      vertex   1.297566e+02 -6.190048e+01 -5.275000e+00
      vertex   1.297566e+02 -5.428386e+01 -5.275000e+00
      vertex   1.295421e+02 -6.190048e+01 -5.554594e+00
    endloop
  endfacet
  facet normal -7.933533e-01 0.000000e+00 6.087614e-01
    outer loop
      vertex   1.295421e+02 -6.190048e+01 -5.554594e+00
      vertex   1.297566e+02 -5.428386e+01 -5.275000e+00
      vertex   1.295421e+02 -5.428386e+01 -5.554594e+00
    endloop
  endfacet
  facet normal -6.087614e-01 0.000000e+00 7.933533e-01
    outer loop
      vertex   1.295421e+02 -6.190048e+01 -5.554594e+00
      vertex   1.295421e+02 -5.428386e+01 -5.554594e+00
      vertex   1.292625e+02 -6.190048e+01 -5.769134e+00
    endloop
  endfacet
  facet normal -6.087614e-01 -9.251346e-17 7.933533e-01
    outer loop
      vertex   1.292625e+02 -6.190048e+01 -5.769134e+00
      vertex   1.295421e+02 -5.428386e+01 -5.554594e+00
      vertex   1.292625e+02 -5.428386e+01 -5.769134e+00
    endloop
  endfacet
  facet normal -3.826834e-01 -1.077342e-16 9.238795e-01
    outer loop
      vertex   1.292625e+02 -6.190048e+01 -5.769134e+00
      vertex   1.292625e+02 -5.428386e+01 -5.769134e+00
      vertex   1.289369e+02 -6.190048e+01 -5.904000e+00
    endloop
  endfacet
  facet normal -3.826834e-01 0.000000e+00 9.238795e-01
    outer loop
      vertex   1.289369e+02 -6.190048e+01 -5.904000e+00
      vertex   1.292625e+02 -5.428386e+01 -5.769134e+00
      vertex   1.289369e+02 -5.428386e+01 -5.904000e+00
    endloop
  endfacet
  facet normal -1.305262e-01 0.000000e+00 9.914449e-01
    outer loop
      vertex   1.289369e+02 -6.190048e+01 -5.904000e+00
      vertex   1.289369e+02 -5.428386e+01 -5.904000e+00
      vertex   1.285875e+02 -6.190048e+01 -5.950000e+00
    endloop
  endfacet
  facet normal -1.305262e-01 0.000000e+00 9.914449e-01
    outer loop
      vertex   1.285875e+02 -6.190048e+01 -5.950000e+00
      vertex   1.289369e+02 -5.428386e+01 -5.904000e+00
      vertex   1.285875e+02 -5.428386e+01 -5.950000e+00
    endloop
  endfacet
  facet normal 1.305262e-01 -0.000000e+00 9.914449e-01
    outer loop
      vertex   1.285875e+02 -6.190048e+01 -5.950000e+00
      vertex   1.285875e+02 -5.428386e+01 -5.950000e+00
      vertex   1.282381e+02 -6.190048e+01 -5.904000e+00
    endloop
  endfacet
  facet normal 1.305262e-01 -0.000000e+00 9.914449e-01
    outer loop
      vertex   1.282381e+02 -6.190048e+01 -5.904000e+00
      vertex   1.285875e+02 -5.428386e+01 -5.950000e+00
      vertex   1.282381e+02 -5.428386e+01 -5.904000e+00
    endloop
  endfacet
  facet normal 3.826834e-01 -0.000000e+00 9.238795e-01
    outer loop
      vertex   1.282381e+02 -6.190048e+01 -5.904000e+00
      vertex   1.282381e+02 -5.428386e+01 -5.904000e+00
      vertex   1.279125e+02 -6.190048e+01 -5.769134e+00
    endloop
  endfacet
  facet normal 3.826834e-01 -0.000000e+00 9.238795e-01
    outer loop
      vertex   1.279125e+02 -6.190048e+01 -5.769134e+00
      vertex   1.282381e+02 -5.428386e+01 -5.904000e+00
      vertex   1.279125e+02 -5.428386e+01 -5.769134e+00
    endloop
  endfacet
  facet normal 6.087614e-01 -0.000000e+00 7.933533e-01
    outer loop
      vertex   1.279125e+02 -6.190048e+01 -5.769134e+00
      vertex   1.279125e+02 -5.428386e+01 -5.769134e+00
      vertex   1.276329e+02 -6.190048e+01 -5.554594e+00
    endloop
  endfacet
  facet normal -8.997922e-01 0.000000e+00 4.363186e-01
    outer loop
      vertex   1.297566e+02 -8.475032e+01 -5.275000e+00
      vertex   1.298415e+02 -4.843402e+01 -5.100000e+00
      vertex   1.297566e+02 -7.713370e+01 -5.275000e+00
    endloop
  endfacet
  facet normal -8.997922e-01 0.000000e+00 4.363186e-01
    outer loop
      vertex   1.297566e+02 -7.713370e+01 -5.275000e+00
      vertex   1.298415e+02 -4.843402e+01 -5.100000e+00
      vertex   1.297566e+02 -6.951709e+01 -5.275000e+00
    endloop
  endfacet
  facet normal -7.933533e-01 0.000000e+00 6.087614e-01
    outer loop
      vertex   1.297566e+02 -7.713370e+01 -5.275000e+00
      vertex   1.297566e+02 -6.951709e+01 -5.275000e+00
      vertex   1.295421e+02 -7.713370e+01 -5.554594e+00
    endloop
  endfacet
  facet normal -7.933533e-01 0.000000e+00 6.087614e-01
    outer loop
      vertex   1.297566e+02 -8.475032e+01 -5.275000e+00
      vertex   1.297566e+02 -7.713370e+01 -5.275000e+00
      vertex   1.295421e+02 -8.475032e+01 -5.554594e+00
    endloop
  endfacet
  facet normal -7.933533e-01 0.000000e+00 6.087614e-01
    outer loop
      vertex   1.295421e+02 -8.475032e+01 -5.554594e+00
      vertex   1.297566e+02 -7.713370e+01 -5.275000e+00
      vertex   1.295421e+02 -7.713370e+01 -5.554594e+00
    endloop
  endfacet
  facet normal -6.087614e-01 0.000000e+00 7.933533e-01
    outer loop
      vertex   1.295421e+02 -8.475032e+01 -5.554594e+00
      vertex   1.295421e+02 -7.713370e+01 -5.554594e+00
      vertex   1.292625e+02 -8.475032e+01 -5.769134e+00
    endloop
  endfacet
  facet normal -7.933533e-01 0.000000e+00 6.087614e-01
    outer loop
      vertex   1.297566e+02 -9.236693e+01 -5.275000e+00
      vertex   1.297566e+02 -8.475032e+01 -5.275000e+00
      vertex   1.295421e+02 -9.236693e+01 -5.554594e+00
    endloop
  endfacet
  facet normal -7.933533e-01 0.000000e+00 6.087614e-01
    outer loop
      vertex   1.295421e+02 -9.236693e+01 -5.554594e+00
      vertex   1.297566e+02 -8.475032e+01 -5.275000e+00
      vertex   1.295421e+02 -8.475032e+01 -5.554594e+00
    endloop
  endfacet
  facet normal -6.087614e-01 0.000000e+00 7.933533e-01
    outer loop
      vertex   1.295421e+02 -9.236693e+01 -5.554594e+00
      vertex   1.295421e+02 -8.475032e+01 -5.554594e+00
      vertex   1.292625e+02 -9.236693e+01 -5.769134e+00
    endloop
  endfacet
  facet normal -6.087614e-01 -9.251346e-17 7.933533e-01
    outer loop
      vertex   1.292625e+02 -9.236693e+01 -5.769134e+00
      vertex   1.295421e+02 -8.475032e+01 -5.554594e+00
      vertex   1.292625e+02 -8.475032e+01 -5.769134e+00
    endloop
  endfacet
  facet normal -3.826834e-01 -1.077342e-16 9.238795e-01
    outer loop
      vertex   1.292625e+02 -9.236693e+01 -5.769134e+00
      vertex   1.292625e+02 -8.475032e+01 -5.769134e+00
      vertex   1.289369e+02 -9.236693e+01 -5.904000e+00
    endloop
  endfacet
  facet normal -8.997922e-01 0.000000e+00 4.363186e-01
    outer loop
      vertex   1.297566e+02 -1.152168e+02 -5.275000e+00
      vertex   1.298415e+02 -1.134500e+02 -5.100000e+00
      vertex   1.297566e+02 -1.076002e+02 -5.275000e+00
    endloop
  endfacet
  facet normal -8.997922e-01 0.000000e+00 4.363186e-01
    outer loop
      vertex   1.297566e+02 -1.076002e+02 -5.275000e+00
      vertex   1.298415e+02 -1.134500e+02 -5.100000e+00
      vertex   1.297566e+02 -9.998355e+01 -5.275000e+00
    endloop
  endfacet
  facet normal -7.933533e-01 0.000000e+00 6.087614e-01
    outer loop
      vertex   1.297566e+02 -1.076002e+02 -5.275000e+00
      vertex   1.297566e+02 -9.998355e+01 -5.275000e+00
      vertex   1.295421e+02 -1.076002e+02 -5.554594e+00
    endloop
  endfacet
  facet normal -7.933533e-01 -2.519122e-19 6.087614e-01
    outer loop
      vertex   1.295421e+02 -1.152168e+02 -5.554594e+00
      vertex   1.297566e+02 -1.152168e+02 -5.275000e+00
      vertex   1.297566e+02 -1.076002e+02 -5.275000e+00
    endloop
  endfacet
  facet normal -7.933533e-01 0.000000e+00 6.087614e-01
    outer loop
      vertex   1.295421e+02 -1.152168e+02 -5.554594e+00
      vertex   1.297566e+02 -1.076002e+02 -5.275000e+00
      vertex   1.295421e+02 -1.076002e+02 -5.554594e+00
    endloop
  endfacet
  facet normal -9.238795e-01 0.000000e+00 3.826834e-01
    outer loop
      vertex   1.298915e+02 -1.152168e+02 -4.949406e+00
      vertex   1.297566e+02 -1.228334e+02 -5.275000e+00
      vertex   1.298915e+02 -1.228334e+02 -4.949406e+00
    endloop
  endfacet
  facet normal -7.933533e-01 -2.519122e-19 6.087614e-01
    outer loop
      vertex   1.297566e+02 -6.190048e+01 -5.275000e+00
      vertex   1.295421e+02 -6.190048e+01 -5.554594e+00
      vertex   1.295421e+02 -6.951709e+01 -5.554594e+00
    endloop
  endfacet
  facet normal -6.087614e-01 0.000000e+00 7.933533e-01
    outer loop
      vertex   1.295421e+02 -6.951709e+01 -5.554594e+00
      vertex   1.295421e+02 -6.190048e+01 -5.554594e+00
      vertex   1.292625e+02 -6.951709e+01 -5.769134e+00
    endloop
  endfacet
  facet normal -6.087614e-01 -9.236732e-17 7.933533e-01
    outer loop
      vertex   1.295421e+02 -6.951709e+01 -5.554594e+00
      vertex   1.292625e+02 -6.951709e+01 -5.769134e+00
      vertex   1.292625e+02 -7.713370e+01 -5.769134e+00
    endloop
  endfacet
  facet normal -3.826834e-01 -1.077342e-16 9.238795e-01
    outer loop
      vertex   1.292625e+02 -7.713370e+01 -5.769134e+00
      vertex   1.292625e+02 -6.951709e+01 -5.769134e+00
      vertex   1.289369e+02 -7.713370e+01 -5.904000e+00
    endloop
  endfacet
  facet normal -3.826834e-01 -7.668957e-19 9.238795e-01
    outer loop
      vertex   1.292625e+02 -7.713370e+01 -5.769134e+00
      vertex   1.289369e+02 -7.713370e+01 -5.904000e+00
      vertex   1.289369e+02 -8.475032e+01 -5.904000e+00
    endloop
  endfacet
  facet normal -1.305262e-01 0.000000e+00 9.914449e-01
    outer loop
      vertex   1.289369e+02 -8.475032e+01 -5.904000e+00
      vertex   1.289369e+02 -7.713370e+01 -5.904000e+00
      vertex   1.285875e+02 -8.475032e+01 -5.950000e+00
    endloop
  endfacet
  facet normal -1.305262e-01 -2.827195e-19 9.914449e-01
    outer loop
      vertex   1.289369e+02 -8.475032e+01 -5.904000e+00
      vertex   1.285875e+02 -8.475032e+01 -5.950000e+00
      vertex   1.285875e+02 -9.236693e+01 -5.950000e+00
    endloop
  endfacet
  facet normal 1.305262e-01 -0.000000e+00 9.914449e-01
    outer loop
      vertex   1.285875e+02 -9.236693e+01 -5.950000e+00
      vertex   1.285875e+02 -8.475032e+01 -5.950000e+00
      vertex   1.282381e+02 -9.236693e+01 -5.904000e+00
    endloop
  endfacet
  facet normal 1.305262e-01 6.700054e-20 9.914449e-01
    outer loop
      vertex   1.285875e+02 -9.236693e+01 -5.950000e+00
      vertex   1.282381e+02 -9.236693e+01 -5.904000e+00
      vertex   1.282381e+02 -9.998355e+01 -5.904000e+00
    endloop
  endfacet
  facet normal 3.826834e-01 -0.000000e+00 9.238795e-01
    outer loop
      vertex   1.282381e+02 -9.998355e+01 -5.904000e+00
      vertex   1.282381e+02 -9.236693e+01 -5.904000e+00
      vertex   1.279125e+02 -9.998355e+01 -5.769134e+00
    endloop
  endfacet
  facet normal 3.826834e-01 1.075143e-18 9.238795e-01
    outer loop
      vertex   1.282381e+02 -9.998355e+01 -5.904000e+00
      vertex   1.279125e+02 -9.998355e+01 -5.769134e+00
      vertex   1.279125e+02 -1.076002e+02 -5.769134e+00
    endloop
  endfacet
  facet normal 6.087614e-01 -0.000000e+00 7.933533e-01
    outer loop
      vertex   1.279125e+02 -1.076002e+02 -5.769134e+00
      vertex   1.279125e+02 -9.998355e+01 -5.769134e+00
      vertex   1.276329e+02 -1.076002e+02 -5.554594e+00
    endloop
  endfacet
  facet normal 6.087614e-01 1.261322e-18 7.933533e-01
    outer loop
      vertex   1.279125e+02 -1.076002e+02 -5.769134e+00
      vertex   1.276329e+02 -1.076002e+02 -5.554594e+00
      vertex   1.276329e+02 -1.152168e+02 -5.554594e+00
    endloop
  endfacet
  facet normal 7.933533e-01 -0.000000e+00 6.087614e-01
    outer loop
      vertex   1.276329e+02 -1.152168e+02 -5.554594e+00
      vertex   1.276329e+02 -1.076002e+02 -5.554594e+00
      vertex   1.274184e+02 -1.152168e+02 -5.275000e+00
    endloop
  endfacet
  facet normal -6.087614e-01 0.000000e+00 7.933533e-01
    outer loop
      vertex   1.292625e+02 -6.951709e+01 -5.769134e+00
      vertex   1.295421e+02 -6.190048e+01 -5.554594e+00
      vertex   1.292625e+02 -6.190048e+01 -5.769134e+00
    endloop
  endfacet
  facet normal -7.933533e-01 -2.519122e-19 6.087614e-01
    outer loop
      vertex   1.297566e+02 -9.236693e+01 -5.275000e+00
      vertex   1.295421e+02 -9.236693e+01 -5.554594e+00
      vertex   1.295421e+02 -9.998355e+01 -5.554594e+00
    endloop
  endfacet
  facet normal -6.087614e-01 0.000000e+00 7.933533e-01
    outer loop
      vertex   1.295421e+02 -9.998355e+01 -5.554594e+00
      vertex   1.295421e+02 -9.236693e+01 -5.554594e+00
      vertex   1.292625e+02 -9.998355e+01 -5.769134e+00
    endloop
  endfacet
  facet normal -6.087614e-01 -9.496418e-19 7.933533e-01
    outer loop
      vertex   1.295421e+02 -9.998355e+01 -5.554594e+00
      vertex   1.292625e+02 -9.998355e+01 -5.769134e+00
      vertex   1.292625e+02 -1.076002e+02 -5.769134e+00
    endloop
  endfacet
  facet normal -3.826834e-01 0.000000e+00 9.238795e-01
    outer loop
      vertex   1.292625e+02 -1.076002e+02 -5.769134e+00
      vertex   1.292625e+02 -9.998355e+01 -5.769134e+00
      vertex   1.289369e+02 -1.076002e+02 -5.904000e+00
    endloop
  endfacet
  facet normal -3.826834e-01 9.078520e-19 9.238795e-01
    outer loop
      vertex   1.292625e+02 -1.076002e+02 -5.769134e+00
      vertex   1.289369e+02 -1.076002e+02 -5.904000e+00
      vertex   1.289369e+02 -1.152168e+02 -5.904000e+00
    endloop
  endfacet
  facet normal -1.305262e-01 0.000000e+00 9.914449e-01
    outer loop
      vertex   1.289369e+02 -1.152168e+02 -5.904000e+00
      vertex   1.289369e+02 -1.076002e+02 -5.904000e+00
      vertex   1.285875e+02 -1.152168e+02 -5.950000e+00
    endloop
  endfacet
  facet normal -6.087614e-01 -9.251346e-17 7.933533e-01
    outer loop
      vertex   1.292625e+02 -9.998355e+01 -5.769134e+00
      vertex   1.295421e+02 -9.236693e+01 -5.554594e+00
      vertex   1.292625e+02 -9.236693e+01 -5.769134e+00
    endloop
  endfacet
  facet normal -6.087614e-01 5.396077e-19 7.933533e-01
    outer loop
      vertex   1.292625e+02 -1.152168e+02 -5.769134e+00
      vertex   1.295421e+02 -1.152168e+02 -5.554594e+00
      vertex   1.295421e+02 -1.076002e+02 -5.554594e+00
    endloop
  endfacet
  facet normal -3.826834e-01 0.000000e+00 9.238795e-01
    outer loop
      vertex   1.292625e+02 -6.951709e+01 -5.769134e+00
      vertex   1.292625e+02 -6.190048e+01 -5.769134e+00
      vertex   1.289369e+02 -6.951709e+01 -5.904000e+00
    endloop
  endfacet
  facet normal -3.826834e-01 0.000000e+00 9.238795e-01
    outer loop
      vertex   1.289369e+02 -6.951709e+01 -5.904000e+00
      vertex   1.292625e+02 -6.190048e+01 -5.769134e+00
      vertex   1.289369e+02 -6.190048e+01 -5.904000e+00
    endloop
  endfacet
  facet normal -1.305262e-01 0.000000e+00 9.914449e-01
    outer loop
      vertex   1.289369e+02 -6.951709e+01 -5.904000e+00
      vertex   1.289369e+02 -6.190048e+01 -5.904000e+00
      vertex   1.285875e+02 -6.951709e+01 -5.950000e+00
    endloop
  endfacet
  facet normal -1.305262e-01 0.000000e+00 9.914449e-01
    outer loop
      vertex   1.285875e+02 -6.951709e+01 -5.950000e+00
      vertex   1.289369e+02 -6.190048e+01 -5.904000e+00
      vertex   1.285875e+02 -6.190048e+01 -5.950000e+00
    endloop
  endfacet
  facet normal 1.305262e-01 -0.000000e+00 9.914449e-01
    outer loop
      vertex   1.285875e+02 -6.951709e+01 -5.950000e+00
      vertex   1.285875e+02 -6.190048e+01 -5.950000e+00
      vertex   1.282381e+02 -6.951709e+01 -5.904000e+00
    endloop
  endfacet
  facet normal 1.305262e-01 -0.000000e+00 9.914449e-01
    outer loop
      vertex   1.282381e+02 -6.951709e+01 -5.904000e+00
      vertex   1.285875e+02 -6.190048e+01 -5.950000e+00
      vertex   1.282381e+02 -6.190048e+01 -5.904000e+00
    endloop
  endfacet
  facet normal 3.826834e-01 -0.000000e+00 9.238795e-01
    outer loop
      vertex   1.282381e+02 -6.951709e+01 -5.904000e+00
      vertex   1.282381e+02 -6.190048e+01 -5.904000e+00
      vertex   1.279125e+02 -6.951709e+01 -5.769134e+00
    endloop
  endfacet
  facet normal 3.826834e-01 1.077342e-16 9.238795e-01
    outer loop
      vertex   1.279125e+02 -6.951709e+01 -5.769134e+00
      vertex   1.282381e+02 -6.190048e+01 -5.904000e+00
      vertex   1.279125e+02 -6.190048e+01 -5.769134e+00
    endloop
  endfacet
  facet normal 6.087614e-01 9.251346e-17 7.933533e-01
    outer loop
      vertex   1.279125e+02 -6.951709e+01 -5.769134e+00
      vertex   1.279125e+02 -6.190048e+01 -5.769134e+00
      vertex   1.276329e+02 -6.951709e+01 -5.554594e+00
    endloop
  endfacet
  facet normal 6.087614e-01 -0.000000e+00 7.933533e-01
    outer loop
      vertex   1.276329e+02 -6.951709e+01 -5.554594e+00
      vertex   1.279125e+02 -6.190048e+01 -5.769134e+00
      vertex   1.276329e+02 -6.190048e+01 -5.554594e+00
    endloop
  endfacet
  facet normal 7.933533e-01 -0.000000e+00 6.087614e-01
    outer loop
      vertex   1.276329e+02 -6.951709e+01 -5.554594e+00
      vertex   1.276329e+02 -6.190048e+01 -5.554594e+00
      vertex   1.274184e+02 -6.951709e+01 -5.275000e+00
    endloop
  endfacet
  facet normal -3.826834e-01 -1.077342e-16 9.238795e-01
    outer loop
      vertex   1.292625e+02 -9.998355e+01 -5.769134e+00
      vertex   1.292625e+02 -9.236693e+01 -5.769134e+00
      vertex   1.289369e+02 -9.998355e+01 -5.904000e+00
    endloop
  endfacet
  facet normal -3.826834e-01 0.000000e+00 9.238795e-01
    outer loop
      vertex   1.289369e+02 -9.998355e+01 -5.904000e+00
      vertex   1.292625e+02 -9.236693e+01 -5.769134e+00
      vertex   1.289369e+02 -9.236693e+01 -5.904000e+00
    endloop
  endfacet
  facet normal -1.305262e-01 0.000000e+00 9.914449e-01
    outer loop
      vertex   1.289369e+02 -9.998355e+01 -5.904000e+00
      vertex   1.289369e+02 -9.236693e+01 -5.904000e+00
      vertex   1.285875e+02 -9.998355e+01 -5.950000e+00
    endloop
  endfacet
  facet normal -3.826834e-01 9.807682e-19 9.238795e-01
    outer loop
      vertex   1.292625e+02 -6.951709e+01 -5.769134e+00
      vertex   1.289369e+02 -6.951709e+01 -5.904000e+00
      vertex   1.289369e+02 -7.713370e+01 -5.904000e+00
    endloop
  endfacet
  facet normal -1.305262e-01 0.000000e+00 9.914449e-01
    outer loop
      vertex   1.289369e+02 -7.713370e+01 -5.904000e+00
      vertex   1.289369e+02 -6.951709e+01 -5.904000e+00
      vertex   1.285875e+02 -7.713370e+01 -5.950000e+00
    endloop
  endfacet
  facet normal -1.305262e-01 -2.827195e-19 9.914449e-01
    outer loop
      vertex   1.289369e+02 -7.713370e+01 -5.904000e+00
      vertex   1.285875e+02 -7.713370e+01 -5.950000e+00
      vertex   1.285875e+02 -8.475032e+01 -5.950000e+00
    endloop
  endfacet
  facet normal 1.305262e-01 -0.000000e+00 9.914449e-01
    outer loop
      vertex   1.285875e+02 -8.475032e+01 -5.950000e+00
      vertex   1.285875e+02 -7.713370e+01 -5.950000e+00
      vertex   1.282381e+02 -8.475032e+01 -5.904000e+00
    endloop
  endfacet
  facet normal 1.305262e-01 6.700054e-20 9.914449e-01
    outer loop
      vertex   1.285875e+02 -8.475032e+01 -5.950000e+00
      vertex   1.282381e+02 -8.475032e+01 -5.904000e+00
      vertex   1.282381e+02 -9.236693e+01 -5.904000e+00
    endloop
  endfacet
  facet normal 3.826834e-01 -0.000000e+00 9.238795e-01
    outer loop
      vertex   1.282381e+02 -9.236693e+01 -5.904000e+00
      vertex   1.282381e+02 -8.475032e+01 -5.904000e+00
      vertex   1.279125e+02 -9.236693e+01 -5.769134e+00
    endloop
  endfacet
  facet normal 3.826834e-01 1.088094e-16 9.238795e-01
    outer loop
      vertex   1.282381e+02 -9.236693e+01 -5.904000e+00
      vertex   1.279125e+02 -9.236693e+01 -5.769134e+00
      vertex   1.279125e+02 -9.998355e+01 -5.769134e+00
    endloop
  endfacet
  facet normal 6.087614e-01 9.251346e-17 7.933533e-01
    outer loop
      vertex   1.279125e+02 -9.998355e+01 -5.769134e+00
      vertex   1.279125e+02 -9.236693e+01 -5.769134e+00
      vertex   1.276329e+02 -9.998355e+01 -5.554594e+00
    endloop
  endfacet
  facet normal 6.087614e-01 1.261322e-18 7.933533e-01
    outer loop
      vertex   1.279125e+02 -9.998355e+01 -5.769134e+00
      vertex   1.276329e+02 -9.998355e+01 -5.554594e+00
      vertex   1.276329e+02 -1.076002e+02 -5.554594e+00
    endloop
  endfacet
  facet normal 7.933533e-01 -0.000000e+00 6.087614e-01
    outer loop
      vertex   1.276329e+02 -1.076002e+02 -5.554594e+00
      vertex   1.276329e+02 -9.998355e+01 -5.554594e+00
      vertex   1.274184e+02 -1.076002e+02 -5.275000e+00
    endloop
  endfacet
  facet normal 7.933533e-01 1.263105e-18 6.087614e-01
    outer loop
      vertex   1.276329e+02 -1.076002e+02 -5.554594e+00
      vertex   1.274184e+02 -1.076002e+02 -5.275000e+00
      vertex   1.274184e+02 -1.152168e+02 -5.275000e+00
    endloop
  endfacet
  facet normal 8.997922e-01 -0.000000e+00 4.363186e-01
    outer loop
      vertex   1.274184e+02 -1.152168e+02 -5.275000e+00
      vertex   1.274184e+02 -1.076002e+02 -5.275000e+00
      vertex   1.273335e+02 -1.134500e+02 -5.100000e+00
    endloop
  endfacet
  facet normal -1.305262e-01 0.000000e+00 9.914449e-01
    outer loop
      vertex   1.285875e+02 -7.713370e+01 -5.950000e+00
      vertex   1.289369e+02 -6.951709e+01 -5.904000e+00
      vertex   1.285875e+02 -6.951709e+01 -5.950000e+00
    endloop
  endfacet
  facet normal -3.826834e-01 9.078520e-19 9.238795e-01
    outer loop
      vertex   1.292625e+02 -9.998355e+01 -5.769134e+00
      vertex   1.289369e+02 -9.998355e+01 -5.904000e+00
      vertex   1.289369e+02 -1.076002e+02 -5.904000e+00
    endloop
  endfacet
  facet normal -1.305262e-01 0.000000e+00 9.914449e-01
    outer loop
      vertex   1.289369e+02 -1.076002e+02 -5.904000e+00
      vertex   1.289369e+02 -9.998355e+01 -5.904000e+00
      vertex   1.285875e+02 -1.076002e+02 -5.950000e+00
    endloop
  endfacet
  facet normal -1.305262e-01 -2.827195e-19 9.914449e-01
    outer loop
      vertex   1.289369e+02 -1.076002e+02 -5.904000e+00
      vertex   1.285875e+02 -1.076002e+02 -5.950000e+00
      vertex   1.285875e+02 -1.152168e+02 -5.950000e+00
    endloop
  endfacet
  facet normal 1.305262e-01 -0.000000e+00 9.914449e-01
    outer loop
      vertex   1.285875e+02 -1.152168e+02 -5.950000e+00
      vertex   1.285875e+02 -1.076002e+02 -5.950000e+00
      vertex   1.282381e+02 -1.152168e+02 -5.904000e+00
    endloop
  endfacet
  facet normal -1.305262e-01 0.000000e+00 9.914449e-01
    outer loop
      vertex   1.285875e+02 -1.076002e+02 -5.950000e+00
      vertex   1.289369e+02 -9.998355e+01 -5.904000e+00
      vertex   1.285875e+02 -9.998355e+01 -5.950000e+00
    endloop
  endfacet
  facet normal 1.305262e-01 -0.000000e+00 9.914449e-01
    outer loop
      vertex   1.285875e+02 -7.713370e+01 -5.950000e+00
      vertex   1.285875e+02 -6.951709e+01 -5.950000e+00
      vertex   1.282381e+02 -7.713370e+01 -5.904000e+00
    endloop
  endfacet
  facet normal 1.305262e-01 -0.000000e+00 9.914449e-01
    outer loop
      vertex   1.282381e+02 -7.713370e+01 -5.904000e+00
      vertex   1.285875e+02 -6.951709e+01 -5.950000e+00
      vertex   1.282381e+02 -6.951709e+01 -5.904000e+00
    endloop
  endfacet
  facet normal 3.826834e-01 -0.000000e+00 9.238795e-01
    outer loop
      vertex   1.282381e+02 -7.713370e+01 -5.904000e+00
      vertex   1.282381e+02 -6.951709e+01 -5.904000e+00
      vertex   1.279125e+02 -7.713370e+01 -5.769134e+00
    endloop
  endfacet
  facet normal 3.826834e-01 -0.000000e+00 9.238795e-01
    outer loop
      vertex   1.279125e+02 -7.713370e+01 -5.769134e+00
      vertex   1.282381e+02 -6.951709e+01 -5.904000e+00
      vertex   1.279125e+02 -6.951709e+01 -5.769134e+00
    endloop
  endfacet
  facet normal 6.087614e-01 -0.000000e+00 7.933533e-01
    outer loop
      vertex   1.279125e+02 -7.713370e+01 -5.769134e+00
      vertex   1.279125e+02 -6.951709e+01 -5.769134e+00
      vertex   1.276329e+02 -7.713370e+01 -5.554594e+00
    endloop
  endfacet
  facet normal 6.087614e-01 -0.000000e+00 7.933533e-01
    outer loop
      vertex   1.276329e+02 -7.713370e+01 -5.554594e+00
      vertex   1.279125e+02 -6.951709e+01 -5.769134e+00
      vertex   1.276329e+02 -6.951709e+01 -5.554594e+00
    endloop
  endfacet
  facet normal 7.933533e-01 -0.000000e+00 6.087614e-01
    outer loop
      vertex   1.276329e+02 -7.713370e+01 -5.554594e+00
      vertex   1.276329e+02 -6.951709e+01 -5.554594e+00
      vertex   1.274184e+02 -7.713370e+01 -5.275000e+00
    endloop
  endfacet
  facet normal 7.933533e-01 -0.000000e+00 6.087614e-01
    outer loop
      vertex   1.274184e+02 -7.713370e+01 -5.275000e+00
      vertex   1.276329e+02 -6.951709e+01 -5.554594e+00
      vertex   1.274184e+02 -6.951709e+01 -5.275000e+00
    endloop
  endfacet
  facet normal 1.305262e-01 -0.000000e+00 9.914449e-01
    outer loop
      vertex   1.282381e+02 -1.152168e+02 -5.904000e+00
      vertex   1.285875e+02 -1.076002e+02 -5.950000e+00
      vertex   1.282381e+02 -1.076002e+02 -5.904000e+00
    endloop
  endfacet
  facet normal 1.305262e-01 6.700054e-20 9.914449e-01
    outer loop
      vertex   1.282381e+02 -1.076002e+02 -5.904000e+00
      vertex   1.285875e+02 -1.076002e+02 -5.950000e+00
      vertex   1.285875e+02 -9.998355e+01 -5.950000e+00
    endloop
  endfacet
  facet normal 1.305262e-01 6.700054e-20 9.914449e-01
    outer loop
      vertex   1.285875e+02 -7.713370e+01 -5.950000e+00
      vertex   1.282381e+02 -7.713370e+01 -5.904000e+00
      vertex   1.282381e+02 -8.475032e+01 -5.904000e+00
    endloop
  endfacet
  facet normal 3.826834e-01 -0.000000e+00 9.238795e-01
    outer loop
      vertex   1.282381e+02 -8.475032e+01 -5.904000e+00
      vertex   1.282381e+02 -7.713370e+01 -5.904000e+00
      vertex   1.279125e+02 -8.475032e+01 -5.769134e+00
    endloop
  endfacet
  facet normal 3.826834e-01 2.377692e-19 9.238795e-01
    outer loop
      vertex   1.282381e+02 -8.475032e+01 -5.904000e+00
      vertex   1.279125e+02 -8.475032e+01 -5.769134e+00
      vertex   1.279125e+02 -9.236693e+01 -5.769134e+00
    endloop
  endfacet
  facet normal 6.087614e-01 -0.000000e+00 7.933533e-01
    outer loop
      vertex   1.279125e+02 -9.236693e+01 -5.769134e+00
      vertex   1.279125e+02 -8.475032e+01 -5.769134e+00
      vertex   1.276329e+02 -9.236693e+01 -5.554594e+00
    endloop
  endfacet
  facet normal 6.087614e-01 -7.758215e-19 7.933533e-01
    outer loop
      vertex   1.279125e+02 -9.236693e+01 -5.769134e+00
      vertex   1.276329e+02 -9.236693e+01 -5.554594e+00
      vertex   1.276329e+02 -9.998355e+01 -5.554594e+00
    endloop
  endfacet
  facet normal 7.933533e-01 -0.000000e+00 6.087614e-01
    outer loop
      vertex   1.276329e+02 -9.998355e+01 -5.554594e+00
      vertex   1.276329e+02 -9.236693e+01 -5.554594e+00
      vertex   1.274184e+02 -9.998355e+01 -5.275000e+00
    endloop
  endfacet
  facet normal 7.933533e-01 1.263105e-18 6.087614e-01
    outer loop
      vertex   1.276329e+02 -9.998355e+01 -5.554594e+00
      vertex   1.274184e+02 -9.998355e+01 -5.275000e+00
      vertex   1.274184e+02 -1.076002e+02 -5.275000e+00
    endloop
  endfacet
  facet normal 8.997922e-01 -0.000000e+00 4.363186e-01
    outer loop
      vertex   1.274184e+02 -1.076002e+02 -5.275000e+00
      vertex   1.274184e+02 -9.998355e+01 -5.275000e+00
      vertex   1.273335e+02 -1.134500e+02 -5.100000e+00
    endloop
  endfacet
  facet normal 3.826834e-01 -6.062653e-16 9.238795e-01
    outer loop
      vertex   1.279125e+02 -8.475032e+01 -5.769134e+00
      vertex   1.282381e+02 -7.713370e+01 -5.904000e+00
      vertex   1.279125e+02 -7.713370e+01 -5.769134e+00
    endloop
  endfacet
  facet normal 3.826834e-01 -6.725209e-19 9.238795e-01
    outer loop
      vertex   1.279125e+02 -1.152168e+02 -5.769134e+00
      vertex   1.282381e+02 -1.152168e+02 -5.904000e+00
      vertex   1.282381e+02 -1.076002e+02 -5.904000e+00
    endloop
  endfacet
  facet normal 6.087614e-01 -0.000000e+00 7.933533e-01
    outer loop
      vertex   1.276329e+02 -5.428386e+01 -5.554594e+00
      vertex   1.279125e+02 -4.666725e+01 -5.769134e+00
      vertex   1.276329e+02 -4.666725e+01 -5.554594e+00
    endloop
  endfacet
  facet normal 6.087614e-01 -1.043296e-15 7.933533e-01
    outer loop
      vertex   1.279125e+02 -8.475032e+01 -5.769134e+00
      vertex   1.279125e+02 -7.713370e+01 -5.769134e+00
      vertex   1.276329e+02 -8.475032e+01 -5.554594e+00
    endloop
  endfacet
  facet normal 6.087614e-01 -0.000000e+00 7.933533e-01
    outer loop
      vertex   1.276329e+02 -8.475032e+01 -5.554594e+00
      vertex   1.279125e+02 -7.713370e+01 -5.769134e+00
      vertex   1.276329e+02 -7.713370e+01 -5.554594e+00
    endloop
  endfacet
  facet normal 7.933533e-01 -0.000000e+00 6.087614e-01
    outer loop
      vertex   1.276329e+02 -8.475032e+01 -5.554594e+00
      vertex   1.276329e+02 -7.713370e+01 -5.554594e+00
      vertex   1.274184e+02 -8.475032e+01 -5.275000e+00
    endloop
  endfacet
  facet normal 7.933533e-01 -0.000000e+00 6.087614e-01
    outer loop
      vertex   1.274184e+02 -8.475032e+01 -5.275000e+00
      vertex   1.276329e+02 -7.713370e+01 -5.554594e+00
      vertex   1.274184e+02 -7.713370e+01 -5.275000e+00
    endloop
  endfacet
  facet normal 8.997922e-01 -0.000000e+00 4.363186e-01
    outer loop
      vertex   1.274184e+02 -8.475032e+01 -5.275000e+00
      vertex   1.274184e+02 -7.713370e+01 -5.275000e+00
      vertex   1.273335e+02 -1.134500e+02 -5.100000e+00
    endloop
  endfacet
  facet normal 7.933533e-01 -0.000000e+00 6.087614e-01
    outer loop
      vertex   1.276329e+02 -5.428386e+01 -5.554594e+00
      vertex   1.276329e+02 -4.666725e+01 -5.554594e+00
      vertex   1.274184e+02 -5.428386e+01 -5.275000e+00
    endloop
  endfacet
  facet normal 7.933533e-01 -0.000000e+00 6.087614e-01
    outer loop
      vertex   1.274184e+02 -5.428386e+01 -5.275000e+00
      vertex   1.276329e+02 -4.666725e+01 -5.554594e+00
      vertex   1.274184e+02 -4.666725e+01 -5.275000e+00
    endloop
  endfacet
  facet normal 8.997922e-01 -0.000000e+00 4.363186e-01
    outer loop
      vertex   1.274184e+02 -5.428386e+01 -5.275000e+00
      vertex   1.274184e+02 -4.666725e+01 -5.275000e+00
      vertex   1.273335e+02 -4.843402e+01 -5.100000e+00
    endloop
  endfacet
  facet normal 6.087614e-01 -7.758215e-19 7.933533e-01
    outer loop
      vertex   1.279125e+02 -8.475032e+01 -5.769134e+00
      vertex   1.276329e+02 -8.475032e+01 -5.554594e+00
      vertex   1.276329e+02 -9.236693e+01 -5.554594e+00
    endloop
  endfacet
  facet normal 7.933533e-01 -0.000000e+00 6.087614e-01
    outer loop
      vertex   1.276329e+02 -9.236693e+01 -5.554594e+00
      vertex   1.276329e+02 -8.475032e+01 -5.554594e+00
      vertex   1.274184e+02 -9.236693e+01 -5.275000e+00
    endloop
  endfacet
  facet normal 7.933533e-01 1.263105e-18 6.087614e-01
    outer loop
      vertex   1.276329e+02 -9.236693e+01 -5.554594e+00
      vertex   1.274184e+02 -9.236693e+01 -5.275000e+00
      vertex   1.274184e+02 -9.998355e+01 -5.275000e+00
    endloop
  endfacet
  facet normal 8.997922e-01 -0.000000e+00 4.363186e-01
    outer loop
      vertex   1.274184e+02 -9.998355e+01 -5.275000e+00
      vertex   1.274184e+02 -9.236693e+01 -5.275000e+00
      vertex   1.273335e+02 -1.134500e+02 -5.100000e+00
    endloop
  endfacet
  facet normal 7.933533e-01 -0.000000e+00 6.087614e-01
    outer loop
      vertex   1.274184e+02 -9.236693e+01 -5.275000e+00
      vertex   1.276329e+02 -8.475032e+01 -5.554594e+00
      vertex   1.274184e+02 -8.475032e+01 -5.275000e+00
    endloop
  endfacet
  facet normal 9.238795e-01 -4.462497e-17 3.826834e-01
    outer loop
      vertex   1.272835e+02 -4.666725e+01 -4.949406e+00
      vertex   1.274184e+02 -3.905064e+01 -5.275000e+00
      vertex   1.272835e+02 -3.905064e+01 -4.949406e+00
    endloop
  endfacet
  facet normal 8.997922e-01 4.609758e-19 4.363186e-01
    outer loop
      vertex   1.273335e+02 -4.843402e+01 -5.100000e+00
      vertex   1.274184e+02 -6.190048e+01 -5.275000e+00
      vertex   1.274184e+02 -5.428386e+01 -5.275000e+00
    endloop
  endfacet
  facet normal 7.933533e-01 0.000000e+00 6.087614e-01
    outer loop
      vertex   1.274184e+02 -5.428386e+01 -5.275000e+00
      vertex   1.274184e+02 -6.190048e+01 -5.275000e+00
      vertex   1.276329e+02 -5.428386e+01 -5.554594e+00
    endloop
  endfacet
  facet normal 8.997922e-01 4.609758e-19 4.363186e-01
    outer loop
      vertex   1.273335e+02 -1.134500e+02 -5.100000e+00
      vertex   1.274184e+02 -9.236693e+01 -5.275000e+00
      vertex   1.274184e+02 -8.475032e+01 -5.275000e+00
    endloop
  endfacet
  facet normal -9.914449e-01 1.522075e-17 -1.305262e-01
    outer loop
      vertex   1.298915e+02 -1.152168e+02 -4.250594e+00
      vertex   1.299375e+02 -1.228334e+02 -4.600000e+00
      vertex   1.298915e+02 -1.228334e+02 -4.250594e+00
    endloop
  endfacet
  facet normal -7.933533e-01 -0.000000e+00 -6.087614e-01
    outer loop
      vertex   1.295421e+02 -1.152168e+02 -3.645406e+00
      vertex   1.297566e+02 -1.228334e+02 -3.925000e+00
      vertex   1.295421e+02 -1.228334e+02 -3.645406e+00
    endloop
  endfacet
  facet normal -3.826834e-01 -0.000000e+00 -9.238795e-01
    outer loop
      vertex   1.289369e+02 -1.152168e+02 -3.296000e+00
      vertex   1.292625e+02 -1.228334e+02 -3.430866e+00
      vertex   1.289369e+02 -1.228334e+02 -3.296000e+00
    endloop
  endfacet
  facet normal 1.305262e-01 0.000000e+00 -9.914449e-01
    outer loop
      vertex   1.282381e+02 -1.152168e+02 -3.296000e+00
      vertex   1.285875e+02 -1.228334e+02 -3.250000e+00
      vertex   1.282381e+02 -1.228334e+02 -3.296000e+00
    endloop
  endfacet
  facet normal 6.087614e-01 -9.251346e-17 -7.933533e-01
    outer loop
      vertex   1.276329e+02 -1.152168e+02 -3.645406e+00
      vertex   1.279125e+02 -1.228334e+02 -3.430866e+00
      vertex   1.276329e+02 -1.228334e+02 -3.645406e+00
    endloop
  endfacet
  facet normal 9.238795e-01 0.000000e+00 -3.826834e-01
    outer loop
      vertex   1.272835e+02 -1.152168e+02 -4.250594e+00
      vertex   1.274184e+02 -1.228334e+02 -3.925000e+00
      vertex   1.272835e+02 -1.228334e+02 -4.250594e+00
    endloop
  endfacet
  facet normal 0.000000e+00 -1.000000e+00 0.000000e+00
    outer loop
      vertex   1.273335e+02 -4.843402e+01 -5.100000e+00
      vertex   1.272471e+02 -4.843402e+01 -4.760781e+00
      vertex   1.251234e+02 -4.843402e+01 -5.100000e+00
    endloop
  endfacet
  facet normal 0.000000e+00 -1.000000e+00 0.000000e+00
    outer loop
      vertex   1.251234e+02 -4.843402e+01 -5.100000e+00
      vertex   1.272471e+02 -4.843402e+01 -4.760781e+00
      vertex   1.250963e+02 -4.843402e+01 -4.351987e+00
    endloop
  endfacet
  facet normal 0.000000e+00 -1.000000e+00 0.000000e+00
    outer loop
      vertex   1.250963e+02 -4.843402e+01 -4.351987e+00
      vertex   1.272471e+02 -4.843402e+01 -4.760781e+00
      vertex   1.272508e+02 -4.843402e+01 -4.410752e+00
    endloop
  endfacet
  facet normal 0.000000e+00 -1.000000e+00 0.000000e+00
    outer loop
      vertex   1.250963e+02 -4.843402e+01 -4.351987e+00
      vertex   1.272508e+02 -4.843402e+01 -4.410752e+00
      vertex   1.273444e+02 -4.843402e+01 -4.073447e+00
    endloop
  endfacet
  facet normal 0.000000e+00 -1.000000e+00 0.000000e+00
    outer loop
      vertex   1.250963e+02 -4.843402e+01 -4.351987e+00
      vertex   1.273444e+02 -4.843402e+01 -4.073447e+00
      vertex   1.252289e+02 -4.843402e+01 -3.615316e+00
    endloop
  endfacet
  facet normal 0.000000e+00 -1.000000e+00 0.000000e+00
    outer loop
      vertex   1.252289e+02 -4.843402e+01 -3.615316e+00
      vertex   1.273444e+02 -4.843402e+01 -4.073447e+00
      vertex   1.275216e+02 -4.843402e+01 -3.771545e+00
    endloop
  endfacet
  facet normal 0.000000e+00 -1.000000e+00 0.000000e+00
    outer loop
      vertex   1.252289e+02 -4.843402e+01 -3.615316e+00
      vertex   1.275216e+02 -4.843402e+01 -3.771545e+00
      vertex   1.255150e+02 -4.843402e+01 -2.923681e+00
    endloop
  endfacet
  facet normal 0.000000e+00 -1.000000e+00 0.000000e+00
    outer loop
      vertex   1.255150e+02 -4.843402e+01 -2.923681e+00
      vertex   1.275216e+02 -4.843402e+01 -3.771545e+00
      vertex   1.277704e+02 -4.843402e+01 -3.525342e+00
    endloop
  endfacet
  facet normal 0.000000e+00 -1.000000e+00 0.000000e+00
    outer loop
      vertex   1.255150e+02 -4.843402e+01 -2.923681e+00
      vertex   1.277704e+02 -4.843402e+01 -3.525342e+00
      vertex   1.259417e+02 -4.843402e+01 -2.308712e+00
    endloop
  endfacet
  facet normal 0.000000e+00 -1.000000e+00 0.000000e+00
    outer loop
      vertex   1.259417e+02 -4.843402e+01 -2.308712e+00
      vertex   1.277704e+02 -4.843402e+01 -3.525342e+00
      vertex   1.280742e+02 -4.843402e+01 -3.351394e+00
    endloop
  endfacet
  facet normal 0.000000e+00 -1.000000e+00 0.000000e+00
    outer loop
      vertex   1.259417e+02 -4.843402e+01 -2.308712e+00
      vertex   1.280742e+02 -4.843402e+01 -3.351394e+00
      vertex   1.264895e+02 -4.843402e+01 -1.798537e+00
    endloop
  endfacet
  facet normal 0.000000e+00 -1.000000e+00 0.000000e+00
    outer loop
      vertex   1.264895e+02 -4.843402e+01 -1.798537e+00
      vertex   1.280742e+02 -4.843402e+01 -3.351394e+00
      vertex   1.284125e+02 -4.843402e+01 -3.261394e+00
    endloop
  endfacet
  facet normal 0.000000e+00 -1.000000e+00 0.000000e+00
    outer loop
      vertex   1.264895e+02 -4.843402e+01 -1.798537e+00
      vertex   1.284125e+02 -4.843402e+01 -3.261394e+00
      vertex   1.271331e+02 -4.843402e+01 -1.416487e+00
    endloop
  endfacet
  facet normal 0.000000e+00 -1.000000e+00 0.000000e+00
    outer loop
      vertex   1.271331e+02 -4.843402e+01 -1.416487e+00
      vertex   1.284125e+02 -4.843402e+01 -3.261394e+00
      vertex   1.278433e+02 -4.843402e+01 -1.180037e+00
    endloop
  endfacet
  facet normal 0.000000e+00 -1.000000e+00 0.000000e+00
    outer loop
      vertex   1.278433e+02 -4.843402e+01 -1.180037e+00
      vertex   1.284125e+02 -4.843402e+01 -3.261394e+00
      vertex   1.285875e+02 -4.843402e+01 -1.100000e+00
    endloop
  endfacet
  facet normal 0.000000e+00 -1.000000e+00 -0.000000e+00
    outer loop
      vertex   1.285875e+02 -4.843402e+01 -1.100000e+00
      vertex   1.284125e+02 -4.843402e+01 -3.261394e+00
      vertex   1.287625e+02 -4.843402e+01 -3.261394e+00
    endloop
  endfacet
  facet normal 0.000000e+00 -1.000000e+00 0.000000e+00
    outer loop
      vertex   1.285875e+02 -4.843402e+01 -1.100000e+00
      vertex   1.287625e+02 -4.843402e+01 -3.261394e+00
      vertex   1.293317e+02 -4.843402e+01 -1.180037e+00
    endloop
  endfacet
  facet normal 0.000000e+00 -1.000000e+00 -0.000000e+00
    outer loop
      vertex   1.293317e+02 -4.843402e+01 -1.180037e+00
      vertex   1.287625e+02 -4.843402e+01 -3.261394e+00
      vertex   1.300419e+02 -4.843402e+01 -1.416487e+00
    endloop
  endfacet
  facet normal 0.000000e+00 -1.000000e+00 -0.000000e+00
    outer loop
      vertex   1.300419e+02 -4.843402e+01 -1.416487e+00
      vertex   1.287625e+02 -4.843402e+01 -3.261394e+00
      vertex   1.306855e+02 -4.843402e+01 -1.798537e+00
    endloop
  endfacet
  facet normal 0.000000e+00 -1.000000e+00 0.000000e+00
    outer loop
      vertex   1.306855e+02 -4.843402e+01 -1.798537e+00
      vertex   1.287625e+02 -4.843402e+01 -3.261394e+00
      vertex   1.291008e+02 -4.843402e+01 -3.351394e+00
    endloop
  endfacet
  facet normal 0.000000e+00 -1.000000e+00 -0.000000e+00
    outer loop
      vertex   1.306855e+02 -4.843402e+01 -1.798537e+00
      vertex   1.291008e+02 -4.843402e+01 -3.351394e+00
      vertex   1.312333e+02 -4.843402e+01 -2.308712e+00
    endloop
  endfacet
  facet normal 0.000000e+00 -1.000000e+00 0.000000e+00
    outer loop
      vertex   1.312333e+02 -4.843402e+01 -2.308712e+00
      vertex   1.291008e+02 -4.843402e+01 -3.351394e+00
      vertex   1.294046e+02 -4.843402e+01 -3.525342e+00
    endloop
  endfacet
  facet normal 0.000000e+00 -1.000000e+00 -0.000000e+00
    outer loop
      vertex   1.312333e+02 -4.843402e+01 -2.308712e+00
      vertex   1.294046e+02 -4.843402e+01 -3.525342e+00
      vertex   1.316600e+02 -4.843402e+01 -2.923681e+00
    endloop
  endfacet
  facet normal 0.000000e+00 -1.000000e+00 0.000000e+00
    outer loop
      vertex   1.316600e+02 -4.843402e+01 -2.923681e+00
      vertex   1.294046e+02 -4.843402e+01 -3.525342e+00
      vertex   1.296534e+02 -4.843402e+01 -3.771545e+00
    endloop
  endfacet
  facet normal 0.000000e+00 -1.000000e+00 -0.000000e+00
    outer loop
      vertex   1.316600e+02 -4.843402e+01 -2.923681e+00
      vertex   1.296534e+02 -4.843402e+01 -3.771545e+00
      vertex   1.319461e+02 -4.843402e+01 -3.615316e+00
    endloop
  endfacet
  facet normal 0.000000e+00 -1.000000e+00 0.000000e+00
    outer loop
      vertex   1.319461e+02 -4.843402e+01 -3.615316e+00
      vertex   1.296534e+02 -4.843402e+01 -3.771545e+00
      vertex   1.298306e+02 -4.843402e+01 -4.073447e+00
    endloop
  endfacet
  facet normal 0.000000e+00 -1.000000e+00 -0.000000e+00
    outer loop
      vertex   1.319461e+02 -4.843402e+01 -3.615316e+00
      vertex   1.298306e+02 -4.843402e+01 -4.073447e+00
      vertex   1.320787e+02 -4.843402e+01 -4.351987e+00
    endloop
  endfacet
  facet normal -0.000000e+00 -1.000000e+00 0.000000e+00
    outer loop
      vertex   1.320787e+02 -4.843402e+01 -4.351987e+00
      vertex   1.298306e+02 -4.843402e+01 -4.073447e+00
      vertex   1.299242e+02 -4.843402e+01 -4.410752e+00
    endloop
  endfacet
  facet normal 0.000000e+00 -1.000000e+00 0.000000e+00
    outer loop
      vertex   1.320787e+02 -4.843402e+01 -4.351987e+00
      vertex   1.299242e+02 -4.843402e+01 -4.410752e+00
      vertex   1.299279e+02 -4.843402e+01 -4.760781e+00
    endloop
  endfacet
  facet normal 0.000000e+00 -1.000000e+00 0.000000e+00
    outer loop
      vertex   1.298415e+02 -4.843402e+01 -5.100000e+00
      vertex   1.320516e+02 -4.843402e+01 -5.100000e+00
      vertex   1.299279e+02 -4.843402e+01 -4.760781e+00
    endloop
  endfacet
  facet normal 0.000000e+00 -1.000000e+00 0.000000e+00
    outer loop
      vertex   1.299279e+02 -4.843402e+01 -4.760781e+00
      vertex   1.320516e+02 -4.843402e+01 -5.100000e+00
      vertex   1.320787e+02 -4.843402e+01 -4.351987e+00
    endloop
  endfacet
  facet normal 0.000000e+00 0.000000e+00 1.000000e+00
    outer loop
      vertex   1.298415e+02 -1.134500e+02 -5.100000e+00
      vertex   1.320516e+02 -1.134500e+02 -5.100000e+00
      vertex   1.298415e+02 -4.843402e+01 -5.100000e+00
    endloop
  endfacet
  facet normal -0.000000e+00 0.000000e+00 1.000000e+00
    outer loop
      vertex   1.298415e+02 -4.843402e+01 -5.100000e+00
      vertex   1.320516e+02 -1.134500e+02 -5.100000e+00
      vertex   1.320516e+02 -4.843402e+01 -5.100000e+00
    endloop
  endfacet
  facet normal -0.000000e+00 0.000000e+00 1.000000e+00
    outer loop
      vertex   1.320516e+02 -4.843402e+01 -5.100000e+00
      vertex   1.320516e+02 -1.134500e+02 -5.100000e+00
      vertex   1.571625e+02 -3.097500e+01 -5.100000e+00
    endloop
  endfacet
  facet normal 0.000000e+00 0.000000e+00 1.000000e+00
    outer loop
      vertex   1.320516e+02 -4.843402e+01 -5.100000e+00
      vertex   1.571625e+02 -3.097500e+01 -5.100000e+00
      vertex   1.320516e+02 -3.097500e+01 -5.100000e+00
    endloop
  endfacet
  facet normal 0.000000e+00 0.000000e+00 1.000000e+00
    outer loop
      vertex   1.320516e+02 -1.309500e+02 -5.100000e+00
      vertex   1.571625e+02 -1.309500e+02 -5.100000e+00
      vertex   1.320516e+02 -1.134500e+02 -5.100000e+00
    endloop
  endfacet
  facet normal -0.000000e+00 0.000000e+00 1.000000e+00
    outer loop
      vertex   1.320516e+02 -1.134500e+02 -5.100000e+00
      vertex   1.571625e+02 -1.309500e+02 -5.100000e+00
      vertex   1.571625e+02 -3.097500e+01 -5.100000e+00
    endloop
  endfacet
  facet normal 9.433944e-16 -9.433944e-16 1.000000e+00
    outer loop
      vertex   1.581765e+02 -1.308775e+02 -5.100000e+00
      vertex   1.642875e+02 -1.238250e+02 -5.100000e+00
      vertex   1.571625e+02 -1.309500e+02 -5.100000e+00
    endloop
  endfacet
  facet normal 0.000000e+00 0.000000e+00 1.000000e+00
    outer loop
      vertex   1.571625e+02 -1.309500e+02 -5.100000e+00
      vertex   1.642875e+02 -1.238250e+02 -5.100000e+00
      vertex   1.642875e+02 -3.810000e+01 -5.100000e+00
    endloop
  endfacet
  facet normal 0.000000e+00 0.000000e+00 1.000000e+00
    outer loop
      vertex   1.571625e+02 -1.309500e+02 -5.100000e+00
      vertex   1.642875e+02 -3.810000e+01 -5.100000e+00
      vertex   1.571625e+02 -3.097500e+01 -5.100000e+00
    endloop
  endfacet
  facet normal 9.433944e-16 9.433944e-16 1.000000e+00
    outer loop
      vertex   1.571625e+02 -3.097500e+01 -5.100000e+00
      vertex   1.642875e+02 -3.810000e+01 -5.100000e+00
      vertex   1.581765e+02 -3.104752e+01 -5.100000e+00
    endloop
  endfacet
  facet normal 3.375987e-17 1.551916e-16 1.000000e+00
    outer loop
      vertex   1.581765e+02 -3.104752e+01 -5.100000e+00
      vertex   1.642875e+02 -3.810000e+01 -5.100000e+00
      vertex   1.591698e+02 -3.126361e+01 -5.100000e+00
    endloop
  endfacet
  facet normal 6.722815e-17 1.802456e-16 1.000000e+00
    outer loop
      vertex   1.591698e+02 -3.126361e+01 -5.100000e+00
      vertex   1.642875e+02 -3.810000e+01 -5.100000e+00
      vertex   1.601223e+02 -3.161887e+01 -5.100000e+00
    endloop
  endfacet
  facet normal 1.152860e-16 2.111305e-16 1.000000e+00
    outer loop
      vertex   1.601223e+02 -3.161887e+01 -5.100000e+00
      vertex   1.642875e+02 -3.810000e+01 -5.100000e+00
      vertex   1.610146e+02 -3.210607e+01 -5.100000e+00
    endloop
  endfacet
  facet normal 1.876161e-16 2.506257e-16 1.000000e+00
    outer loop
      vertex   1.610146e+02 -3.210607e+01 -5.100000e+00
      vertex   1.642875e+02 -3.810000e+01 -5.100000e+00
      vertex   1.618284e+02 -3.271528e+01 -5.100000e+00
    endloop
  endfacet
  facet normal 3.035886e-16 3.035886e-16 1.000000e+00
    outer loop
      vertex   1.618284e+02 -3.271528e+01 -5.100000e+00
      vertex   1.642875e+02 -3.810000e+01 -5.100000e+00
      vertex   1.625472e+02 -3.343412e+01 -5.100000e+00
    endloop
  endfacet
  facet normal 5.067916e-16 3.793794e-16 1.000000e+00
    outer loop
      vertex   1.625472e+02 -3.343412e+01 -5.100000e+00
      vertex   1.642875e+02 -3.810000e+01 -5.100000e+00
      vertex   1.631564e+02 -3.424793e+01 -5.100000e+00
    endloop
  endfacet
  facet normal 9.134645e-16 4.987894e-16 1.000000e+00
    outer loop
      vertex   1.631564e+02 -3.424793e+01 -5.100000e+00
      vertex   1.642875e+02 -3.810000e+01 -5.100000e+00
      vertex   1.636436e+02 -3.514017e+01 -5.100000e+00
    endloop
  endfacet
  facet normal 1.930453e-15 7.200216e-16 1.000000e+00
    outer loop
      vertex   1.636436e+02 -3.514017e+01 -5.100000e+00
      vertex   1.642875e+02 -3.810000e+01 -5.100000e+00
      vertex   1.639989e+02 -3.609266e+01 -5.100000e+00
    endloop
  endfacet
  facet normal 5.998835e-15 1.304967e-15 1.000000e+00
    outer loop
      vertex   1.639989e+02 -3.609266e+01 -5.100000e+00
      vertex   1.642875e+02 -3.810000e+01 -5.100000e+00
      vertex   1.642150e+02 -3.708601e+01 -5.100000e+00
    endloop
  endfacet
  facet normal 3.375987e-17 -1.551916e-16 1.000000e+00
    outer loop
      vertex   1.581765e+02 -1.308775e+02 -5.100000e+00
      vertex   1.591698e+02 -1.306614e+02 -5.100000e+00
      vertex   1.642875e+02 -1.238250e+02 -5.100000e+00
    endloop
  endfacet
  facet normal 6.722815e-17 -1.802456e-16 1.000000e+00
    outer loop
      vertex   1.642875e+02 -1.238250e+02 -5.100000e+00
      vertex   1.591698e+02 -1.306614e+02 -5.100000e+00
      vertex   1.601223e+02 -1.303061e+02 -5.100000e+00
    endloop
  endfacet
  facet normal 1.152860e-16 -2.111305e-16 1.000000e+00
    outer loop
      vertex   1.642875e+02 -1.238250e+02 -5.100000e+00
      vertex   1.601223e+02 -1.303061e+02 -5.100000e+00
      vertex   1.610146e+02 -1.298189e+02 -5.100000e+00
    endloop
  endfacet
  facet normal 1.876161e-16 -2.506258e-16 1.000000e+00
    outer loop
      vertex   1.610146e+02 -1.298189e+02 -5.100000e+00
      vertex   1.618284e+02 -1.292097e+02 -5.100000e+00
      vertex   1.642875e+02 -1.238250e+02 -5.100000e+00
    endloop
  endfacet
  facet normal 3.035886e-16 -3.035886e-16 1.000000e+00
    outer loop
      vertex   1.642875e+02 -1.238250e+02 -5.100000e+00
      vertex   1.618284e+02 -1.292097e+02 -5.100000e+00
      vertex   1.625472e+02 -1.284909e+02 -5.100000e+00
    endloop
  endfacet
  facet normal 5.067916e-16 -3.793794e-16 1.000000e+00
    outer loop
      vertex   1.642875e+02 -1.238250e+02 -5.100000e+00
      vertex   1.625472e+02 -1.284909e+02 -5.100000e+00
      vertex   1.631564e+02 -1.276771e+02 -5.100000e+00
    endloop
  endfacet
  facet normal 9.134645e-16 -4.987894e-16 1.000000e+00
    outer loop
      vertex   1.631564e+02 -1.276771e+02 -5.100000e+00
      vertex   1.636436e+02 -1.267848e+02 -5.100000e+00
      vertex   1.642875e+02 -1.238250e+02 -5.100000e+00
    endloop
  endfacet
  facet normal 1.930453e-15 -7.200216e-16 1.000000e+00
    outer loop
      vertex   1.642875e+02 -1.238250e+02 -5.100000e+00
      vertex   1.636436e+02 -1.267848e+02 -5.100000e+00
      vertex   1.639989e+02 -1.258323e+02 -5.100000e+00
    endloop
  endfacet
  facet normal 5.998835e-15 -1.304967e-15 1.000000e+00
    outer loop
      vertex   1.642875e+02 -1.238250e+02 -5.100000e+00
      vertex   1.639989e+02 -1.258323e+02 -5.100000e+00
      vertex   1.642150e+02 -1.248390e+02 -5.100000e+00
    endloop
  endfacet
  facet normal -9.993444e-01 1.626842e-15 -3.620566e-02
    outer loop
      vertex   1.251234e+02 -3.097500e+01 -5.100000e+00
      vertex   1.251234e+02 -4.843402e+01 -5.100000e+00
      vertex   1.250963e+02 -3.097500e+01 -4.351987e+00
    endloop
  endfacet
  facet normal -9.993444e-01 8.115793e-16 -3.620566e-02
    outer loop
      vertex   1.250963e+02 -3.097500e+01 -4.351987e+00
      vertex   1.251234e+02 -4.843402e+01 -5.100000e+00
      vertex   1.250963e+02 -4.843402e+01 -4.351987e+00
    endloop
  endfacet
  facet normal -9.841901e-01 8.100965e-16 1.771151e-01
    outer loop
      vertex   1.250963e+02 -3.097500e+01 -4.351987e+00
      vertex   1.250963e+02 -4.843402e+01 -4.351987e+00
      vertex   1.252289e+02 -3.097500e+01 -3.615316e+00
    endloop
  endfacet
  facet normal -9.841901e-01 1.606678e-15 1.771151e-01
    outer loop
      vertex   1.252289e+02 -3.097500e+01 -3.615316e+00
      vertex   1.250963e+02 -4.843402e+01 -4.351987e+00
      vertex   1.252289e+02 -4.843402e+01 -3.615316e+00
    endloop
  endfacet
  facet normal -9.240236e-01 1.513952e-15 3.823354e-01
    outer loop
      vertex   1.252289e+02 -3.097500e+01 -3.615316e+00
      vertex   1.252289e+02 -4.843402e+01 -3.615316e+00
      vertex   1.255150e+02 -3.097500e+01 -2.923681e+00
    endloop
  endfacet
  facet normal -9.240236e-01 1.513952e-15 3.823354e-01
    outer loop
      vertex   1.255150e+02 -3.097500e+01 -2.923681e+00
      vertex   1.252289e+02 -4.843402e+01 -3.615316e+00
      vertex   1.255150e+02 -4.843402e+01 -2.923681e+00
    endloop
  endfacet
  facet normal -8.215965e-01 1.351985e-15 5.700695e-01
    outer loop
      vertex   1.255150e+02 -3.097500e+01 -2.923681e+00
      vertex   1.255150e+02 -4.843402e+01 -2.923681e+00
      vertex   1.259417e+02 -3.097500e+01 -2.308712e+00
    endloop
  endfacet
  facet normal -8.215965e-01 1.322984e-15 5.700695e-01
    outer loop
      vertex   1.259417e+02 -3.097500e+01 -2.308712e+00
      vertex   1.255150e+02 -4.843402e+01 -2.923681e+00
      vertex   1.259417e+02 -4.843402e+01 -2.308712e+00
    endloop
  endfacet
  facet normal -6.815934e-01 1.090960e-15 7.317312e-01
    outer loop
      vertex   1.259417e+02 -3.097500e+01 -2.308712e+00
      vertex   1.259417e+02 -4.843402e+01 -2.308712e+00
      vertex   1.264895e+02 -3.097500e+01 -1.798537e+00
    endloop
  endfacet
  facet normal -6.815934e-01 1.090960e-15 7.317312e-01
    outer loop
      vertex   1.264895e+02 -3.097500e+01 -1.798537e+00
      vertex   1.259417e+02 -4.843402e+01 -2.308712e+00
      vertex   1.264895e+02 -4.843402e+01 -1.798537e+00
    endloop
  endfacet
  facet normal -5.104173e-01 8.090400e-16 8.599269e-01
    outer loop
      vertex   1.264895e+02 -3.097500e+01 -1.798537e+00
      vertex   1.264895e+02 -4.843402e+01 -1.798537e+00
      vertex   1.271331e+02 -3.097500e+01 -1.416487e+00
    endloop
  endfacet
  facet normal -5.104173e-01 3.826468e-16 8.599269e-01
    outer loop
      vertex   1.271331e+02 -3.097500e+01 -1.416487e+00
      vertex   1.264895e+02 -4.843402e+01 -1.798537e+00
      vertex   1.271331e+02 -4.843402e+01 -1.416487e+00
    endloop
  endfacet
  facet normal -3.158971e-01 2.209255e-16 9.487935e-01
    outer loop
      vertex   1.271331e+02 -3.097500e+01 -1.416487e+00
      vertex   1.271331e+02 -4.843402e+01 -1.416487e+00
      vertex   1.278433e+02 -3.097500e+01 -1.180037e+00
    endloop
  endfacet
  facet normal -3.158971e-01 2.571259e-16 9.487935e-01
    outer loop
      vertex   1.278433e+02 -3.097500e+01 -1.180037e+00
      vertex   1.271331e+02 -4.843402e+01 -1.416487e+00
      vertex   1.278433e+02 -4.843402e+01 -1.180037e+00
    endloop
  endfacet
  facet normal -1.069292e-01 8.703551e-17 9.942666e-01
    outer loop
      vertex   1.278433e+02 -3.097500e+01 -1.180037e+00
      vertex   1.278433e+02 -4.843402e+01 -1.180037e+00
      vertex   1.285875e+02 -3.097500e+01 -1.100000e+00
    endloop
  endfacet
  facet normal -1.069292e-01 0.000000e+00 9.942666e-01
    outer loop
      vertex   1.285875e+02 -3.097500e+01 -1.100000e+00
      vertex   1.278433e+02 -4.843402e+01 -1.180037e+00
      vertex   1.285875e+02 -4.843402e+01 -1.100000e+00
    endloop
  endfacet
  facet normal 1.069292e-01 0.000000e+00 9.942666e-01
    outer loop
      vertex   1.285875e+02 -3.097500e+01 -1.100000e+00
      vertex   1.285875e+02 -4.843402e+01 -1.100000e+00
      vertex   1.293317e+02 -3.097500e+01 -1.180037e+00
    endloop
  endfacet
  facet normal 1.069292e-01 -1.740710e-16 9.942666e-01
    outer loop
      vertex   1.293317e+02 -3.097500e+01 -1.180037e+00
      vertex   1.285875e+02 -4.843402e+01 -1.100000e+00
      vertex   1.293317e+02 -4.843402e+01 -1.180037e+00
    endloop
  endfacet
  facet normal 3.158971e-01 -5.142518e-16 9.487935e-01
    outer loop
      vertex   1.293317e+02 -3.097500e+01 -1.180037e+00
      vertex   1.293317e+02 -4.843402e+01 -1.180037e+00
      vertex   1.300419e+02 -3.097500e+01 -1.416487e+00
    endloop
  endfacet
  facet normal 3.158971e-01 -6.033398e-17 9.487935e-01
    outer loop
      vertex   1.300419e+02 -3.097500e+01 -1.416487e+00
      vertex   1.293317e+02 -4.843402e+01 -1.180037e+00
      vertex   1.300419e+02 -4.843402e+01 -1.416487e+00
    endloop
  endfacet
  facet normal 5.104173e-01 -5.468294e-17 8.599269e-01
    outer loop
      vertex   1.300419e+02 -3.097500e+01 -1.416487e+00
      vertex   1.300419e+02 -4.843402e+01 -1.416487e+00
      vertex   1.306855e+02 -3.097500e+01 -1.798537e+00
    endloop
  endfacet
  facet normal 5.104173e-01 0.000000e+00 8.599269e-01
    outer loop
      vertex   1.306855e+02 -3.097500e+01 -1.798537e+00
      vertex   1.300419e+02 -4.843402e+01 -1.416487e+00
      vertex   1.306855e+02 -4.843402e+01 -1.798537e+00
    endloop
  endfacet
  facet normal 6.815934e-01 0.000000e+00 7.317312e-01
    outer loop
      vertex   1.306855e+02 -3.097500e+01 -1.798537e+00
      vertex   1.306855e+02 -4.843402e+01 -1.798537e+00
      vertex   1.312333e+02 -3.097500e+01 -2.308712e+00
    endloop
  endfacet
  facet normal 6.815934e-01 -1.090960e-15 7.317312e-01
    outer loop
      vertex   1.312333e+02 -3.097500e+01 -2.308712e+00
      vertex   1.306855e+02 -4.843402e+01 -1.798537e+00
      vertex   1.312333e+02 -4.843402e+01 -2.308712e+00
    endloop
  endfacet
  facet normal 8.215965e-01 -1.322984e-15 5.700695e-01
    outer loop
      vertex   1.312333e+02 -3.097500e+01 -2.308712e+00
      vertex   1.312333e+02 -4.843402e+01 -2.308712e+00
      vertex   1.316600e+02 -3.097500e+01 -2.923681e+00
    endloop
  endfacet
  facet normal 8.215965e-01 7.250168e-17 5.700695e-01
    outer loop
      vertex   1.316600e+02 -3.097500e+01 -2.923681e+00
      vertex   1.312333e+02 -4.843402e+01 -2.308712e+00
      vertex   1.316600e+02 -4.843402e+01 -2.923681e+00
    endloop
  endfacet
  facet normal 9.240236e-01 4.862558e-17 3.823354e-01
    outer loop
      vertex   1.316600e+02 -3.097500e+01 -2.923681e+00
      vertex   1.316600e+02 -4.843402e+01 -2.923681e+00
      vertex   1.319461e+02 -3.097500e+01 -3.615316e+00
    endloop
  endfacet
  facet normal 9.240236e-01 4.862558e-17 3.823354e-01
    outer loop
      vertex   1.319461e+02 -3.097500e+01 -3.615316e+00
      vertex   1.316600e+02 -4.843402e+01 -2.923681e+00
      vertex   1.319461e+02 -4.843402e+01 -3.615316e+00
    endloop
  endfacet
  facet normal 9.841901e-01 2.252557e-17 1.771151e-01
    outer loop
      vertex   1.319461e+02 -3.097500e+01 -3.615316e+00
      vertex   1.319461e+02 -4.843402e+01 -3.615316e+00
      vertex   1.320787e+02 -3.097500e+01 -4.351987e+00
    endloop
  endfacet
  facet normal 9.841901e-01 0.000000e+00 1.771151e-01
    outer loop
      vertex   1.320787e+02 -3.097500e+01 -4.351987e+00
      vertex   1.319461e+02 -4.843402e+01 -3.615316e+00
      vertex   1.320787e+02 -4.843402e+01 -4.351987e+00
    endloop
  endfacet
  facet normal 9.993444e-01 0.000000e+00 -3.620566e-02
    outer loop
      vertex   1.320787e+02 -3.097500e+01 -4.351987e+00
      vertex   1.320787e+02 -4.843402e+01 -4.351987e+00
      vertex   1.320516e+02 -3.097500e+01 -5.100000e+00
    endloop
  endfacet
  facet normal 9.993444e-01 -1.626842e-15 -3.620566e-02
    outer loop
      vertex   1.320516e+02 -3.097500e+01 -5.100000e+00
      vertex   1.320787e+02 -4.843402e+01 -4.351987e+00
      vertex   1.320516e+02 -4.843402e+01 -5.100000e+00
    endloop
  endfacet
  facet normal 1.233714e-13 -1.000000e+00 5.276450e-12
    outer loop
      vertex   1.251234e+02 -3.097500e+01 -5.100000e+00
      vertex   1.250963e+02 -3.097500e+01 -4.351987e+00
      vertex   1.000125e+02 -3.097500e+01 -5.100000e+00
    endloop
  endfacet
  facet normal 2.822328e-13 -1.000000e+00 -5.079068e-14
    outer loop
      vertex   1.000125e+02 -3.097500e+01 -5.100000e+00
      vertex   1.250963e+02 -3.097500e+01 -4.351987e+00
      vertex   1.252289e+02 -3.097500e+01 -3.615316e+00
    endloop
  endfacet
  facet normal 2.862151e-13 -1.000000e+00 -1.184279e-13
    outer loop
      vertex   1.000125e+02 -3.097500e+01 -5.100000e+00
      vertex   1.252289e+02 -3.097500e+01 -3.615316e+00
      vertex   1.255150e+02 -3.097500e+01 -2.923681e+00
    endloop
  endfacet
  facet normal 2.756237e-13 -1.000000e+00 5.684342e-15
    outer loop
      vertex   1.000125e+02 -3.097500e+01 -5.100000e+00
      vertex   1.255150e+02 -3.097500e+01 -2.923681e+00
      vertex   1.000125e+02 -3.097500e+01 -1.000000e-01
    endloop
  endfacet
  facet normal 2.553752e-13 -1.000000e+00 -1.771936e-13
    outer loop
      vertex   1.000125e+02 -3.097500e+01 -1.000000e-01
      vertex   1.255150e+02 -3.097500e+01 -2.923681e+00
      vertex   1.259417e+02 -3.097500e+01 -2.308712e+00
    endloop
  endfacet
  facet normal 2.478074e-13 -1.000000e+00 -2.660360e-13
    outer loop
      vertex   1.000125e+02 -3.097500e+01 -1.000000e-01
      vertex   1.259417e+02 -3.097500e+01 -2.308712e+00
      vertex   1.264895e+02 -3.097500e+01 -1.798537e+00
    endloop
  endfacet
  facet normal 2.390388e-13 -1.000000e+00 -4.027213e-13
    outer loop
      vertex   1.264895e+02 -3.097500e+01 -1.798537e+00
      vertex   1.271331e+02 -3.097500e+01 -1.416487e+00
      vertex   1.000125e+02 -3.097500e+01 -1.000000e-01
    endloop
  endfacet
  facet normal 2.256841e-13 -1.000000e+00 -6.778397e-13
    outer loop
      vertex   1.000125e+02 -3.097500e+01 -1.000000e-01
      vertex   1.271331e+02 -3.097500e+01 -1.416487e+00
      vertex   1.278433e+02 -3.097500e+01 -1.180037e+00
    endloop
  endfacet
  facet normal 1.851712e-13 -1.000000e+00 -1.721790e-12
    outer loop
      vertex   1.000125e+02 -3.097500e+01 -1.000000e-01
      vertex   1.278433e+02 -3.097500e+01 -1.180037e+00
      vertex   1.285875e+02 -3.097500e+01 -1.100000e+00
    endloop
  endfacet
  facet normal 1.224645e-13 -1.000000e+00 -3.513634e-12
    outer loop
      vertex   1.000125e+02 -3.097500e+01 -1.000000e-01
      vertex   1.285875e+02 -3.097500e+01 -1.100000e+00
      vertex   1.571625e+02 -3.097500e+01 -1.000000e-01
    endloop
  endfacet
  facet normal -3.752203e-16 -1.000000e+00 -3.488936e-15
    outer loop
      vertex   1.571625e+02 -3.097500e+01 -1.000000e-01
      vertex   1.285875e+02 -3.097500e+01 -1.100000e+00
      vertex   1.293317e+02 -3.097500e+01 -1.180037e+00
    endloop
  endfacet
  facet normal -4.573132e-16 -1.000000e+00 -1.373535e-15
    outer loop
      vertex   1.571625e+02 -3.097500e+01 -1.000000e-01
      vertex   1.293317e+02 -3.097500e+01 -1.180037e+00
      vertex   1.300419e+02 -3.097500e+01 -1.416487e+00
    endloop
  endfacet
  facet normal -4.843745e-16 -1.000000e+00 -8.160513e-16
    outer loop
      vertex   1.300419e+02 -3.097500e+01 -1.416487e+00
      vertex   1.306855e+02 -3.097500e+01 -1.798537e+00
      vertex   1.571625e+02 -3.097500e+01 -1.000000e-01
    endloop
  endfacet
  facet normal -5.021427e-16 -1.000000e+00 -5.390801e-16
    outer loop
      vertex   1.571625e+02 -3.097500e+01 -1.000000e-01
      vertex   1.306855e+02 -3.097500e+01 -1.798537e+00
      vertex   1.312333e+02 -3.097500e+01 -2.308712e+00
    endloop
  endfacet
  facet normal -5.174776e-16 -1.000000e+00 -3.590548e-16
    outer loop
      vertex   1.571625e+02 -3.097500e+01 -1.000000e-01
      vertex   1.312333e+02 -3.097500e+01 -2.308712e+00
      vertex   1.316600e+02 -3.097500e+01 -2.923681e+00
    endloop
  endfacet
  facet normal -3.998880e-16 -1.000000e+00 -1.421085e-15
    outer loop
      vertex   1.571625e+02 -3.097500e+01 -1.000000e-01
      vertex   1.316600e+02 -3.097500e+01 -2.923681e+00
      vertex   1.571625e+02 -3.097500e+01 -5.100000e+00
    endloop
  endfacet
  facet normal -2.888145e-16 -1.000000e+00 -1.195034e-16
    outer loop
      vertex   1.571625e+02 -3.097500e+01 -5.100000e+00
      vertex   1.316600e+02 -3.097500e+01 -2.923681e+00
      vertex   1.319461e+02 -3.097500e+01 -3.615316e+00
    endloop
  endfacet
  facet normal -2.847960e-16 -1.000000e+00 -5.125195e-17
    outer loop
      vertex   1.571625e+02 -3.097500e+01 -5.100000e+00
      vertex   1.319461e+02 -3.097500e+01 -3.615316e+00
      vertex   1.320787e+02 -3.097500e+01 -4.351987e+00
    endloop
  endfacet
  facet normal 1.228055e-13 -1.000000e+00 4.127644e-12
    outer loop
      vertex   1.320787e+02 -3.097500e+01 -4.351987e+00
      vertex   1.320516e+02 -3.097500e+01 -5.100000e+00
      vertex   1.571625e+02 -3.097500e+01 -5.100000e+00
    endloop
  endfacet
  facet normal -9.993444e-01 -0.000000e+00 -3.620566e-02
    outer loop
      vertex   1.251234e+02 -1.134500e+02 -5.100000e+00
      vertex   1.251234e+02 -1.309500e+02 -5.100000e+00
      vertex   1.250963e+02 -1.134500e+02 -4.351987e+00
    endloop
  endfacet
  facet normal -9.993444e-01 -0.000000e+00 -3.620566e-02
    outer loop
      vertex   1.250963e+02 -1.134500e+02 -4.351987e+00
      vertex   1.251234e+02 -1.309500e+02 -5.100000e+00
      vertex   1.250963e+02 -1.309500e+02 -4.351987e+00
    endloop
  endfacet
  facet normal -9.841901e-01 0.000000e+00 1.771151e-01
    outer loop
      vertex   1.250963e+02 -1.134500e+02 -4.351987e+00
      vertex   1.250963e+02 -1.309500e+02 -4.351987e+00
      vertex   1.252289e+02 -1.134500e+02 -3.615316e+00
    endloop
  endfacet
  facet normal -9.841901e-01 0.000000e+00 1.771151e-01
    outer loop
      vertex   1.252289e+02 -1.134500e+02 -3.615316e+00
      vertex   1.250963e+02 -1.309500e+02 -4.351987e+00
      vertex   1.252289e+02 -1.309500e+02 -3.615316e+00
    endloop
  endfacet
  facet normal -9.240236e-01 0.000000e+00 3.823354e-01
    outer loop
      vertex   1.252289e+02 -1.134500e+02 -3.615316e+00
      vertex   1.252289e+02 -1.309500e+02 -3.615316e+00
      vertex   1.255150e+02 -1.134500e+02 -2.923681e+00
    endloop
  endfacet
  facet normal -9.240236e-01 0.000000e+00 3.823354e-01
    outer loop
      vertex   1.255150e+02 -1.134500e+02 -2.923681e+00
      vertex   1.252289e+02 -1.309500e+02 -3.615316e+00
      vertex   1.255150e+02 -1.309500e+02 -2.923681e+00
    endloop
  endfacet
  facet normal -8.215965e-01 0.000000e+00 5.700695e-01
    outer loop
      vertex   1.255150e+02 -1.134500e+02 -2.923681e+00
      vertex   1.255150e+02 -1.309500e+02 -2.923681e+00
      vertex   1.259417e+02 -1.134500e+02 -2.308712e+00
    endloop
  endfacet
  facet normal -8.215965e-01 4.339915e-17 5.700695e-01
    outer loop
      vertex   1.259417e+02 -1.134500e+02 -2.308712e+00
      vertex   1.255150e+02 -1.309500e+02 -2.923681e+00
      vertex   1.259417e+02 -1.309500e+02 -2.308712e+00
    endloop
  endfacet
  facet normal -6.815934e-01 5.570639e-17 7.317312e-01
    outer loop
      vertex   1.259417e+02 -1.134500e+02 -2.308712e+00
      vertex   1.259417e+02 -1.309500e+02 -2.308712e+00
      vertex   1.264895e+02 -1.134500e+02 -1.798537e+00
    endloop
  endfacet
  facet normal -6.815934e-01 0.000000e+00 7.317312e-01
    outer loop
      vertex   1.264895e+02 -1.134500e+02 -1.798537e+00
      vertex   1.259417e+02 -1.309500e+02 -2.308712e+00
      vertex   1.264895e+02 -1.309500e+02 -1.798537e+00
    endloop
  endfacet
  facet normal -5.104173e-01 0.000000e+00 8.599269e-01
    outer loop
      vertex   1.264895e+02 -1.134500e+02 -1.798537e+00
      vertex   1.264895e+02 -1.309500e+02 -1.798537e+00
      vertex   1.271331e+02 -1.134500e+02 -1.416487e+00
    endloop
  endfacet
  facet normal -5.104173e-01 3.273293e-17 8.599269e-01
    outer loop
      vertex   1.271331e+02 -1.134500e+02 -1.416487e+00
      vertex   1.264895e+02 -1.309500e+02 -1.798537e+00
      vertex   1.271331e+02 -1.309500e+02 -1.416487e+00
    endloop
  endfacet
  facet normal -3.158971e-01 3.611562e-17 9.487935e-01
    outer loop
      vertex   1.271331e+02 -1.134500e+02 -1.416487e+00
      vertex   1.271331e+02 -1.309500e+02 -1.416487e+00
      vertex   1.278433e+02 -1.134500e+02 -1.180037e+00
    endloop
  endfacet
  facet normal -3.158971e-01 0.000000e+00 9.487935e-01
    outer loop
      vertex   1.278433e+02 -1.134500e+02 -1.180037e+00
      vertex   1.271331e+02 -1.309500e+02 -1.416487e+00
      vertex   1.278433e+02 -1.309500e+02 -1.180037e+00
    endloop
  endfacet
  facet normal -1.069292e-01 0.000000e+00 9.942666e-01
    outer loop
      vertex   1.278433e+02 -1.134500e+02 -1.180037e+00
      vertex   1.278433e+02 -1.309500e+02 -1.180037e+00
      vertex   1.285875e+02 -1.134500e+02 -1.100000e+00
    endloop
  endfacet
  facet normal -1.069292e-01 0.000000e+00 9.942666e-01
    outer loop
      vertex   1.285875e+02 -1.134500e+02 -1.100000e+00
      vertex   1.278433e+02 -1.309500e+02 -1.180037e+00
      vertex   1.285875e+02 -1.309500e+02 -1.100000e+00
    endloop
  endfacet
  facet normal 1.069292e-01 0.000000e+00 9.942666e-01
    outer loop
      vertex   1.285875e+02 -1.134500e+02 -1.100000e+00
      vertex   1.285875e+02 -1.309500e+02 -1.100000e+00
      vertex   1.293317e+02 -1.134500e+02 -1.180037e+00
    endloop
  endfacet
  facet normal 1.069292e-01 -3.784655e-17 9.942666e-01
    outer loop
      vertex   1.293317e+02 -1.134500e+02 -1.180037e+00
      vertex   1.285875e+02 -1.309500e+02 -1.100000e+00
      vertex   1.293317e+02 -1.309500e+02 -1.180037e+00
    endloop
  endfacet
  facet normal 3.158971e-01 -3.611562e-17 9.487935e-01
    outer loop
      vertex   1.293317e+02 -1.134500e+02 -1.180037e+00
      vertex   1.293317e+02 -1.309500e+02 -1.180037e+00
      vertex   1.300419e+02 -1.134500e+02 -1.416487e+00
    endloop
  endfacet
  facet normal 3.158971e-01 0.000000e+00 9.487935e-01
    outer loop
      vertex   1.300419e+02 -1.134500e+02 -1.416487e+00
      vertex   1.293317e+02 -1.309500e+02 -1.180037e+00
      vertex   1.300419e+02 -1.309500e+02 -1.416487e+00
    endloop
  endfacet
  facet normal 5.104173e-01 0.000000e+00 8.599269e-01
    outer loop
      vertex   1.300419e+02 -1.134500e+02 -1.416487e+00
      vertex   1.300419e+02 -1.309500e+02 -1.416487e+00
      vertex   1.306855e+02 -1.134500e+02 -1.798537e+00
    endloop
  endfacet
  facet normal 5.104173e-01 0.000000e+00 8.599269e-01
    outer loop
      vertex   1.306855e+02 -1.134500e+02 -1.798537e+00
      vertex   1.300419e+02 -1.309500e+02 -1.416487e+00
      vertex   1.306855e+02 -1.309500e+02 -1.798537e+00
    endloop
  endfacet
  facet normal 6.815934e-01 0.000000e+00 7.317312e-01
    outer loop
      vertex   1.306855e+02 -1.134500e+02 -1.798537e+00
      vertex   1.306855e+02 -1.309500e+02 -1.798537e+00
      vertex   1.312333e+02 -1.134500e+02 -2.308712e+00
    endloop
  endfacet
  facet normal 6.815934e-01 1.051268e-15 7.317312e-01
    outer loop
      vertex   1.312333e+02 -1.134500e+02 -2.308712e+00
      vertex   1.306855e+02 -1.309500e+02 -1.798537e+00
      vertex   1.312333e+02 -1.309500e+02 -2.308712e+00
    endloop
  endfacet
  facet normal 8.215965e-01 1.290954e-15 5.700695e-01
    outer loop
      vertex   1.312333e+02 -1.134500e+02 -2.308712e+00
      vertex   1.312333e+02 -1.309500e+02 -2.308712e+00
      vertex   1.316600e+02 -1.134500e+02 -2.923681e+00
    endloop
  endfacet
  facet normal 8.215965e-01 -1.446638e-17 5.700695e-01
    outer loop
      vertex   1.316600e+02 -1.134500e+02 -2.923681e+00
      vertex   1.312333e+02 -1.309500e+02 -2.308712e+00
      vertex   1.316600e+02 -1.309500e+02 -2.923681e+00
    endloop
  endfacet
  facet normal 9.240236e-01 -9.702344e-18 3.823354e-01
    outer loop
      vertex   1.316600e+02 -1.134500e+02 -2.923681e+00
      vertex   1.316600e+02 -1.309500e+02 -2.923681e+00
      vertex   1.319461e+02 -1.134500e+02 -3.615316e+00
    endloop
  endfacet
  facet normal 9.240236e-01 -2.910703e-17 3.823354e-01
    outer loop
      vertex   1.319461e+02 -1.134500e+02 -3.615316e+00
      vertex   1.316600e+02 -1.309500e+02 -2.923681e+00
      vertex   1.319461e+02 -1.309500e+02 -3.615316e+00
    endloop
  endfacet
  facet normal 9.841901e-01 -1.348370e-17 1.771151e-01
    outer loop
      vertex   1.319461e+02 -1.134500e+02 -3.615316e+00
      vertex   1.319461e+02 -1.309500e+02 -3.615316e+00
      vertex   1.320787e+02 -1.134500e+02 -4.351987e+00
    endloop
  endfacet
  facet normal 9.841901e-01 0.000000e+00 1.771151e-01
    outer loop
      vertex   1.320787e+02 -1.134500e+02 -4.351987e+00
      vertex   1.319461e+02 -1.309500e+02 -3.615316e+00
      vertex   1.320787e+02 -1.309500e+02 -4.351987e+00
    endloop
  endfacet
  facet normal 9.993444e-01 0.000000e+00 -3.620566e-02
    outer loop
      vertex   1.320787e+02 -1.134500e+02 -4.351987e+00
      vertex   1.320787e+02 -1.309500e+02 -4.351987e+00
      vertex   1.320516e+02 -1.134500e+02 -5.100000e+00
    endloop
  endfacet
  facet normal 9.993444e-01 0.000000e+00 -3.620566e-02
    outer loop
      vertex   1.320516e+02 -1.134500e+02 -5.100000e+00
      vertex   1.320787e+02 -1.309500e+02 -4.351987e+00
      vertex   1.320516e+02 -1.309500e+02 -5.100000e+00
    endloop
  endfacet
  facet normal 0.000000e+00 1.000000e+00 0.000000e+00
    outer loop
      vertex   1.298415e+02 -1.134500e+02 -5.100000e+00
      vertex   1.299279e+02 -1.134500e+02 -4.760781e+00
      vertex   1.320516e+02 -1.134500e+02 -5.100000e+00
    endloop
  endfacet
  facet normal 0.000000e+00 1.000000e+00 -0.000000e+00
    outer loop
      vertex   1.320516e+02 -1.134500e+02 -5.100000e+00
      vertex   1.299279e+02 -1.134500e+02 -4.760781e+00
      vertex   1.320787e+02 -1.134500e+02 -4.351987e+00
    endloop
  endfacet
  facet normal 0.000000e+00 1.000000e+00 0.000000e+00
    outer loop
      vertex   1.320787e+02 -1.134500e+02 -4.351987e+00
      vertex   1.299279e+02 -1.134500e+02 -4.760781e+00
      vertex   1.299242e+02 -1.134500e+02 -4.410752e+00
    endloop
  endfacet
  facet normal 0.000000e+00 1.000000e+00 0.000000e+00
    outer loop
      vertex   1.320787e+02 -1.134500e+02 -4.351987e+00
      vertex   1.299242e+02 -1.134500e+02 -4.410752e+00
      vertex   1.298306e+02 -1.134500e+02 -4.073447e+00
    endloop
  endfacet
  facet normal 0.000000e+00 1.000000e+00 0.000000e+00
    outer loop
      vertex   1.320787e+02 -1.134500e+02 -4.351987e+00
      vertex   1.298306e+02 -1.134500e+02 -4.073447e+00
      vertex   1.319461e+02 -1.134500e+02 -3.615316e+00
    endloop
  endfacet
  facet normal 0.000000e+00 1.000000e+00 0.000000e+00
    outer loop
      vertex   1.319461e+02 -1.134500e+02 -3.615316e+00
      vertex   1.298306e+02 -1.134500e+02 -4.073447e+00
      vertex   1.296534e+02 -1.134500e+02 -3.771545e+00
    endloop
  endfacet
  facet normal 0.000000e+00 1.000000e+00 0.000000e+00
    outer loop
      vertex   1.319461e+02 -1.134500e+02 -3.615316e+00
      vertex   1.296534e+02 -1.134500e+02 -3.771545e+00
      vertex   1.316600e+02 -1.134500e+02 -2.923681e+00
    endloop
  endfacet
  facet normal 0.000000e+00 1.000000e+00 0.000000e+00
    outer loop
      vertex   1.316600e+02 -1.134500e+02 -2.923681e+00
      vertex   1.296534e+02 -1.134500e+02 -3.771545e+00
      vertex   1.294046e+02 -1.134500e+02 -3.525342e+00
    endloop
  endfacet
  facet normal 0.000000e+00 1.000000e+00 0.000000e+00
    outer loop
      vertex   1.316600e+02 -1.134500e+02 -2.923681e+00
      vertex   1.294046e+02 -1.134500e+02 -3.525342e+00
      vertex   1.312333e+02 -1.134500e+02 -2.308712e+00
    endloop
  endfacet
  facet normal 0.000000e+00 1.000000e+00 0.000000e+00
    outer loop
      vertex   1.312333e+02 -1.134500e+02 -2.308712e+00
      vertex   1.294046e+02 -1.134500e+02 -3.525342e+00
      vertex   1.291008e+02 -1.134500e+02 -3.351394e+00
    endloop
  endfacet
  facet normal 0.000000e+00 1.000000e+00 0.000000e+00
    outer loop
      vertex   1.312333e+02 -1.134500e+02 -2.308712e+00
      vertex   1.291008e+02 -1.134500e+02 -3.351394e+00
      vertex   1.306855e+02 -1.134500e+02 -1.798537e+00
    endloop
  endfacet
  facet normal 0.000000e+00 1.000000e+00 0.000000e+00
    outer loop
      vertex   1.306855e+02 -1.134500e+02 -1.798537e+00
      vertex   1.291008e+02 -1.134500e+02 -3.351394e+00
      vertex   1.287625e+02 -1.134500e+02 -3.261394e+00
    endloop
  endfacet
  facet normal 0.000000e+00 1.000000e+00 0.000000e+00
    outer loop
      vertex   1.306855e+02 -1.134500e+02 -1.798537e+00
      vertex   1.287625e+02 -1.134500e+02 -3.261394e+00
      vertex   1.300419e+02 -1.134500e+02 -1.416487e+00
    endloop
  endfacet
  facet normal 0.000000e+00 1.000000e+00 0.000000e+00
    outer loop
      vertex   1.300419e+02 -1.134500e+02 -1.416487e+00
      vertex   1.287625e+02 -1.134500e+02 -3.261394e+00
      vertex   1.293317e+02 -1.134500e+02 -1.180037e+00
    endloop
  endfacet
  facet normal 0.000000e+00 1.000000e+00 0.000000e+00
    outer loop
      vertex   1.293317e+02 -1.134500e+02 -1.180037e+00
      vertex   1.287625e+02 -1.134500e+02 -3.261394e+00
      vertex   1.285875e+02 -1.134500e+02 -1.100000e+00
    endloop
  endfacet
  facet normal 0.000000e+00 1.000000e+00 0.000000e+00
    outer loop
      vertex   1.285875e+02 -1.134500e+02 -1.100000e+00
      vertex   1.287625e+02 -1.134500e+02 -3.261394e+00
      vertex   1.284125e+02 -1.134500e+02 -3.261394e+00
    endloop
  endfacet
  facet normal 0.000000e+00 1.000000e+00 0.000000e+00
    outer loop
      vertex   1.285875e+02 -1.134500e+02 -1.100000e+00
      vertex   1.284125e+02 -1.134500e+02 -3.261394e+00
      vertex   1.278433e+02 -1.134500e+02 -1.180037e+00
    endloop
  endfacet
  facet normal 0.000000e+00 1.000000e+00 0.000000e+00
    outer loop
      vertex   1.278433e+02 -1.134500e+02 -1.180037e+00
      vertex   1.284125e+02 -1.134500e+02 -3.261394e+00
      vertex   1.271331e+02 -1.134500e+02 -1.416487e+00
    endloop
  endfacet
  facet normal 0.000000e+00 1.000000e+00 0.000000e+00
    outer loop
      vertex   1.271331e+02 -1.134500e+02 -1.416487e+00
      vertex   1.284125e+02 -1.134500e+02 -3.261394e+00
      vertex   1.264895e+02 -1.134500e+02 -1.798537e+00
    endloop
  endfacet
  facet normal 0.000000e+00 1.000000e+00 0.000000e+00
    outer loop
      vertex   1.264895e+02 -1.134500e+02 -1.798537e+00
      vertex   1.284125e+02 -1.134500e+02 -3.261394e+00
      vertex   1.280742e+02 -1.134500e+02 -3.351394e+00
    endloop
  endfacet
  facet normal 0.000000e+00 1.000000e+00 0.000000e+00
    outer loop
      vertex   1.264895e+02 -1.134500e+02 -1.798537e+00
      vertex   1.280742e+02 -1.134500e+02 -3.351394e+00
      vertex   1.259417e+02 -1.134500e+02 -2.308712e+00
    endloop
  endfacet
  facet normal 0.000000e+00 1.000000e+00 0.000000e+00
    outer loop
      vertex   1.259417e+02 -1.134500e+02 -2.308712e+00
      vertex   1.280742e+02 -1.134500e+02 -3.351394e+00
      vertex   1.277704e+02 -1.134500e+02 -3.525342e+00
    endloop
  endfacet
  facet normal 0.000000e+00 1.000000e+00 0.000000e+00
    outer loop
      vertex   1.259417e+02 -1.134500e+02 -2.308712e+00
      vertex   1.277704e+02 -1.134500e+02 -3.525342e+00
      vertex   1.255150e+02 -1.134500e+02 -2.923681e+00
    endloop
  endfacet
  facet normal 0.000000e+00 1.000000e+00 0.000000e+00
    outer loop
      vertex   1.255150e+02 -1.134500e+02 -2.923681e+00
      vertex   1.277704e+02 -1.134500e+02 -3.525342e+00
      vertex   1.275216e+02 -1.134500e+02 -3.771545e+00
    endloop
  endfacet
  facet normal 0.000000e+00 1.000000e+00 0.000000e+00
    outer loop
      vertex   1.255150e+02 -1.134500e+02 -2.923681e+00
      vertex   1.275216e+02 -1.134500e+02 -3.771545e+00
      vertex   1.252289e+02 -1.134500e+02 -3.615316e+00
    endloop
  endfacet
  facet normal 0.000000e+00 1.000000e+00 0.000000e+00
    outer loop
      vertex   1.252289e+02 -1.134500e+02 -3.615316e+00
      vertex   1.275216e+02 -1.134500e+02 -3.771545e+00
      vertex   1.273444e+02 -1.134500e+02 -4.073447e+00
    endloop
  endfacet
  facet normal 0.000000e+00 1.000000e+00 0.000000e+00
    outer loop
      vertex   1.252289e+02 -1.134500e+02 -3.615316e+00
      vertex   1.273444e+02 -1.134500e+02 -4.073447e+00
      vertex   1.250963e+02 -1.134500e+02 -4.351987e+00
    endloop
  endfacet
  facet normal -0.000000e+00 1.000000e+00 0.000000e+00
    outer loop
      vertex   1.250963e+02 -1.134500e+02 -4.351987e+00
      vertex   1.273444e+02 -1.134500e+02 -4.073447e+00
      vertex   1.272508e+02 -1.134500e+02 -4.410752e+00
    endloop
  endfacet
  facet normal 0.000000e+00 1.000000e+00 0.000000e+00
    outer loop
      vertex   1.250963e+02 -1.134500e+02 -4.351987e+00
      vertex   1.272508e+02 -1.134500e+02 -4.410752e+00
      vertex   1.272471e+02 -1.134500e+02 -4.760781e+00
    endloop
  endfacet
  facet normal 0.000000e+00 1.000000e+00 0.000000e+00
    outer loop
      vertex   1.273335e+02 -1.134500e+02 -5.100000e+00
      vertex   1.251234e+02 -1.134500e+02 -5.100000e+00
      vertex   1.272471e+02 -1.134500e+02 -4.760781e+00
    endloop
  endfacet
  facet normal 0.000000e+00 1.000000e+00 0.000000e+00
    outer loop
      vertex   1.272471e+02 -1.134500e+02 -4.760781e+00
      vertex   1.251234e+02 -1.134500e+02 -5.100000e+00
      vertex   1.250963e+02 -1.134500e+02 -4.351987e+00
    endloop
  endfacet
  facet normal 0.000000e+00 0.000000e+00 1.000000e+00
    outer loop
      vertex   1.273335e+02 -4.843402e+01 -5.100000e+00
      vertex   1.251234e+02 -4.843402e+01 -5.100000e+00
      vertex   1.273335e+02 -1.134500e+02 -5.100000e+00
    endloop
  endfacet
  facet normal 0.000000e+00 0.000000e+00 1.000000e+00
    outer loop
      vertex   1.273335e+02 -1.134500e+02 -5.100000e+00
      vertex   1.251234e+02 -4.843402e+01 -5.100000e+00
      vertex   1.251234e+02 -1.134500e+02 -5.100000e+00
    endloop
  endfacet
  facet normal 0.000000e+00 -0.000000e+00 1.000000e+00
    outer loop
      vertex   1.251234e+02 -1.134500e+02 -5.100000e+00
      vertex   1.251234e+02 -4.843402e+01 -5.100000e+00
      vertex   1.000125e+02 -3.097500e+01 -5.100000e+00
    endloop
  endfacet
  facet normal 0.000000e+00 0.000000e+00 1.000000e+00
    outer loop
      vertex   1.251234e+02 -1.134500e+02 -5.100000e+00
      vertex   1.000125e+02 -3.097500e+01 -5.100000e+00
      vertex   1.000125e+02 -1.309500e+02 -5.100000e+00
    endloop
  endfacet
  facet normal 0.000000e+00 -0.000000e+00 1.000000e+00
    outer loop
      vertex   1.000125e+02 -1.309500e+02 -5.100000e+00
      vertex   1.000125e+02 -3.097500e+01 -5.100000e+00
      vertex   9.288750e+01 -1.238250e+02 -5.100000e+00
    endloop
  endfacet
  facet normal -9.433944e-16 -9.433944e-16 1.000000e+00
    outer loop
      vertex   1.000125e+02 -1.309500e+02 -5.100000e+00
      vertex   9.288750e+01 -1.238250e+02 -5.100000e+00
      vertex   9.899851e+01 -1.308775e+02 -5.100000e+00
    endloop
  endfacet
  facet normal -3.375987e-17 -1.551916e-16 1.000000e+00
    outer loop
      vertex   9.899851e+01 -1.308775e+02 -5.100000e+00
      vertex   9.288750e+01 -1.238250e+02 -5.100000e+00
      vertex   9.800516e+01 -1.306614e+02 -5.100000e+00
    endloop
  endfacet
  facet normal -6.722815e-17 -1.802456e-16 1.000000e+00
    outer loop
      vertex   9.800516e+01 -1.306614e+02 -5.100000e+00
      vertex   9.288750e+01 -1.238250e+02 -5.100000e+00
      vertex   9.705267e+01 -1.303061e+02 -5.100000e+00
    endloop
  endfacet
  facet normal -1.152860e-16 -2.111305e-16 1.000000e+00
    outer loop
      vertex   9.705267e+01 -1.303061e+02 -5.100000e+00
      vertex   9.288750e+01 -1.238250e+02 -5.100000e+00
      vertex   9.616043e+01 -1.298189e+02 -5.100000e+00
    endloop
  endfacet
  facet normal -1.876161e-16 -2.506257e-16 1.000000e+00
    outer loop
      vertex   9.616043e+01 -1.298189e+02 -5.100000e+00
      vertex   9.288750e+01 -1.238250e+02 -5.100000e+00
      vertex   9.534662e+01 -1.292097e+02 -5.100000e+00
    endloop
  endfacet
  facet normal -3.035886e-16 -3.035886e-16 1.000000e+00
    outer loop
      vertex   9.534662e+01 -1.292097e+02 -5.100000e+00
      vertex   9.288750e+01 -1.238250e+02 -5.100000e+00
      vertex   9.462778e+01 -1.284909e+02 -5.100000e+00
    endloop
  endfacet
  facet normal -5.067916e-16 -3.793794e-16 1.000000e+00
    outer loop
      vertex   9.462778e+01 -1.284909e+02 -5.100000e+00
      vertex   9.288750e+01 -1.238250e+02 -5.100000e+00
      vertex   9.401857e+01 -1.276771e+02 -5.100000e+00
    endloop
  endfacet
  facet normal -9.134645e-16 -4.987894e-16 1.000000e+00
    outer loop
      vertex   9.401857e+01 -1.276771e+02 -5.100000e+00
      vertex   9.288750e+01 -1.238250e+02 -5.100000e+00
      vertex   9.353137e+01 -1.267848e+02 -5.100000e+00
    endloop
  endfacet
  facet normal -1.930453e-15 -7.200216e-16 1.000000e+00
    outer loop
      vertex   9.353137e+01 -1.267848e+02 -5.100000e+00
      vertex   9.288750e+01 -1.238250e+02 -5.100000e+00
      vertex   9.317611e+01 -1.258323e+02 -5.100000e+00
    endloop
  endfacet
  facet normal -5.998835e-15 -1.304967e-15 1.000000e+00
    outer loop
      vertex   9.317611e+01 -1.258323e+02 -5.100000e+00
      vertex   9.288750e+01 -1.238250e+02 -5.100000e+00
      vertex   9.296002e+01 -1.248390e+02 -5.100000e+00
    endloop
  endfacet
  facet normal 0.000000e+00 -0.000000e+00 1.000000e+00
    outer loop
      vertex   1.251234e+02 -4.843402e+01 -5.100000e+00
      vertex   1.251234e+02 -3.097500e+01 -5.100000e+00
      vertex   1.000125e+02 -3.097500e+01 -5.100000e+00
    endloop
  endfacet
  facet normal 0.000000e+00 0.000000e+00 1.000000e+00
    outer loop
      vertex   9.288750e+01 -1.238250e+02 -5.100000e+00
      vertex   1.000125e+02 -3.097500e+01 -5.100000e+00
      vertex   9.288750e+01 -3.810000e+01 -5.100000e+00
    endloop
  endfacet
  facet normal -9.433944e-16 9.433944e-16 1.000000e+00
    outer loop
      vertex   9.288750e+01 -3.810000e+01 -5.100000e+00
      vertex   1.000125e+02 -3.097500e+01 -5.100000e+00
      vertex   9.899851e+01 -3.104752e+01 -5.100000e+00
    endloop
  endfacet
  facet normal -3.375987e-17 1.551916e-16 1.000000e+00
    outer loop
      vertex   9.288750e+01 -3.810000e+01 -5.100000e+00
      vertex   9.899851e+01 -3.104752e+01 -5.100000e+00
      vertex   9.800516e+01 -3.126361e+01 -5.100000e+00
    endloop
  endfacet
  facet normal -6.722815e-17 1.802456e-16 1.000000e+00
    outer loop
      vertex   9.800516e+01 -3.126361e+01 -5.100000e+00
      vertex   9.705267e+01 -3.161887e+01 -5.100000e+00
      vertex   9.288750e+01 -3.810000e+01 -5.100000e+00
    endloop
  endfacet
  facet normal -1.152860e-16 2.111305e-16 1.000000e+00
    outer loop
      vertex   9.288750e+01 -3.810000e+01 -5.100000e+00
      vertex   9.705267e+01 -3.161887e+01 -5.100000e+00
      vertex   9.616043e+01 -3.210607e+01 -5.100000e+00
    endloop
  endfacet
  facet normal -1.876161e-16 2.506258e-16 1.000000e+00
    outer loop
      vertex   9.288750e+01 -3.810000e+01 -5.100000e+00
      vertex   9.616043e+01 -3.210607e+01 -5.100000e+00
      vertex   9.534662e+01 -3.271528e+01 -5.100000e+00
    endloop
  endfacet
  facet normal -3.035886e-16 3.035886e-16 1.000000e+00
    outer loop
      vertex   9.534662e+01 -3.271528e+01 -5.100000e+00
      vertex   9.462778e+01 -3.343412e+01 -5.100000e+00
      vertex   9.288750e+01 -3.810000e+01 -5.100000e+00
    endloop
  endfacet
  facet normal -5.067916e-16 3.793794e-16 1.000000e+00
    outer loop
      vertex   9.288750e+01 -3.810000e+01 -5.100000e+00
      vertex   9.462778e+01 -3.343412e+01 -5.100000e+00
      vertex   9.401857e+01 -3.424793e+01 -5.100000e+00
    endloop
  endfacet
  facet normal -9.134645e-16 4.987894e-16 1.000000e+00
    outer loop
      vertex   9.288750e+01 -3.810000e+01 -5.100000e+00
      vertex   9.401857e+01 -3.424793e+01 -5.100000e+00
      vertex   9.353137e+01 -3.514017e+01 -5.100000e+00
    endloop
  endfacet
  facet normal -1.930453e-15 7.200216e-16 1.000000e+00
    outer loop
      vertex   9.353137e+01 -3.514017e+01 -5.100000e+00
      vertex   9.317611e+01 -3.609266e+01 -5.100000e+00
      vertex   9.288750e+01 -3.810000e+01 -5.100000e+00
    endloop
  endfacet
  facet normal -5.998835e-15 1.304967e-15 1.000000e+00
    outer loop
      vertex   9.288750e+01 -3.810000e+01 -5.100000e+00
      vertex   9.317611e+01 -3.609266e+01 -5.100000e+00
      vertex   9.296002e+01 -3.708601e+01 -5.100000e+00
    endloop
  endfacet
  facet normal 0.000000e+00 0.000000e+00 1.000000e+00
    outer loop
      vertex   1.000125e+02 -1.309500e+02 -5.100000e+00
      vertex   1.251234e+02 -1.309500e+02 -5.100000e+00
      vertex   1.251234e+02 -1.134500e+02 -5.100000e+00
    endloop
  endfacet
  facet normal 1.000000e+00 -8.172588e-14 0.000000e+00
    outer loop
      vertex   9.288750e+01 -1.238250e+02 -5.100000e+00
      vertex   9.288750e+01 -3.810000e+01 -5.100000e+00
      vertex   9.288750e+01 -1.238250e+02 -1.000000e-01
    endloop
  endfacet
  facet normal 1.000000e+00 -8.172588e-14 -2.530097e-28
    outer loop
      vertex   9.288750e+01 -1.238250e+02 -1.000000e-01
      vertex   9.288750e+01 -3.810000e+01 -5.100000e+00
      vertex   9.288750e+01 -3.810000e+01 -1.000000e-01
    endloop
  endfacet
  facet normal 7.133922e-02 9.974521e-01 0.000000e+00
    outer loop
      vertex   1.000125e+02 -1.309500e+02 -1.000000e-01
      vertex   1.000125e+02 -1.309500e+02 -5.100000e+00
      vertex   9.899851e+01 -1.308775e+02 -1.000000e-01
    endloop
  endfacet
  facet normal 7.133922e-02 9.974521e-01 0.000000e+00
    outer loop
      vertex   9.899851e+01 -1.308775e+02 -1.000000e-01
      vertex   1.000125e+02 -1.309500e+02 -5.100000e+00
      vertex   9.899851e+01 -1.308775e+02 -5.100000e+00
    endloop
  endfacet
  facet normal 2.125653e-01 9.771469e-01 0.000000e+00
    outer loop
      vertex   9.899851e+01 -1.308775e+02 -1.000000e-01
      vertex   9.899851e+01 -1.308775e+02 -5.100000e+00
      vertex   9.800516e+01 -1.306614e+02 -1.000000e-01
    endloop
  endfacet
  facet normal 2.125653e-01 9.771469e-01 0.000000e+00
    outer loop
      vertex   9.800516e+01 -1.306614e+02 -1.000000e-01
      vertex   9.899851e+01 -1.308775e+02 -5.100000e+00
      vertex   9.800516e+01 -1.306614e+02 -5.100000e+00
    endloop
  endfacet
  facet normal 3.494642e-01 9.369497e-01 0.000000e+00
    outer loop
      vertex   9.800516e+01 -1.306614e+02 -1.000000e-01
      vertex   9.800516e+01 -1.306614e+02 -5.100000e+00
      vertex   9.705267e+01 -1.303061e+02 -1.000000e-01
    endloop
  endfacet
  facet normal 3.494642e-01 9.369497e-01 0.000000e+00
    outer loop
      vertex   9.705267e+01 -1.303061e+02 -1.000000e-01
      vertex   9.800516e+01 -1.306614e+02 -5.100000e+00
      vertex   9.705267e+01 -1.303061e+02 -5.100000e+00
    endloop
  endfacet
  facet normal 4.792490e-01 8.776790e-01 0.000000e+00
    outer loop
      vertex   9.705267e+01 -1.303061e+02 -1.000000e-01
      vertex   9.705267e+01 -1.303061e+02 -5.100000e+00
      vertex   9.616043e+01 -1.298189e+02 -1.000000e-01
    endloop
  endfacet
  facet normal 4.792490e-01 8.776790e-01 0.000000e+00
    outer loop
      vertex   9.616043e+01 -1.298189e+02 -1.000000e-01
      vertex   9.705267e+01 -1.303061e+02 -5.100000e+00
      vertex   9.616043e+01 -1.298189e+02 -5.100000e+00
    endloop
  endfacet
  facet normal 5.992777e-01 8.005412e-01 0.000000e+00
    outer loop
      vertex   9.616043e+01 -1.298189e+02 -1.000000e-01
      vertex   9.616043e+01 -1.298189e+02 -5.100000e+00
      vertex   9.534662e+01 -1.292097e+02 -1.000000e-01
    endloop
  endfacet
  facet normal 5.992777e-01 8.005412e-01 -1.703250e-15
    outer loop
      vertex   9.534662e+01 -1.292097e+02 -1.000000e-01
      vertex   9.616043e+01 -1.298189e+02 -5.100000e+00
      vertex   9.534662e+01 -1.292097e+02 -5.100000e+00
    endloop
  endfacet
  facet normal 7.071068e-01 7.071068e-01 -2.009718e-15
    outer loop
      vertex   9.534662e+01 -1.292097e+02 -1.000000e-01
      vertex   9.534662e+01 -1.292097e+02 -5.100000e+00
      vertex   9.462778e+01 -1.284909e+02 -1.000000e-01
    endloop
  endfacet
  facet normal 7.071068e-01 7.071068e-01 -4.019437e-15
    outer loop
      vertex   9.462778e+01 -1.284909e+02 -1.000000e-01
      vertex   9.534662e+01 -1.292097e+02 -5.100000e+00
      vertex   9.462778e+01 -1.284909e+02 -5.100000e+00
    endloop
  endfacet
  facet normal 8.005412e-01 5.992777e-01 -4.550550e-15
    outer loop
      vertex   9.462778e+01 -1.284909e+02 -1.000000e-01
      vertex   9.462778e+01 -1.284909e+02 -5.100000e+00
      vertex   9.401857e+01 -1.276771e+02 -1.000000e-01
    endloop
  endfacet
  facet normal 8.005412e-01 5.992777e-01 0.000000e+00
    outer loop
      vertex   9.401857e+01 -1.276771e+02 -1.000000e-01
      vertex   9.462778e+01 -1.284909e+02 -5.100000e+00
      vertex   9.401857e+01 -1.276771e+02 -5.100000e+00
    endloop
  endfacet
  facet normal 8.776790e-01 4.792490e-01 0.000000e+00
    outer loop
      vertex   9.401857e+01 -1.276771e+02 -1.000000e-01
      vertex   9.401857e+01 -1.276771e+02 -5.100000e+00
      vertex   9.353137e+01 -1.267848e+02 -1.000000e-01
    endloop
  endfacet
  facet normal 8.776790e-01 4.792490e-01 1.362108e-15
    outer loop
      vertex   9.353137e+01 -1.267848e+02 -1.000000e-01
      vertex   9.401857e+01 -1.276771e+02 -5.100000e+00
      vertex   9.353137e+01 -1.267848e+02 -5.100000e+00
    endloop
  endfacet
  facet normal 9.369497e-01 3.494642e-01 9.932370e-16
    outer loop
      vertex   9.353137e+01 -1.267848e+02 -1.000000e-01
      vertex   9.353137e+01 -1.267848e+02 -5.100000e+00
      vertex   9.317611e+01 -1.258323e+02 -1.000000e-01
    endloop
  endfacet
  facet normal 9.369497e-01 3.494642e-01 9.932370e-16
    outer loop
      vertex   9.317611e+01 -1.258323e+02 -1.000000e-01
      vertex   9.353137e+01 -1.267848e+02 -5.100000e+00
      vertex   9.317611e+01 -1.258323e+02 -5.100000e+00
    endloop
  endfacet
  facet normal 9.771469e-01 2.125653e-01 6.041470e-16
    outer loop
      vertex   9.317611e+01 -1.258323e+02 -1.000000e-01
      vertex   9.317611e+01 -1.258323e+02 -5.100000e+00
      vertex   9.296002e+01 -1.248390e+02 -1.000000e-01
    endloop
  endfacet
  facet normal 9.771469e-01 2.125653e-01 6.041470e-16
    outer loop
      vertex   9.296002e+01 -1.248390e+02 -1.000000e-01
      vertex   9.317611e+01 -1.258323e+02 -5.100000e+00
      vertex   9.296002e+01 -1.248390e+02 -5.100000e+00
    endloop
  endfacet
  facet normal 9.974521e-01 7.133921e-02 2.027582e-16
    outer loop
      vertex   9.296002e+01 -1.248390e+02 -1.000000e-01
      vertex   9.296002e+01 -1.248390e+02 -5.100000e+00
      vertex   9.288750e+01 -1.238250e+02 -1.000000e-01
    endloop
  endfacet
  facet normal 9.974521e-01 7.133921e-02 0.000000e+00
    outer loop
      vertex   9.288750e+01 -1.238250e+02 -1.000000e-01
      vertex   9.296002e+01 -1.248390e+02 -5.100000e+00
      vertex   9.288750e+01 -1.238250e+02 -5.100000e+00
    endloop
  endfacet
  facet normal 0.000000e+00 1.000000e+00 -3.799626e-14
    outer loop
      vertex   1.320516e+02 -1.309500e+02 -5.100000e+00
      vertex   1.320787e+02 -1.309500e+02 -4.351987e+00
      vertex   1.571625e+02 -1.309500e+02 -5.100000e+00
    endloop
  endfacet
  facet normal 1.139184e-15 1.000000e+00 2.050078e-16
    outer loop
      vertex   1.571625e+02 -1.309500e+02 -5.100000e+00
      vertex   1.320787e+02 -1.309500e+02 -4.351987e+00
      vertex   1.319461e+02 -1.309500e+02 -3.615316e+00
    endloop
  endfacet
  facet normal 1.155258e-15 1.000000e+00 4.780137e-16
    outer loop
      vertex   1.571625e+02 -1.309500e+02 -5.100000e+00
      vertex   1.319461e+02 -1.309500e+02 -3.615316e+00
      vertex   1.316600e+02 -1.309500e+02 -2.923681e+00
    endloop
  endfacet
  facet normal 1.114465e-15 1.000000e+00 -0.000000e+00
    outer loop
      vertex   1.571625e+02 -1.309500e+02 -5.100000e+00
      vertex   1.316600e+02 -1.309500e+02 -2.923681e+00
      vertex   1.571625e+02 -1.309500e+02 -1.000000e-01
    endloop
  endfacet
  facet normal 1.034955e-15 1.000000e+00 7.181096e-16
    outer loop
      vertex   1.571625e+02 -1.309500e+02 -1.000000e-01
      vertex   1.316600e+02 -1.309500e+02 -2.923681e+00
      vertex   1.312333e+02 -1.309500e+02 -2.308712e+00
    endloop
  endfacet
  facet normal 1.004285e-15 1.000000e+00 1.078160e-15
    outer loop
      vertex   1.571625e+02 -1.309500e+02 -1.000000e-01
      vertex   1.312333e+02 -1.309500e+02 -2.308712e+00
      vertex   1.306855e+02 -1.309500e+02 -1.798537e+00
    endloop
  endfacet
  facet normal 9.687491e-16 1.000000e+00 1.632103e-15
    outer loop
      vertex   1.306855e+02 -1.309500e+02 -1.798537e+00
      vertex   1.300419e+02 -1.309500e+02 -1.416487e+00
      vertex   1.571625e+02 -1.309500e+02 -1.000000e-01
    endloop
  endfacet
  facet normal 9.146264e-16 1.000000e+00 2.747071e-15
    outer loop
      vertex   1.571625e+02 -1.309500e+02 -1.000000e-01
      vertex   1.300419e+02 -1.309500e+02 -1.416487e+00
      vertex   1.293317e+02 -1.309500e+02 -1.180037e+00
    endloop
  endfacet
  facet normal 7.504405e-16 1.000000e+00 6.977871e-15
    outer loop
      vertex   1.571625e+02 -1.309500e+02 -1.000000e-01
      vertex   1.293317e+02 -1.309500e+02 -1.180037e+00
      vertex   1.285875e+02 -1.309500e+02 -1.100000e+00
    endloop
  endfacet
  facet normal 4.973178e-16 1.000000e+00 1.421085e-14
    outer loop
      vertex   1.571625e+02 -1.309500e+02 -1.000000e-01
      vertex   1.285875e+02 -1.309500e+02 -1.100000e+00
      vertex   1.000125e+02 -1.309500e+02 -1.000000e-01
    endloop
  endfacet
  facet normal 0.000000e+00 1.000000e+00 0.000000e+00
    outer loop
      vertex   1.000125e+02 -1.309500e+02 -1.000000e-01
      vertex   1.285875e+02 -1.309500e+02 -1.100000e+00
      vertex   1.278433e+02 -1.309500e+02 -1.180037e+00
    endloop
  endfacet
  facet normal 0.000000e+00 1.000000e+00 0.000000e+00
    outer loop
      vertex   1.000125e+02 -1.309500e+02 -1.000000e-01
      vertex   1.278433e+02 -1.309500e+02 -1.180037e+00
      vertex   1.271331e+02 -1.309500e+02 -1.416487e+00
    endloop
  endfacet
  facet normal 0.000000e+00 1.000000e+00 0.000000e+00
    outer loop
      vertex   1.271331e+02 -1.309500e+02 -1.416487e+00
      vertex   1.264895e+02 -1.309500e+02 -1.798537e+00
      vertex   1.000125e+02 -1.309500e+02 -1.000000e-01
    endloop
  endfacet
  facet normal 0.000000e+00 1.000000e+00 0.000000e+00
    outer loop
      vertex   1.000125e+02 -1.309500e+02 -1.000000e-01
      vertex   1.264895e+02 -1.309500e+02 -1.798537e+00
      vertex   1.259417e+02 -1.309500e+02 -2.308712e+00
    endloop
  endfacet
  facet normal 0.000000e+00 1.000000e+00 0.000000e+00
    outer loop
      vertex   1.000125e+02 -1.309500e+02 -1.000000e-01
      vertex   1.259417e+02 -1.309500e+02 -2.308712e+00
      vertex   1.255150e+02 -1.309500e+02 -2.923681e+00
    endloop
  endfacet
  facet normal 0.000000e+00 1.000000e+00 0.000000e+00
    outer loop
      vertex   1.000125e+02 -1.309500e+02 -1.000000e-01
      vertex   1.255150e+02 -1.309500e+02 -2.923681e+00
      vertex   1.000125e+02 -1.309500e+02 -5.100000e+00
    endloop
  endfacet
  facet normal 0.000000e+00 1.000000e+00 0.000000e+00
    outer loop
      vertex   1.000125e+02 -1.309500e+02 -5.100000e+00
      vertex   1.255150e+02 -1.309500e+02 -2.923681e+00
      vertex   1.252289e+02 -1.309500e+02 -3.615316e+00
    endloop
  endfacet
  facet normal 0.000000e+00 1.000000e+00 0.000000e+00
    outer loop
      vertex   1.000125e+02 -1.309500e+02 -5.100000e+00
      vertex   1.252289e+02 -1.309500e+02 -3.615316e+00
      vertex   1.250963e+02 -1.309500e+02 -4.351987e+00
    endloop
  endfacet
  facet normal 0.000000e+00 1.000000e+00 0.000000e+00
    outer loop
      vertex   1.250963e+02 -1.309500e+02 -4.351987e+00
      vertex   1.251234e+02 -1.309500e+02 -5.100000e+00
      vertex   1.000125e+02 -1.309500e+02 -5.100000e+00
    endloop
  endfacet
  facet normal -9.974521e-01 7.133922e-02 5.669859e-15
    outer loop
      vertex   1.642875e+02 -1.238250e+02 -1.000000e-01
      vertex   1.642875e+02 -1.238250e+02 -5.100000e+00
      vertex   1.642150e+02 -1.248390e+02 -1.000000e-01
    endloop
  endfacet
  facet normal -9.974521e-01 7.133922e-02 0.000000e+00
    outer loop
      vertex   1.642150e+02 -1.248390e+02 -1.000000e-01
      vertex   1.642875e+02 -1.238250e+02 -5.100000e+00
      vertex   1.642150e+02 -1.248390e+02 -5.100000e+00
    endloop
  endfacet
  facet normal -9.771469e-01 2.125653e-01 0.000000e+00
    outer loop
      vertex   1.642150e+02 -1.248390e+02 -1.000000e-01
      vertex   1.642150e+02 -1.248390e+02 -5.100000e+00
      vertex   1.639989e+02 -1.258323e+02 -1.000000e-01
    endloop
  endfacet
  facet normal -9.771469e-01 2.125653e-01 0.000000e+00
    outer loop
      vertex   1.639989e+02 -1.258323e+02 -1.000000e-01
      vertex   1.642150e+02 -1.248390e+02 -5.100000e+00
      vertex   1.639989e+02 -1.258323e+02 -5.100000e+00
    endloop
  endfacet
  facet normal -9.369497e-01 3.494642e-01 0.000000e+00
    outer loop
      vertex   1.639989e+02 -1.258323e+02 -1.000000e-01
      vertex   1.639989e+02 -1.258323e+02 -5.100000e+00
      vertex   1.636436e+02 -1.267848e+02 -1.000000e-01
    endloop
  endfacet
  facet normal -9.369497e-01 3.494642e-01 0.000000e+00
    outer loop
      vertex   1.636436e+02 -1.267848e+02 -1.000000e-01
      vertex   1.639989e+02 -1.258323e+02 -5.100000e+00
      vertex   1.636436e+02 -1.267848e+02 -5.100000e+00
    endloop
  endfacet
  facet normal -8.776790e-01 4.792490e-01 0.000000e+00
    outer loop
      vertex   1.636436e+02 -1.267848e+02 -1.000000e-01
      vertex   1.636436e+02 -1.267848e+02 -5.100000e+00
      vertex   1.631564e+02 -1.276771e+02 -1.000000e-01
    endloop
  endfacet
  facet normal -8.776790e-01 4.792490e-01 0.000000e+00
    outer loop
      vertex   1.631564e+02 -1.276771e+02 -1.000000e-01
      vertex   1.636436e+02 -1.267848e+02 -5.100000e+00
      vertex   1.631564e+02 -1.276771e+02 -5.100000e+00
    endloop
  endfacet
  facet normal -8.005412e-01 5.992777e-01 0.000000e+00
    outer loop
      vertex   1.631564e+02 -1.276771e+02 -1.000000e-01
      vertex   1.631564e+02 -1.276771e+02 -5.100000e+00
      vertex   1.625472e+02 -1.284909e+02 -1.000000e-01
    endloop
  endfacet
  facet normal -8.005412e-01 5.992777e-01 0.000000e+00
    outer loop
      vertex   1.625472e+02 -1.284909e+02 -1.000000e-01
      vertex   1.631564e+02 -1.276771e+02 -5.100000e+00
      vertex   1.625472e+02 -1.284909e+02 -5.100000e+00
    endloop
  endfacet
  facet normal -7.071068e-01 7.071068e-01 0.000000e+00
    outer loop
      vertex   1.625472e+02 -1.284909e+02 -1.000000e-01
      vertex   1.625472e+02 -1.284909e+02 -5.100000e+00
      vertex   1.618284e+02 -1.292097e+02 -1.000000e-01
    endloop
  endfacet
  facet normal -7.071068e-01 7.071068e-01 0.000000e+00
    outer loop
      vertex   1.618284e+02 -1.292097e+02 -1.000000e-01
      vertex   1.625472e+02 -1.284909e+02 -5.100000e+00
      vertex   1.618284e+02 -1.292097e+02 -5.100000e+00
    endloop
  endfacet
  facet normal -5.992777e-01 8.005412e-01 0.000000e+00
    outer loop
      vertex   1.618284e+02 -1.292097e+02 -1.000000e-01
      vertex   1.618284e+02 -1.292097e+02 -5.100000e+00
      vertex   1.610146e+02 -1.298189e+02 -1.000000e-01
    endloop
  endfacet
  facet normal -5.992777e-01 8.005412e-01 0.000000e+00
    outer loop
      vertex   1.610146e+02 -1.298189e+02 -1.000000e-01
      vertex   1.618284e+02 -1.292097e+02 -5.100000e+00
      vertex   1.610146e+02 -1.298189e+02 -5.100000e+00
    endloop
  endfacet
  facet normal -4.792490e-01 8.776790e-01 0.000000e+00
    outer loop
      vertex   1.610146e+02 -1.298189e+02 -1.000000e-01
      vertex   1.610146e+02 -1.298189e+02 -5.100000e+00
      vertex   1.601223e+02 -1.303061e+02 -1.000000e-01
    endloop
  endfacet
  facet normal -4.792490e-01 8.776790e-01 0.000000e+00
    outer loop
      vertex   1.601223e+02 -1.303061e+02 -1.000000e-01
      vertex   1.610146e+02 -1.298189e+02 -5.100000e+00
      vertex   1.601223e+02 -1.303061e+02 -5.100000e+00
    endloop
  endfacet
  facet normal -3.494642e-01 9.369497e-01 0.000000e+00
    outer loop
      vertex   1.601223e+02 -1.303061e+02 -1.000000e-01
      vertex   1.601223e+02 -1.303061e+02 -5.100000e+00
      vertex   1.591698e+02 -1.306614e+02 -1.000000e-01
    endloop
  endfacet
  facet normal -3.494642e-01 9.369497e-01 0.000000e+00
    outer loop
      vertex   1.591698e+02 -1.306614e+02 -1.000000e-01
      vertex   1.601223e+02 -1.303061e+02 -5.100000e+00
      vertex   1.591698e+02 -1.306614e+02 -5.100000e+00
    endloop
  endfacet
  facet normal -2.125653e-01 9.771469e-01 0.000000e+00
    outer loop
      vertex   1.591698e+02 -1.306614e+02 -1.000000e-01
      vertex   1.591698e+02 -1.306614e+02 -5.100000e+00
      vertex   1.581765e+02 -1.308775e+02 -1.000000e-01
    endloop
  endfacet
  facet normal -2.125653e-01 9.771469e-01 0.000000e+00
    outer loop
      vertex   1.581765e+02 -1.308775e+02 -1.000000e-01
      vertex   1.591698e+02 -1.306614e+02 -5.100000e+00
      vertex   1.581765e+02 -1.308775e+02 -5.100000e+00
    endloop
  endfacet
  facet normal -7.133921e-02 9.974521e-01 0.000000e+00
    outer loop
      vertex   1.581765e+02 -1.308775e+02 -1.000000e-01
      vertex   1.581765e+02 -1.308775e+02 -5.100000e+00
      vertex   1.571625e+02 -1.309500e+02 -1.000000e-01
    endloop
  endfacet
  facet normal -7.133921e-02 9.974521e-01 0.000000e+00
    outer loop
      vertex   1.571625e+02 -1.309500e+02 -1.000000e-01
      vertex   1.581765e+02 -1.308775e+02 -5.100000e+00
      vertex   1.571625e+02 -1.309500e+02 -5.100000e+00
    endloop
  endfacet
  facet normal -2.208532e-16 1.579574e-17 1.000000e+00
    outer loop
      vertex   9.296002e+01 -3.708601e+01 -1.000000e-01
      vertex   9.045684e+01 -3.694200e+01 -1.000000e-01
      vertex   9.288750e+01 -3.810000e+01 -1.000000e-01
    endloop
  endfacet
  facet normal -2.208444e-16 1.581426e-17 1.000000e+00
    outer loop
      vertex   9.288750e+01 -3.810000e+01 -1.000000e-01
      vertex   9.045684e+01 -3.694200e+01 -1.000000e-01
      vertex   9.039015e+01 -3.787327e+01 -1.000000e-01
    endloop
  endfacet
  facet normal -3.772184e-15 -3.910113e-14 1.000000e+00
    outer loop
      vertex   9.288750e+01 -3.810000e+01 -1.000000e-01
      vertex   9.039015e+01 -3.787327e+01 -1.000000e-01
      vertex   9.038899e+01 -3.792995e+01 -1.000000e-01
    endloop
  endfacet
  facet normal -2.192645e-16 4.769807e-17 1.000000e+00
    outer loop
      vertex   9.317611e+01 -3.609266e+01 -1.000000e-01
      vertex   9.085514e+01 -3.512397e+01 -1.000000e-01
      vertex   9.296002e+01 -3.708601e+01 -1.000000e-01
    endloop
  endfacet
  facet normal -2.106971e-16 5.688918e-17 1.000000e+00
    outer loop
      vertex   9.296002e+01 -3.708601e+01 -1.000000e-01
      vertex   9.085514e+01 -3.512397e+01 -1.000000e-01
      vertex   9.061228e+01 -3.602343e+01 -1.000000e-01
    endloop
  endfacet
  facet normal -2.196238e-16 3.716586e-17 1.000000e+00
    outer loop
      vertex   9.296002e+01 -3.708601e+01 -1.000000e-01
      vertex   9.061228e+01 -3.602343e+01 -1.000000e-01
      vertex   9.045684e+01 -3.694200e+01 -1.000000e-01
    endloop
  endfacet
  facet normal -2.067029e-16 7.779567e-17 1.000000e+00
    outer loop
      vertex   9.085514e+01 -3.512397e+01 -1.000000e-01
      vertex   9.317611e+01 -3.609266e+01 -1.000000e-01
      vertex   9.118406e+01 -3.425002e+01 -1.000000e-01
    endloop
  endfacet
  facet normal -2.071839e-16 7.727562e-17 1.000000e+00
    outer loop
      vertex   9.118406e+01 -3.425002e+01 -1.000000e-01
      vertex   9.317611e+01 -3.609266e+01 -1.000000e-01
      vertex   9.353137e+01 -3.514017e+01 -1.000000e-01
    endloop
  endfacet
  facet normal -1.993704e-16 9.787974e-17 1.000000e+00
    outer loop
      vertex   9.118406e+01 -3.425002e+01 -1.000000e-01
      vertex   9.353137e+01 -3.514017e+01 -1.000000e-01
      vertex   9.159540e+01 -3.341218e+01 -1.000000e-01
    endloop
  endfacet
  facet normal -1.849172e-16 1.140726e-16 1.000000e+00
    outer loop
      vertex   9.159540e+01 -3.341218e+01 -1.000000e-01
      vertex   9.353137e+01 -3.514017e+01 -1.000000e-01
      vertex   9.208435e+01 -3.261955e+01 -1.000000e-01
    endloop
  endfacet
  facet normal -1.966126e-16 1.073586e-16 1.000000e+00
    outer loop
      vertex   9.208435e+01 -3.261955e+01 -1.000000e-01
      vertex   9.353137e+01 -3.514017e+01 -1.000000e-01
      vertex   9.401857e+01 -3.424793e+01 -1.000000e-01
    endloop
  endfacet
  facet normal -1.751245e-16 1.328825e-16 1.000000e+00
    outer loop
      vertex   9.208435e+01 -3.261955e+01 -1.000000e-01
      vertex   9.401857e+01 -3.424793e+01 -1.000000e-01
      vertex   9.264733e+01 -3.187761e+01 -1.000000e-01
    endloop
  endfacet
  facet normal -1.764702e-16 1.321040e-16 1.000000e+00
    outer loop
      vertex   9.264733e+01 -3.187761e+01 -1.000000e-01
      vertex   9.401857e+01 -3.424793e+01 -1.000000e-01
      vertex   9.462778e+01 -3.343412e+01 -1.000000e-01
    endloop
  endfacet
  facet normal -1.624074e-16 1.499970e-16 1.000000e+00
    outer loop
      vertex   9.264733e+01 -3.187761e+01 -1.000000e-01
      vertex   9.462778e+01 -3.343412e+01 -1.000000e-01
      vertex   9.328073e+01 -3.119180e+01 -1.000000e-01
    endloop
  endfacet
  facet normal -1.437629e-16 1.611975e-16 1.000000e+00
    outer loop
      vertex   9.328073e+01 -3.119180e+01 -1.000000e-01
      vertex   9.462778e+01 -3.343412e+01 -1.000000e-01
      vertex   9.397732e+01 -3.057055e+01 -1.000000e-01
    endloop
  endfacet
  facet normal -1.579703e-16 1.579703e-16 1.000000e+00
    outer loop
      vertex   9.397732e+01 -3.057055e+01 -1.000000e-01
      vertex   9.462778e+01 -3.343412e+01 -1.000000e-01
      vertex   9.534662e+01 -3.271528e+01 -1.000000e-01
    endloop
  endfacet
  facet normal -1.290445e-16 1.764379e-16 1.000000e+00
    outer loop
      vertex   9.397732e+01 -3.057055e+01 -1.000000e-01
      vertex   9.534662e+01 -3.271528e+01 -1.000000e-01
      vertex   9.472894e+01 -3.002083e+01 -1.000000e-01
    endloop
  endfacet
  facet normal -1.316352e-16 1.758440e-16 1.000000e+00
    outer loop
      vertex   9.472894e+01 -3.002083e+01 -1.000000e-01
      vertex   9.534662e+01 -3.271528e+01 -1.000000e-01
      vertex   9.616043e+01 -3.210607e+01 -1.000000e-01
    endloop
  endfacet
  facet normal -1.120851e-16 1.892649e-16 1.000000e+00
    outer loop
      vertex   9.472894e+01 -3.002083e+01 -1.000000e-01
      vertex   9.616043e+01 -3.210607e+01 -1.000000e-01
      vertex   9.553018e+01 -2.954633e+01 -1.000000e-01
    endloop
  endfacet
  facet normal -1.043821e-16 1.911615e-16 1.000000e+00
    outer loop
      vertex   9.553018e+01 -2.954633e+01 -1.000000e-01
      vertex   9.616043e+01 -3.210607e+01 -1.000000e-01
      vertex   9.705267e+01 -3.161887e+01 -1.000000e-01
    endloop
  endfacet
  facet normal -9.326476e-17 1.993283e-16 1.000000e+00
    outer loop
      vertex   9.553018e+01 -2.954633e+01 -1.000000e-01
      vertex   9.705267e+01 -3.161887e+01 -1.000000e-01
      vertex   9.637561e+01 -2.915076e+01 -1.000000e-01
    endloop
  endfacet
  facet normal -7.260402e-17 2.049960e-16 1.000000e+00
    outer loop
      vertex   9.637561e+01 -2.915076e+01 -1.000000e-01
      vertex   9.705267e+01 -3.161887e+01 -1.000000e-01
      vertex   9.725539e+01 -2.883916e+01 -1.000000e-01
    endloop
  endfacet
  facet normal -7.656737e-17 2.052851e-16 1.000000e+00
    outer loop
      vertex   9.725539e+01 -2.883916e+01 -1.000000e-01
      vertex   9.705267e+01 -3.161887e+01 -1.000000e-01
      vertex   9.800516e+01 -3.126361e+01 -1.000000e-01
    endloop
  endfacet
  facet normal -5.275559e-17 2.126488e-16 1.000000e+00
    outer loop
      vertex   9.725539e+01 -2.883916e+01 -1.000000e-01
      vertex   9.800516e+01 -3.126361e+01 -1.000000e-01
      vertex   9.815910e+01 -2.861496e+01 -1.000000e-01
    endloop
  endfacet
  facet normal -4.617574e-17 2.122664e-16 1.000000e+00
    outer loop
      vertex   9.815910e+01 -2.861496e+01 -1.000000e-01
      vertex   9.800516e+01 -3.126361e+01 -1.000000e-01
      vertex   9.899851e+01 -3.104752e+01 -1.000000e-01
    endloop
  endfacet
  facet normal -3.194171e-17 2.171782e-16 1.000000e+00
    outer loop
      vertex   9.815910e+01 -2.861496e+01 -1.000000e-01
      vertex   9.899851e+01 -3.104752e+01 -1.000000e-01
      vertex   9.908028e+01 -2.847948e+01 -1.000000e-01
    endloop
  endfacet
  facet normal -1.549544e-17 2.166545e-16 1.000000e+00
    outer loop
      vertex   9.908028e+01 -2.847948e+01 -1.000000e-01
      vertex   9.899851e+01 -3.104752e+01 -1.000000e-01
      vertex   1.000125e+02 -3.097500e+01 -1.000000e-01
    endloop
  endfacet
  facet normal -1.065200e-17 2.184638e-16 1.000000e+00
    outer loop
      vertex   9.908028e+01 -2.847948e+01 -1.000000e-01
      vertex   1.000125e+02 -3.097500e+01 -1.000000e-01
      vertex   1.000125e+02 -2.843402e+01 -1.000000e-01
    endloop
  endfacet
  facet normal -2.676763e-29 2.184638e-16 1.000000e+00
    outer loop
      vertex   1.000125e+02 -2.843402e+01 -1.000000e-01
      vertex   1.000125e+02 -3.097500e+01 -1.000000e-01
      vertex   1.571625e+02 -2.843402e+01 -1.000000e-01
    endloop
  endfacet
  facet normal -2.675405e-29 2.184638e-16 1.000000e+00
    outer loop
      vertex   1.571625e+02 -2.843402e+01 -1.000000e-01
      vertex   1.000125e+02 -3.097500e+01 -1.000000e-01
      vertex   1.571625e+02 -3.097500e+01 -1.000000e-01
    endloop
  endfacet
  facet normal 1.065265e-17 2.184638e-16 1.000000e+00
    outer loop
      vertex   1.571625e+02 -2.843402e+01 -1.000000e-01
      vertex   1.571625e+02 -3.097500e+01 -1.000000e-01
      vertex   1.580948e+02 -2.847948e+01 -1.000000e-01
    endloop
  endfacet
  facet normal 1.549545e-17 2.166546e-16 1.000000e+00
    outer loop
      vertex   1.580948e+02 -2.847948e+01 -1.000000e-01
      vertex   1.571625e+02 -3.097500e+01 -1.000000e-01
      vertex   1.581765e+02 -3.104752e+01 -1.000000e-01
    endloop
  endfacet
  facet normal 3.194501e-17 2.171780e-16 1.000000e+00
    outer loop
      vertex   1.580948e+02 -2.847948e+01 -1.000000e-01
      vertex   1.581765e+02 -3.104752e+01 -1.000000e-01
      vertex   1.590161e+02 -2.861500e+01 -1.000000e-01
    endloop
  endfacet
  facet normal 4.617565e-17 2.122660e-16 1.000000e+00
    outer loop
      vertex   1.590161e+02 -2.861500e+01 -1.000000e-01
      vertex   1.581765e+02 -3.104752e+01 -1.000000e-01
      vertex   1.591698e+02 -3.126361e+01 -1.000000e-01
    endloop
  endfacet
  facet normal 5.276450e-17 2.126484e-16 1.000000e+00
    outer loop
      vertex   1.590161e+02 -2.861500e+01 -1.000000e-01
      vertex   1.591698e+02 -3.126361e+01 -1.000000e-01
      vertex   1.599201e+02 -2.883931e+01 -1.000000e-01
    endloop
  endfacet
  facet normal 7.656632e-17 2.052822e-16 1.000000e+00
    outer loop
      vertex   1.599201e+02 -2.883931e+01 -1.000000e-01
      vertex   1.591698e+02 -3.126361e+01 -1.000000e-01
      vertex   1.601223e+02 -3.161887e+01 -1.000000e-01
    endloop
  endfacet
  facet normal 7.262103e-17 2.049952e-16 1.000000e+00
    outer loop
      vertex   1.599201e+02 -2.883931e+01 -1.000000e-01
      vertex   1.601223e+02 -3.161887e+01 -1.000000e-01
      vertex   1.608002e+02 -2.915110e+01 -1.000000e-01
    endloop
  endfacet
  facet normal 9.327951e-17 1.993203e-16 1.000000e+00
    outer loop
      vertex   1.608002e+02 -2.915110e+01 -1.000000e-01
      vertex   1.601223e+02 -3.161887e+01 -1.000000e-01
      vertex   1.616453e+02 -2.954659e+01 -1.000000e-01
    endloop
  endfacet
  facet normal 1.043818e-16 1.911610e-16 1.000000e+00
    outer loop
      vertex   1.616453e+02 -2.954659e+01 -1.000000e-01
      vertex   1.601223e+02 -3.161887e+01 -1.000000e-01
      vertex   1.610146e+02 -3.210607e+01 -1.000000e-01
    endloop
  endfacet
  facet normal 1.120954e-16 1.892601e-16 1.000000e+00
    outer loop
      vertex   1.616453e+02 -2.954659e+01 -1.000000e-01
      vertex   1.610146e+02 -3.210607e+01 -1.000000e-01
      vertex   1.624464e+02 -3.002107e+01 -1.000000e-01
    endloop
  endfacet
  facet normal 1.316338e-16 1.758422e-16 1.000000e+00
    outer loop
      vertex   1.624464e+02 -3.002107e+01 -1.000000e-01
      vertex   1.610146e+02 -3.210607e+01 -1.000000e-01
      vertex   1.618284e+02 -3.271528e+01 -1.000000e-01
    endloop
  endfacet
  facet normal 1.290556e-16 1.764336e-16 1.000000e+00
    outer loop
      vertex   1.624464e+02 -3.002107e+01 -1.000000e-01
      vertex   1.618284e+02 -3.271528e+01 -1.000000e-01
      vertex   1.631981e+02 -3.057091e+01 -1.000000e-01
    endloop
  endfacet
  facet normal 1.579665e-16 1.579665e-16 1.000000e+00
    outer loop
      vertex   1.631981e+02 -3.057091e+01 -1.000000e-01
      vertex   1.618284e+02 -3.271528e+01 -1.000000e-01
      vertex   1.625472e+02 -3.343412e+01 -1.000000e-01
    endloop
  endfacet
  facet normal 1.437798e-16 1.611916e-16 1.000000e+00
    outer loop
      vertex   1.631981e+02 -3.057091e+01 -1.000000e-01
      vertex   1.625472e+02 -3.343412e+01 -1.000000e-01
      vertex   1.638949e+02 -3.119243e+01 -1.000000e-01
    endloop
  endfacet
  facet normal 1.624195e-16 1.499855e-16 1.000000e+00
    outer loop
      vertex   1.638949e+02 -3.119243e+01 -1.000000e-01
      vertex   1.625472e+02 -3.343412e+01 -1.000000e-01
      vertex   1.645280e+02 -3.187803e+01 -1.000000e-01
    endloop
  endfacet
  facet normal 1.764681e-16 1.321024e-16 1.000000e+00
    outer loop
      vertex   1.645280e+02 -3.187803e+01 -1.000000e-01
      vertex   1.625472e+02 -3.343412e+01 -1.000000e-01
      vertex   1.631564e+02 -3.424793e+01 -1.000000e-01
    endloop
  endfacet
  facet normal 1.751333e-16 1.328749e-16 1.000000e+00
    outer loop
      vertex   1.645280e+02 -3.187803e+01 -1.000000e-01
      vertex   1.631564e+02 -3.424793e+01 -1.000000e-01
      vertex   1.650909e+02 -3.261992e+01 -1.000000e-01
    endloop
  endfacet
  facet normal 1.966090e-16 1.073567e-16 1.000000e+00
    outer loop
      vertex   1.650909e+02 -3.261992e+01 -1.000000e-01
      vertex   1.631564e+02 -3.424793e+01 -1.000000e-01
      vertex   1.636436e+02 -3.514017e+01 -1.000000e-01
    endloop
  endfacet
  facet normal 1.849266e-16 1.140654e-16 1.000000e+00
    outer loop
      vertex   1.650909e+02 -3.261992e+01 -1.000000e-01
      vertex   1.636436e+02 -3.514017e+01 -1.000000e-01
      vertex   1.655799e+02 -3.341267e+01 -1.000000e-01
    endloop
  endfacet
  facet normal 1.993798e-16 9.786575e-17 1.000000e+00
    outer loop
      vertex   1.655799e+02 -3.341267e+01 -1.000000e-01
      vertex   1.636436e+02 -3.514017e+01 -1.000000e-01
      vertex   1.659913e+02 -3.425084e+01 -1.000000e-01
    endloop
  endfacet
  facet normal 2.071802e-16 7.727421e-17 1.000000e+00
    outer loop
      vertex   1.659913e+02 -3.425084e+01 -1.000000e-01
      vertex   1.636436e+02 -3.514017e+01 -1.000000e-01
      vertex   1.639989e+02 -3.609266e+01 -1.000000e-01
    endloop
  endfacet
  facet normal 2.067111e-16 7.778162e-17 1.000000e+00
    outer loop
      vertex   1.659913e+02 -3.425084e+01 -1.000000e-01
      vertex   1.639989e+02 -3.609266e+01 -1.000000e-01
      vertex   1.663200e+02 -3.512445e+01 -1.000000e-01
    endloop
  endfacet
  facet normal 2.192601e-16 4.769712e-17 1.000000e+00
    outer loop
      vertex   1.663200e+02 -3.512445e+01 -1.000000e-01
      vertex   1.639989e+02 -3.609266e+01 -1.000000e-01
      vertex   1.642150e+02 -3.708601e+01 -1.000000e-01
    endloop
  endfacet
  facet normal 2.107015e-16 5.688179e-17 1.000000e+00
    outer loop
      vertex   1.663200e+02 -3.512445e+01 -1.000000e-01
      vertex   1.642150e+02 -3.708601e+01 -1.000000e-01
      vertex   1.665628e+02 -3.602365e+01 -1.000000e-01
    endloop
  endfacet
  facet normal 2.196242e-16 3.716273e-17 1.000000e+00
    outer loop
      vertex   1.665628e+02 -3.602365e+01 -1.000000e-01
      vertex   1.642150e+02 -3.708601e+01 -1.000000e-01
      vertex   1.667182e+02 -3.694205e+01 -1.000000e-01
    endloop
  endfacet
  facet normal 2.208530e-16 1.579572e-17 1.000000e+00
    outer loop
      vertex   1.667182e+02 -3.694205e+01 -1.000000e-01
      vertex   1.642150e+02 -3.708601e+01 -1.000000e-01
      vertex   1.642875e+02 -3.810000e+01 -1.000000e-01
    endloop
  endfacet
  facet normal 2.208444e-16 1.581365e-17 1.000000e+00
    outer loop
      vertex   1.667182e+02 -3.694205e+01 -1.000000e-01
      vertex   1.642875e+02 -3.810000e+01 -1.000000e-01
      vertex   1.667849e+02 -3.787327e+01 -1.000000e-01
    endloop
  endfacet
  facet normal 2.218683e-16 4.536323e-18 1.000000e+00
    outer loop
      vertex   1.667849e+02 -3.787327e+01 -1.000000e-01
      vertex   1.642875e+02 -3.810000e+01 -1.000000e-01
      vertex   1.667860e+02 -3.792995e+01 -1.000000e-01
    endloop
  endfacet
  facet normal 2.219564e-16 3.241298e-18 1.000000e+00
    outer loop
      vertex   1.667860e+02 -3.792995e+01 -1.000000e-01
      vertex   1.642875e+02 -3.810000e+01 -1.000000e-01
      vertex   1.667868e+02 -3.798663e+01 -1.000000e-01
    endloop
  endfacet
  facet normal 2.220152e-16 1.945208e-18 1.000000e+00
    outer loop
      vertex   1.667868e+02 -3.798663e+01 -1.000000e-01
      vertex   1.642875e+02 -3.810000e+01 -1.000000e-01
      vertex   1.667873e+02 -3.804331e+01 -1.000000e-01
    endloop
  endfacet
  facet normal -3.187173e-22 9.792531e-15 1.000000e+00
    outer loop
      vertex   1.667873e+02 -3.804331e+01 -1.000000e-01
      vertex   1.642875e+02 -3.810000e+01 -1.000000e-01
      vertex   1.667875e+02 -3.810000e+01 -1.000000e-01
    endloop
  endfacet
  facet normal 0.000000e+00 0.000000e+00 1.000000e+00
    outer loop
      vertex   1.667875e+02 -3.810000e+01 -1.000000e-01
      vertex   1.642875e+02 -3.810000e+01 -1.000000e-01
      vertex   1.667875e+02 -1.238250e+02 -1.000000e-01
    endloop
  endfacet
  facet normal 0.000000e+00 0.000000e+00 1.000000e+00
    outer loop
      vertex   1.667875e+02 -1.238250e+02 -1.000000e-01
      vertex   1.642875e+02 -3.810000e+01 -1.000000e-01
      vertex   1.642875e+02 -1.238250e+02 -1.000000e-01
    endloop
  endfacet
  facet normal 0.000000e+00 0.000000e+00 1.000000e+00
    outer loop
      vertex   1.667875e+02 -1.238250e+02 -1.000000e-01
      vertex   1.642875e+02 -1.238250e+02 -1.000000e-01
      vertex   1.667052e+02 -1.250813e+02 -1.000000e-01
    endloop
  endfacet
  facet normal 0.000000e+00 0.000000e+00 1.000000e+00
    outer loop
      vertex   1.667052e+02 -1.250813e+02 -1.000000e-01
      vertex   1.642875e+02 -1.238250e+02 -1.000000e-01
      vertex   1.642150e+02 -1.248390e+02 -1.000000e-01
    endloop
  endfacet
  facet normal 0.000000e+00 0.000000e+00 1.000000e+00
    outer loop
      vertex   1.667052e+02 -1.250813e+02 -1.000000e-01
      vertex   1.642150e+02 -1.248390e+02 -1.000000e-01
      vertex   1.664595e+02 -1.263161e+02 -1.000000e-01
    endloop
  endfacet
  facet normal 0.000000e+00 0.000000e+00 1.000000e+00
    outer loop
      vertex   1.664595e+02 -1.263161e+02 -1.000000e-01
      vertex   1.642150e+02 -1.248390e+02 -1.000000e-01
      vertex   1.639989e+02 -1.258323e+02 -1.000000e-01
    endloop
  endfacet
  facet normal 0.000000e+00 0.000000e+00 1.000000e+00
    outer loop
      vertex   1.664595e+02 -1.263161e+02 -1.000000e-01
      vertex   1.639989e+02 -1.258323e+02 -1.000000e-01
      vertex   1.660548e+02 -1.275083e+02 -1.000000e-01
    endloop
  endfacet
  facet normal 0.000000e+00 0.000000e+00 1.000000e+00
    outer loop
      vertex   1.660548e+02 -1.275083e+02 -1.000000e-01
      vertex   1.639989e+02 -1.258323e+02 -1.000000e-01
      vertex   1.636436e+02 -1.267848e+02 -1.000000e-01
    endloop
  endfacet
  facet normal 0.000000e+00 0.000000e+00 1.000000e+00
    outer loop
      vertex   1.660548e+02 -1.275083e+02 -1.000000e-01
      vertex   1.636436e+02 -1.267848e+02 -1.000000e-01
      vertex   1.654980e+02 -1.286375e+02 -1.000000e-01
    endloop
  endfacet
  facet normal 0.000000e+00 0.000000e+00 1.000000e+00
    outer loop
      vertex   1.654980e+02 -1.286375e+02 -1.000000e-01
      vertex   1.636436e+02 -1.267848e+02 -1.000000e-01
      vertex   1.647985e+02 -1.296843e+02 -1.000000e-01
    endloop
  endfacet
  facet normal 0.000000e+00 0.000000e+00 1.000000e+00
    outer loop
      vertex   1.647985e+02 -1.296843e+02 -1.000000e-01
      vertex   1.636436e+02 -1.267848e+02 -1.000000e-01
      vertex   1.631564e+02 -1.276771e+02 -1.000000e-01
    endloop
  endfacet
  facet normal 0.000000e+00 0.000000e+00 1.000000e+00
    outer loop
      vertex   1.647985e+02 -1.296843e+02 -1.000000e-01
      vertex   1.631564e+02 -1.276771e+02 -1.000000e-01
      vertex   1.639684e+02 -1.306309e+02 -1.000000e-01
    endloop
  endfacet
  facet normal 0.000000e+00 0.000000e+00 1.000000e+00
    outer loop
      vertex   1.639684e+02 -1.306309e+02 -1.000000e-01
      vertex   1.631564e+02 -1.276771e+02 -1.000000e-01
      vertex   1.625472e+02 -1.284909e+02 -1.000000e-01
    endloop
  endfacet
  facet normal 0.000000e+00 0.000000e+00 1.000000e+00
    outer loop
      vertex   1.639684e+02 -1.306309e+02 -1.000000e-01
      vertex   1.625472e+02 -1.284909e+02 -1.000000e-01
      vertex   1.630218e+02 -1.314610e+02 -1.000000e-01
    endloop
  endfacet
  facet normal 0.000000e+00 0.000000e+00 1.000000e+00
    outer loop
      vertex   1.630218e+02 -1.314610e+02 -1.000000e-01
      vertex   1.625472e+02 -1.284909e+02 -1.000000e-01
      vertex   1.618284e+02 -1.292097e+02 -1.000000e-01
    endloop
  endfacet
  facet normal 0.000000e+00 0.000000e+00 1.000000e+00
    outer loop
      vertex   1.630218e+02 -1.314610e+02 -1.000000e-01
      vertex   1.618284e+02 -1.292097e+02 -1.000000e-01
      vertex   1.619750e+02 -1.321605e+02 -1.000000e-01
    endloop
  endfacet
  facet normal 0.000000e+00 0.000000e+00 1.000000e+00
    outer loop
      vertex   1.619750e+02 -1.321605e+02 -1.000000e-01
      vertex   1.618284e+02 -1.292097e+02 -1.000000e-01
      vertex   1.610146e+02 -1.298189e+02 -1.000000e-01
    endloop
  endfacet
  facet normal 0.000000e+00 0.000000e+00 1.000000e+00
    outer loop
      vertex   1.619750e+02 -1.321605e+02 -1.000000e-01
      vertex   1.610146e+02 -1.298189e+02 -1.000000e-01
      vertex   1.608458e+02 -1.327173e+02 -1.000000e-01
    endloop
  endfacet
  facet normal 0.000000e+00 -0.000000e+00 1.000000e+00
    outer loop
      vertex   1.608458e+02 -1.327173e+02 -1.000000e-01
      vertex   1.610146e+02 -1.298189e+02 -1.000000e-01
      vertex   1.601223e+02 -1.303061e+02 -1.000000e-01
    endloop
  endfacet
  facet normal 0.000000e+00 0.000000e+00 1.000000e+00
    outer loop
      vertex   1.608458e+02 -1.327173e+02 -1.000000e-01
      vertex   1.601223e+02 -1.303061e+02 -1.000000e-01
      vertex   1.596536e+02 -1.331220e+02 -1.000000e-01
    endloop
  endfacet
  facet normal 0.000000e+00 -0.000000e+00 1.000000e+00
    outer loop
      vertex   1.596536e+02 -1.331220e+02 -1.000000e-01
      vertex   1.601223e+02 -1.303061e+02 -1.000000e-01
      vertex   1.591698e+02 -1.306614e+02 -1.000000e-01
    endloop
  endfacet
  facet normal 0.000000e+00 0.000000e+00 1.000000e+00
    outer loop
      vertex   1.596536e+02 -1.331220e+02 -1.000000e-01
      vertex   1.591698e+02 -1.306614e+02 -1.000000e-01
      vertex   1.584188e+02 -1.333677e+02 -1.000000e-01
    endloop
  endfacet
  facet normal 0.000000e+00 -0.000000e+00 1.000000e+00
    outer loop
      vertex   1.584188e+02 -1.333677e+02 -1.000000e-01
      vertex   1.591698e+02 -1.306614e+02 -1.000000e-01
      vertex   1.581765e+02 -1.308775e+02 -1.000000e-01
    endloop
  endfacet
  facet normal 0.000000e+00 0.000000e+00 1.000000e+00
    outer loop
      vertex   1.584188e+02 -1.333677e+02 -1.000000e-01
      vertex   1.581765e+02 -1.308775e+02 -1.000000e-01
      vertex   1.571625e+02 -1.334500e+02 -1.000000e-01
    endloop
  endfacet
  facet normal 0.000000e+00 -0.000000e+00 1.000000e+00
    outer loop
      vertex   1.571625e+02 -1.334500e+02 -1.000000e-01
      vertex   1.581765e+02 -1.308775e+02 -1.000000e-01
      vertex   1.571625e+02 -1.309500e+02 -1.000000e-01
    endloop
  endfacet
  facet normal 0.000000e+00 0.000000e+00 1.000000e+00
    outer loop
      vertex   1.571625e+02 -1.334500e+02 -1.000000e-01
      vertex   1.571625e+02 -1.309500e+02 -1.000000e-01
      vertex   1.000125e+02 -1.309500e+02 -1.000000e-01
    endloop
  endfacet
  facet normal 0.000000e+00 0.000000e+00 1.000000e+00
    outer loop
      vertex   1.571625e+02 -1.334500e+02 -1.000000e-01
      vertex   1.000125e+02 -1.309500e+02 -1.000000e-01
      vertex   1.000125e+02 -1.334500e+02 -1.000000e-01
    endloop
  endfacet
  facet normal 0.000000e+00 -0.000000e+00 1.000000e+00
    outer loop
      vertex   1.000125e+02 -1.334500e+02 -1.000000e-01
      vertex   1.000125e+02 -1.309500e+02 -1.000000e-01
      vertex   9.899851e+01 -1.308775e+02 -1.000000e-01
    endloop
  endfacet
  facet normal 0.000000e+00 0.000000e+00 1.000000e+00
    outer loop
      vertex   1.000125e+02 -1.334500e+02 -1.000000e-01
      vertex   9.899851e+01 -1.308775e+02 -1.000000e-01
      vertex   9.875619e+01 -1.333677e+02 -1.000000e-01
    endloop
  endfacet
  facet normal 0.000000e+00 -0.000000e+00 1.000000e+00
    outer loop
      vertex   9.875619e+01 -1.333677e+02 -1.000000e-01
      vertex   9.899851e+01 -1.308775e+02 -1.000000e-01
      vertex   9.800516e+01 -1.306614e+02 -1.000000e-01
    endloop
  endfacet
  facet normal 0.000000e+00 0.000000e+00 1.000000e+00
    outer loop
      vertex   9.875619e+01 -1.333677e+02 -1.000000e-01
      vertex   9.800516e+01 -1.306614e+02 -1.000000e-01
      vertex   9.752137e+01 -1.331220e+02 -1.000000e-01
    endloop
  endfacet
  facet normal 0.000000e+00 -0.000000e+00 1.000000e+00
    outer loop
      vertex   9.752137e+01 -1.331220e+02 -1.000000e-01
      vertex   9.800516e+01 -1.306614e+02 -1.000000e-01
      vertex   9.705267e+01 -1.303061e+02 -1.000000e-01
    endloop
  endfacet
  facet normal 0.000000e+00 0.000000e+00 1.000000e+00
    outer loop
      vertex   9.752137e+01 -1.331220e+02 -1.000000e-01
      vertex   9.705267e+01 -1.303061e+02 -1.000000e-01
      vertex   9.632917e+01 -1.327173e+02 -1.000000e-01
    endloop
  endfacet
  facet normal 0.000000e+00 -0.000000e+00 1.000000e+00
    outer loop
      vertex   9.632917e+01 -1.327173e+02 -1.000000e-01
      vertex   9.705267e+01 -1.303061e+02 -1.000000e-01
      vertex   9.616043e+01 -1.298189e+02 -1.000000e-01
    endloop
  endfacet
  facet normal 0.000000e+00 0.000000e+00 1.000000e+00
    outer loop
      vertex   9.632917e+01 -1.327173e+02 -1.000000e-01
      vertex   9.616043e+01 -1.298189e+02 -1.000000e-01
      vertex   9.520000e+01 -1.321605e+02 -1.000000e-01
    endloop
  endfacet
  facet normal 0.000000e+00 0.000000e+00 1.000000e+00
    outer loop
      vertex   9.520000e+01 -1.321605e+02 -1.000000e-01
      vertex   9.616043e+01 -1.298189e+02 -1.000000e-01
      vertex   9.534662e+01 -1.292097e+02 -1.000000e-01
    endloop
  endfacet
  facet normal 0.000000e+00 -0.000000e+00 1.000000e+00
    outer loop
      vertex   9.520000e+01 -1.321605e+02 -1.000000e-01
      vertex   9.534662e+01 -1.292097e+02 -1.000000e-01
      vertex   9.415317e+01 -1.314610e+02 -1.000000e-01
    endloop
  endfacet
  facet normal 0.000000e+00 0.000000e+00 1.000000e+00
    outer loop
      vertex   9.415317e+01 -1.314610e+02 -1.000000e-01
      vertex   9.534662e+01 -1.292097e+02 -1.000000e-01
      vertex   9.462778e+01 -1.284909e+02 -1.000000e-01
    endloop
  endfacet
  facet normal 0.000000e+00 -0.000000e+00 1.000000e+00
    outer loop
      vertex   9.415317e+01 -1.314610e+02 -1.000000e-01
      vertex   9.462778e+01 -1.284909e+02 -1.000000e-01
      vertex   9.320660e+01 -1.306309e+02 -1.000000e-01
    endloop
  endfacet
  facet normal 0.000000e+00 0.000000e+00 1.000000e+00
    outer loop
      vertex   9.320660e+01 -1.306309e+02 -1.000000e-01
      vertex   9.462778e+01 -1.284909e+02 -1.000000e-01
      vertex   9.401857e+01 -1.276771e+02 -1.000000e-01
    endloop
  endfacet
  facet normal 0.000000e+00 -0.000000e+00 1.000000e+00
    outer loop
      vertex   9.320660e+01 -1.306309e+02 -1.000000e-01
      vertex   9.401857e+01 -1.276771e+02 -1.000000e-01
      vertex   9.237647e+01 -1.296843e+02 -1.000000e-01
    endloop
  endfacet
  facet normal 0.000000e+00 0.000000e+00 1.000000e+00
    outer loop
      vertex   9.237647e+01 -1.296843e+02 -1.000000e-01
      vertex   9.401857e+01 -1.276771e+02 -1.000000e-01
      vertex   9.353137e+01 -1.267848e+02 -1.000000e-01
    endloop
  endfacet
  facet normal 0.000000e+00 -0.000000e+00 1.000000e+00
    outer loop
      vertex   9.237647e+01 -1.296843e+02 -1.000000e-01
      vertex   9.353137e+01 -1.267848e+02 -1.000000e-01
      vertex   9.167701e+01 -1.286375e+02 -1.000000e-01
    endloop
  endfacet
  facet normal 0.000000e+00 -0.000000e+00 1.000000e+00
    outer loop
      vertex   9.167701e+01 -1.286375e+02 -1.000000e-01
      vertex   9.353137e+01 -1.267848e+02 -1.000000e-01
      vertex   9.112016e+01 -1.275083e+02 -1.000000e-01
    endloop
  endfacet
  facet normal 0.000000e+00 0.000000e+00 1.000000e+00
    outer loop
      vertex   9.112016e+01 -1.275083e+02 -1.000000e-01
      vertex   9.353137e+01 -1.267848e+02 -1.000000e-01
      vertex   9.317611e+01 -1.258323e+02 -1.000000e-01
    endloop
  endfacet
  facet normal 0.000000e+00 -0.000000e+00 1.000000e+00
    outer loop
      vertex   9.112016e+01 -1.275083e+02 -1.000000e-01
      vertex   9.317611e+01 -1.258323e+02 -1.000000e-01
      vertex   9.071546e+01 -1.263161e+02 -1.000000e-01
    endloop
  endfacet
  facet normal 0.000000e+00 0.000000e+00 1.000000e+00
    outer loop
      vertex   9.071546e+01 -1.263161e+02 -1.000000e-01
      vertex   9.317611e+01 -1.258323e+02 -1.000000e-01
      vertex   9.296002e+01 -1.248390e+02 -1.000000e-01
    endloop
  endfacet
  facet normal 0.000000e+00 -0.000000e+00 1.000000e+00
    outer loop
      vertex   9.071546e+01 -1.263161e+02 -1.000000e-01
      vertex   9.296002e+01 -1.248390e+02 -1.000000e-01
      vertex   9.046984e+01 -1.250813e+02 -1.000000e-01
    endloop
  endfacet
  facet normal 0.000000e+00 0.000000e+00 1.000000e+00
    outer loop
      vertex   9.046984e+01 -1.250813e+02 -1.000000e-01
      vertex   9.296002e+01 -1.248390e+02 -1.000000e-01
      vertex   9.288750e+01 -1.238250e+02 -1.000000e-01
    endloop
  endfacet
  facet normal 0.000000e+00 -0.000000e+00 1.000000e+00
    outer loop
      vertex   9.046984e+01 -1.250813e+02 -1.000000e-01
      vertex   9.288750e+01 -1.238250e+02 -1.000000e-01
      vertex   9.038750e+01 -1.238250e+02 -1.000000e-01
    endloop
  endfacet
  facet normal 0.000000e+00 0.000000e+00 1.000000e+00
    outer loop
      vertex   9.038750e+01 -1.238250e+02 -1.000000e-01
      vertex   9.288750e+01 -1.238250e+02 -1.000000e-01
      vertex   9.038750e+01 -3.810000e+01 -1.000000e-01
    endloop
  endfacet
  facet normal 0.000000e+00 0.000000e+00 1.000000e+00
    outer loop
      vertex   9.038750e+01 -3.810000e+01 -1.000000e-01
      vertex   9.288750e+01 -1.238250e+02 -1.000000e-01
      vertex   9.288750e+01 -3.810000e+01 -1.000000e-01
    endloop
  endfacet
  facet normal 3.896498e-27 4.896280e-14 1.000000e+00
    outer loop
      vertex   9.038750e+01 -3.810000e+01 -1.000000e-01
      vertex   9.288750e+01 -3.810000e+01 -1.000000e-01
      vertex   9.038767e+01 -3.804331e+01 -1.000000e-01
    endloop
  endfacet
  facet normal -1.110076e-15 9.726027e-18 1.000000e+00
    outer loop
      vertex   9.038767e+01 -3.804331e+01 -1.000000e-01
      vertex   9.288750e+01 -3.810000e+01 -1.000000e-01
      vertex   9.038816e+01 -3.798663e+01 -1.000000e-01
    endloop
  endfacet
  facet normal -1.109782e-15 1.620647e-17 1.000000e+00
    outer loop
      vertex   9.038816e+01 -3.798663e+01 -1.000000e-01
      vertex   9.288750e+01 -3.810000e+01 -1.000000e-01
      vertex   9.038899e+01 -3.792995e+01 -1.000000e-01
    endloop
  endfacet
  facet normal -1.000000e+00 0.000000e+00 0.000000e+00
    outer loop
      vertex   1.642875e+02 -3.810000e+01 -5.100000e+00
      vertex   1.642875e+02 -1.238250e+02 -5.100000e+00
      vertex   1.642875e+02 -3.810000e+01 -1.000000e-01
    endloop
  endfacet
  facet normal -1.000000e+00 -3.315452e-16 5.684342e-15
    outer loop
      vertex   1.642875e+02 -3.810000e+01 -1.000000e-01
      vertex   1.642875e+02 -1.238250e+02 -5.100000e+00
      vertex   1.642875e+02 -1.238250e+02 -1.000000e-01
    endloop
  endfacet
  facet normal -7.133922e-02 -9.974521e-01 -1.417465e-15
    outer loop
      vertex   1.571625e+02 -3.097500e+01 -1.000000e-01
      vertex   1.571625e+02 -3.097500e+01 -5.100000e+00
      vertex   1.581765e+02 -3.104752e+01 -1.000000e-01
    endloop
  endfacet
  facet normal -7.133922e-02 -9.974521e-01 -0.000000e+00
    outer loop
      vertex   1.581765e+02 -3.104752e+01 -1.000000e-01
      vertex   1.571625e+02 -3.097500e+01 -5.100000e+00
      vertex   1.581765e+02 -3.104752e+01 -5.100000e+00
    endloop
  endfacet
  facet normal -2.125653e-01 -9.771469e-01 -0.000000e+00
    outer loop
      vertex   1.581765e+02 -3.104752e+01 -1.000000e-01
      vertex   1.581765e+02 -3.104752e+01 -5.100000e+00
      vertex   1.591698e+02 -3.126361e+01 -1.000000e-01
    endloop
  endfacet
  facet normal -2.125653e-01 -9.771469e-01 -0.000000e+00
    outer loop
      vertex   1.591698e+02 -3.126361e+01 -1.000000e-01
      vertex   1.581765e+02 -3.104752e+01 -5.100000e+00
      vertex   1.591698e+02 -3.126361e+01 -5.100000e+00
    endloop
  endfacet
  facet normal -3.494642e-01 -9.369497e-01 -0.000000e+00
    outer loop
      vertex   1.591698e+02 -3.126361e+01 -1.000000e-01
      vertex   1.591698e+02 -3.126361e+01 -5.100000e+00
      vertex   1.601223e+02 -3.161887e+01 -1.000000e-01
    endloop
  endfacet
  facet normal -3.494642e-01 -9.369497e-01 -0.000000e+00
    outer loop
      vertex   1.601223e+02 -3.161887e+01 -1.000000e-01
      vertex   1.591698e+02 -3.126361e+01 -5.100000e+00
      vertex   1.601223e+02 -3.161887e+01 -5.100000e+00
    endloop
  endfacet
  facet normal -4.792490e-01 -8.776790e-01 -0.000000e+00
    outer loop
      vertex   1.601223e+02 -3.161887e+01 -1.000000e-01
      vertex   1.601223e+02 -3.161887e+01 -5.100000e+00
      vertex   1.610146e+02 -3.210607e+01 -1.000000e-01
    endloop
  endfacet
  facet normal -4.792490e-01 -8.776790e-01 -0.000000e+00
    outer loop
      vertex   1.610146e+02 -3.210607e+01 -1.000000e-01
      vertex   1.601223e+02 -3.161887e+01 -5.100000e+00
      vertex   1.610146e+02 -3.210607e+01 -5.100000e+00
    endloop
  endfacet
  facet normal -5.992777e-01 -8.005412e-01 -0.000000e+00
    outer loop
      vertex   1.610146e+02 -3.210607e+01 -1.000000e-01
      vertex   1.610146e+02 -3.210607e+01 -5.100000e+00
      vertex   1.618284e+02 -3.271528e+01 -1.000000e-01
    endloop
  endfacet
  facet normal -5.992777e-01 -8.005412e-01 -0.000000e+00
    outer loop
      vertex   1.618284e+02 -3.271528e+01 -1.000000e-01
      vertex   1.610146e+02 -3.210607e+01 -5.100000e+00
      vertex   1.618284e+02 -3.271528e+01 -5.100000e+00
    endloop
  endfacet
  facet normal -7.071068e-01 -7.071068e-01 -0.000000e+00
    outer loop
      vertex   1.618284e+02 -3.271528e+01 -1.000000e-01
      vertex   1.618284e+02 -3.271528e+01 -5.100000e+00
      vertex   1.625472e+02 -3.343412e+01 -1.000000e-01
    endloop
  endfacet
  facet normal -7.071068e-01 -7.071068e-01 -0.000000e+00
    outer loop
      vertex   1.625472e+02 -3.343412e+01 -1.000000e-01
      vertex   1.618284e+02 -3.271528e+01 -5.100000e+00
      vertex   1.625472e+02 -3.343412e+01 -5.100000e+00
    endloop
  endfacet
  facet normal -8.005412e-01 -5.992777e-01 -0.000000e+00
    outer loop
      vertex   1.625472e+02 -3.343412e+01 -1.000000e-01
      vertex   1.625472e+02 -3.343412e+01 -5.100000e+00
      vertex   1.631564e+02 -3.424793e+01 -1.000000e-01
    endloop
  endfacet
  facet normal -8.005412e-01 -5.992777e-01 -0.000000e+00
    outer loop
      vertex   1.631564e+02 -3.424793e+01 -1.000000e-01
      vertex   1.625472e+02 -3.343412e+01 -5.100000e+00
      vertex   1.631564e+02 -3.424793e+01 -5.100000e+00
    endloop
  endfacet
  facet normal -8.776790e-01 -4.792490e-01 -0.000000e+00
    outer loop
      vertex   1.631564e+02 -3.424793e+01 -1.000000e-01
      vertex   1.631564e+02 -3.424793e+01 -5.100000e+00
      vertex   1.636436e+02 -3.514017e+01 -1.000000e-01
    endloop
  endfacet
  facet normal -8.776790e-01 -4.792490e-01 -0.000000e+00
    outer loop
      vertex   1.636436e+02 -3.514017e+01 -1.000000e-01
      vertex   1.631564e+02 -3.424793e+01 -5.100000e+00
      vertex   1.636436e+02 -3.514017e+01 -5.100000e+00
    endloop
  endfacet
  facet normal -9.369497e-01 -3.494642e-01 -0.000000e+00
    outer loop
      vertex   1.636436e+02 -3.514017e+01 -1.000000e-01
      vertex   1.636436e+02 -3.514017e+01 -5.100000e+00
      vertex   1.639989e+02 -3.609266e+01 -1.000000e-01
    endloop
  endfacet
  facet normal -9.369497e-01 -3.494642e-01 -0.000000e+00
    outer loop
      vertex   1.639989e+02 -3.609266e+01 -1.000000e-01
      vertex   1.636436e+02 -3.514017e+01 -5.100000e+00
      vertex   1.639989e+02 -3.609266e+01 -5.100000e+00
    endloop
  endfacet
  facet normal -9.771469e-01 -2.125653e-01 -0.000000e+00
    outer loop
      vertex   1.639989e+02 -3.609266e+01 -1.000000e-01
      vertex   1.639989e+02 -3.609266e+01 -5.100000e+00
      vertex   1.642150e+02 -3.708601e+01 -1.000000e-01
    endloop
  endfacet
  facet normal -9.771469e-01 -2.125653e-01 -0.000000e+00
    outer loop
      vertex   1.642150e+02 -3.708601e+01 -1.000000e-01
      vertex   1.639989e+02 -3.609266e+01 -5.100000e+00
      vertex   1.642150e+02 -3.708601e+01 -5.100000e+00
    endloop
  endfacet
  facet normal -9.974521e-01 -7.133921e-02 -0.000000e+00
    outer loop
      vertex   1.642150e+02 -3.708601e+01 -1.000000e-01
      vertex   1.642150e+02 -3.708601e+01 -5.100000e+00
      vertex   1.642875e+02 -3.810000e+01 -1.000000e-01
    endloop
  endfacet
  facet normal -9.974521e-01 -7.133921e-02 -0.000000e+00
    outer loop
      vertex   1.642875e+02 -3.810000e+01 -1.000000e-01
      vertex   1.642150e+02 -3.708601e+01 -5.100000e+00
      vertex   1.642875e+02 -3.810000e+01 -5.100000e+00
    endloop
  endfacet
  facet normal 9.974521e-01 -7.133922e-02 -1.013791e-16
    outer loop
      vertex   9.288750e+01 -3.810000e+01 -1.000000e-01
      vertex   9.288750e+01 -3.810000e+01 -5.100000e+00
      vertex   9.296002e+01 -3.708601e+01 -1.000000e-01
    endloop
  endfacet
  facet normal 9.974521e-01 -7.133922e-02 -2.027583e-16
    outer loop
      vertex   9.296002e+01 -3.708601e+01 -1.000000e-01
      vertex   9.288750e+01 -3.810000e+01 -5.100000e+00
      vertex   9.296002e+01 -3.708601e+01 -5.100000e+00
    endloop
  endfacet
  facet normal 9.771469e-01 -2.125653e-01 -6.041470e-16
    outer loop
      vertex   9.296002e+01 -3.708601e+01 -1.000000e-01
      vertex   9.296002e+01 -3.708601e+01 -5.100000e+00
      vertex   9.317611e+01 -3.609266e+01 -1.000000e-01
    endloop
  endfacet
  facet normal 9.771469e-01 -2.125653e-01 -3.020735e-16
    outer loop
      vertex   9.317611e+01 -3.609266e+01 -1.000000e-01
      vertex   9.296002e+01 -3.708601e+01 -5.100000e+00
      vertex   9.317611e+01 -3.609266e+01 -5.100000e+00
    endloop
  endfacet
  facet normal 9.369497e-01 -3.494642e-01 -4.966185e-16
    outer loop
      vertex   9.317611e+01 -3.609266e+01 -1.000000e-01
      vertex   9.317611e+01 -3.609266e+01 -5.100000e+00
      vertex   9.353137e+01 -3.514017e+01 -1.000000e-01
    endloop
  endfacet
  facet normal 9.369497e-01 -3.494642e-01 0.000000e+00
    outer loop
      vertex   9.353137e+01 -3.514017e+01 -1.000000e-01
      vertex   9.317611e+01 -3.609266e+01 -5.100000e+00
      vertex   9.353137e+01 -3.514017e+01 -5.100000e+00
    endloop
  endfacet
  facet normal 8.776790e-01 -4.792490e-01 0.000000e+00
    outer loop
      vertex   9.353137e+01 -3.514017e+01 -1.000000e-01
      vertex   9.353137e+01 -3.514017e+01 -5.100000e+00
      vertex   9.401857e+01 -3.424793e+01 -1.000000e-01
    endloop
  endfacet
  facet normal 8.776790e-01 -4.792490e-01 -6.810538e-16
    outer loop
      vertex   9.401857e+01 -3.424793e+01 -1.000000e-01
      vertex   9.353137e+01 -3.514017e+01 -5.100000e+00
      vertex   9.401857e+01 -3.424793e+01 -5.100000e+00
    endloop
  endfacet
  facet normal 8.005412e-01 -5.992777e-01 -8.516248e-16
    outer loop
      vertex   9.401857e+01 -3.424793e+01 -1.000000e-01
      vertex   9.401857e+01 -3.424793e+01 -5.100000e+00
      vertex   9.462778e+01 -3.343412e+01 -1.000000e-01
    endloop
  endfacet
  facet normal 8.005412e-01 -5.992777e-01 0.000000e+00
    outer loop
      vertex   9.462778e+01 -3.343412e+01 -1.000000e-01
      vertex   9.401857e+01 -3.424793e+01 -5.100000e+00
      vertex   9.462778e+01 -3.343412e+01 -5.100000e+00
    endloop
  endfacet
  facet normal 7.071068e-01 -7.071068e-01 0.000000e+00
    outer loop
      vertex   9.462778e+01 -3.343412e+01 -1.000000e-01
      vertex   9.462778e+01 -3.343412e+01 -5.100000e+00
      vertex   9.534662e+01 -3.271528e+01 -1.000000e-01
    endloop
  endfacet
  facet normal 7.071068e-01 -7.071068e-01 1.004859e-15
    outer loop
      vertex   9.534662e+01 -3.271528e+01 -1.000000e-01
      vertex   9.462778e+01 -3.343412e+01 -5.100000e+00
      vertex   9.534662e+01 -3.271528e+01 -5.100000e+00
    endloop
  endfacet
  facet normal 5.992777e-01 -8.005412e-01 5.656120e-16
    outer loop
      vertex   9.534662e+01 -3.271528e+01 -1.000000e-01
      vertex   9.534662e+01 -3.271528e+01 -5.100000e+00
      vertex   9.616043e+01 -3.210607e+01 -1.000000e-01
    endloop
  endfacet
  facet normal 5.992777e-01 -8.005412e-01 3.406499e-15
    outer loop
      vertex   9.616043e+01 -3.210607e+01 -1.000000e-01
      vertex   9.534662e+01 -3.271528e+01 -5.100000e+00
      vertex   9.616043e+01 -3.210607e+01 -5.100000e+00
    endloop
  endfacet
  facet normal 4.792490e-01 -8.776790e-01 2.724215e-15
    outer loop
      vertex   9.616043e+01 -3.210607e+01 -1.000000e-01
      vertex   9.616043e+01 -3.210607e+01 -5.100000e+00
      vertex   9.705267e+01 -3.161887e+01 -1.000000e-01
    endloop
  endfacet
  facet normal 4.792490e-01 -8.776790e-01 -6.236284e-16
    outer loop
      vertex   9.705267e+01 -3.161887e+01 -1.000000e-01
      vertex   9.616043e+01 -3.210607e+01 -5.100000e+00
      vertex   9.705267e+01 -3.161887e+01 -5.100000e+00
    endloop
  endfacet
  facet normal 3.494642e-01 -9.369497e-01 -6.657428e-16
    outer loop
      vertex   9.705267e+01 -3.161887e+01 -1.000000e-01
      vertex   9.705267e+01 -3.161887e+01 -5.100000e+00
      vertex   9.800516e+01 -3.126361e+01 -1.000000e-01
    endloop
  endfacet
  facet normal 3.494642e-01 -9.369497e-01 0.000000e+00
    outer loop
      vertex   9.800516e+01 -3.126361e+01 -1.000000e-01
      vertex   9.705267e+01 -3.161887e+01 -5.100000e+00
      vertex   9.800516e+01 -3.126361e+01 -5.100000e+00
    endloop
  endfacet
  facet normal 2.125653e-01 -9.771469e-01 0.000000e+00
    outer loop
      vertex   9.800516e+01 -3.126361e+01 -1.000000e-01
      vertex   9.800516e+01 -3.126361e+01 -5.100000e+00
      vertex   9.899851e+01 -3.104752e+01 -1.000000e-01
    endloop
  endfacet
  facet normal 2.125653e-01 -9.771469e-01 0.000000e+00
    outer loop
      vertex   9.899851e+01 -3.104752e+01 -1.000000e-01
      vertex   9.800516e+01 -3.126361e+01 -5.100000e+00
      vertex   9.899851e+01 -3.104752e+01 -5.100000e+00
    endloop
  endfacet
  facet normal 7.133921e-02 -9.974521e-01 0.000000e+00
    outer loop
      vertex   9.899851e+01 -3.104752e+01 -1.000000e-01
      vertex   9.899851e+01 -3.104752e+01 -5.100000e+00
      vertex   1.000125e+02 -3.097500e+01 -1.000000e-01
    endloop
  endfacet
  facet normal 7.133921e-02 -9.974521e-01 5.669859e-15
    outer loop
      vertex   1.000125e+02 -3.097500e+01 -1.000000e-01
      vertex   9.899851e+01 -3.104752e+01 -5.100000e+00
      vertex   1.000125e+02 -3.097500e+01 -5.100000e+00
    endloop
  endfacet
  facet normal 0.000000e+00 -0.000000e+00 -1.000000e+00
    outer loop
      vertex   9.038767e+01 -3.804331e+01 -9.100000e+00
      vertex   9.045683e+01 -3.694205e+01 -9.100000e+00
      vertex   9.038750e+01 -3.810000e+01 -9.100000e+00
    endloop
  endfacet
  facet normal 0.000000e+00 0.000000e+00 -1.000000e+00
    outer loop
      vertex   9.038750e+01 -3.810000e+01 -9.100000e+00
      vertex   9.045683e+01 -3.694205e+01 -9.100000e+00
      vertex   9.061223e+01 -3.602365e+01 -9.100000e+00
    endloop
  endfacet
  facet normal 0.000000e+00 0.000000e+00 -1.000000e+00
    outer loop
      vertex   9.038750e+01 -3.810000e+01 -9.100000e+00
      vertex   9.061223e+01 -3.602365e+01 -9.100000e+00
      vertex   9.085498e+01 -3.512445e+01 -9.100000e+00
    endloop
  endfacet
  facet normal 0.000000e+00 0.000000e+00 -1.000000e+00
    outer loop
      vertex   9.038767e+01 -3.804331e+01 -9.100000e+00
      vertex   9.038816e+01 -3.798663e+01 -9.100000e+00
      vertex   9.045683e+01 -3.694205e+01 -9.100000e+00
    endloop
  endfacet
  facet normal 0.000000e+00 0.000000e+00 -1.000000e+00
    outer loop
      vertex   9.045683e+01 -3.694205e+01 -9.100000e+00
      vertex   9.038816e+01 -3.798663e+01 -9.100000e+00
      vertex   9.038899e+01 -3.792995e+01 -9.100000e+00
    endloop
  endfacet
  facet normal 0.000000e+00 0.000000e+00 -1.000000e+00
    outer loop
      vertex   9.045683e+01 -3.694205e+01 -9.100000e+00
      vertex   9.038899e+01 -3.792995e+01 -9.100000e+00
      vertex   9.039015e+01 -3.787327e+01 -9.100000e+00
    endloop
  endfacet
  facet normal 0.000000e+00 -0.000000e+00 -1.000000e+00
    outer loop
      vertex   9.085498e+01 -3.512445e+01 -9.100000e+00
      vertex   9.118371e+01 -3.425084e+01 -9.100000e+00
      vertex   9.038750e+01 -3.810000e+01 -9.100000e+00
    endloop
  endfacet
  facet normal 0.000000e+00 0.000000e+00 -1.000000e+00
    outer loop
      vertex   9.038750e+01 -3.810000e+01 -9.100000e+00
      vertex   9.118371e+01 -3.425084e+01 -9.100000e+00
      vertex   9.159513e+01 -3.341267e+01 -9.100000e+00
    endloop
  endfacet
  facet normal 0.000000e+00 0.000000e+00 -1.000000e+00
    outer loop
      vertex   9.038750e+01 -3.810000e+01 -9.100000e+00
      vertex   9.159513e+01 -3.341267e+01 -9.100000e+00
      vertex   9.208410e+01 -3.261992e+01 -9.100000e+00
    endloop
  endfacet
  facet normal 0.000000e+00 -0.000000e+00 -1.000000e+00
    outer loop
      vertex   9.208410e+01 -3.261992e+01 -9.100000e+00
      vertex   9.264698e+01 -3.187803e+01 -9.100000e+00
      vertex   9.038750e+01 -3.810000e+01 -9.100000e+00
    endloop
  endfacet
  facet normal 0.000000e+00 0.000000e+00 -1.000000e+00
    outer loop
      vertex   9.038750e+01 -3.810000e+01 -9.100000e+00
      vertex   9.264698e+01 -3.187803e+01 -9.100000e+00
      vertex   9.328009e+01 -3.119243e+01 -9.100000e+00
    endloop
  endfacet
  facet normal 0.000000e+00 0.000000e+00 -1.000000e+00
    outer loop
      vertex   9.038750e+01 -3.810000e+01 -9.100000e+00
      vertex   9.328009e+01 -3.119243e+01 -9.100000e+00
      vertex   9.397688e+01 -3.057091e+01 -9.100000e+00
    endloop
  endfacet
  facet normal 0.000000e+00 -0.000000e+00 -1.000000e+00
    outer loop
      vertex   9.397688e+01 -3.057091e+01 -9.100000e+00
      vertex   9.472857e+01 -3.002107e+01 -9.100000e+00
      vertex   9.038750e+01 -3.810000e+01 -9.100000e+00
    endloop
  endfacet
  facet normal 0.000000e+00 0.000000e+00 -1.000000e+00
    outer loop
      vertex   9.038750e+01 -3.810000e+01 -9.100000e+00
      vertex   9.472857e+01 -3.002107e+01 -9.100000e+00
      vertex   9.552969e+01 -2.954658e+01 -9.100000e+00
    endloop
  endfacet
  facet normal 0.000000e+00 0.000000e+00 -1.000000e+00
    outer loop
      vertex   9.038750e+01 -3.810000e+01 -9.100000e+00
      vertex   9.552969e+01 -2.954658e+01 -9.100000e+00
      vertex   9.637478e+01 -2.915110e+01 -9.100000e+00
    endloop
  endfacet
  facet normal 0.000000e+00 -0.000000e+00 -1.000000e+00
    outer loop
      vertex   9.637478e+01 -2.915110e+01 -9.100000e+00
      vertex   9.725489e+01 -2.883931e+01 -9.100000e+00
      vertex   9.038750e+01 -3.810000e+01 -9.100000e+00
    endloop
  endfacet
  facet normal 0.000000e+00 0.000000e+00 -1.000000e+00
    outer loop
      vertex   9.038750e+01 -3.810000e+01 -9.100000e+00
      vertex   9.725489e+01 -2.883931e+01 -9.100000e+00
      vertex   9.815887e+01 -2.861500e+01 -9.100000e+00
    endloop
  endfacet
  facet normal -2.192181e-15 1.796126e-15 -1.000000e+00
    outer loop
      vertex   9.038750e+01 -3.810000e+01 -9.100000e+00
      vertex   9.815887e+01 -2.861500e+01 -9.100000e+00
      vertex   9.908022e+01 -2.847948e+01 -9.100000e+00
    endloop
  endfacet
  facet normal 3.009665e-17 3.845852e-14 -1.000000e+00
    outer loop
      vertex   1.000125e+02 -2.843402e+01 -9.100000e+00
      vertex   1.580947e+02 -2.847948e+01 -9.100000e+00
      vertex   9.908022e+01 -2.847948e+01 -9.100000e+00
    endloop
  endfacet
  facet normal 3.010033e-17 2.046582e-16 -1.000000e+00
    outer loop
      vertex   9.908022e+01 -2.847948e+01 -9.100000e+00
      vertex   1.580947e+02 -2.847948e+01 -9.100000e+00
      vertex   1.590159e+02 -2.861496e+01 -9.100000e+00
    endloop
  endfacet
  facet normal 2.960006e-17 -1.665955e-17 -1.000000e+00
    outer loop
      vertex   9.908022e+01 -2.847948e+01 -9.100000e+00
      vertex   1.590159e+02 -2.861496e+01 -9.100000e+00
      vertex   1.000125e+02 -1.334500e+02 -9.100000e+00
    endloop
  endfacet
  facet normal 0.000000e+00 0.000000e+00 -1.000000e+00
    outer loop
      vertex   1.000125e+02 -1.334500e+02 -9.100000e+00
      vertex   1.590159e+02 -2.861496e+01 -9.100000e+00
      vertex   1.571625e+02 -1.334500e+02 -9.100000e+00
    endloop
  endfacet
  facet normal 0.000000e+00 0.000000e+00 -1.000000e+00
    outer loop
      vertex   1.571625e+02 -1.334500e+02 -9.100000e+00
      vertex   1.590159e+02 -2.861496e+01 -9.100000e+00
      vertex   1.667875e+02 -3.810000e+01 -9.100000e+00
    endloop
  endfacet
  facet normal 0.000000e+00 0.000000e+00 -1.000000e+00
    outer loop
      vertex   1.571625e+02 -1.334500e+02 -9.100000e+00
      vertex   1.667875e+02 -3.810000e+01 -9.100000e+00
      vertex   1.667875e+02 -1.238250e+02 -9.100000e+00
    endloop
  endfacet
  facet normal 0.000000e+00 0.000000e+00 -1.000000e+00
    outer loop
      vertex   1.000125e+02 -2.843402e+01 -9.100000e+00
      vertex   1.571625e+02 -2.843402e+01 -9.100000e+00
      vertex   1.580947e+02 -2.847948e+01 -9.100000e+00
    endloop
  endfacet
  facet normal 0.000000e+00 0.000000e+00 -1.000000e+00
    outer loop
      vertex   1.590159e+02 -2.861496e+01 -9.100000e+00
      vertex   1.599196e+02 -2.883916e+01 -9.100000e+00
      vertex   1.667875e+02 -3.810000e+01 -9.100000e+00
    endloop
  endfacet
  facet normal 0.000000e+00 0.000000e+00 -1.000000e+00
    outer loop
      vertex   1.667875e+02 -3.810000e+01 -9.100000e+00
      vertex   1.599196e+02 -2.883916e+01 -9.100000e+00
      vertex   1.607994e+02 -2.915076e+01 -9.100000e+00
    endloop
  endfacet
  facet normal 0.000000e+00 0.000000e+00 -1.000000e+00
    outer loop
      vertex   1.667875e+02 -3.810000e+01 -9.100000e+00
      vertex   1.607994e+02 -2.915076e+01 -9.100000e+00
      vertex   1.616448e+02 -2.954633e+01 -9.100000e+00
    endloop
  endfacet
  facet normal 0.000000e+00 0.000000e+00 -1.000000e+00
    outer loop
      vertex   1.616448e+02 -2.954633e+01 -9.100000e+00
      vertex   1.624461e+02 -3.002083e+01 -9.100000e+00
      vertex   1.667875e+02 -3.810000e+01 -9.100000e+00
    endloop
  endfacet
  facet normal 0.000000e+00 0.000000e+00 -1.000000e+00
    outer loop
      vertex   1.667875e+02 -3.810000e+01 -9.100000e+00
      vertex   1.624461e+02 -3.002083e+01 -9.100000e+00
      vertex   1.631977e+02 -3.057056e+01 -9.100000e+00
    endloop
  endfacet
  facet normal 0.000000e+00 0.000000e+00 -1.000000e+00
    outer loop
      vertex   1.667875e+02 -3.810000e+01 -9.100000e+00
      vertex   1.631977e+02 -3.057056e+01 -9.100000e+00
      vertex   1.638943e+02 -3.119181e+01 -9.100000e+00
    endloop
  endfacet
  facet normal 0.000000e+00 0.000000e+00 -1.000000e+00
    outer loop
      vertex   1.638943e+02 -3.119181e+01 -9.100000e+00
      vertex   1.645277e+02 -3.187761e+01 -9.100000e+00
      vertex   1.667875e+02 -3.810000e+01 -9.100000e+00
    endloop
  endfacet
  facet normal 0.000000e+00 0.000000e+00 -1.000000e+00
    outer loop
      vertex   1.667875e+02 -3.810000e+01 -9.100000e+00
      vertex   1.645277e+02 -3.187761e+01 -9.100000e+00
      vertex   1.650906e+02 -3.261956e+01 -9.100000e+00
    endloop
  endfacet
  facet normal 0.000000e+00 0.000000e+00 -1.000000e+00
    outer loop
      vertex   1.667875e+02 -3.810000e+01 -9.100000e+00
      vertex   1.650906e+02 -3.261956e+01 -9.100000e+00
      vertex   1.655796e+02 -3.341218e+01 -9.100000e+00
    endloop
  endfacet
  facet normal 0.000000e+00 0.000000e+00 -1.000000e+00
    outer loop
      vertex   1.655796e+02 -3.341218e+01 -9.100000e+00
      vertex   1.659909e+02 -3.425002e+01 -9.100000e+00
      vertex   1.667875e+02 -3.810000e+01 -9.100000e+00
    endloop
  endfacet
  facet normal 0.000000e+00 0.000000e+00 -1.000000e+00
    outer loop
      vertex   1.667875e+02 -3.810000e+01 -9.100000e+00
      vertex   1.659909e+02 -3.425002e+01 -9.100000e+00
      vertex   1.663199e+02 -3.512397e+01 -9.100000e+00
    endloop
  endfacet
  facet normal 0.000000e+00 0.000000e+00 -1.000000e+00
    outer loop
      vertex   1.667875e+02 -3.810000e+01 -9.100000e+00
      vertex   1.663199e+02 -3.512397e+01 -9.100000e+00
      vertex   1.665627e+02 -3.602343e+01 -9.100000e+00
    endloop
  endfacet
  facet normal 0.000000e+00 0.000000e+00 -1.000000e+00
    outer loop
      vertex   1.665627e+02 -3.602343e+01 -9.100000e+00
      vertex   1.667182e+02 -3.694200e+01 -9.100000e+00
      vertex   1.667875e+02 -3.810000e+01 -9.100000e+00
    endloop
  endfacet
  facet normal 0.000000e+00 0.000000e+00 -1.000000e+00
    outer loop
      vertex   1.667875e+02 -3.810000e+01 -9.100000e+00
      vertex   1.667182e+02 -3.694200e+01 -9.100000e+00
      vertex   1.667873e+02 -3.804331e+01 -9.100000e+00
    endloop
  endfacet
  facet normal 0.000000e+00 0.000000e+00 -1.000000e+00
    outer loop
      vertex   1.667873e+02 -3.804331e+01 -9.100000e+00
      vertex   1.667182e+02 -3.694200e+01 -9.100000e+00
      vertex   1.667868e+02 -3.798663e+01 -9.100000e+00
    endloop
  endfacet
  facet normal 0.000000e+00 0.000000e+00 -1.000000e+00
    outer loop
      vertex   1.667868e+02 -3.798663e+01 -9.100000e+00
      vertex   1.667182e+02 -3.694200e+01 -9.100000e+00
      vertex   1.667860e+02 -3.792995e+01 -9.100000e+00
    endloop
  endfacet
  facet normal 0.000000e+00 0.000000e+00 -1.000000e+00
    outer loop
      vertex   1.667860e+02 -3.792995e+01 -9.100000e+00
      vertex   1.667182e+02 -3.694200e+01 -9.100000e+00
      vertex   1.667849e+02 -3.787327e+01 -9.100000e+00
    endloop
  endfacet
  facet normal -0.000000e+00 0.000000e+00 -1.000000e+00
    outer loop
      vertex   1.667052e+02 -1.250813e+02 -9.100000e+00
      vertex   1.664595e+02 -1.263161e+02 -9.100000e+00
      vertex   1.667875e+02 -1.238250e+02 -9.100000e+00
    endloop
  endfacet
  facet normal 0.000000e+00 0.000000e+00 -1.000000e+00
    outer loop
      vertex   1.667875e+02 -1.238250e+02 -9.100000e+00
      vertex   1.664595e+02 -1.263161e+02 -9.100000e+00
      vertex   1.660548e+02 -1.275083e+02 -9.100000e+00
    endloop
  endfacet
  facet normal 0.000000e+00 0.000000e+00 -1.000000e+00
    outer loop
      vertex   1.667875e+02 -1.238250e+02 -9.100000e+00
      vertex   1.660548e+02 -1.275083e+02 -9.100000e+00
      vertex   1.654980e+02 -1.286375e+02 -9.100000e+00
    endloop
  endfacet
  facet normal -0.000000e+00 0.000000e+00 -1.000000e+00
    outer loop
      vertex   1.654980e+02 -1.286375e+02 -9.100000e+00
      vertex   1.647985e+02 -1.296843e+02 -9.100000e+00
      vertex   1.667875e+02 -1.238250e+02 -9.100000e+00
    endloop
  endfacet
  facet normal 0.000000e+00 0.000000e+00 -1.000000e+00
    outer loop
      vertex   1.667875e+02 -1.238250e+02 -9.100000e+00
      vertex   1.647985e+02 -1.296843e+02 -9.100000e+00
      vertex   1.639684e+02 -1.306309e+02 -9.100000e+00
    endloop
  endfacet
  facet normal 0.000000e+00 0.000000e+00 -1.000000e+00
    outer loop
      vertex   1.667875e+02 -1.238250e+02 -9.100000e+00
      vertex   1.639684e+02 -1.306309e+02 -9.100000e+00
      vertex   1.630218e+02 -1.314610e+02 -9.100000e+00
    endloop
  endfacet
  facet normal -0.000000e+00 0.000000e+00 -1.000000e+00
    outer loop
      vertex   1.630218e+02 -1.314610e+02 -9.100000e+00
      vertex   1.619750e+02 -1.321605e+02 -9.100000e+00
      vertex   1.667875e+02 -1.238250e+02 -9.100000e+00
    endloop
  endfacet
  facet normal 0.000000e+00 0.000000e+00 -1.000000e+00
    outer loop
      vertex   1.667875e+02 -1.238250e+02 -9.100000e+00
      vertex   1.619750e+02 -1.321605e+02 -9.100000e+00
      vertex   1.608458e+02 -1.327173e+02 -9.100000e+00
    endloop
  endfacet
  facet normal 0.000000e+00 0.000000e+00 -1.000000e+00
    outer loop
      vertex   1.667875e+02 -1.238250e+02 -9.100000e+00
      vertex   1.608458e+02 -1.327173e+02 -9.100000e+00
      vertex   1.596536e+02 -1.331220e+02 -9.100000e+00
    endloop
  endfacet
  facet normal -0.000000e+00 0.000000e+00 -1.000000e+00
    outer loop
      vertex   1.596536e+02 -1.331220e+02 -9.100000e+00
      vertex   1.584188e+02 -1.333677e+02 -9.100000e+00
      vertex   1.667875e+02 -1.238250e+02 -9.100000e+00
    endloop
  endfacet
  facet normal 0.000000e+00 0.000000e+00 -1.000000e+00
    outer loop
      vertex   1.667875e+02 -1.238250e+02 -9.100000e+00
      vertex   1.584188e+02 -1.333677e+02 -9.100000e+00
      vertex   1.571625e+02 -1.334500e+02 -9.100000e+00
    endloop
  endfacet
  facet normal 0.000000e+00 0.000000e+00 -1.000000e+00
    outer loop
      vertex   9.875619e+01 -1.333677e+02 -9.100000e+00
      vertex   9.038750e+01 -1.238250e+02 -9.100000e+00
      vertex   1.000125e+02 -1.334500e+02 -9.100000e+00
    endloop
  endfacet
  facet normal 0.000000e+00 0.000000e+00 -1.000000e+00
    outer loop
      vertex   1.000125e+02 -1.334500e+02 -9.100000e+00
      vertex   9.038750e+01 -1.238250e+02 -9.100000e+00
      vertex   9.038750e+01 -3.810000e+01 -9.100000e+00
    endloop
  endfacet
  facet normal -1.838145e-16 -1.855495e-17 -1.000000e+00
    outer loop
      vertex   1.000125e+02 -1.334500e+02 -9.100000e+00
      vertex   9.038750e+01 -3.810000e+01 -9.100000e+00
      vertex   9.908022e+01 -2.847948e+01 -9.100000e+00
    endloop
  endfacet
  facet normal 0.000000e+00 0.000000e+00 -1.000000e+00
    outer loop
      vertex   9.875619e+01 -1.333677e+02 -9.100000e+00
      vertex   9.752137e+01 -1.331220e+02 -9.100000e+00
      vertex   9.038750e+01 -1.238250e+02 -9.100000e+00
    endloop
  endfacet
  facet normal 0.000000e+00 0.000000e+00 -1.000000e+00
    outer loop
      vertex   9.038750e+01 -1.238250e+02 -9.100000e+00
      vertex   9.752137e+01 -1.331220e+02 -9.100000e+00
      vertex   9.632917e+01 -1.327173e+02 -9.100000e+00
    endloop
  endfacet
  facet normal 0.000000e+00 0.000000e+00 -1.000000e+00
    outer loop
      vertex   9.038750e+01 -1.238250e+02 -9.100000e+00
      vertex   9.632917e+01 -1.327173e+02 -9.100000e+00
      vertex   9.520000e+01 -1.321605e+02 -9.100000e+00
    endloop
  endfacet
  facet normal 0.000000e+00 0.000000e+00 -1.000000e+00
    outer loop
      vertex   9.520000e+01 -1.321605e+02 -9.100000e+00
      vertex   9.415317e+01 -1.314610e+02 -9.100000e+00
      vertex   9.038750e+01 -1.238250e+02 -9.100000e+00
    endloop
  endfacet
  facet normal 0.000000e+00 0.000000e+00 -1.000000e+00
    outer loop
      vertex   9.038750e+01 -1.238250e+02 -9.100000e+00
      vertex   9.415317e+01 -1.314610e+02 -9.100000e+00
      vertex   9.320660e+01 -1.306309e+02 -9.100000e+00
    endloop
  endfacet
  facet normal 0.000000e+00 0.000000e+00 -1.000000e+00
    outer loop
      vertex   9.038750e+01 -1.238250e+02 -9.100000e+00
      vertex   9.320660e+01 -1.306309e+02 -9.100000e+00
      vertex   9.237647e+01 -1.296843e+02 -9.100000e+00
    endloop
  endfacet
  facet normal 0.000000e+00 0.000000e+00 -1.000000e+00
    outer loop
      vertex   9.237647e+01 -1.296843e+02 -9.100000e+00
      vertex   9.167701e+01 -1.286375e+02 -9.100000e+00
      vertex   9.038750e+01 -1.238250e+02 -9.100000e+00
    endloop
  endfacet
  facet normal 0.000000e+00 0.000000e+00 -1.000000e+00
    outer loop
      vertex   9.038750e+01 -1.238250e+02 -9.100000e+00
      vertex   9.167701e+01 -1.286375e+02 -9.100000e+00
      vertex   9.112016e+01 -1.275083e+02 -9.100000e+00
    endloop
  endfacet
  facet normal 0.000000e+00 0.000000e+00 -1.000000e+00
    outer loop
      vertex   9.038750e+01 -1.238250e+02 -9.100000e+00
      vertex   9.112016e+01 -1.275083e+02 -9.100000e+00
      vertex   9.071546e+01 -1.263161e+02 -9.100000e+00
    endloop
  endfacet
  facet normal 0.000000e+00 0.000000e+00 -1.000000e+00
    outer loop
      vertex   9.071546e+01 -1.263161e+02 -9.100000e+00
      vertex   9.046984e+01 -1.250813e+02 -9.100000e+00
      vertex   9.038750e+01 -1.238250e+02 -9.100000e+00
    endloop
  endfacet
  facet normal 1.000000e+00 3.315452e-16 6.315935e-15
    outer loop
      vertex   1.667875e+02 -1.238250e+02 -1.000000e-01
      vertex   1.667875e+02 -1.238250e+02 -9.100000e+00
      vertex   1.667875e+02 -3.810000e+01 -1.000000e-01
    endloop
  endfacet
  facet normal 1.000000e+00 6.630903e-16 3.157968e-15
    outer loop
      vertex   1.667875e+02 -3.810000e+01 -1.000000e-01
      vertex   1.667875e+02 -1.238250e+02 -9.100000e+00
      vertex   1.667875e+02 -3.810000e+01 -9.100000e+00
    endloop
  endfacet
  facet normal 9.978589e-01 -6.540316e-02 -6.371118e-10
    outer loop
      vertex   1.667875e+02 -1.238250e+02 -9.100000e+00
      vertex   1.667875e+02 -1.238250e+02 -1.000000e-01
      vertex   1.667052e+02 -1.250813e+02 -9.100000e+00
    endloop
  endfacet
  facet normal 9.978589e-01 -6.540316e-02 -5.544545e-10
    outer loop
      vertex   1.667052e+02 -1.250813e+02 -9.100000e+00
      vertex   1.667875e+02 -1.238250e+02 -1.000000e-01
      vertex   1.667052e+02 -1.250813e+02 -1.000000e-01
    endloop
  endfacet
  facet normal 9.807853e-01 -1.950903e-01 5.544629e-10
    outer loop
      vertex   1.667052e+02 -1.250813e+02 -9.100000e+00
      vertex   1.667052e+02 -1.250813e+02 -1.000000e-01
      vertex   1.664595e+02 -1.263161e+02 -1.000000e-01
    endloop
  endfacet
  facet normal 9.807853e-01 -1.950904e-01 -4.717995e-10
    outer loop
      vertex   1.667052e+02 -1.250813e+02 -9.100000e+00
      vertex   1.664595e+02 -1.263161e+02 -1.000000e-01
      vertex   1.664595e+02 -1.263161e+02 -9.100000e+00
    endloop
  endfacet
  facet normal 9.469301e-01 -3.214395e-01 4.717997e-10
    outer loop
      vertex   1.664595e+02 -1.263161e+02 -9.100000e+00
      vertex   1.664595e+02 -1.263161e+02 -1.000000e-01
      vertex   1.660548e+02 -1.275083e+02 -1.000000e-01
    endloop
  endfacet
  facet normal 9.469301e-01 -3.214395e-01 -3.891403e-10
    outer loop
      vertex   1.664595e+02 -1.263161e+02 -9.100000e+00
      vertex   1.660548e+02 -1.275083e+02 -1.000000e-01
      vertex   1.660548e+02 -1.275083e+02 -9.100000e+00
    endloop
  endfacet
  facet normal 8.968727e-01 -4.422887e-01 3.891411e-10
    outer loop
      vertex   1.660548e+02 -1.275083e+02 -9.100000e+00
      vertex   1.660548e+02 -1.275083e+02 -1.000000e-01
      vertex   1.654980e+02 -1.286375e+02 -1.000000e-01
    endloop
  endfacet
  facet normal 8.968727e-01 -4.422887e-01 -3.064773e-10
    outer loop
      vertex   1.660548e+02 -1.275083e+02 -9.100000e+00
      vertex   1.654980e+02 -1.286375e+02 -1.000000e-01
      vertex   1.654980e+02 -1.286375e+02 -9.100000e+00
    endloop
  endfacet
  facet normal 8.314696e-01 -5.555702e-01 3.064859e-10
    outer loop
      vertex   1.654980e+02 -1.286375e+02 -9.100000e+00
      vertex   1.654980e+02 -1.286375e+02 -1.000000e-01
      vertex   1.647985e+02 -1.296843e+02 -1.000000e-01
    endloop
  endfacet
  facet normal 8.314696e-01 -5.555702e-01 -2.238204e-10
    outer loop
      vertex   1.654980e+02 -1.286375e+02 -9.100000e+00
      vertex   1.647985e+02 -1.296843e+02 -1.000000e-01
      vertex   1.647985e+02 -1.296843e+02 -9.100000e+00
    endloop
  endfacet
  facet normal 7.518398e-01 -6.593458e-01 2.238248e-10
    outer loop
      vertex   1.647985e+02 -1.296843e+02 -9.100000e+00
      vertex   1.647985e+02 -1.296843e+02 -1.000000e-01
      vertex   1.639684e+02 -1.306309e+02 -1.000000e-01
    endloop
  endfacet
  facet normal 7.518398e-01 -6.593458e-01 -1.411615e-10
    outer loop
      vertex   1.647985e+02 -1.296843e+02 -9.100000e+00
      vertex   1.639684e+02 -1.306309e+02 -1.000000e-01
      vertex   1.639684e+02 -1.306309e+02 -9.100000e+00
    endloop
  endfacet
  facet normal 6.593458e-01 -7.518398e-01 1.411660e-10
    outer loop
      vertex   1.639684e+02 -1.306309e+02 -9.100000e+00
      vertex   1.639684e+02 -1.306309e+02 -1.000000e-01
      vertex   1.630218e+02 -1.314610e+02 -1.000000e-01
    endloop
  endfacet
  facet normal 6.593458e-01 -7.518398e-01 -5.850605e-11
    outer loop
      vertex   1.639684e+02 -1.306309e+02 -9.100000e+00
      vertex   1.630218e+02 -1.314610e+02 -1.000000e-01
      vertex   1.630218e+02 -1.314610e+02 -9.100000e+00
    endloop
  endfacet
  facet normal 5.555702e-01 -8.314696e-01 5.850325e-11
    outer loop
      vertex   1.630218e+02 -1.314610e+02 -9.100000e+00
      vertex   1.630218e+02 -1.314610e+02 -1.000000e-01
      vertex   1.619750e+02 -1.321605e+02 -1.000000e-01
    endloop
  endfacet
  facet normal 5.555702e-01 -8.314696e-01 2.415291e-11
    outer loop
      vertex   1.630218e+02 -1.314610e+02 -9.100000e+00
      vertex   1.619750e+02 -1.321605e+02 -1.000000e-01
      vertex   1.619750e+02 -1.321605e+02 -9.100000e+00
    endloop
  endfacet
  facet normal 4.422887e-01 -8.968727e-01 -2.415586e-11
    outer loop
      vertex   1.619750e+02 -1.321605e+02 -9.100000e+00
      vertex   1.619750e+02 -1.321605e+02 -1.000000e-01
      vertex   1.608458e+02 -1.327173e+02 -9.100000e+00
    endloop
  endfacet
  facet normal 4.422887e-01 -8.968727e-01 1.068129e-10
    outer loop
      vertex   1.608458e+02 -1.327173e+02 -9.100000e+00
      vertex   1.619750e+02 -1.321605e+02 -1.000000e-01
      vertex   1.608458e+02 -1.327173e+02 -1.000000e-01
    endloop
  endfacet
  facet normal 3.214395e-01 -9.469301e-01 -1.068137e-10
    outer loop
      vertex   1.608458e+02 -1.327173e+02 -9.100000e+00
      vertex   1.608458e+02 -1.327173e+02 -1.000000e-01
      vertex   1.596536e+02 -1.331220e+02 -9.100000e+00
    endloop
  endfacet
  facet normal 3.214395e-01 -9.469301e-01 1.894735e-10
    outer loop
      vertex   1.596536e+02 -1.331220e+02 -9.100000e+00
      vertex   1.608458e+02 -1.327173e+02 -1.000000e-01
      vertex   1.596536e+02 -1.331220e+02 -1.000000e-01
    endloop
  endfacet
  facet normal 1.950903e-01 -9.807853e-01 -1.894714e-10
    outer loop
      vertex   1.596536e+02 -1.331220e+02 -9.100000e+00
      vertex   1.596536e+02 -1.331220e+02 -1.000000e-01
      vertex   1.584188e+02 -1.333677e+02 -9.100000e+00
    endloop
  endfacet
  facet normal 1.950903e-01 -9.807853e-01 2.721286e-10
    outer loop
      vertex   1.584188e+02 -1.333677e+02 -9.100000e+00
      vertex   1.596536e+02 -1.331220e+02 -1.000000e-01
      vertex   1.584188e+02 -1.333677e+02 -1.000000e-01
    endloop
  endfacet
  facet normal 6.540316e-02 -9.978589e-01 -2.721346e-10
    outer loop
      vertex   1.584188e+02 -1.333677e+02 -9.100000e+00
      vertex   1.584188e+02 -1.333677e+02 -1.000000e-01
      vertex   1.571625e+02 -1.334500e+02 -9.100000e+00
    endloop
  endfacet
  facet normal 6.540316e-02 -9.978589e-01 3.547938e-10
    outer loop
      vertex   1.571625e+02 -1.334500e+02 -9.100000e+00
      vertex   1.584188e+02 -1.333677e+02 -1.000000e-01
      vertex   1.571625e+02 -1.334500e+02 -1.000000e-01
    endloop
  endfacet
  facet normal -0.000000e+00 -1.000000e+00 0.000000e+00
    outer loop
      vertex   1.256684e+02 -1.334500e+02 -3.908152e+00
      vertex   1.000125e+02 -1.334500e+02 -1.000000e-01
      vertex   1.255875e+02 -1.334500e+02 -4.600000e+00
    endloop
  endfacet
  facet normal -0.000000e+00 -1.000000e+00 0.000000e+00
    outer loop
      vertex   1.255875e+02 -1.334500e+02 -4.600000e+00
      vertex   1.000125e+02 -1.334500e+02 -1.000000e-01
      vertex   1.000125e+02 -1.334500e+02 -9.100000e+00
    endloop
  endfacet
  facet normal 0.000000e+00 -1.000000e+00 -0.000000e+00
    outer loop
      vertex   1.255875e+02 -1.334500e+02 -4.600000e+00
      vertex   1.000125e+02 -1.334500e+02 -9.100000e+00
      vertex   1.256684e+02 -1.334500e+02 -5.291848e+00
    endloop
  endfacet
  facet normal 0.000000e+00 -1.000000e+00 -0.000000e+00
    outer loop
      vertex   1.256684e+02 -1.334500e+02 -5.291848e+00
      vertex   1.000125e+02 -1.334500e+02 -9.100000e+00
      vertex   1.259066e+02 -1.334500e+02 -5.946398e+00
    endloop
  endfacet
  facet normal 0.000000e+00 -1.000000e+00 -0.000000e+00
    outer loop
      vertex   1.259066e+02 -1.334500e+02 -5.946398e+00
      vertex   1.000125e+02 -1.334500e+02 -9.100000e+00
      vertex   1.262894e+02 -1.334500e+02 -6.528363e+00
    endloop
  endfacet
  facet normal 0.000000e+00 -1.000000e+00 -0.000000e+00
    outer loop
      vertex   1.262894e+02 -1.334500e+02 -6.528363e+00
      vertex   1.000125e+02 -1.334500e+02 -9.100000e+00
      vertex   1.267960e+02 -1.334500e+02 -7.006370e+00
    endloop
  endfacet
  facet normal 0.000000e+00 -1.000000e+00 -0.000000e+00
    outer loop
      vertex   1.267960e+02 -1.334500e+02 -7.006370e+00
      vertex   1.000125e+02 -1.334500e+02 -9.100000e+00
      vertex   1.273993e+02 -1.334500e+02 -7.354648e+00
    endloop
  endfacet
  facet normal 0.000000e+00 -1.000000e+00 -0.000000e+00
    outer loop
      vertex   1.273993e+02 -1.334500e+02 -7.354648e+00
      vertex   1.000125e+02 -1.334500e+02 -9.100000e+00
      vertex   1.280666e+02 -1.334500e+02 -7.554423e+00
    endloop
  endfacet
  facet normal 0.000000e+00 -1.000000e+00 -0.000000e+00
    outer loop
      vertex   1.280666e+02 -1.334500e+02 -7.554423e+00
      vertex   1.000125e+02 -1.334500e+02 -9.100000e+00
      vertex   1.287619e+02 -1.334500e+02 -7.594924e+00
    endloop
  endfacet
  facet normal -9.946355e-16 -1.000000e+00 1.899918e-14
    outer loop
      vertex   1.287619e+02 -1.334500e+02 -7.594924e+00
      vertex   1.000125e+02 -1.334500e+02 -9.100000e+00
      vertex   1.571625e+02 -1.334500e+02 -9.100000e+00
    endloop
  endfacet
  facet normal -1.538959e-15 -1.000000e+00 8.727872e-15
    outer loop
      vertex   1.287619e+02 -1.334500e+02 -7.594924e+00
      vertex   1.571625e+02 -1.334500e+02 -9.100000e+00
      vertex   1.294479e+02 -1.334500e+02 -7.473969e+00
    endloop
  endfacet
  facet normal -1.805461e-15 -1.000000e+00 4.185529e-15
    outer loop
      vertex   1.294479e+02 -1.334500e+02 -7.473969e+00
      vertex   1.571625e+02 -1.334500e+02 -9.100000e+00
      vertex   1.300875e+02 -1.334500e+02 -7.198076e+00
    endloop
  endfacet
  facet normal -1.918459e-15 -1.000000e+00 2.576938e-15
    outer loop
      vertex   1.300875e+02 -1.334500e+02 -7.198076e+00
      vertex   1.571625e+02 -1.334500e+02 -9.100000e+00
      vertex   1.306462e+02 -1.334500e+02 -6.782121e+00
    endloop
  endfacet
  facet normal -1.997224e-15 -1.000000e+00 1.675870e-15
    outer loop
      vertex   1.306462e+02 -1.334500e+02 -6.782121e+00
      vertex   1.571625e+02 -1.334500e+02 -9.100000e+00
      vertex   1.310940e+02 -1.334500e+02 -6.248527e+00
    endloop
  endfacet
  facet normal -2.066988e-15 -1.000000e+00 1.038081e-15
    outer loop
      vertex   1.310940e+02 -1.334500e+02 -6.248527e+00
      vertex   1.571625e+02 -1.334500e+02 -9.100000e+00
      vertex   1.314066e+02 -1.334500e+02 -5.626060e+00
    endloop
  endfacet
  facet normal -2.138638e-15 -1.000000e+00 5.068665e-16
    outer loop
      vertex   1.314066e+02 -1.334500e+02 -5.626060e+00
      vertex   1.571625e+02 -1.334500e+02 -9.100000e+00
      vertex   1.315672e+02 -1.334500e+02 -4.948279e+00
    endloop
  endfacet
  facet normal -1.708612e-15 -1.000000e+00 3.157968e-15
    outer loop
      vertex   1.315672e+02 -1.334500e+02 -4.948279e+00
      vertex   1.571625e+02 -1.334500e+02 -9.100000e+00
      vertex   1.571625e+02 -1.334500e+02 -1.000000e-01
    endloop
  endfacet
  facet normal -1.110428e-15 -1.000000e+00 0.000000e+00
    outer loop
      vertex   1.315672e+02 -1.334500e+02 -4.948279e+00
      vertex   1.571625e+02 -1.334500e+02 -1.000000e-01
      vertex   1.315672e+02 -1.334500e+02 -4.251721e+00
    endloop
  endfacet
  facet normal -1.069319e-15 -1.000000e+00 -2.534333e-16
    outer loop
      vertex   1.315672e+02 -1.334500e+02 -4.251721e+00
      vertex   1.571625e+02 -1.334500e+02 -1.000000e-01
      vertex   1.314066e+02 -1.334500e+02 -3.573940e+00
    endloop
  endfacet
  facet normal -1.033494e-15 -1.000000e+00 -5.190403e-16
    outer loop
      vertex   1.314066e+02 -1.334500e+02 -3.573940e+00
      vertex   1.571625e+02 -1.334500e+02 -1.000000e-01
      vertex   1.310940e+02 -1.334500e+02 -2.951473e+00
    endloop
  endfacet
  facet normal -9.986122e-16 -1.000000e+00 -8.379352e-16
    outer loop
      vertex   1.310940e+02 -1.334500e+02 -2.951473e+00
      vertex   1.571625e+02 -1.334500e+02 -1.000000e-01
      vertex   1.306462e+02 -1.334500e+02 -2.417879e+00
    endloop
  endfacet
  facet normal -9.592295e-16 -1.000000e+00 -1.288469e-15
    outer loop
      vertex   1.306462e+02 -1.334500e+02 -2.417879e+00
      vertex   1.571625e+02 -1.334500e+02 -1.000000e-01
      vertex   1.300875e+02 -1.334500e+02 -2.001924e+00
    endloop
  endfacet
  facet normal -9.027306e-16 -1.000000e+00 -2.092765e-15
    outer loop
      vertex   1.300875e+02 -1.334500e+02 -2.001924e+00
      vertex   1.571625e+02 -1.334500e+02 -1.000000e-01
      vertex   1.294479e+02 -1.334500e+02 -1.726031e+00
    endloop
  endfacet
  facet normal -7.694796e-16 -1.000000e+00 -4.363936e-15
    outer loop
      vertex   1.294479e+02 -1.334500e+02 -1.726031e+00
      vertex   1.571625e+02 -1.334500e+02 -1.000000e-01
      vertex   1.287619e+02 -1.334500e+02 -1.605076e+00
    endloop
  endfacet
  facet normal -4.973178e-16 -1.000000e+00 -9.499592e-15
    outer loop
      vertex   1.287619e+02 -1.334500e+02 -1.605076e+00
      vertex   1.571625e+02 -1.334500e+02 -1.000000e-01
      vertex   1.000125e+02 -1.334500e+02 -1.000000e-01
    endloop
  endfacet
  facet normal -0.000000e+00 -1.000000e+00 0.000000e+00
    outer loop
      vertex   1.287619e+02 -1.334500e+02 -1.605076e+00
      vertex   1.000125e+02 -1.334500e+02 -1.000000e-01
      vertex   1.280666e+02 -1.334500e+02 -1.645577e+00
    endloop
  endfacet
  facet normal -0.000000e+00 -1.000000e+00 0.000000e+00
    outer loop
      vertex   1.280666e+02 -1.334500e+02 -1.645577e+00
      vertex   1.000125e+02 -1.334500e+02 -1.000000e-01
      vertex   1.273993e+02 -1.334500e+02 -1.845352e+00
    endloop
  endfacet
  facet normal -0.000000e+00 -1.000000e+00 0.000000e+00
    outer loop
      vertex   1.273993e+02 -1.334500e+02 -1.845352e+00
      vertex   1.000125e+02 -1.334500e+02 -1.000000e-01
      vertex   1.267960e+02 -1.334500e+02 -2.193630e+00
    endloop
  endfacet
  facet normal -0.000000e+00 -1.000000e+00 0.000000e+00
    outer loop
      vertex   1.267960e+02 -1.334500e+02 -2.193630e+00
      vertex   1.000125e+02 -1.334500e+02 -1.000000e-01
      vertex   1.262894e+02 -1.334500e+02 -2.671637e+00
    endloop
  endfacet
  facet normal -0.000000e+00 -1.000000e+00 0.000000e+00
    outer loop
      vertex   1.262894e+02 -1.334500e+02 -2.671637e+00
      vertex   1.000125e+02 -1.334500e+02 -1.000000e-01
      vertex   1.259066e+02 -1.334500e+02 -3.253602e+00
    endloop
  endfacet
  facet normal -0.000000e+00 -1.000000e+00 0.000000e+00
    outer loop
      vertex   1.259066e+02 -1.334500e+02 -3.253602e+00
      vertex   1.000125e+02 -1.334500e+02 -1.000000e-01
      vertex   1.256684e+02 -1.334500e+02 -3.908152e+00
    endloop
  endfacet
  facet normal -6.540316e-02 -9.978589e-01 -0.000000e+00
    outer loop
      vertex   1.000125e+02 -1.334500e+02 -1.000000e-01
      vertex   9.875619e+01 -1.333677e+02 -1.000000e-01
      vertex   1.000125e+02 -1.334500e+02 -9.100000e+00
    endloop
  endfacet
  facet normal -6.540316e-02 -9.978589e-01 -2.784453e-10
    outer loop
      vertex   1.000125e+02 -1.334500e+02 -9.100000e+00
      vertex   9.875619e+01 -1.333677e+02 -1.000000e-01
      vertex   9.875619e+01 -1.333677e+02 -9.100000e+00
    endloop
  endfacet
  facet normal -1.950903e-01 -9.807853e-01 2.784385e-10
    outer loop
      vertex   9.875619e+01 -1.333677e+02 -9.100000e+00
      vertex   9.875619e+01 -1.333677e+02 -1.000000e-01
      vertex   9.752137e+01 -1.331220e+02 -1.000000e-01
    endloop
  endfacet
  facet normal -1.950903e-01 -9.807853e-01 -2.531284e-10
    outer loop
      vertex   9.875619e+01 -1.333677e+02 -9.100000e+00
      vertex   9.752137e+01 -1.331220e+02 -1.000000e-01
      vertex   9.752137e+01 -1.331220e+02 -9.100000e+00
    endloop
  endfacet
  facet normal -3.214395e-01 -9.469301e-01 2.531297e-10
    outer loop
      vertex   9.752137e+01 -1.331220e+02 -9.100000e+00
      vertex   9.752137e+01 -1.331220e+02 -1.000000e-01
      vertex   9.632917e+01 -1.327173e+02 -1.000000e-01
    endloop
  endfacet
  facet normal -3.214395e-01 -9.469301e-01 -2.278146e-10
    outer loop
      vertex   9.752137e+01 -1.331220e+02 -9.100000e+00
      vertex   9.632917e+01 -1.327173e+02 -1.000000e-01
      vertex   9.632917e+01 -1.327173e+02 -9.100000e+00
    endloop
  endfacet
  facet normal -4.422887e-01 -8.968727e-01 2.278175e-10
    outer loop
      vertex   9.632917e+01 -1.327173e+02 -9.100000e+00
      vertex   9.632917e+01 -1.327173e+02 -1.000000e-01
      vertex   9.520000e+01 -1.321605e+02 -1.000000e-01
    endloop
  endfacet
  facet normal -4.422887e-01 -8.968727e-01 -2.025018e-10
    outer loop
      vertex   9.632917e+01 -1.327173e+02 -9.100000e+00
      vertex   9.520000e+01 -1.321605e+02 -1.000000e-01
      vertex   9.520000e+01 -1.321605e+02 -9.100000e+00
    endloop
  endfacet
  facet normal -5.555702e-01 -8.314696e-01 2.025047e-10
    outer loop
      vertex   9.520000e+01 -1.321605e+02 -9.100000e+00
      vertex   9.520000e+01 -1.321605e+02 -1.000000e-01
      vertex   9.415317e+01 -1.314610e+02 -1.000000e-01
    endloop
  endfacet
  facet normal -5.555702e-01 -8.314696e-01 -1.771909e-10
    outer loop
      vertex   9.520000e+01 -1.321605e+02 -9.100000e+00
      vertex   9.415317e+01 -1.314610e+02 -1.000000e-01
      vertex   9.415317e+01 -1.314610e+02 -9.100000e+00
    endloop
  endfacet
  facet normal -6.593458e-01 -7.518398e-01 1.771896e-10
    outer loop
      vertex   9.415317e+01 -1.314610e+02 -9.100000e+00
      vertex   9.415317e+01 -1.314610e+02 -1.000000e-01
      vertex   9.320660e+01 -1.306309e+02 -1.000000e-01
    endloop
  endfacet
  facet normal -6.593458e-01 -7.518398e-01 -1.518773e-10
    outer loop
      vertex   9.415317e+01 -1.314610e+02 -9.100000e+00
      vertex   9.320660e+01 -1.306309e+02 -1.000000e-01
      vertex   9.320660e+01 -1.306309e+02 -9.100000e+00
    endloop
  endfacet
  facet normal -7.518398e-01 -6.593458e-01 1.518773e-10
    outer loop
      vertex   9.320660e+01 -1.306309e+02 -9.100000e+00
      vertex   9.320660e+01 -1.306309e+02 -1.000000e-01
      vertex   9.237647e+01 -1.296843e+02 -1.000000e-01
    endloop
  endfacet
  facet normal -7.518398e-01 -6.593458e-01 -1.265642e-10
    outer loop
      vertex   9.320660e+01 -1.306309e+02 -9.100000e+00
      vertex   9.237647e+01 -1.296843e+02 -1.000000e-01
      vertex   9.237647e+01 -1.296843e+02 -9.100000e+00
    endloop
  endfacet
  facet normal -8.314696e-01 -5.555702e-01 1.265651e-10
    outer loop
      vertex   9.237647e+01 -1.296843e+02 -9.100000e+00
      vertex   9.237647e+01 -1.296843e+02 -1.000000e-01
      vertex   9.167701e+01 -1.286375e+02 -1.000000e-01
    endloop
  endfacet
  facet normal -8.314696e-01 -5.555702e-01 -1.012528e-10
    outer loop
      vertex   9.237647e+01 -1.296843e+02 -9.100000e+00
      vertex   9.167701e+01 -1.286375e+02 -1.000000e-01
      vertex   9.167701e+01 -1.286375e+02 -9.100000e+00
    endloop
  endfacet
  facet normal -8.968727e-01 -4.422887e-01 1.012506e-10
    outer loop
      vertex   9.167701e+01 -1.286375e+02 -9.100000e+00
      vertex   9.167701e+01 -1.286375e+02 -1.000000e-01
      vertex   9.112016e+01 -1.275083e+02 -1.000000e-01
    endloop
  endfacet
  facet normal -8.968727e-01 -4.422887e-01 -7.593775e-11
    outer loop
      vertex   9.167701e+01 -1.286375e+02 -9.100000e+00
      vertex   9.112016e+01 -1.275083e+02 -1.000000e-01
      vertex   9.112016e+01 -1.275083e+02 -9.100000e+00
    endloop
  endfacet
  facet normal -9.469301e-01 -3.214395e-01 7.593955e-11
    outer loop
      vertex   9.112016e+01 -1.275083e+02 -9.100000e+00
      vertex   9.112016e+01 -1.275083e+02 -1.000000e-01
      vertex   9.071546e+01 -1.263161e+02 -1.000000e-01
    endloop
  endfacet
  facet normal -9.469301e-01 -3.214395e-01 -5.062565e-11
    outer loop
      vertex   9.112016e+01 -1.275083e+02 -9.100000e+00
      vertex   9.071546e+01 -1.263161e+02 -1.000000e-01
      vertex   9.071546e+01 -1.263161e+02 -9.100000e+00
    endloop
  endfacet
  facet normal -9.807853e-01 -1.950903e-01 5.062611e-11
    outer loop
      vertex   9.071546e+01 -1.263161e+02 -9.100000e+00
      vertex   9.071546e+01 -1.263161e+02 -1.000000e-01
      vertex   9.046984e+01 -1.250813e+02 -1.000000e-01
    endloop
  endfacet
  facet normal -9.807853e-01 -1.950903e-01 -2.531583e-11
    outer loop
      vertex   9.071546e+01 -1.263161e+02 -9.100000e+00
      vertex   9.046984e+01 -1.250813e+02 -1.000000e-01
      vertex   9.046984e+01 -1.250813e+02 -9.100000e+00
    endloop
  endfacet
  facet normal -9.978589e-01 -6.540316e-02 2.531020e-11
    outer loop
      vertex   9.046984e+01 -1.250813e+02 -9.100000e+00
      vertex   9.046984e+01 -1.250813e+02 -1.000000e-01
      vertex   9.038750e+01 -1.238250e+02 -1.000000e-01
    endloop
  endfacet
  facet normal -9.978589e-01 -6.540316e-02 -5.006257e-19
    outer loop
      vertex   9.046984e+01 -1.250813e+02 -9.100000e+00
      vertex   9.038750e+01 -1.238250e+02 -1.000000e-01
      vertex   9.038750e+01 -1.238250e+02 -9.100000e+00
    endloop
  endfacet
  facet normal -1.000000e+00 8.172588e-14 0.000000e+00
    outer loop
      vertex   9.038750e+01 -1.238250e+02 -1.000000e-01
      vertex   9.038750e+01 -3.810000e+01 -1.000000e-01
      vertex   9.038750e+01 -1.238250e+02 -9.100000e+00
    endloop
  endfacet
  facet normal -1.000000e+00 8.172588e-14 -5.287395e-29
    outer loop
      vertex   9.038750e+01 -1.238250e+02 -9.100000e+00
      vertex   9.038750e+01 -3.810000e+01 -1.000000e-01
      vertex   9.038750e+01 -3.810000e+01 -9.100000e+00
    endloop
  endfacet
  facet normal -9.999957e-01 2.920472e-03 0.000000e+00
    outer loop
      vertex   9.038750e+01 -3.810000e+01 -1.000000e-01
      vertex   9.038767e+01 -3.804331e+01 -1.000000e-01
      vertex   9.038750e+01 -3.810000e+01 -9.100000e+00
    endloop
  endfacet
  facet normal -9.999957e-01 2.920472e-03 -1.492238e-21
    outer loop
      vertex   9.038750e+01 -3.810000e+01 -9.100000e+00
      vertex   9.038767e+01 -3.804331e+01 -1.000000e-01
      vertex   9.038767e+01 -3.804331e+01 -9.100000e+00
    endloop
  endfacet
  facet normal -9.999616e-01 8.761250e-03 0.000000e+00
    outer loop
      vertex   9.038767e+01 -3.804331e+01 -9.100000e+00
      vertex   9.038767e+01 -3.804331e+01 -1.000000e-01
      vertex   9.038816e+01 -3.798663e+01 -1.000000e-01
    endloop
  endfacet
  facet normal -9.999616e-01 8.761250e-03 1.383362e-17
    outer loop
      vertex   9.038767e+01 -3.804331e+01 -9.100000e+00
      vertex   9.038816e+01 -3.798663e+01 -1.000000e-01
      vertex   9.038816e+01 -3.798663e+01 -9.100000e+00
    endloop
  endfacet
  facet normal -9.998934e-01 1.460174e-02 2.305591e-17
    outer loop
      vertex   9.038816e+01 -3.798663e+01 -9.100000e+00
      vertex   9.038816e+01 -3.798663e+01 -1.000000e-01
      vertex   9.038899e+01 -3.792995e+01 -1.000000e-01
    endloop
  endfacet
  facet normal -9.998934e-01 1.460174e-02 -4.487628e-21
    outer loop
      vertex   9.038816e+01 -3.798663e+01 -9.100000e+00
      vertex   9.038899e+01 -3.792995e+01 -1.000000e-01
      vertex   9.038899e+01 -3.792995e+01 -9.100000e+00
    endloop
  endfacet
  facet normal -9.997910e-01 2.044174e-02 0.000000e+00
    outer loop
      vertex   9.038899e+01 -3.792995e+01 -9.100000e+00
      vertex   9.038899e+01 -3.792995e+01 -1.000000e-01
      vertex   9.039015e+01 -3.787327e+01 -1.000000e-01
    endloop
  endfacet
  facet normal -9.997910e-01 2.044174e-02 -4.699150e-21
    outer loop
      vertex   9.038899e+01 -3.792995e+01 -9.100000e+00
      vertex   9.039015e+01 -3.787327e+01 -1.000000e-01
      vertex   9.039015e+01 -3.787327e+01 -9.100000e+00
    endloop
  endfacet
  facet normal 9.997910e-01 2.044175e-02 1.613860e-17
    outer loop
      vertex   1.667849e+02 -3.787327e+01 -1.000000e-01
      vertex   1.667860e+02 -3.792995e+01 -1.000000e-01
      vertex   1.667849e+02 -3.787327e+01 -9.100000e+00
    endloop
  endfacet
  facet normal 9.997910e-01 2.044175e-02 -7.503358e-13
    outer loop
      vertex   1.667849e+02 -3.787327e+01 -9.100000e+00
      vertex   1.667860e+02 -3.792995e+01 -1.000000e-01
      vertex   1.667860e+02 -3.792995e+01 -9.100000e+00
    endloop
  endfacet
  facet normal 9.998934e-01 1.460175e-02 7.525603e-13
    outer loop
      vertex   1.667860e+02 -3.792995e+01 -9.100000e+00
      vertex   1.667860e+02 -3.792995e+01 -1.000000e-01
      vertex   1.667868e+02 -3.798663e+01 -1.000000e-01
    endloop
  endfacet
  facet normal 9.998934e-01 1.460175e-02 3.747892e-14
    outer loop
      vertex   1.667860e+02 -3.792995e+01 -9.100000e+00
      vertex   1.667868e+02 -3.798663e+01 -1.000000e-01
      vertex   1.667868e+02 -3.798663e+01 -9.100000e+00
    endloop
  endfacet
  facet normal 9.999616e-01 8.761263e-03 -2.172487e-14
    outer loop
      vertex   1.667868e+02 -3.798663e+01 -9.100000e+00
      vertex   1.667868e+02 -3.798663e+01 -1.000000e-01
      vertex   1.667873e+02 -3.804331e+01 -1.000000e-01
    endloop
  endfacet
  facet normal 9.999616e-01 8.761263e-03 -2.255272e-12
    outer loop
      vertex   1.667868e+02 -3.798663e+01 -9.100000e+00
      vertex   1.667873e+02 -3.804331e+01 -1.000000e-01
      vertex   1.667873e+02 -3.804331e+01 -9.100000e+00
    endloop
  endfacet
  facet normal 9.999957e-01 2.920485e-03 2.254617e-12
    outer loop
      vertex   1.667873e+02 -3.804331e+01 -9.100000e+00
      vertex   1.667873e+02 -3.804331e+01 -1.000000e-01
      vertex   1.667875e+02 -3.810000e+01 -9.100000e+00
    endloop
  endfacet
  facet normal 9.999957e-01 2.920476e-03 5.281021e-11
    outer loop
      vertex   1.667875e+02 -3.810000e+01 -9.100000e+00
      vertex   1.667873e+02 -3.804331e+01 -1.000000e-01
      vertex   1.667875e+02 -3.810000e+01 -1.000000e-01
    endloop
  endfacet
  facet normal -9.974462e-01 7.142252e-02 0.000000e+00
    outer loop
      vertex   9.039015e+01 -3.787327e+01 -9.100000e+00
      vertex   9.039015e+01 -3.787327e+01 -1.000000e-01
      vertex   9.045683e+01 -3.694205e+01 -9.100000e+00
    endloop
  endfacet
  facet normal -9.974460e-01 7.142528e-02 2.875137e-07
    outer loop
      vertex   9.045683e+01 -3.694205e+01 -9.100000e+00
      vertex   9.039015e+01 -3.787327e+01 -1.000000e-01
      vertex   9.045684e+01 -3.694200e+01 -1.000000e-01
    endloop
  endfacet
  facet normal -9.859842e-01 1.668389e-01 -3.212497e-07
    outer loop
      vertex   9.045683e+01 -3.694205e+01 -9.100000e+00
      vertex   9.045684e+01 -3.694200e+01 -1.000000e-01
      vertex   9.061223e+01 -3.602365e+01 -9.100000e+00
    endloop
  endfacet
  facet normal -9.859818e-01 1.668529e-01 1.143178e-06
    outer loop
      vertex   9.061223e+01 -3.602365e+01 -9.100000e+00
      vertex   9.045684e+01 -3.694200e+01 -1.000000e-01
      vertex   9.061228e+01 -3.602343e+01 -1.000000e-01
    endloop
  endfacet
  facet normal -9.654378e-01 2.606334e-01 -1.258922e-06
    outer loop
      vertex   9.061223e+01 -3.602365e+01 -9.100000e+00
      vertex   9.061228e+01 -3.602343e+01 -1.000000e-01
      vertex   9.085498e+01 -3.512445e+01 -9.100000e+00
    endloop
  endfacet
  facet normal -9.654280e-01 2.606700e-01 2.656991e-06
    outer loop
      vertex   9.085498e+01 -3.512445e+01 -9.100000e+00
      vertex   9.061228e+01 -3.602343e+01 -1.000000e-01
      vertex   9.085514e+01 -3.512397e+01 -1.000000e-01
    endloop
  endfacet
  facet normal -9.359341e-01 3.521752e-01 -2.743623e-06
    outer loop
      vertex   9.085498e+01 -3.512445e+01 -9.100000e+00
      vertex   9.085514e+01 -3.512397e+01 -1.000000e-01
      vertex   9.118371e+01 -3.425084e+01 -9.100000e+00
    endloop
  endfacet
  facet normal -9.359086e-01 3.522430e-01 4.765008e-06
    outer loop
      vertex   9.118371e+01 -3.425084e+01 -9.100000e+00
      vertex   9.085514e+01 -3.512397e+01 -1.000000e-01
      vertex   9.118406e+01 -3.425002e+01 -1.000000e-01
    endloop
  endfacet
  facet normal -8.976882e-01 4.406313e-01 -4.766220e-06
    outer loop
      vertex   9.118371e+01 -3.425084e+01 -9.100000e+00
      vertex   9.118406e+01 -3.425002e+01 -1.000000e-01
      vertex   9.159513e+01 -3.341267e+01 -9.100000e+00
    endloop
  endfacet
  facet normal -8.976551e-01 4.406986e-01 2.999655e-06
    outer loop
      vertex   9.159513e+01 -3.341267e+01 -9.100000e+00
      vertex   9.118406e+01 -3.425002e+01 -1.000000e-01
      vertex   9.159540e+01 -3.341218e+01 -1.000000e-01
    endloop
  endfacet
  facet normal -8.511147e-01 5.249798e-01 -2.942129e-06
    outer loop
      vertex   9.159513e+01 -3.341267e+01 -9.100000e+00
      vertex   9.159540e+01 -3.341218e+01 -1.000000e-01
      vertex   9.208410e+01 -3.261992e+01 -9.100000e+00
    endloop
  endfacet
  facet normal -8.510878e-01 5.250233e-01 2.348383e-06
    outer loop
      vertex   9.208410e+01 -3.261992e+01 -9.100000e+00
      vertex   9.159540e+01 -3.341218e+01 -1.000000e-01
      vertex   9.208435e+01 -3.261955e+01 -1.000000e-01
    endloop
  endfacet
  facet normal -7.966579e-01 6.044305e-01 -2.367992e-06
    outer loop
      vertex   9.208410e+01 -3.261992e+01 -9.100000e+00
      vertex   9.208435e+01 -3.261955e+01 -1.000000e-01
      vertex   9.264698e+01 -3.187803e+01 -9.100000e+00
    endloop
  endfacet
  facet normal -7.966269e-01 6.044714e-01 2.935683e-06
    outer loop
      vertex   9.264698e+01 -3.187803e+01 -9.100000e+00
      vertex   9.208435e+01 -3.261955e+01 -1.000000e-01
      vertex   9.264733e+01 -3.187761e+01 -1.000000e-01
    endloop
  endfacet
  facet normal -7.346685e-01 6.784263e-01 -2.986465e-06
    outer loop
      vertex   9.264698e+01 -3.187803e+01 -9.100000e+00
      vertex   9.264733e+01 -3.187761e+01 -1.000000e-01
      vertex   9.328009e+01 -3.119243e+01 -9.100000e+00
    endloop
  endfacet
  facet normal -7.346174e-01 6.784816e-01 4.811916e-06
    outer loop
      vertex   9.328009e+01 -3.119243e+01 -9.100000e+00
      vertex   9.264733e+01 -3.187761e+01 -1.000000e-01
      vertex   9.328073e+01 -3.119180e+01 -1.000000e-01
    endloop
  endfacet
  facet normal -6.656515e-01 7.462628e-01 -4.811533e-06
    outer loop
      vertex   9.328009e+01 -3.119243e+01 -9.100000e+00
      vertex   9.328073e+01 -3.119180e+01 -1.000000e-01
      vertex   9.397688e+01 -3.057091e+01 -9.100000e+00
    endloop
  endfacet
  facet normal -6.655947e-01 7.463134e-01 3.078861e-06
    outer loop
      vertex   9.397688e+01 -3.057091e+01 -9.100000e+00
      vertex   9.328073e+01 -3.119180e+01 -1.000000e-01
      vertex   9.397732e+01 -3.057055e+01 -1.000000e-01
    endloop
  endfacet
  facet normal -5.903841e-01 8.071224e-01 -3.022521e-06
    outer loop
      vertex   9.397688e+01 -3.057091e+01 -9.100000e+00
      vertex   9.397732e+01 -3.057055e+01 -1.000000e-01
      vertex   9.472857e+01 -3.002107e+01 -9.100000e+00
    endloop
  endfacet
  facet normal -5.903420e-01 8.071532e-01 2.376580e-06
    outer loop
      vertex   9.472857e+01 -3.002107e+01 -9.100000e+00
      vertex   9.397732e+01 -3.057055e+01 -1.000000e-01
      vertex   9.472894e+01 -3.002083e+01 -1.000000e-01
    endloop
  endfacet
  facet normal -5.096048e-01 8.604086e-01 -2.398607e-06
    outer loop
      vertex   9.472857e+01 -3.002107e+01 -9.100000e+00
      vertex   9.472894e+01 -3.002083e+01 -1.000000e-01
      vertex   9.552969e+01 -2.954658e+01 -9.100000e+00
    endloop
  endfacet
  facet normal -5.095604e-01 8.604349e-01 2.939993e-06
    outer loop
      vertex   9.552969e+01 -2.954658e+01 -9.100000e+00
      vertex   9.472894e+01 -3.002083e+01 -1.000000e-01
      vertex   9.553018e+01 -2.954633e+01 -1.000000e-01
    endloop
  endfacet
  facet normal -4.238676e-01 9.057242e-01 -3.000074e-06
    outer loop
      vertex   9.552969e+01 -2.954658e+01 -9.100000e+00
      vertex   9.553018e+01 -2.954633e+01 -1.000000e-01
      vertex   9.637478e+01 -2.915110e+01 -9.100000e+00
    endloop
  endfacet
  facet normal -4.237991e-01 9.057562e-01 4.841501e-06
    outer loop
      vertex   9.637478e+01 -2.915110e+01 -9.100000e+00
      vertex   9.553018e+01 -2.954633e+01 -1.000000e-01
      vertex   9.637561e+01 -2.915076e+01 -1.000000e-01
    endloop
  endfacet
  facet normal -3.339226e-01 9.426005e-01 -4.839654e-06
    outer loop
      vertex   9.637478e+01 -2.915110e+01 -9.100000e+00
      vertex   9.637561e+01 -2.915076e+01 -1.000000e-01
      vertex   9.725489e+01 -2.883931e+01 -9.100000e+00
    endloop
  endfacet
  facet normal -3.338523e-01 9.426254e-01 2.894175e-06
    outer loop
      vertex   9.725489e+01 -2.883931e+01 -9.100000e+00
      vertex   9.637561e+01 -2.915076e+01 -1.000000e-01
      vertex   9.725539e+01 -2.883916e+01 -1.000000e-01
    endloop
  endfacet
  facet normal -2.408271e-01 9.705680e-01 -2.794309e-06
    outer loop
      vertex   9.725489e+01 -2.883931e+01 -9.100000e+00
      vertex   9.725539e+01 -2.883916e+01 -1.000000e-01
      vertex   9.815887e+01 -2.861500e+01 -9.100000e+00
    endloop
  endfacet
  facet normal -2.407885e-01 9.705776e-01 1.320262e-06
    outer loop
      vertex   9.815887e+01 -2.861500e+01 -9.100000e+00
      vertex   9.725539e+01 -2.883916e+01 -1.000000e-01
      vertex   9.815910e+01 -2.861496e+01 -1.000000e-01
    endloop
  endfacet
  facet normal -1.455255e-01 9.893545e-01 -1.211683e-06
    outer loop
      vertex   9.815887e+01 -2.861500e+01 -9.100000e+00
      vertex   9.815910e+01 -2.861496e+01 -1.000000e-01
      vertex   9.908022e+01 -2.847948e+01 -9.100000e+00
    endloop
  endfacet
  facet normal -1.455107e-01 9.893567e-01 3.308143e-07
    outer loop
      vertex   9.908022e+01 -2.847948e+01 -9.100000e+00
      vertex   9.815910e+01 -2.861496e+01 -1.000000e-01
      vertex   9.908028e+01 -2.847948e+01 -1.000000e-01
    endloop
  endfacet
  facet normal -4.870376e-02 9.988133e-01 -3.086289e-07
    outer loop
      vertex   9.908022e+01 -2.847948e+01 -9.100000e+00
      vertex   9.908028e+01 -2.847948e+01 -1.000000e-01
      vertex   1.000125e+02 -2.843402e+01 -9.100000e+00
    endloop
  endfacet
  facet normal -4.870079e-02 9.988134e-01 -3.942776e-16
    outer loop
      vertex   1.000125e+02 -2.843402e+01 -9.100000e+00
      vertex   9.908028e+01 -2.847948e+01 -1.000000e-01
      vertex   1.000125e+02 -2.843402e+01 -1.000000e-01
    endloop
  endfacet
  facet normal -1.001968e-12 1.000000e+00 4.905024e-12
    outer loop
      vertex   1.256684e+02 -2.843402e+01 -5.291848e+00
      vertex   1.000125e+02 -2.843402e+01 -9.100000e+00
      vertex   1.255875e+02 -2.843402e+01 -4.600000e+00
    endloop
  endfacet
  facet normal -1.388441e-13 1.000000e+00 -3.947460e-16
    outer loop
      vertex   1.255875e+02 -2.843402e+01 -4.600000e+00
      vertex   1.000125e+02 -2.843402e+01 -9.100000e+00
      vertex   1.000125e+02 -2.843402e+01 -1.000000e-01
    endloop
  endfacet
  facet normal -1.001832e-12 1.000000e+00 -4.905040e-12
    outer loop
      vertex   1.255875e+02 -2.843402e+01 -4.600000e+00
      vertex   1.000125e+02 -2.843402e+01 -1.000000e-01
      vertex   1.256684e+02 -2.843402e+01 -3.908152e+00
    endloop
  endfacet
  facet normal -2.597343e-13 1.000000e+00 9.453557e-14
    outer loop
      vertex   1.256684e+02 -2.843402e+01 -3.908152e+00
      vertex   1.000125e+02 -2.843402e+01 -1.000000e-01
      vertex   1.259066e+02 -2.843402e+01 -3.253602e+00
    endloop
  endfacet
  facet normal -2.511316e-13 1.000000e+00 1.651719e-13
    outer loop
      vertex   1.259066e+02 -2.843402e+01 -3.253602e+00
      vertex   1.000125e+02 -2.843402e+01 -1.000000e-01
      vertex   1.262894e+02 -2.843402e+01 -2.671637e+00
    endloop
  endfacet
  facet normal -2.421750e-13 1.000000e+00 2.566905e-13
    outer loop
      vertex   1.262894e+02 -2.843402e+01 -2.671637e+00
      vertex   1.000125e+02 -2.843402e+01 -1.000000e-01
      vertex   1.267960e+02 -2.843402e+01 -2.193630e+00
    endloop
  endfacet
  facet normal -2.309688e-13 1.000000e+00 4.000497e-13
    outer loop
      vertex   1.267960e+02 -2.843402e+01 -2.193630e+00
      vertex   1.000125e+02 -2.843402e+01 -1.000000e-01
      vertex   1.273993e+02 -2.843402e+01 -1.845352e+00
    endloop
  endfacet
  facet normal -2.114517e-13 1.000000e+00 7.062978e-13
    outer loop
      vertex   1.273993e+02 -2.843402e+01 -1.845352e+00
      vertex   1.000125e+02 -2.843402e+01 -1.000000e-01
      vertex   1.280666e+02 -2.843402e+01 -1.645577e+00
    endloop
  endfacet
  facet normal -1.286617e-13 1.000000e+00 2.209035e-12
    outer loop
      vertex   1.280666e+02 -2.843402e+01 -1.645577e+00
      vertex   1.000125e+02 -2.843402e+01 -1.000000e-01
      vertex   1.287619e+02 -2.843402e+01 -1.605076e+00
    endloop
  endfacet
  facet normal -1.225267e-13 1.000000e+00 2.326224e-12
    outer loop
      vertex   1.287619e+02 -2.843402e+01 -1.605076e+00
      vertex   1.000125e+02 -2.843402e+01 -1.000000e-01
      vertex   1.571625e+02 -2.843402e+01 -1.000000e-01
    endloop
  endfacet
  facet normal 5.771097e-16 1.000000e+00 3.272952e-15
    outer loop
      vertex   1.287619e+02 -2.843402e+01 -1.605076e+00
      vertex   1.571625e+02 -2.843402e+01 -1.000000e-01
      vertex   1.294479e+02 -2.843402e+01 -1.726031e+00
    endloop
  endfacet
  facet normal 6.770479e-16 1.000000e+00 1.569574e-15
    outer loop
      vertex   1.294479e+02 -2.843402e+01 -1.726031e+00
      vertex   1.571625e+02 -2.843402e+01 -1.000000e-01
      vertex   1.300875e+02 -2.843402e+01 -2.001924e+00
    endloop
  endfacet
  facet normal 7.194222e-16 1.000000e+00 9.663517e-16
    outer loop
      vertex   1.300875e+02 -2.843402e+01 -2.001924e+00
      vertex   1.571625e+02 -2.843402e+01 -1.000000e-01
      vertex   1.306462e+02 -2.843402e+01 -2.417879e+00
    endloop
  endfacet
  facet normal 7.489592e-16 1.000000e+00 6.284514e-16
    outer loop
      vertex   1.306462e+02 -2.843402e+01 -2.417879e+00
      vertex   1.571625e+02 -2.843402e+01 -1.000000e-01
      vertex   1.310940e+02 -2.843402e+01 -2.951473e+00
    endloop
  endfacet
  facet normal 7.751206e-16 1.000000e+00 3.892802e-16
    outer loop
      vertex   1.310940e+02 -2.843402e+01 -2.951473e+00
      vertex   1.571625e+02 -2.843402e+01 -1.000000e-01
      vertex   1.314066e+02 -2.843402e+01 -3.573940e+00
    endloop
  endfacet
  facet normal 8.019893e-16 1.000000e+00 1.900749e-16
    outer loop
      vertex   1.314066e+02 -2.843402e+01 -3.573940e+00
      vertex   1.571625e+02 -2.843402e+01 -1.000000e-01
      vertex   1.315672e+02 -2.843402e+01 -4.251721e+00
    endloop
  endfacet
  facet normal 8.328207e-16 1.000000e+00 0.000000e+00
    outer loop
      vertex   1.315672e+02 -2.843402e+01 -4.251721e+00
      vertex   1.571625e+02 -2.843402e+01 -1.000000e-01
      vertex   1.315672e+02 -2.843402e+01 -4.948279e+00
    endloop
  endfacet
  facet normal 8.328207e-16 1.000000e+00 0.000000e+00
    outer loop
      vertex   1.315672e+02 -2.843402e+01 -4.948279e+00
      vertex   1.571625e+02 -2.843402e+01 -1.000000e-01
      vertex   1.571625e+02 -2.843402e+01 -9.100000e+00
    endloop
  endfacet
  facet normal 8.019893e-16 1.000000e+00 -1.900749e-16
    outer loop
      vertex   1.315672e+02 -2.843402e+01 -4.948279e+00
      vertex   1.571625e+02 -2.843402e+01 -9.100000e+00
      vertex   1.314066e+02 -2.843402e+01 -5.626060e+00
    endloop
  endfacet
  facet normal 7.751206e-16 1.000000e+00 -3.892802e-16
    outer loop
      vertex   1.314066e+02 -2.843402e+01 -5.626060e+00
      vertex   1.571625e+02 -2.843402e+01 -9.100000e+00
      vertex   1.310940e+02 -2.843402e+01 -6.248527e+00
    endloop
  endfacet
  facet normal 7.489592e-16 1.000000e+00 -6.284514e-16
    outer loop
      vertex   1.310940e+02 -2.843402e+01 -6.248527e+00
      vertex   1.571625e+02 -2.843402e+01 -9.100000e+00
      vertex   1.306462e+02 -2.843402e+01 -6.782121e+00
    endloop
  endfacet
  facet normal 7.194222e-16 1.000000e+00 -9.663517e-16
    outer loop
      vertex   1.306462e+02 -2.843402e+01 -6.782121e+00
      vertex   1.571625e+02 -2.843402e+01 -9.100000e+00
      vertex   1.300875e+02 -2.843402e+01 -7.198076e+00
    endloop
  endfacet
  facet normal 6.770479e-16 1.000000e+00 -1.569574e-15
    outer loop
      vertex   1.300875e+02 -2.843402e+01 -7.198076e+00
      vertex   1.571625e+02 -2.843402e+01 -9.100000e+00
      vertex   1.294479e+02 -2.843402e+01 -7.473969e+00
    endloop
  endfacet
  facet normal 5.771097e-16 1.000000e+00 -3.272952e-15
    outer loop
      vertex   1.294479e+02 -2.843402e+01 -7.473969e+00
      vertex   1.571625e+02 -2.843402e+01 -9.100000e+00
      vertex   1.287619e+02 -2.843402e+01 -7.594924e+00
    endloop
  endfacet
  facet normal -1.225888e-13 1.000000e+00 -2.327397e-12
    outer loop
      vertex   1.287619e+02 -2.843402e+01 -7.594924e+00
      vertex   1.571625e+02 -2.843402e+01 -9.100000e+00
      vertex   1.000125e+02 -2.843402e+01 -9.100000e+00
    endloop
  endfacet
  facet normal -1.287267e-13 1.000000e+00 -2.210153e-12
    outer loop
      vertex   1.287619e+02 -2.843402e+01 -7.594924e+00
      vertex   1.000125e+02 -2.843402e+01 -9.100000e+00
      vertex   1.280666e+02 -2.843402e+01 -7.554423e+00
    endloop
  endfacet
  facet normal -2.115586e-13 1.000000e+00 -7.066551e-13
    outer loop
      vertex   1.280666e+02 -2.843402e+01 -7.554423e+00
      vertex   1.000125e+02 -2.843402e+01 -9.100000e+00
      vertex   1.273993e+02 -2.843402e+01 -7.354648e+00
    endloop
  endfacet
  facet normal -2.310856e-13 1.000000e+00 -4.002521e-13
    outer loop
      vertex   1.273993e+02 -2.843402e+01 -7.354648e+00
      vertex   1.000125e+02 -2.843402e+01 -9.100000e+00
      vertex   1.267960e+02 -2.843402e+01 -7.006370e+00
    endloop
  endfacet
  facet normal -2.422975e-13 1.000000e+00 -2.568203e-13
    outer loop
      vertex   1.267960e+02 -2.843402e+01 -7.006370e+00
      vertex   1.000125e+02 -2.843402e+01 -9.100000e+00
      vertex   1.262894e+02 -2.843402e+01 -6.528363e+00
    endloop
  endfacet
  facet normal -2.512587e-13 1.000000e+00 -1.652554e-13
    outer loop
      vertex   1.262894e+02 -2.843402e+01 -6.528363e+00
      vertex   1.000125e+02 -2.843402e+01 -9.100000e+00
      vertex   1.259066e+02 -2.843402e+01 -5.946398e+00
    endloop
  endfacet
  facet normal -2.598657e-13 1.000000e+00 -9.458338e-14
    outer loop
      vertex   1.259066e+02 -2.843402e+01 -5.946398e+00
      vertex   1.000125e+02 -2.843402e+01 -9.100000e+00
      vertex   1.256684e+02 -2.843402e+01 -5.291848e+00
    endloop
  endfacet
  facet normal 4.870077e-02 9.988134e-01 -0.000000e+00
    outer loop
      vertex   1.571625e+02 -2.843402e+01 -9.100000e+00
      vertex   1.571625e+02 -2.843402e+01 -1.000000e-01
      vertex   1.580947e+02 -2.847948e+01 -9.100000e+00
    endloop
  endfacet
  facet normal 4.870376e-02 9.988133e-01 3.100598e-07
    outer loop
      vertex   1.580947e+02 -2.847948e+01 -9.100000e+00
      vertex   1.571625e+02 -2.843402e+01 -1.000000e-01
      vertex   1.580948e+02 -2.847948e+01 -1.000000e-01
    endloop
  endfacet
  facet normal 1.455107e-01 9.893567e-01 -3.323345e-07
    outer loop
      vertex   1.580947e+02 -2.847948e+01 -9.100000e+00
      vertex   1.580948e+02 -2.847948e+01 -1.000000e-01
      vertex   1.590159e+02 -2.861496e+01 -9.100000e+00
    endloop
  endfacet
  facet normal 1.455255e-01 9.893545e-01 1.217067e-06
    outer loop
      vertex   1.590159e+02 -2.861496e+01 -9.100000e+00
      vertex   1.580948e+02 -2.847948e+01 -1.000000e-01
      vertex   1.590161e+02 -2.861500e+01 -1.000000e-01
    endloop
  endfacet
  facet normal 2.407885e-01 9.705776e-01 -1.326069e-06
    outer loop
      vertex   1.590159e+02 -2.861496e+01 -9.100000e+00
      vertex   1.590161e+02 -2.861500e+01 -1.000000e-01
      vertex   1.599196e+02 -2.883916e+01 -9.100000e+00
    endloop
  endfacet
  facet normal 2.408273e-01 9.705680e-01 2.806518e-06
    outer loop
      vertex   1.599196e+02 -2.883916e+01 -9.100000e+00
      vertex   1.590161e+02 -2.861500e+01 -1.000000e-01
      vertex   1.599201e+02 -2.883931e+01 -1.000000e-01
    endloop
  endfacet
  facet normal 3.338523e-01 9.426254e-01 -2.906740e-06
    outer loop
      vertex   1.599196e+02 -2.883916e+01 -9.100000e+00
      vertex   1.599201e+02 -2.883931e+01 -1.000000e-01
      vertex   1.607994e+02 -2.915076e+01 -9.100000e+00
    endloop
  endfacet
  facet normal 3.339230e-01 9.426004e-01 4.858971e-06
    outer loop
      vertex   1.607994e+02 -2.915076e+01 -9.100000e+00
      vertex   1.599201e+02 -2.883931e+01 -1.000000e-01
      vertex   1.608002e+02 -2.915110e+01 -1.000000e-01
    endloop
  endfacet
  facet normal 4.237991e-01 9.057562e-01 -4.860854e-06
    outer loop
      vertex   1.607994e+02 -2.915076e+01 -9.100000e+00
      vertex   1.608002e+02 -2.915110e+01 -1.000000e-01
      vertex   1.616448e+02 -2.954633e+01 -9.100000e+00
    endloop
  endfacet
  facet normal 4.238679e-01 9.057240e-01 3.010909e-06
    outer loop
      vertex   1.616448e+02 -2.954633e+01 -9.100000e+00
      vertex   1.608002e+02 -2.915110e+01 -1.000000e-01
      vertex   1.616453e+02 -2.954659e+01 -1.000000e-01
    endloop
  endfacet
  facet normal 5.095605e-01 8.604349e-01 -2.950542e-06
    outer loop
      vertex   1.616448e+02 -2.954633e+01 -9.100000e+00
      vertex   1.616453e+02 -2.954659e+01 -1.000000e-01
      vertex   1.624461e+02 -3.002083e+01 -9.100000e+00
    endloop
  endfacet
  facet normal 5.096050e-01 8.604085e-01 2.403885e-06
    outer loop
      vertex   1.624461e+02 -3.002083e+01 -9.100000e+00
      vertex   1.616453e+02 -2.954659e+01 -1.000000e-01
      vertex   1.624464e+02 -3.002107e+01 -1.000000e-01
    endloop
  endfacet
  facet normal 5.903421e-01 8.071532e-01 -2.381491e-06
    outer loop
      vertex   1.624461e+02 -3.002083e+01 -9.100000e+00
      vertex   1.624464e+02 -3.002107e+01 -1.000000e-01
      vertex   1.631977e+02 -3.057056e+01 -9.100000e+00
    endloop
  endfacet
  facet normal 5.903843e-01 8.071223e-01 3.024927e-06
    outer loop
      vertex   1.631977e+02 -3.057056e+01 -9.100000e+00
      vertex   1.624464e+02 -3.002107e+01 -1.000000e-01
      vertex   1.631981e+02 -3.057091e+01 -1.000000e-01
    endloop
  endfacet
  facet normal 6.655949e-01 7.463133e-01 -3.081161e-06
    outer loop
      vertex   1.631977e+02 -3.057056e+01 -9.100000e+00
      vertex   1.631981e+02 -3.057091e+01 -1.000000e-01
      vertex   1.638943e+02 -3.119181e+01 -9.100000e+00
    endloop
  endfacet
  facet normal 6.656517e-01 7.462626e-01 4.812185e-06
    outer loop
      vertex   1.638943e+02 -3.119181e+01 -9.100000e+00
      vertex   1.631981e+02 -3.057091e+01 -1.000000e-01
      vertex   1.638949e+02 -3.119243e+01 -1.000000e-01
    endloop
  endfacet
  facet normal 7.346176e-01 6.784814e-01 -4.812604e-06
    outer loop
      vertex   1.638943e+02 -3.119181e+01 -9.100000e+00
      vertex   1.638949e+02 -3.119243e+01 -1.000000e-01
      vertex   1.645277e+02 -3.187761e+01 -9.100000e+00
    endloop
  endfacet
  facet normal 7.346687e-01 6.784261e-01 2.986412e-06
    outer loop
      vertex   1.645277e+02 -3.187761e+01 -9.100000e+00
      vertex   1.638949e+02 -3.119243e+01 -1.000000e-01
      vertex   1.645280e+02 -3.187803e+01 -1.000000e-01
    endloop
  endfacet
  facet normal 7.966270e-01 6.044712e-01 -2.935582e-06
    outer loop
      vertex   1.645277e+02 -3.187761e+01 -9.100000e+00
      vertex   1.645280e+02 -3.187803e+01 -1.000000e-01
      vertex   1.650906e+02 -3.261956e+01 -9.100000e+00
    endloop
  endfacet
  facet normal 7.966580e-01 6.044304e-01 2.367264e-06
    outer loop
      vertex   1.650906e+02 -3.261956e+01 -9.100000e+00
      vertex   1.645280e+02 -3.187803e+01 -1.000000e-01
      vertex   1.650909e+02 -3.261992e+01 -1.000000e-01
    endloop
  endfacet
  facet normal 8.510879e-01 5.250232e-01 -2.347590e-06
    outer loop
      vertex   1.650906e+02 -3.261956e+01 -9.100000e+00
      vertex   1.650909e+02 -3.261992e+01 -1.000000e-01
      vertex   1.655796e+02 -3.341218e+01 -9.100000e+00
    endloop
  endfacet
  facet normal 8.511148e-01 5.249796e-01 2.940372e-06
    outer loop
      vertex   1.655796e+02 -3.341218e+01 -9.100000e+00
      vertex   1.650909e+02 -3.261992e+01 -1.000000e-01
      vertex   1.655799e+02 -3.341267e+01 -1.000000e-01
    endloop
  endfacet
  facet normal 8.976553e-01 4.406983e-01 -2.997811e-06
    outer loop
      vertex   1.655796e+02 -3.341218e+01 -9.100000e+00
      vertex   1.655799e+02 -3.341267e+01 -1.000000e-01
      vertex   1.659909e+02 -3.425002e+01 -9.100000e+00
    endloop
  endfacet
  facet normal 8.976883e-01 4.406311e-01 4.762234e-06
    outer loop
      vertex   1.659909e+02 -3.425002e+01 -9.100000e+00
      vertex   1.655799e+02 -3.341267e+01 -1.000000e-01
      vertex   1.659913e+02 -3.425084e+01 -1.000000e-01
    endloop
  endfacet
  facet normal 9.359087e-01 3.522427e-01 -4.761020e-06
    outer loop
      vertex   1.659909e+02 -3.425002e+01 -9.100000e+00
      vertex   1.659913e+02 -3.425084e+01 -1.000000e-01
      vertex   1.663199e+02 -3.512397e+01 -9.100000e+00
    endloop
  endfacet
  facet normal 9.359342e-01 3.521750e-01 2.740615e-06
    outer loop
      vertex   1.663199e+02 -3.512397e+01 -9.100000e+00
      vertex   1.659913e+02 -3.425084e+01 -1.000000e-01
      vertex   1.663200e+02 -3.512445e+01 -1.000000e-01
    endloop
  endfacet
  facet normal 9.654280e-01 2.606698e-01 -2.653990e-06
    outer loop
      vertex   1.663199e+02 -3.512397e+01 -9.100000e+00
      vertex   1.663200e+02 -3.512445e+01 -1.000000e-01
      vertex   1.665627e+02 -3.602343e+01 -9.100000e+00
    endloop
  endfacet
  facet normal 9.654379e-01 2.606333e-01 1.257447e-06
    outer loop
      vertex   1.665627e+02 -3.602343e+01 -9.100000e+00
      vertex   1.663200e+02 -3.512445e+01 -1.000000e-01
      vertex   1.665628e+02 -3.602365e+01 -1.000000e-01
    endloop
  endfacet
  facet normal 9.859818e-01 1.668528e-01 -1.141763e-06
    outer loop
      vertex   1.665627e+02 -3.602343e+01 -9.100000e+00
      vertex   1.665628e+02 -3.602365e+01 -1.000000e-01
      vertex   1.667182e+02 -3.694200e+01 -9.100000e+00
    endloop
  endfacet
  facet normal 9.859842e-01 1.668389e-01 3.207902e-07
    outer loop
      vertex   1.667182e+02 -3.694200e+01 -9.100000e+00
      vertex   1.665628e+02 -3.602365e+01 -1.000000e-01
      vertex   1.667182e+02 -3.694205e+01 -1.000000e-01
    endloop
  endfacet
  facet normal 9.974460e-01 7.142528e-02 -2.870758e-07
    outer loop
      vertex   1.667182e+02 -3.694200e+01 -9.100000e+00
      vertex   1.667182e+02 -3.694205e+01 -1.000000e-01
      vertex   1.667849e+02 -3.787327e+01 -9.100000e+00
    endloop
  endfacet
  facet normal 9.974462e-01 7.142252e-02 5.638750e-17
    outer loop
      vertex   1.667849e+02 -3.787327e+01 -9.100000e+00
      vertex   1.667182e+02 -3.694205e+01 -1.000000e-01
      vertex   1.667849e+02 -3.787327e+01 -1.000000e-01
    endloop
  endfacet
endsolid
