ISO-10303-21;
HEADER;
/* Generated by software containing ST-Developer
 * from STEP Tools, Inc. (www.steptools.com) 
 */

FILE_DESCRIPTION(
/* description */ ('KiCad electronic assembly'),
/* implementation_level */ '2;1');

FILE_NAME(
/* name */ 'Calculator cap.step',
/* time_stamp */ '2026-08-28T12:06:53-07:00',
/* author */ (''),
/* organization */ (''),
/* preprocessor_version */ 'ST-DEVELOPER v20.1',
/* originating_system */ 'Autodesk Translation Framework v15.8.0.0',
/* authorisation */ '');

FILE_SCHEMA (('AUTOMOTIVE_DESIGN { 1 0 10303 214 3 1 1 }'));
ENDSEC;

DATA;
#10=MECHANICAL_DESIGN_GEOMETRIC_PRESENTATION_REPRESENTATION('',(#13),#2646);
#11=SHAPE_REPRESENTATION_RELATIONSHIP('SRR','None',#2652,#12);
#12=ADVANCED_BREP_SHAPE_REPRESENTATION('',(#14),#2645);
#13=STYLED_ITEM('',(#2663),#14);
#14=MANIFOLD_SOLID_BREP('Body1',#967);
#15=B_SPLINE_SURFACE_WITH_KNOTS('',3,3,((#1831,#1832,#1833,#1834,#1835,
#1836,#1837,#1838,#1839,#1840),(#1841,#1842,#1843,#1844,#1845,#1846,#1847,
#1848,#1849,#1850),(#1851,#1852,#1853,#1854,#1855,#1856,#1857,#1858,#1859,
#1860),(#1861,#1862,#1863,#1864,#1865,#1866,#1867,#1868,#1869,#1870)),
 .UNSPECIFIED.,.F.,.F.,.F.,(4,4),(4,2,2,2,4),(0.,0.010616896),(0.,0.25,
0.5,0.75,1.),.UNSPECIFIED.);
#16=B_SPLINE_SURFACE_WITH_KNOTS('',3,3,((#1873,#1874,#1875,#1876,#1877,
#1878,#1879,#1880,#1881,#1882),(#1883,#1884,#1885,#1886,#1887,#1888,#1889,
#1890,#1891,#1892),(#1893,#1894,#1895,#1896,#1897,#1898,#1899,#1900,#1901,
#1902),(#1903,#1904,#1905,#1906,#1907,#1908,#1909,#1910,#1911,#1912),(#1913,
#1914,#1915,#1916,#1917,#1918,#1919,#1920,#1921,#1922),(#1923,#1924,#1925,
#1926,#1927,#1928,#1929,#1930,#1931,#1932),(#1933,#1934,#1935,#1936,#1937,
#1938,#1939,#1940,#1941,#1942),(#1943,#1944,#1945,#1946,#1947,#1948,#1949,
#1950,#1951,#1952),(#1953,#1954,#1955,#1956,#1957,#1958,#1959,#1960,#1961,
#1962),(#1963,#1964,#1965,#1966,#1967,#1968,#1969,#1970,#1971,#1972),(#1973,
#1974,#1975,#1976,#1977,#1978,#1979,#1980,#1981,#1982),(#1983,#1984,#1985,
#1986,#1987,#1988,#1989,#1990,#1991,#1992),(#1993,#1994,#1995,#1996,#1997,
#1998,#1999,#2000,#2001,#2002),(#2003,#2004,#2005,#2006,#2007,#2008,#2009,
#2010,#2011,#2012),(#2013,#2014,#2015,#2016,#2017,#2018,#2019,#2020,#2021,
#2022),(#2023,#2024,#2025,#2026,#2027,#2028,#2029,#2030,#2031,#2032)),
 .UNSPECIFIED.,.F.,.F.,.F.,(4,2,2,2,2,2,2,4),(4,2,2,2,4),(0.,0.000116304,
0.000232608,0.000348912,0.000465216,0.00058152,0.000697824,0.000930433),
(0.,0.25,0.5,0.75,1.),.UNSPECIFIED.);
#17=B_SPLINE_SURFACE_WITH_KNOTS('',3,3,((#2034,#2035,#2036,#2037,#2038,
#2039,#2040,#2041,#2042,#2043),(#2044,#2045,#2046,#2047,#2048,#2049,#2050,
#2051,#2052,#2053),(#2054,#2055,#2056,#2057,#2058,#2059,#2060,#2061,#2062,
#2063),(#2064,#2065,#2066,#2067,#2068,#2069,#2070,#2071,#2072,#2073),(#2074,
#2075,#2076,#2077,#2078,#2079,#2080,#2081,#2082,#2083),(#2084,#2085,#2086,
#2087,#2088,#2089,#2090,#2091,#2092,#2093),(#2094,#2095,#2096,#2097,#2098,
#2099,#2100,#2101,#2102,#2103),(#2104,#2105,#2106,#2107,#2108,#2109,#2110,
#2111,#2112,#2113),(#2114,#2115,#2116,#2117,#2118,#2119,#2120,#2121,#2122,
#2123),(#2124,#2125,#2126,#2127,#2128,#2129,#2130,#2131,#2132,#2133),(#2134,
#2135,#2136,#2137,#2138,#2139,#2140,#2141,#2142,#2143),(#2144,#2145,#2146,
#2147,#2148,#2149,#2150,#2151,#2152,#2153),(#2154,#2155,#2156,#2157,#2158,
#2159,#2160,#2161,#2162,#2163),(#2164,#2165,#2166,#2167,#2168,#2169,#2170,
#2171,#2172,#2173),(#2174,#2175,#2176,#2177,#2178,#2179,#2180,#2181,#2182,
#2183),(#2184,#2185,#2186,#2187,#2188,#2189,#2190,#2191,#2192,#2193)),
 .UNSPECIFIED.,.F.,.F.,.F.,(4,2,2,2,2,2,2,4),(4,2,2,2,4),(0.,0.000116304,
0.000232608,0.000348912,0.000465216,0.00058152,0.000697824,0.000930433),
(0.,0.25,0.5,0.75,1.),.UNSPECIFIED.);
#18=B_SPLINE_SURFACE_WITH_KNOTS('',3,3,((#2195,#2196,#2197,#2198,#2199,
#2200,#2201,#2202,#2203,#2204),(#2205,#2206,#2207,#2208,#2209,#2210,#2211,
#2212,#2213,#2214),(#2215,#2216,#2217,#2218,#2219,#2220,#2221,#2222,#2223,
#2224),(#2225,#2226,#2227,#2228,#2229,#2230,#2231,#2232,#2233,#2234)),
 .UNSPECIFIED.,.F.,.F.,.F.,(4,4),(4,2,2,2,4),(0.,0.010616896),(0.,0.25,
0.5,0.75,1.),.UNSPECIFIED.);
#19=B_SPLINE_SURFACE_WITH_KNOTS('',3,3,((#2236,#2237,#2238,#2239,#2240,
#2241,#2242,#2243,#2244,#2245),(#2246,#2247,#2248,#2249,#2250,#2251,#2252,
#2253,#2254,#2255),(#2256,#2257,#2258,#2259,#2260,#2261,#2262,#2263,#2264,
#2265),(#2266,#2267,#2268,#2269,#2270,#2271,#2272,#2273,#2274,#2275)),
 .UNSPECIFIED.,.F.,.F.,.F.,(4,4),(4,2,2,2,4),(0.,0.010616896),(0.,0.25,
0.5,0.75,1.),.UNSPECIFIED.);
#20=B_SPLINE_SURFACE_WITH_KNOTS('',3,3,((#2277,#2278,#2279,#2280,#2281,
#2282,#2283,#2284,#2285,#2286),(#2287,#2288,#2289,#2290,#2291,#2292,#2293,
#2294,#2295,#2296),(#2297,#2298,#2299,#2300,#2301,#2302,#2303,#2304,#2305,
#2306),(#2307,#2308,#2309,#2310,#2311,#2312,#2313,#2314,#2315,#2316),(#2317,
#2318,#2319,#2320,#2321,#2322,#2323,#2324,#2325,#2326),(#2327,#2328,#2329,
#2330,#2331,#2332,#2333,#2334,#2335,#2336),(#2337,#2338,#2339,#2340,#2341,
#2342,#2343,#2344,#2345,#2346),(#2347,#2348,#2349,#2350,#2351,#2352,#2353,
#2354,#2355,#2356),(#2357,#2358,#2359,#2360,#2361,#2362,#2363,#2364,#2365,
#2366),(#2367,#2368,#2369,#2370,#2371,#2372,#2373,#2374,#2375,#2376),(#2377,
#2378,#2379,#2380,#2381,#2382,#2383,#2384,#2385,#2386),(#2387,#2388,#2389,
#2390,#2391,#2392,#2393,#2394,#2395,#2396),(#2397,#2398,#2399,#2400,#2401,
#2402,#2403,#2404,#2405,#2406),(#2407,#2408,#2409,#2410,#2411,#2412,#2413,
#2414,#2415,#2416),(#2417,#2418,#2419,#2420,#2421,#2422,#2423,#2424,#2425,
#2426),(#2427,#2428,#2429,#2430,#2431,#2432,#2433,#2434,#2435,#2436)),
 .UNSPECIFIED.,.F.,.F.,.F.,(4,2,2,2,2,2,2,4),(4,2,2,2,4),(0.,0.000116304,
0.000232608,0.000348912,0.000465216,0.00058152,0.000697824,0.000930433),
(0.,0.25,0.5,0.75,1.),.UNSPECIFIED.);
#21=B_SPLINE_SURFACE_WITH_KNOTS('',3,3,((#2438,#2439,#2440,#2441,#2442,
#2443,#2444,#2445,#2446,#2447),(#2448,#2449,#2450,#2451,#2452,#2453,#2454,
#2455,#2456,#2457),(#2458,#2459,#2460,#2461,#2462,#2463,#2464,#2465,#2466,
#2467),(#2468,#2469,#2470,#2471,#2472,#2473,#2474,#2475,#2476,#2477),(#2478,
#2479,#2480,#2481,#2482,#2483,#2484,#2485,#2486,#2487),(#2488,#2489,#2490,
#2491,#2492,#2493,#2494,#2495,#2496,#2497),(#2498,#2499,#2500,#2501,#2502,
#2503,#2504,#2505,#2506,#2507),(#2508,#2509,#2510,#2511,#2512,#2513,#2514,
#2515,#2516,#2517),(#2518,#2519,#2520,#2521,#2522,#2523,#2524,#2525,#2526,
#2527),(#2528,#2529,#2530,#2531,#2532,#2533,#2534,#2535,#2536,#2537),(#2538,
#2539,#2540,#2541,#2542,#2543,#2544,#2545,#2546,#2547),(#2548,#2549,#2550,
#2551,#2552,#2553,#2554,#2555,#2556,#2557),(#2558,#2559,#2560,#2561,#2562,
#2563,#2564,#2565,#2566,#2567),(#2568,#2569,#2570,#2571,#2572,#2573,#2574,
#2575,#2576,#2577),(#2578,#2579,#2580,#2581,#2582,#2583,#2584,#2585,#2586,
#2587),(#2588,#2589,#2590,#2591,#2592,#2593,#2594,#2595,#2596,#2597)),
 .UNSPECIFIED.,.F.,.F.,.F.,(4,2,2,2,2,2,2,4),(4,2,2,2,4),(0.,0.000116304,
0.000232608,0.000348912,0.000465216,0.00058152,0.000697824,0.000930433),
(0.,0.25,0.5,0.75,1.),.UNSPECIFIED.);
#22=B_SPLINE_SURFACE_WITH_KNOTS('',3,3,((#2599,#2600,#2601,#2602,#2603,
#2604,#2605,#2606,#2607,#2608),(#2609,#2610,#2611,#2612,#2613,#2614,#2615,
#2616,#2617,#2618),(#2619,#2620,#2621,#2622,#2623,#2624,#2625,#2626,#2627,
#2628),(#2629,#2630,#2631,#2632,#2633,#2634,#2635,#2636,#2637,#2638)),
 .UNSPECIFIED.,.F.,.F.,.F.,(4,4),(4,2,2,2,4),(0.,0.010616896),(0.,0.25,
0.5,0.75,1.),.UNSPECIFIED.);
#23=(
BOUNDED_SURFACE()
B_SPLINE_SURFACE(2,3,((#1596,#1597,#1598,#1599,#1600,#1601,#1602),(#1603,
#1604,#1605,#1606,#1607,#1608,#1609),(#1610,#1611,#1612,#1613,#1614,#1615,
#1616)),.UNSPECIFIED.,.F.,.T.,.F.)
B_SPLINE_SURFACE_WITH_KNOTS((3,3),(4,3,4),(0.,0.780820969),(0.,0.5,1.),
 .UNSPECIFIED.)
GEOMETRIC_REPRESENTATION_ITEM()
RATIONAL_B_SPLINE_SURFACE(((1.,0.333333333,0.333333333,1.,0.333333333,0.333333333,
1.),(1.,0.333333333,0.333333333,1.,0.333333333,0.333333333,1.),(1.,0.333333333,
0.333333333,1.,0.333333333,0.333333333,1.)))
REPRESENTATION_ITEM('')
SURFACE()
);
#24=SPHERICAL_SURFACE('',#1025,0.3);
#25=SPHERICAL_SURFACE('',#1032,0.3);
#26=SPHERICAL_SURFACE('',#1034,0.3);
#27=SPHERICAL_SURFACE('',#1040,0.3);
#28=SPHERICAL_SURFACE('',#1041,0.3);
#29=SPHERICAL_SURFACE('',#1048,0.3);
#30=SPHERICAL_SURFACE('',#1050,0.3);
#31=SPHERICAL_SURFACE('',#1056,0.3);
#32=CYLINDRICAL_SURFACE('',#1009,0.3);
#33=CYLINDRICAL_SURFACE('',#1011,0.3);
#34=CYLINDRICAL_SURFACE('',#1013,0.3);
#35=CYLINDRICAL_SURFACE('',#1015,0.3);
#36=CYLINDRICAL_SURFACE('',#1017,0.3);
#37=CYLINDRICAL_SURFACE('',#1019,0.3);
#38=CYLINDRICAL_SURFACE('',#1021,0.3);
#39=CYLINDRICAL_SURFACE('',#1023,0.3);
#40=CYLINDRICAL_SURFACE('',#1028,0.3);
#41=CYLINDRICAL_SURFACE('',#1030,0.3);
#42=CYLINDRICAL_SURFACE('',#1036,0.3);
#43=CYLINDRICAL_SURFACE('',#1038,0.3);
#44=CYLINDRICAL_SURFACE('',#1044,0.3);
#45=CYLINDRICAL_SURFACE('',#1046,0.3);
#46=CYLINDRICAL_SURFACE('',#1052,0.3);
#47=CYLINDRICAL_SURFACE('',#1054,0.3);
#48=CYLINDRICAL_SURFACE('',#1057,1.25);
#49=CYLINDRICAL_SURFACE('',#1058,1.25);
#50=CYLINDRICAL_SURFACE('',#1059,1.25);
#51=CYLINDRICAL_SURFACE('',#1060,1.25);
#52=CYLINDRICAL_SURFACE('',#1069,0.75);
#53=CYLINDRICAL_SURFACE('',#1070,0.75);
#54=CYLINDRICAL_SURFACE('',#1071,0.75);
#55=CYLINDRICAL_SURFACE('',#1072,0.75);
#56=CIRCLE('',#987,0.3);
#57=CIRCLE('',#988,0.3);
#58=CIRCLE('',#989,0.3);
#59=CIRCLE('',#990,0.3);
#60=CIRCLE('',#991,0.3);
#61=CIRCLE('',#992,0.3);
#62=CIRCLE('',#993,0.3);
#63=CIRCLE('',#994,0.3);
#64=CIRCLE('',#1010,0.3);
#65=CIRCLE('',#1012,0.3);
#66=CIRCLE('',#1014,0.3);
#67=CIRCLE('',#1016,0.3);
#68=CIRCLE('',#1018,0.3);
#69=CIRCLE('',#1020,0.3);
#70=CIRCLE('',#1022,0.3);
#71=CIRCLE('',#1024,0.3);
#72=CIRCLE('',#1026,0.3);
#73=CIRCLE('',#1027,0.3);
#74=CIRCLE('',#1029,0.3);
#75=CIRCLE('',#1031,0.3);
#76=CIRCLE('',#1033,0.3);
#77=CIRCLE('',#1035,0.3);
#78=CIRCLE('',#1037,0.3);
#79=CIRCLE('',#1039,0.3);
#80=CIRCLE('',#1042,0.3);
#81=CIRCLE('',#1043,0.3);
#82=CIRCLE('',#1045,0.3);
#83=CIRCLE('',#1047,0.3);
#84=CIRCLE('',#1049,0.3);
#85=CIRCLE('',#1051,0.3);
#86=CIRCLE('',#1053,0.3);
#87=CIRCLE('',#1055,0.3);
#88=CIRCLE('',#1061,0.625);
#89=CIRCLE('',#1062,0.625);
#90=CIRCLE('',#1063,0.625);
#91=CIRCLE('',#1064,0.625);
#92=CIRCLE('',#1065,0.625);
#93=CIRCLE('',#1066,0.625);
#94=CIRCLE('',#1067,0.625);
#95=CIRCLE('',#1068,0.625);
#96=B_SPLINE_CURVE_WITH_KNOTS('',3,(#1389,#1390,#1391,#1392),
 .UNSPECIFIED.,.F.,.F.,(4,4),(0.,0.010616896),.UNSPECIFIED.);
#97=B_SPLINE_CURVE_WITH_KNOTS('',3,(#1398,#1399,#1400,#1401),
 .UNSPECIFIED.,.F.,.F.,(4,4),(0.,0.010616896),.UNSPECIFIED.);
#98=B_SPLINE_CURVE_WITH_KNOTS('',3,(#1407,#1408,#1409,#1410),
 .UNSPECIFIED.,.F.,.F.,(4,4),(0.,0.010616896),.UNSPECIFIED.);
#99=B_SPLINE_CURVE_WITH_KNOTS('',3,(#1416,#1417,#1418,#1419),
 .UNSPECIFIED.,.F.,.F.,(4,4),(0.,0.010616896),.UNSPECIFIED.);
#100=B_SPLINE_CURVE_WITH_KNOTS('',3,(#1619,#1620,#1621,#1622),
 .UNSPECIFIED.,.F.,.F.,(4,4),(0.219179733,1.),.UNSPECIFIED.);
#101=B_SPLINE_CURVE_WITH_KNOTS('',3,(#1624,#1625,#1626,#1627,#1628,#1629,
#1630,#1631,#1632,#1633,#1634,#1635,#1636,#1637,#1638,#1639),
 .UNSPECIFIED.,.F.,.F.,(4,3,3,3,3,4),(0.000464969795229402,0.000465216,
0.000581520020725131,0.000697824,0.000814128520944372,0.000930433),
 .UNSPECIFIED.);
#102=B_SPLINE_CURVE_WITH_KNOTS('',3,(#1641,#1642,#1643,#1644),
 .UNSPECIFIED.,.F.,.F.,(4,4),(0.,0.010616896),.UNSPECIFIED.);
#103=B_SPLINE_CURVE_WITH_KNOTS('',3,(#1646,#1647,#1648,#1649,#1650,#1651,
#1652,#1653,#1654,#1655,#1656,#1657,#1658,#1659,#1660,#1661,#1662,#1663,
#1664,#1665,#1666,#1667),.UNSPECIFIED.,.F.,.F.,(4,3,3,3,3,3,3,4),(0.,0.000116303999944902,
0.000232608,0.000348911999849039,0.000465216,0.000581520048304017,0.000697824,
0.000930433),.UNSPECIFIED.);
#104=B_SPLINE_CURVE_WITH_KNOTS('',3,(#1669,#1670,#1671,#1672),
 .UNSPECIFIED.,.F.,.F.,(4,4),(0.,0.010616896),.UNSPECIFIED.);
#105=B_SPLINE_CURVE_WITH_KNOTS('',3,(#1674,#1675,#1676,#1677,#1678,#1679,
#1680,#1681,#1682,#1683,#1684,#1685,#1686,#1687,#1688,#1689,#1690,#1691,
#1692,#1693,#1694,#1695),.UNSPECIFIED.,.F.,.F.,(4,3,3,3,3,3,3,4),(0.,0.000116303999909385,
0.000232608,0.000348912000218076,0.000465216,0.000581520048099325,0.000697824,
0.000930433),.UNSPECIFIED.);
#106=B_SPLINE_CURVE_WITH_KNOTS('',3,(#1697,#1698,#1699,#1700),
 .UNSPECIFIED.,.F.,.F.,(4,4),(0.,0.010616896),.UNSPECIFIED.);
#107=B_SPLINE_CURVE_WITH_KNOTS('',3,(#1702,#1703,#1704,#1705,#1706,#1707,
#1708,#1709,#1710,#1711,#1712,#1713,#1714,#1715,#1716,#1717,#1718,#1719,
#1720,#1721,#1722,#1723),.UNSPECIFIED.,.F.,.F.,(4,3,3,3,3,3,3,4),(0.,0.000116303999944894,
0.000232608,0.000348911999849045,0.000465216,0.000581520048304029,0.000697824,
0.000930433),.UNSPECIFIED.);
#108=B_SPLINE_CURVE_WITH_KNOTS('',3,(#1725,#1726,#1727,#1728),
 .UNSPECIFIED.,.F.,.F.,(4,4),(0.,0.010616896),.UNSPECIFIED.);
#109=B_SPLINE_CURVE_WITH_KNOTS('',3,(#1729,#1730,#1731,#1732,#1733,#1734,
#1735,#1736,#1737,#1738),.UNSPECIFIED.,.F.,.F.,(4,3,3,4),(0.,0.000232608,
0.000348911972692146,0.000464969795229402),.UNSPECIFIED.);
#110=B_SPLINE_CURVE_WITH_KNOTS('',3,(#1740,#1741,#1742,#1743,#1744,#1745,
#1746,#1747,#1748,#1749,#1750,#1751,#1752,#1753,#1754,#1755,#1756,#1757,
#1758,#1759,#1760,#1761),.UNSPECIFIED.,.F.,.F.,(4,3,3,3,3,3,3,4),(0.,0.000232608,
0.000348912,0.000465216,0.00058152,0.000697824166666665,0.000814128833333341,
0.000930433),.UNSPECIFIED.);
#111=B_SPLINE_CURVE_WITH_KNOTS('',3,(#1763,#1764,#1765,#1766,#1767,#1768,
#1769,#1770,#1771,#1772,#1773,#1774,#1775,#1776,#1777,#1778,#1779,#1780,
#1781,#1782,#1783,#1784),.UNSPECIFIED.,.F.,.F.,(4,3,3,3,3,3,3,4),(0.,0.000116304,
0.000232608,0.000348912,0.000465216,0.00058152,0.000697824,0.000930433),
 .UNSPECIFIED.);
#112=B_SPLINE_CURVE_WITH_KNOTS('',3,(#1786,#1787,#1788,#1789,#1790,#1791,
#1792,#1793,#1794,#1795,#1796,#1797,#1798,#1799,#1800,#1801,#1802,#1803,
#1804,#1805,#1806,#1807),.UNSPECIFIED.,.F.,.F.,(4,3,3,3,3,3,3,4),(0.,0.000232608,
0.000348912,0.000465216,0.00058152,0.000697824166666662,0.000814128833333356,
0.000930433),.UNSPECIFIED.);
#113=B_SPLINE_CURVE_WITH_KNOTS('',3,(#1809,#1810,#1811,#1812,#1813,#1814,
#1815,#1816,#1817,#1818,#1819,#1820,#1821,#1822,#1823,#1824,#1825,#1826,
#1827,#1828,#1829,#1830),.UNSPECIFIED.,.F.,.F.,(4,3,3,3,3,3,3,4),(0.,0.000232608,
0.000348912,0.000465216,0.00058152,0.000697824166666667,0.000814128833333335,
0.000930433),.UNSPECIFIED.);
#114=FACE_BOUND('',#179,.T.);
#115=FACE_BOUND('',#185,.T.);
#116=FACE_BOUND('',#186,.T.);
#117=FACE_OUTER_BOUND('',#178,.T.);
#118=FACE_OUTER_BOUND('',#180,.T.);
#119=FACE_OUTER_BOUND('',#181,.T.);
#120=FACE_OUTER_BOUND('',#182,.T.);
#121=FACE_OUTER_BOUND('',#183,.T.);
#122=FACE_OUTER_BOUND('',#184,.T.);
#123=FACE_OUTER_BOUND('',#187,.T.);
#124=FACE_OUTER_BOUND('',#188,.T.);
#125=FACE_OUTER_BOUND('',#189,.T.);
#126=FACE_OUTER_BOUND('',#190,.T.);
#127=FACE_OUTER_BOUND('',#191,.T.);
#128=FACE_OUTER_BOUND('',#192,.T.);
#129=FACE_OUTER_BOUND('',#193,.T.);
#130=FACE_OUTER_BOUND('',#194,.T.);
#131=FACE_OUTER_BOUND('',#195,.T.);
#132=FACE_OUTER_BOUND('',#196,.T.);
#133=FACE_OUTER_BOUND('',#197,.T.);
#134=FACE_OUTER_BOUND('',#198,.T.);
#135=FACE_OUTER_BOUND('',#199,.T.);
#136=FACE_OUTER_BOUND('',#200,.T.);
#137=FACE_OUTER_BOUND('',#201,.T.);
#138=FACE_OUTER_BOUND('',#202,.T.);
#139=FACE_OUTER_BOUND('',#203,.T.);
#140=FACE_OUTER_BOUND('',#204,.T.);
#141=FACE_OUTER_BOUND('',#205,.T.);
#142=FACE_OUTER_BOUND('',#206,.T.);
#143=FACE_OUTER_BOUND('',#207,.T.);
#144=FACE_OUTER_BOUND('',#208,.T.);
#145=FACE_OUTER_BOUND('',#209,.T.);
#146=FACE_OUTER_BOUND('',#210,.T.);
#147=FACE_OUTER_BOUND('',#211,.T.);
#148=FACE_OUTER_BOUND('',#212,.T.);
#149=FACE_OUTER_BOUND('',#213,.T.);
#150=FACE_OUTER_BOUND('',#214,.T.);
#151=FACE_OUTER_BOUND('',#215,.T.);
#152=FACE_OUTER_BOUND('',#216,.T.);
#153=FACE_OUTER_BOUND('',#217,.T.);
#154=FACE_OUTER_BOUND('',#218,.T.);
#155=FACE_OUTER_BOUND('',#219,.T.);
#156=FACE_OUTER_BOUND('',#220,.T.);
#157=FACE_OUTER_BOUND('',#221,.T.);
#158=FACE_OUTER_BOUND('',#222,.T.);
#159=FACE_OUTER_BOUND('',#223,.T.);
#160=FACE_OUTER_BOUND('',#224,.T.);
#161=FACE_OUTER_BOUND('',#225,.T.);
#162=FACE_OUTER_BOUND('',#226,.T.);
#163=FACE_OUTER_BOUND('',#227,.T.);
#164=FACE_OUTER_BOUND('',#228,.T.);
#165=FACE_OUTER_BOUND('',#229,.T.);
#166=FACE_OUTER_BOUND('',#230,.T.);
#167=FACE_OUTER_BOUND('',#231,.T.);
#168=FACE_OUTER_BOUND('',#232,.T.);
#169=FACE_OUTER_BOUND('',#233,.T.);
#170=FACE_OUTER_BOUND('',#234,.T.);
#171=FACE_OUTER_BOUND('',#235,.T.);
#172=FACE_OUTER_BOUND('',#236,.T.);
#173=FACE_OUTER_BOUND('',#237,.T.);
#174=FACE_OUTER_BOUND('',#238,.T.);
#175=FACE_OUTER_BOUND('',#239,.T.);
#176=FACE_OUTER_BOUND('',#240,.T.);
#177=FACE_OUTER_BOUND('',#241,.T.);
#178=EDGE_LOOP('',(#610,#611,#612,#613,#614,#615,#616,#617));
#179=EDGE_LOOP('',(#618,#619,#620,#621,#622,#623,#624,#625));
#180=EDGE_LOOP('',(#626,#627,#628,#629));
#181=EDGE_LOOP('',(#630,#631,#632,#633));
#182=EDGE_LOOP('',(#634,#635,#636,#637));
#183=EDGE_LOOP('',(#638,#639,#640,#641));
#184=EDGE_LOOP('',(#642,#643,#644,#645,#646,#647,#648,#649));
#185=EDGE_LOOP('',(#650,#651,#652,#653,#654,#655,#656,#657));
#186=EDGE_LOOP('',(#658,#659,#660,#661,#662,#663,#664,#665));
#187=EDGE_LOOP('',(#666,#667,#668,#669));
#188=EDGE_LOOP('',(#670,#671,#672,#673));
#189=EDGE_LOOP('',(#674,#675,#676,#677));
#190=EDGE_LOOP('',(#678,#679,#680,#681));
#191=EDGE_LOOP('',(#682,#683,#684,#685));
#192=EDGE_LOOP('',(#686,#687,#688,#689));
#193=EDGE_LOOP('',(#690,#691,#692,#693));
#194=EDGE_LOOP('',(#694,#695,#696,#697));
#195=EDGE_LOOP('',(#698,#699,#700,#701));
#196=EDGE_LOOP('',(#702,#703,#704,#705));
#197=EDGE_LOOP('',(#706,#707,#708,#709));
#198=EDGE_LOOP('',(#710,#711,#712,#713));
#199=EDGE_LOOP('',(#714,#715,#716,#717));
#200=EDGE_LOOP('',(#718,#719,#720,#721));
#201=EDGE_LOOP('',(#722,#723,#724,#725));
#202=EDGE_LOOP('',(#726,#727,#728,#729));
#203=EDGE_LOOP('',(#730,#731,#732,#733));
#204=EDGE_LOOP('',(#734,#735,#736,#737));
#205=EDGE_LOOP('',(#738,#739,#740,#741));
#206=EDGE_LOOP('',(#742,#743,#744,#745));
#207=EDGE_LOOP('',(#746,#747,#748,#749));
#208=EDGE_LOOP('',(#750,#751,#752,#753));
#209=EDGE_LOOP('',(#754,#755,#756));
#210=EDGE_LOOP('',(#757,#758,#759,#760));
#211=EDGE_LOOP('',(#761,#762,#763,#764));
#212=EDGE_LOOP('',(#765,#766,#767));
#213=EDGE_LOOP('',(#768,#769,#770));
#214=EDGE_LOOP('',(#771,#772,#773,#774));
#215=EDGE_LOOP('',(#775,#776,#777,#778));
#216=EDGE_LOOP('',(#779,#780,#781));
#217=EDGE_LOOP('',(#782,#783,#784));
#218=EDGE_LOOP('',(#785,#786,#787,#788));
#219=EDGE_LOOP('',(#789,#790,#791,#792));
#220=EDGE_LOOP('',(#793,#794,#795));
#221=EDGE_LOOP('',(#796,#797,#798));
#222=EDGE_LOOP('',(#799,#800,#801,#802));
#223=EDGE_LOOP('',(#803,#804,#805,#806));
#224=EDGE_LOOP('',(#807,#808,#809));
#225=EDGE_LOOP('',(#810,#811,#812,#813,#814,#815,#816,#817,#818,#819,#820));
#226=EDGE_LOOP('',(#821,#822,#823,#824));
#227=EDGE_LOOP('',(#825,#826,#827,#828));
#228=EDGE_LOOP('',(#829,#830,#831,#832));
#229=EDGE_LOOP('',(#833,#834,#835,#836));
#230=EDGE_LOOP('',(#837,#838,#839,#840));
#231=EDGE_LOOP('',(#841,#842,#843,#844));
#232=EDGE_LOOP('',(#845,#846,#847,#848,#849));
#233=EDGE_LOOP('',(#850,#851,#852,#853));
#234=EDGE_LOOP('',(#854,#855,#856,#857));
#235=EDGE_LOOP('',(#858,#859,#860,#861));
#236=EDGE_LOOP('',(#862,#863,#864,#865));
#237=EDGE_LOOP('',(#866,#867,#868,#869));
#238=EDGE_LOOP('',(#870,#871,#872,#873));
#239=EDGE_LOOP('',(#874,#875,#876,#877));
#240=EDGE_LOOP('',(#878,#879,#880,#881));
#241=EDGE_LOOP('',(#882,#883,#884,#885));
#242=ELLIPSE('',#970,1.357847561,1.25);
#243=ELLIPSE('',#971,1.357847561,1.25);
#244=ELLIPSE('',#972,1.357847561,1.25);
#245=ELLIPSE('',#973,1.357847561,1.25);
#246=ELLIPSE('',#974,0.848942357,0.75);
#247=ELLIPSE('',#975,0.848942357,0.75);
#248=ELLIPSE('',#976,0.848942357,0.75);
#249=ELLIPSE('',#977,0.848942357,0.75);
#250=ELLIPSE('',#983,0.848942357,0.75);
#251=ELLIPSE('',#984,0.848942357,0.75);
#252=ELLIPSE('',#985,0.848942357,0.75);
#253=ELLIPSE('',#986,0.848942357,0.75);
#254=LINE('',#1355,#322);
#255=LINE('',#1359,#323);
#256=LINE('',#1363,#324);
#257=LINE('',#1367,#325);
#258=LINE('',#1371,#326);
#259=LINE('',#1375,#327);
#260=LINE('',#1379,#328);
#261=LINE('',#1383,#329);
#262=LINE('',#1387,#330);
#263=LINE('',#1393,#331);
#264=LINE('',#1396,#332);
#265=LINE('',#1402,#333);
#266=LINE('',#1405,#334);
#267=LINE('',#1411,#335);
#268=LINE('',#1414,#336);
#269=LINE('',#1420,#337);
#270=LINE('',#1424,#338);
#271=LINE('',#1428,#339);
#272=LINE('',#1432,#340);
#273=LINE('',#1436,#341);
#274=LINE('',#1440,#342);
#275=LINE('',#1444,#343);
#276=LINE('',#1448,#344);
#277=LINE('',#1452,#345);
#278=LINE('',#1456,#346);
#279=LINE('',#1460,#347);
#280=LINE('',#1464,#348);
#281=LINE('',#1468,#349);
#282=LINE('',#1471,#350);
#283=LINE('',#1472,#351);
#284=LINE('',#1474,#352);
#285=LINE('',#1475,#353);
#286=LINE('',#1477,#354);
#287=LINE('',#1478,#355);
#288=LINE('',#1480,#356);
#289=LINE('',#1481,#357);
#290=LINE('',#1484,#358);
#291=LINE('',#1486,#359);
#292=LINE('',#1487,#360);
#293=LINE('',#1490,#361);
#294=LINE('',#1492,#362);
#295=LINE('',#1493,#363);
#296=LINE('',#1496,#364);
#297=LINE('',#1498,#365);
#298=LINE('',#1499,#366);
#299=LINE('',#1502,#367);
#300=LINE('',#1504,#368);
#301=LINE('',#1505,#369);
#302=LINE('',#1509,#370);
#303=LINE('',#1511,#371);
#304=LINE('',#1513,#372);
#305=LINE('',#1514,#373);
#306=LINE('',#1517,#374);
#307=LINE('',#1519,#375);
#308=LINE('',#1520,#376);
#309=LINE('',#1523,#377);
#310=LINE('',#1525,#378);
#311=LINE('',#1526,#379);
#312=LINE('',#1529,#380);
#313=LINE('',#1531,#381);
#314=LINE('',#1532,#382);
#315=LINE('',#1535,#383);
#316=LINE('',#1537,#384);
#317=LINE('',#1538,#385);
#318=LINE('',#1542,#386);
#319=LINE('',#1544,#387);
#320=LINE('',#1546,#388);
#321=LINE('',#1547,#389);
#322=VECTOR('',#1077,13.105434287);
#323=VECTOR('',#1080,13.105434287);
#324=VECTOR('',#1083,13.105434287);
#325=VECTOR('',#1086,13.105434287);
#326=VECTOR('',#1089,13.063506702);
#327=VECTOR('',#1092,13.063506702);
#328=VECTOR('',#1095,13.063506702);
#329=VECTOR('',#1098,13.063506702);
#330=VECTOR('',#1103,4.5054083095022);
#331=VECTOR('',#1104,4.5054083095022);
#332=VECTOR('',#1107,4.5054083095022);
#333=VECTOR('',#1108,4.5054083095022);
#334=VECTOR('',#1111,4.5054083095022);
#335=VECTOR('',#1112,4.5054083095022);
#336=VECTOR('',#1115,4.5054083095022);
#337=VECTOR('',#1116,4.5054083095022);
#338=VECTOR('',#1119,11.563506702);
#339=VECTOR('',#1122,11.563506702);
#340=VECTOR('',#1125,11.563506702);
#341=VECTOR('',#1128,11.563506702);
#342=VECTOR('',#1131,2.3);
#343=VECTOR('',#1134,0.5);
#344=VECTOR('',#1137,2.3);
#345=VECTOR('',#1140,0.5);
#346=VECTOR('',#1143,2.3);
#347=VECTOR('',#1146,0.5);
#348=VECTOR('',#1149,2.3);
#349=VECTOR('',#1152,0.5);
#350=VECTOR('',#1157,2.26384628546565);
#351=VECTOR('',#1158,2.26384628546565);
#352=VECTOR('',#1161,2.26384628546565);
#353=VECTOR('',#1162,2.26384628546565);
#354=VECTOR('',#1165,2.26384628546565);
#355=VECTOR('',#1166,2.26384628546565);
#356=VECTOR('',#1169,2.26384628546565);
#357=VECTOR('',#1170,2.26384628546565);
#358=VECTOR('',#1173,3.2);
#359=VECTOR('',#1174,2.3);
#360=VECTOR('',#1175,3.2);
#361=VECTOR('',#1178,3.2);
#362=VECTOR('',#1179,0.5);
#363=VECTOR('',#1180,3.2);
#364=VECTOR('',#1183,3.2);
#365=VECTOR('',#1184,2.3);
#366=VECTOR('',#1185,3.2);
#367=VECTOR('',#1188,3.2);
#368=VECTOR('',#1189,0.5);
#369=VECTOR('',#1190,3.2);
#370=VECTOR('',#1193,2.3);
#371=VECTOR('',#1194,0.5);
#372=VECTOR('',#1195,2.3);
#373=VECTOR('',#1196,0.5);
#374=VECTOR('',#1199,3.2);
#375=VECTOR('',#1200,3.2);
#376=VECTOR('',#1201,2.3);
#377=VECTOR('',#1204,3.2);
#378=VECTOR('',#1205,3.2);
#379=VECTOR('',#1206,0.5);
#380=VECTOR('',#1209,3.2);
#381=VECTOR('',#1210,3.2);
#382=VECTOR('',#1211,2.3);
#383=VECTOR('',#1214,3.2);
#384=VECTOR('',#1215,0.5);
#385=VECTOR('',#1216,3.2);
#386=VECTOR('',#1219,2.3);
#387=VECTOR('',#1220,0.5);
#388=VECTOR('',#1221,2.3);
#389=VECTOR('',#1222,0.5);
#390=VERTEX_POINT('',#1353);
#391=VERTEX_POINT('',#1354);
#392=VERTEX_POINT('',#1356);
#393=VERTEX_POINT('',#1358);
#394=VERTEX_POINT('',#1360);
#395=VERTEX_POINT('',#1362);
#396=VERTEX_POINT('',#1364);
#397=VERTEX_POINT('',#1366);
#398=VERTEX_POINT('',#1369);
#399=VERTEX_POINT('',#1370);
#400=VERTEX_POINT('',#1372);
#401=VERTEX_POINT('',#1374);
#402=VERTEX_POINT('',#1376);
#403=VERTEX_POINT('',#1378);
#404=VERTEX_POINT('',#1380);
#405=VERTEX_POINT('',#1382);
#406=VERTEX_POINT('',#1386);
#407=VERTEX_POINT('',#1388);
#408=VERTEX_POINT('',#1395);
#409=VERTEX_POINT('',#1397);
#410=VERTEX_POINT('',#1404);
#411=VERTEX_POINT('',#1406);
#412=VERTEX_POINT('',#1413);
#413=VERTEX_POINT('',#1415);
#414=VERTEX_POINT('',#1422);
#415=VERTEX_POINT('',#1423);
#416=VERTEX_POINT('',#1425);
#417=VERTEX_POINT('',#1427);
#418=VERTEX_POINT('',#1429);
#419=VERTEX_POINT('',#1431);
#420=VERTEX_POINT('',#1433);
#421=VERTEX_POINT('',#1435);
#422=VERTEX_POINT('',#1438);
#423=VERTEX_POINT('',#1439);
#424=VERTEX_POINT('',#1441);
#425=VERTEX_POINT('',#1443);
#426=VERTEX_POINT('',#1445);
#427=VERTEX_POINT('',#1447);
#428=VERTEX_POINT('',#1449);
#429=VERTEX_POINT('',#1451);
#430=VERTEX_POINT('',#1454);
#431=VERTEX_POINT('',#1455);
#432=VERTEX_POINT('',#1457);
#433=VERTEX_POINT('',#1459);
#434=VERTEX_POINT('',#1461);
#435=VERTEX_POINT('',#1463);
#436=VERTEX_POINT('',#1465);
#437=VERTEX_POINT('',#1467);
#438=VERTEX_POINT('',#1483);
#439=VERTEX_POINT('',#1485);
#440=VERTEX_POINT('',#1489);
#441=VERTEX_POINT('',#1491);
#442=VERTEX_POINT('',#1495);
#443=VERTEX_POINT('',#1497);
#444=VERTEX_POINT('',#1501);
#445=VERTEX_POINT('',#1503);
#446=VERTEX_POINT('',#1507);
#447=VERTEX_POINT('',#1508);
#448=VERTEX_POINT('',#1510);
#449=VERTEX_POINT('',#1512);
#450=VERTEX_POINT('',#1516);
#451=VERTEX_POINT('',#1518);
#452=VERTEX_POINT('',#1522);
#453=VERTEX_POINT('',#1524);
#454=VERTEX_POINT('',#1528);
#455=VERTEX_POINT('',#1530);
#456=VERTEX_POINT('',#1534);
#457=VERTEX_POINT('',#1536);
#458=VERTEX_POINT('',#1540);
#459=VERTEX_POINT('',#1541);
#460=VERTEX_POINT('',#1543);
#461=VERTEX_POINT('',#1545);
#462=VERTEX_POINT('',#1617);
#463=VERTEX_POINT('',#1618);
#464=VERTEX_POINT('',#1623);
#465=VERTEX_POINT('',#1640);
#466=VERTEX_POINT('',#1645);
#467=VERTEX_POINT('',#1668);
#468=VERTEX_POINT('',#1673);
#469=VERTEX_POINT('',#1696);
#470=VERTEX_POINT('',#1701);
#471=VERTEX_POINT('',#1724);
#472=EDGE_CURVE('',#390,#391,#254,.T.);
#473=EDGE_CURVE('',#390,#392,#242,.T.);
#474=EDGE_CURVE('',#393,#392,#255,.T.);
#475=EDGE_CURVE('',#393,#394,#243,.T.);
#476=EDGE_CURVE('',#395,#394,#256,.T.);
#477=EDGE_CURVE('',#395,#396,#244,.T.);
#478=EDGE_CURVE('',#397,#396,#257,.T.);
#479=EDGE_CURVE('',#397,#391,#245,.T.);
#480=EDGE_CURVE('',#398,#399,#258,.T.);
#481=EDGE_CURVE('',#399,#400,#246,.T.);
#482=EDGE_CURVE('',#400,#401,#259,.T.);
#483=EDGE_CURVE('',#401,#402,#247,.T.);
#484=EDGE_CURVE('',#402,#403,#260,.T.);
#485=EDGE_CURVE('',#403,#404,#248,.T.);
#486=EDGE_CURVE('',#404,#405,#261,.T.);
#487=EDGE_CURVE('',#405,#398,#249,.T.);
#488=EDGE_CURVE('',#394,#406,#262,.T.);
#489=EDGE_CURVE('',#406,#407,#96,.T.);
#490=EDGE_CURVE('',#407,#395,#263,.T.);
#491=EDGE_CURVE('',#392,#408,#264,.T.);
#492=EDGE_CURVE('',#408,#409,#97,.T.);
#493=EDGE_CURVE('',#409,#393,#265,.T.);
#494=EDGE_CURVE('',#391,#410,#266,.T.);
#495=EDGE_CURVE('',#410,#411,#98,.T.);
#496=EDGE_CURVE('',#411,#390,#267,.T.);
#497=EDGE_CURVE('',#396,#412,#268,.T.);
#498=EDGE_CURVE('',#412,#413,#99,.T.);
#499=EDGE_CURVE('',#413,#397,#269,.T.);
#500=EDGE_CURVE('',#414,#415,#270,.T.);
#501=EDGE_CURVE('',#414,#416,#250,.T.);
#502=EDGE_CURVE('',#417,#416,#271,.T.);
#503=EDGE_CURVE('',#417,#418,#251,.T.);
#504=EDGE_CURVE('',#419,#418,#272,.T.);
#505=EDGE_CURVE('',#419,#420,#252,.T.);
#506=EDGE_CURVE('',#421,#420,#273,.T.);
#507=EDGE_CURVE('',#421,#415,#253,.T.);
#508=EDGE_CURVE('',#422,#423,#274,.T.);
#509=EDGE_CURVE('',#423,#424,#56,.T.);
#510=EDGE_CURVE('',#425,#424,#275,.T.);
#511=EDGE_CURVE('',#426,#425,#57,.T.);
#512=EDGE_CURVE('',#426,#427,#276,.T.);
#513=EDGE_CURVE('',#427,#428,#58,.T.);
#514=EDGE_CURVE('',#429,#428,#277,.T.);
#515=EDGE_CURVE('',#422,#429,#59,.T.);
#516=EDGE_CURVE('',#430,#431,#278,.T.);
#517=EDGE_CURVE('',#431,#432,#60,.T.);
#518=EDGE_CURVE('',#432,#433,#279,.T.);
#519=EDGE_CURVE('',#433,#434,#61,.T.);
#520=EDGE_CURVE('',#434,#435,#280,.T.);
#521=EDGE_CURVE('',#435,#436,#62,.T.);
#522=EDGE_CURVE('',#436,#437,#281,.T.);
#523=EDGE_CURVE('',#437,#430,#63,.T.);
#524=EDGE_CURVE('',#402,#414,#282,.T.);
#525=EDGE_CURVE('',#415,#403,#283,.T.);
#526=EDGE_CURVE('',#420,#405,#284,.T.);
#527=EDGE_CURVE('',#404,#421,#285,.T.);
#528=EDGE_CURVE('',#418,#399,#286,.T.);
#529=EDGE_CURVE('',#398,#419,#287,.T.);
#530=EDGE_CURVE('',#416,#401,#288,.T.);
#531=EDGE_CURVE('',#400,#417,#289,.T.);
#532=EDGE_CURVE('',#434,#438,#290,.T.);
#533=EDGE_CURVE('',#438,#439,#291,.T.);
#534=EDGE_CURVE('',#439,#435,#292,.T.);
#535=EDGE_CURVE('',#432,#440,#293,.T.);
#536=EDGE_CURVE('',#440,#441,#294,.T.);
#537=EDGE_CURVE('',#441,#433,#295,.T.);
#538=EDGE_CURVE('',#430,#442,#296,.T.);
#539=EDGE_CURVE('',#442,#443,#297,.T.);
#540=EDGE_CURVE('',#443,#431,#298,.T.);
#541=EDGE_CURVE('',#436,#444,#299,.T.);
#542=EDGE_CURVE('',#444,#445,#300,.T.);
#543=EDGE_CURVE('',#445,#437,#301,.T.);
#544=EDGE_CURVE('',#446,#447,#302,.T.);
#545=EDGE_CURVE('',#447,#448,#303,.T.);
#546=EDGE_CURVE('',#448,#449,#304,.T.);
#547=EDGE_CURVE('',#449,#446,#305,.T.);
#548=EDGE_CURVE('',#450,#427,#306,.T.);
#549=EDGE_CURVE('',#426,#451,#307,.T.);
#550=EDGE_CURVE('',#451,#450,#308,.T.);
#551=EDGE_CURVE('',#452,#425,#309,.T.);
#552=EDGE_CURVE('',#424,#453,#310,.T.);
#553=EDGE_CURVE('',#453,#452,#311,.T.);
#554=EDGE_CURVE('',#454,#423,#312,.T.);
#555=EDGE_CURVE('',#422,#455,#313,.T.);
#556=EDGE_CURVE('',#455,#454,#314,.T.);
#557=EDGE_CURVE('',#428,#456,#315,.T.);
#558=EDGE_CURVE('',#456,#457,#316,.T.);
#559=EDGE_CURVE('',#457,#429,#317,.T.);
#560=EDGE_CURVE('',#458,#459,#318,.T.);
#561=EDGE_CURVE('',#459,#460,#319,.T.);
#562=EDGE_CURVE('',#460,#461,#320,.T.);
#563=EDGE_CURVE('',#461,#458,#321,.T.);
#564=EDGE_CURVE('',#452,#451,#64,.T.);
#565=EDGE_CURVE('',#454,#453,#65,.T.);
#566=EDGE_CURVE('',#457,#455,#66,.T.);
#567=EDGE_CURVE('',#450,#456,#67,.T.);
#568=EDGE_CURVE('',#441,#438,#68,.T.);
#569=EDGE_CURVE('',#443,#440,#69,.T.);
#570=EDGE_CURVE('',#445,#442,#70,.T.);
#571=EDGE_CURVE('',#439,#444,#71,.T.);
#572=EDGE_CURVE('',#442,#447,#72,.T.);
#573=EDGE_CURVE('',#447,#445,#73,.T.);
#574=EDGE_CURVE('',#448,#444,#74,.T.);
#575=EDGE_CURVE('',#443,#446,#75,.T.);
#576=EDGE_CURVE('',#448,#439,#76,.T.);
#577=EDGE_CURVE('',#440,#446,#77,.T.);
#578=EDGE_CURVE('',#449,#438,#78,.T.);
#579=EDGE_CURVE('',#441,#449,#79,.T.);
#580=EDGE_CURVE('',#455,#459,#80,.T.);
#581=EDGE_CURVE('',#459,#457,#81,.T.);
#582=EDGE_CURVE('',#460,#456,#82,.T.);
#583=EDGE_CURVE('',#454,#458,#83,.T.);
#584=EDGE_CURVE('',#460,#450,#84,.T.);
#585=EDGE_CURVE('',#453,#458,#85,.T.);
#586=EDGE_CURVE('',#461,#451,#86,.T.);
#587=EDGE_CURVE('',#452,#461,#87,.T.);
#588=EDGE_CURVE('',#462,#463,#100,.T.);
#589=EDGE_CURVE('',#462,#464,#101,.T.);
#590=EDGE_CURVE('',#464,#465,#102,.T.);
#591=EDGE_CURVE('',#465,#466,#103,.T.);
#592=EDGE_CURVE('',#466,#467,#104,.T.);
#593=EDGE_CURVE('',#467,#468,#105,.T.);
#594=EDGE_CURVE('',#468,#469,#106,.T.);
#595=EDGE_CURVE('',#469,#470,#107,.T.);
#596=EDGE_CURVE('',#470,#471,#108,.T.);
#597=EDGE_CURVE('',#471,#462,#109,.T.);
#598=EDGE_CURVE('',#411,#408,#110,.T.);
#599=EDGE_CURVE('',#413,#410,#111,.T.);
#600=EDGE_CURVE('',#407,#412,#112,.T.);
#601=EDGE_CURVE('',#409,#406,#113,.T.);
#602=EDGE_CURVE('',#413,#464,#88,.T.);
#603=EDGE_CURVE('',#465,#412,#89,.T.);
#604=EDGE_CURVE('',#466,#407,#90,.T.);
#605=EDGE_CURVE('',#410,#471,#91,.T.);
#606=EDGE_CURVE('',#467,#406,#92,.T.);
#607=EDGE_CURVE('',#411,#470,#93,.T.);
#608=EDGE_CURVE('',#468,#409,#94,.T.);
#609=EDGE_CURVE('',#408,#469,#95,.T.);
#610=ORIENTED_EDGE('',*,*,#472,.F.);
#611=ORIENTED_EDGE('',*,*,#473,.T.);
#612=ORIENTED_EDGE('',*,*,#474,.F.);
#613=ORIENTED_EDGE('',*,*,#475,.T.);
#614=ORIENTED_EDGE('',*,*,#476,.F.);
#615=ORIENTED_EDGE('',*,*,#477,.T.);
#616=ORIENTED_EDGE('',*,*,#478,.F.);
#617=ORIENTED_EDGE('',*,*,#479,.T.);
#618=ORIENTED_EDGE('',*,*,#480,.T.);
#619=ORIENTED_EDGE('',*,*,#481,.T.);
#620=ORIENTED_EDGE('',*,*,#482,.T.);
#621=ORIENTED_EDGE('',*,*,#483,.T.);
#622=ORIENTED_EDGE('',*,*,#484,.T.);
#623=ORIENTED_EDGE('',*,*,#485,.T.);
#624=ORIENTED_EDGE('',*,*,#486,.T.);
#625=ORIENTED_EDGE('',*,*,#487,.T.);
#626=ORIENTED_EDGE('',*,*,#488,.T.);
#627=ORIENTED_EDGE('',*,*,#489,.T.);
#628=ORIENTED_EDGE('',*,*,#490,.T.);
#629=ORIENTED_EDGE('',*,*,#476,.T.);
#630=ORIENTED_EDGE('',*,*,#491,.T.);
#631=ORIENTED_EDGE('',*,*,#492,.T.);
#632=ORIENTED_EDGE('',*,*,#493,.T.);
#633=ORIENTED_EDGE('',*,*,#474,.T.);
#634=ORIENTED_EDGE('',*,*,#494,.T.);
#635=ORIENTED_EDGE('',*,*,#495,.T.);
#636=ORIENTED_EDGE('',*,*,#496,.T.);
#637=ORIENTED_EDGE('',*,*,#472,.T.);
#638=ORIENTED_EDGE('',*,*,#497,.T.);
#639=ORIENTED_EDGE('',*,*,#498,.T.);
#640=ORIENTED_EDGE('',*,*,#499,.T.);
#641=ORIENTED_EDGE('',*,*,#478,.T.);
#642=ORIENTED_EDGE('',*,*,#500,.F.);
#643=ORIENTED_EDGE('',*,*,#501,.T.);
#644=ORIENTED_EDGE('',*,*,#502,.F.);
#645=ORIENTED_EDGE('',*,*,#503,.T.);
#646=ORIENTED_EDGE('',*,*,#504,.F.);
#647=ORIENTED_EDGE('',*,*,#505,.T.);
#648=ORIENTED_EDGE('',*,*,#506,.F.);
#649=ORIENTED_EDGE('',*,*,#507,.T.);
#650=ORIENTED_EDGE('',*,*,#508,.T.);
#651=ORIENTED_EDGE('',*,*,#509,.T.);
#652=ORIENTED_EDGE('',*,*,#510,.F.);
#653=ORIENTED_EDGE('',*,*,#511,.F.);
#654=ORIENTED_EDGE('',*,*,#512,.T.);
#655=ORIENTED_EDGE('',*,*,#513,.T.);
#656=ORIENTED_EDGE('',*,*,#514,.F.);
#657=ORIENTED_EDGE('',*,*,#515,.F.);
#658=ORIENTED_EDGE('',*,*,#516,.T.);
#659=ORIENTED_EDGE('',*,*,#517,.T.);
#660=ORIENTED_EDGE('',*,*,#518,.T.);
#661=ORIENTED_EDGE('',*,*,#519,.T.);
#662=ORIENTED_EDGE('',*,*,#520,.T.);
#663=ORIENTED_EDGE('',*,*,#521,.T.);
#664=ORIENTED_EDGE('',*,*,#522,.T.);
#665=ORIENTED_EDGE('',*,*,#523,.T.);
#666=ORIENTED_EDGE('',*,*,#484,.F.);
#667=ORIENTED_EDGE('',*,*,#524,.T.);
#668=ORIENTED_EDGE('',*,*,#500,.T.);
#669=ORIENTED_EDGE('',*,*,#525,.T.);
#670=ORIENTED_EDGE('',*,*,#506,.T.);
#671=ORIENTED_EDGE('',*,*,#526,.T.);
#672=ORIENTED_EDGE('',*,*,#486,.F.);
#673=ORIENTED_EDGE('',*,*,#527,.T.);
#674=ORIENTED_EDGE('',*,*,#504,.T.);
#675=ORIENTED_EDGE('',*,*,#528,.T.);
#676=ORIENTED_EDGE('',*,*,#480,.F.);
#677=ORIENTED_EDGE('',*,*,#529,.T.);
#678=ORIENTED_EDGE('',*,*,#502,.T.);
#679=ORIENTED_EDGE('',*,*,#530,.T.);
#680=ORIENTED_EDGE('',*,*,#482,.F.);
#681=ORIENTED_EDGE('',*,*,#531,.T.);
#682=ORIENTED_EDGE('',*,*,#532,.T.);
#683=ORIENTED_EDGE('',*,*,#533,.T.);
#684=ORIENTED_EDGE('',*,*,#534,.T.);
#685=ORIENTED_EDGE('',*,*,#520,.F.);
#686=ORIENTED_EDGE('',*,*,#535,.T.);
#687=ORIENTED_EDGE('',*,*,#536,.T.);
#688=ORIENTED_EDGE('',*,*,#537,.T.);
#689=ORIENTED_EDGE('',*,*,#518,.F.);
#690=ORIENTED_EDGE('',*,*,#538,.T.);
#691=ORIENTED_EDGE('',*,*,#539,.T.);
#692=ORIENTED_EDGE('',*,*,#540,.T.);
#693=ORIENTED_EDGE('',*,*,#516,.F.);
#694=ORIENTED_EDGE('',*,*,#541,.T.);
#695=ORIENTED_EDGE('',*,*,#542,.T.);
#696=ORIENTED_EDGE('',*,*,#543,.T.);
#697=ORIENTED_EDGE('',*,*,#522,.F.);
#698=ORIENTED_EDGE('',*,*,#544,.T.);
#699=ORIENTED_EDGE('',*,*,#545,.T.);
#700=ORIENTED_EDGE('',*,*,#546,.T.);
#701=ORIENTED_EDGE('',*,*,#547,.T.);
#702=ORIENTED_EDGE('',*,*,#548,.T.);
#703=ORIENTED_EDGE('',*,*,#512,.F.);
#704=ORIENTED_EDGE('',*,*,#549,.T.);
#705=ORIENTED_EDGE('',*,*,#550,.T.);
#706=ORIENTED_EDGE('',*,*,#551,.T.);
#707=ORIENTED_EDGE('',*,*,#510,.T.);
#708=ORIENTED_EDGE('',*,*,#552,.T.);
#709=ORIENTED_EDGE('',*,*,#553,.T.);
#710=ORIENTED_EDGE('',*,*,#554,.T.);
#711=ORIENTED_EDGE('',*,*,#508,.F.);
#712=ORIENTED_EDGE('',*,*,#555,.T.);
#713=ORIENTED_EDGE('',*,*,#556,.T.);
#714=ORIENTED_EDGE('',*,*,#514,.T.);
#715=ORIENTED_EDGE('',*,*,#557,.T.);
#716=ORIENTED_EDGE('',*,*,#558,.T.);
#717=ORIENTED_EDGE('',*,*,#559,.T.);
#718=ORIENTED_EDGE('',*,*,#560,.T.);
#719=ORIENTED_EDGE('',*,*,#561,.T.);
#720=ORIENTED_EDGE('',*,*,#562,.T.);
#721=ORIENTED_EDGE('',*,*,#563,.T.);
#722=ORIENTED_EDGE('',*,*,#549,.F.);
#723=ORIENTED_EDGE('',*,*,#511,.T.);
#724=ORIENTED_EDGE('',*,*,#551,.F.);
#725=ORIENTED_EDGE('',*,*,#564,.T.);
#726=ORIENTED_EDGE('',*,*,#552,.F.);
#727=ORIENTED_EDGE('',*,*,#509,.F.);
#728=ORIENTED_EDGE('',*,*,#554,.F.);
#729=ORIENTED_EDGE('',*,*,#565,.T.);
#730=ORIENTED_EDGE('',*,*,#555,.F.);
#731=ORIENTED_EDGE('',*,*,#515,.T.);
#732=ORIENTED_EDGE('',*,*,#559,.F.);
#733=ORIENTED_EDGE('',*,*,#566,.T.);
#734=ORIENTED_EDGE('',*,*,#557,.F.);
#735=ORIENTED_EDGE('',*,*,#513,.F.);
#736=ORIENTED_EDGE('',*,*,#548,.F.);
#737=ORIENTED_EDGE('',*,*,#567,.T.);
#738=ORIENTED_EDGE('',*,*,#537,.F.);
#739=ORIENTED_EDGE('',*,*,#568,.T.);
#740=ORIENTED_EDGE('',*,*,#532,.F.);
#741=ORIENTED_EDGE('',*,*,#519,.F.);
#742=ORIENTED_EDGE('',*,*,#540,.F.);
#743=ORIENTED_EDGE('',*,*,#569,.T.);
#744=ORIENTED_EDGE('',*,*,#535,.F.);
#745=ORIENTED_EDGE('',*,*,#517,.F.);
#746=ORIENTED_EDGE('',*,*,#543,.F.);
#747=ORIENTED_EDGE('',*,*,#570,.T.);
#748=ORIENTED_EDGE('',*,*,#538,.F.);
#749=ORIENTED_EDGE('',*,*,#523,.F.);
#750=ORIENTED_EDGE('',*,*,#534,.F.);
#751=ORIENTED_EDGE('',*,*,#571,.T.);
#752=ORIENTED_EDGE('',*,*,#541,.F.);
#753=ORIENTED_EDGE('',*,*,#521,.F.);
#754=ORIENTED_EDGE('',*,*,#572,.F.);
#755=ORIENTED_EDGE('',*,*,#570,.F.);
#756=ORIENTED_EDGE('',*,*,#573,.F.);
#757=ORIENTED_EDGE('',*,*,#573,.T.);
#758=ORIENTED_EDGE('',*,*,#542,.F.);
#759=ORIENTED_EDGE('',*,*,#574,.F.);
#760=ORIENTED_EDGE('',*,*,#545,.F.);
#761=ORIENTED_EDGE('',*,*,#572,.T.);
#762=ORIENTED_EDGE('',*,*,#544,.F.);
#763=ORIENTED_EDGE('',*,*,#575,.F.);
#764=ORIENTED_EDGE('',*,*,#539,.F.);
#765=ORIENTED_EDGE('',*,*,#574,.T.);
#766=ORIENTED_EDGE('',*,*,#571,.F.);
#767=ORIENTED_EDGE('',*,*,#576,.F.);
#768=ORIENTED_EDGE('',*,*,#569,.F.);
#769=ORIENTED_EDGE('',*,*,#575,.T.);
#770=ORIENTED_EDGE('',*,*,#577,.F.);
#771=ORIENTED_EDGE('',*,*,#576,.T.);
#772=ORIENTED_EDGE('',*,*,#533,.F.);
#773=ORIENTED_EDGE('',*,*,#578,.F.);
#774=ORIENTED_EDGE('',*,*,#546,.F.);
#775=ORIENTED_EDGE('',*,*,#577,.T.);
#776=ORIENTED_EDGE('',*,*,#547,.F.);
#777=ORIENTED_EDGE('',*,*,#579,.F.);
#778=ORIENTED_EDGE('',*,*,#536,.F.);
#779=ORIENTED_EDGE('',*,*,#578,.T.);
#780=ORIENTED_EDGE('',*,*,#568,.F.);
#781=ORIENTED_EDGE('',*,*,#579,.T.);
#782=ORIENTED_EDGE('',*,*,#580,.F.);
#783=ORIENTED_EDGE('',*,*,#566,.F.);
#784=ORIENTED_EDGE('',*,*,#581,.F.);
#785=ORIENTED_EDGE('',*,*,#581,.T.);
#786=ORIENTED_EDGE('',*,*,#558,.F.);
#787=ORIENTED_EDGE('',*,*,#582,.F.);
#788=ORIENTED_EDGE('',*,*,#561,.F.);
#789=ORIENTED_EDGE('',*,*,#580,.T.);
#790=ORIENTED_EDGE('',*,*,#560,.F.);
#791=ORIENTED_EDGE('',*,*,#583,.F.);
#792=ORIENTED_EDGE('',*,*,#556,.F.);
#793=ORIENTED_EDGE('',*,*,#582,.T.);
#794=ORIENTED_EDGE('',*,*,#567,.F.);
#795=ORIENTED_EDGE('',*,*,#584,.F.);
#796=ORIENTED_EDGE('',*,*,#565,.F.);
#797=ORIENTED_EDGE('',*,*,#583,.T.);
#798=ORIENTED_EDGE('',*,*,#585,.F.);
#799=ORIENTED_EDGE('',*,*,#584,.T.);
#800=ORIENTED_EDGE('',*,*,#550,.F.);
#801=ORIENTED_EDGE('',*,*,#586,.F.);
#802=ORIENTED_EDGE('',*,*,#562,.F.);
#803=ORIENTED_EDGE('',*,*,#585,.T.);
#804=ORIENTED_EDGE('',*,*,#563,.F.);
#805=ORIENTED_EDGE('',*,*,#587,.F.);
#806=ORIENTED_EDGE('',*,*,#553,.F.);
#807=ORIENTED_EDGE('',*,*,#586,.T.);
#808=ORIENTED_EDGE('',*,*,#564,.F.);
#809=ORIENTED_EDGE('',*,*,#587,.T.);
#810=ORIENTED_EDGE('',*,*,#588,.T.);
#811=ORIENTED_EDGE('',*,*,#588,.F.);
#812=ORIENTED_EDGE('',*,*,#589,.T.);
#813=ORIENTED_EDGE('',*,*,#590,.T.);
#814=ORIENTED_EDGE('',*,*,#591,.T.);
#815=ORIENTED_EDGE('',*,*,#592,.T.);
#816=ORIENTED_EDGE('',*,*,#593,.T.);
#817=ORIENTED_EDGE('',*,*,#594,.T.);
#818=ORIENTED_EDGE('',*,*,#595,.T.);
#819=ORIENTED_EDGE('',*,*,#596,.T.);
#820=ORIENTED_EDGE('',*,*,#597,.T.);
#821=ORIENTED_EDGE('',*,*,#496,.F.);
#822=ORIENTED_EDGE('',*,*,#598,.T.);
#823=ORIENTED_EDGE('',*,*,#491,.F.);
#824=ORIENTED_EDGE('',*,*,#473,.F.);
#825=ORIENTED_EDGE('',*,*,#499,.F.);
#826=ORIENTED_EDGE('',*,*,#599,.T.);
#827=ORIENTED_EDGE('',*,*,#494,.F.);
#828=ORIENTED_EDGE('',*,*,#479,.F.);
#829=ORIENTED_EDGE('',*,*,#490,.F.);
#830=ORIENTED_EDGE('',*,*,#600,.T.);
#831=ORIENTED_EDGE('',*,*,#497,.F.);
#832=ORIENTED_EDGE('',*,*,#477,.F.);
#833=ORIENTED_EDGE('',*,*,#493,.F.);
#834=ORIENTED_EDGE('',*,*,#601,.T.);
#835=ORIENTED_EDGE('',*,*,#488,.F.);
#836=ORIENTED_EDGE('',*,*,#475,.F.);
#837=ORIENTED_EDGE('',*,*,#602,.F.);
#838=ORIENTED_EDGE('',*,*,#498,.F.);
#839=ORIENTED_EDGE('',*,*,#603,.F.);
#840=ORIENTED_EDGE('',*,*,#590,.F.);
#841=ORIENTED_EDGE('',*,*,#603,.T.);
#842=ORIENTED_EDGE('',*,*,#600,.F.);
#843=ORIENTED_EDGE('',*,*,#604,.F.);
#844=ORIENTED_EDGE('',*,*,#591,.F.);
#845=ORIENTED_EDGE('',*,*,#602,.T.);
#846=ORIENTED_EDGE('',*,*,#589,.F.);
#847=ORIENTED_EDGE('',*,*,#597,.F.);
#848=ORIENTED_EDGE('',*,*,#605,.F.);
#849=ORIENTED_EDGE('',*,*,#599,.F.);
#850=ORIENTED_EDGE('',*,*,#604,.T.);
#851=ORIENTED_EDGE('',*,*,#489,.F.);
#852=ORIENTED_EDGE('',*,*,#606,.F.);
#853=ORIENTED_EDGE('',*,*,#592,.F.);
#854=ORIENTED_EDGE('',*,*,#605,.T.);
#855=ORIENTED_EDGE('',*,*,#596,.F.);
#856=ORIENTED_EDGE('',*,*,#607,.F.);
#857=ORIENTED_EDGE('',*,*,#495,.F.);
#858=ORIENTED_EDGE('',*,*,#606,.T.);
#859=ORIENTED_EDGE('',*,*,#601,.F.);
#860=ORIENTED_EDGE('',*,*,#608,.F.);
#861=ORIENTED_EDGE('',*,*,#593,.F.);
#862=ORIENTED_EDGE('',*,*,#607,.T.);
#863=ORIENTED_EDGE('',*,*,#595,.F.);
#864=ORIENTED_EDGE('',*,*,#609,.F.);
#865=ORIENTED_EDGE('',*,*,#598,.F.);
#866=ORIENTED_EDGE('',*,*,#608,.T.);
#867=ORIENTED_EDGE('',*,*,#492,.F.);
#868=ORIENTED_EDGE('',*,*,#609,.T.);
#869=ORIENTED_EDGE('',*,*,#594,.F.);
#870=ORIENTED_EDGE('',*,*,#483,.F.);
#871=ORIENTED_EDGE('',*,*,#530,.F.);
#872=ORIENTED_EDGE('',*,*,#501,.F.);
#873=ORIENTED_EDGE('',*,*,#524,.F.);
#874=ORIENTED_EDGE('',*,*,#481,.F.);
#875=ORIENTED_EDGE('',*,*,#528,.F.);
#876=ORIENTED_EDGE('',*,*,#503,.F.);
#877=ORIENTED_EDGE('',*,*,#531,.F.);
#878=ORIENTED_EDGE('',*,*,#487,.F.);
#879=ORIENTED_EDGE('',*,*,#526,.F.);
#880=ORIENTED_EDGE('',*,*,#505,.F.);
#881=ORIENTED_EDGE('',*,*,#529,.F.);
#882=ORIENTED_EDGE('',*,*,#485,.F.);
#883=ORIENTED_EDGE('',*,*,#525,.F.);
#884=ORIENTED_EDGE('',*,*,#507,.F.);
#885=ORIENTED_EDGE('',*,*,#527,.F.);
#886=PLANE('',#969);
#887=PLANE('',#978);
#888=PLANE('',#979);
#889=PLANE('',#980);
#890=PLANE('',#981);
#891=PLANE('',#982);
#892=PLANE('',#995);
#893=PLANE('',#996);
#894=PLANE('',#997);
#895=PLANE('',#998);
#896=PLANE('',#999);
#897=PLANE('',#1000);
#898=PLANE('',#1001);
#899=PLANE('',#1002);
#900=PLANE('',#1003);
#901=PLANE('',#1004);
#902=PLANE('',#1005);
#903=PLANE('',#1006);
#904=PLANE('',#1007);
#905=PLANE('',#1008);
#906=ADVANCED_FACE('',(#117,#114),#886,.F.);
#907=ADVANCED_FACE('',(#118),#887,.T.);
#908=ADVANCED_FACE('',(#119),#888,.T.);
#909=ADVANCED_FACE('',(#120),#889,.T.);
#910=ADVANCED_FACE('',(#121),#890,.T.);
#911=ADVANCED_FACE('',(#122,#115,#116),#891,.F.);
#912=ADVANCED_FACE('',(#123),#892,.T.);
#913=ADVANCED_FACE('',(#124),#893,.T.);
#914=ADVANCED_FACE('',(#125),#894,.T.);
#915=ADVANCED_FACE('',(#126),#895,.T.);
#916=ADVANCED_FACE('',(#127),#896,.T.);
#917=ADVANCED_FACE('',(#128),#897,.T.);
#918=ADVANCED_FACE('',(#129),#898,.T.);
#919=ADVANCED_FACE('',(#130),#899,.T.);
#920=ADVANCED_FACE('',(#131),#900,.T.);
#921=ADVANCED_FACE('',(#132),#901,.T.);
#922=ADVANCED_FACE('',(#133),#902,.T.);
#923=ADVANCED_FACE('',(#134),#903,.T.);
#924=ADVANCED_FACE('',(#135),#904,.T.);
#925=ADVANCED_FACE('',(#136),#905,.T.);
#926=ADVANCED_FACE('',(#137),#32,.T.);
#927=ADVANCED_FACE('',(#138),#33,.T.);
#928=ADVANCED_FACE('',(#139),#34,.T.);
#929=ADVANCED_FACE('',(#140),#35,.T.);
#930=ADVANCED_FACE('',(#141),#36,.T.);
#931=ADVANCED_FACE('',(#142),#37,.T.);
#932=ADVANCED_FACE('',(#143),#38,.T.);
#933=ADVANCED_FACE('',(#144),#39,.T.);
#934=ADVANCED_FACE('',(#145),#24,.T.);
#935=ADVANCED_FACE('',(#146),#40,.T.);
#936=ADVANCED_FACE('',(#147),#41,.T.);
#937=ADVANCED_FACE('',(#148),#25,.T.);
#938=ADVANCED_FACE('',(#149),#26,.T.);
#939=ADVANCED_FACE('',(#150),#42,.T.);
#940=ADVANCED_FACE('',(#151),#43,.T.);
#941=ADVANCED_FACE('',(#152),#27,.T.);
#942=ADVANCED_FACE('',(#153),#28,.T.);
#943=ADVANCED_FACE('',(#154),#44,.T.);
#944=ADVANCED_FACE('',(#155),#45,.T.);
#945=ADVANCED_FACE('',(#156),#29,.T.);
#946=ADVANCED_FACE('',(#157),#30,.T.);
#947=ADVANCED_FACE('',(#158),#46,.T.);
#948=ADVANCED_FACE('',(#159),#47,.T.);
#949=ADVANCED_FACE('',(#160),#31,.T.);
#950=ADVANCED_FACE('',(#161),#23,.T.);
#951=ADVANCED_FACE('',(#162),#48,.T.);
#952=ADVANCED_FACE('',(#163),#49,.T.);
#953=ADVANCED_FACE('',(#164),#50,.T.);
#954=ADVANCED_FACE('',(#165),#51,.T.);
#955=ADVANCED_FACE('',(#166),#15,.T.);
#956=ADVANCED_FACE('',(#167),#16,.T.);
#957=ADVANCED_FACE('',(#168),#17,.T.);
#958=ADVANCED_FACE('',(#169),#18,.T.);
#959=ADVANCED_FACE('',(#170),#19,.T.);
#960=ADVANCED_FACE('',(#171),#20,.T.);
#961=ADVANCED_FACE('',(#172),#21,.T.);
#962=ADVANCED_FACE('',(#173),#22,.T.);
#963=ADVANCED_FACE('',(#174),#52,.F.);
#964=ADVANCED_FACE('',(#175),#53,.F.);
#965=ADVANCED_FACE('',(#176),#54,.F.);
#966=ADVANCED_FACE('',(#177),#55,.F.);
#967=CLOSED_SHELL('',(#906,#907,#908,#909,#910,#911,#912,#913,#914,#915,
#916,#917,#918,#919,#920,#921,#922,#923,#924,#925,#926,#927,#928,#929,#930,
#931,#932,#933,#934,#935,#936,#937,#938,#939,#940,#941,#942,#943,#944,#945,
#946,#947,#948,#949,#950,#951,#952,#953,#954,#955,#956,#957,#958,#959,#960,
#961,#962,#963,#964,#965,#966));
#968=AXIS2_PLACEMENT_3D('',#1351,#1073,#1074);
#969=AXIS2_PLACEMENT_3D('',#1352,#1075,#1076);
#970=AXIS2_PLACEMENT_3D('',#1357,#1078,#1079);
#971=AXIS2_PLACEMENT_3D('',#1361,#1081,#1082);
#972=AXIS2_PLACEMENT_3D('',#1365,#1084,#1085);
#973=AXIS2_PLACEMENT_3D('',#1368,#1087,#1088);
#974=AXIS2_PLACEMENT_3D('',#1373,#1090,#1091);
#975=AXIS2_PLACEMENT_3D('',#1377,#1093,#1094);
#976=AXIS2_PLACEMENT_3D('',#1381,#1096,#1097);
#977=AXIS2_PLACEMENT_3D('',#1384,#1099,#1100);
#978=AXIS2_PLACEMENT_3D('',#1385,#1101,#1102);
#979=AXIS2_PLACEMENT_3D('',#1394,#1105,#1106);
#980=AXIS2_PLACEMENT_3D('',#1403,#1109,#1110);
#981=AXIS2_PLACEMENT_3D('',#1412,#1113,#1114);
#982=AXIS2_PLACEMENT_3D('',#1421,#1117,#1118);
#983=AXIS2_PLACEMENT_3D('',#1426,#1120,#1121);
#984=AXIS2_PLACEMENT_3D('',#1430,#1123,#1124);
#985=AXIS2_PLACEMENT_3D('',#1434,#1126,#1127);
#986=AXIS2_PLACEMENT_3D('',#1437,#1129,#1130);
#987=AXIS2_PLACEMENT_3D('',#1442,#1132,#1133);
#988=AXIS2_PLACEMENT_3D('',#1446,#1135,#1136);
#989=AXIS2_PLACEMENT_3D('',#1450,#1138,#1139);
#990=AXIS2_PLACEMENT_3D('',#1453,#1141,#1142);
#991=AXIS2_PLACEMENT_3D('',#1458,#1144,#1145);
#992=AXIS2_PLACEMENT_3D('',#1462,#1147,#1148);
#993=AXIS2_PLACEMENT_3D('',#1466,#1150,#1151);
#994=AXIS2_PLACEMENT_3D('',#1469,#1153,#1154);
#995=AXIS2_PLACEMENT_3D('',#1470,#1155,#1156);
#996=AXIS2_PLACEMENT_3D('',#1473,#1159,#1160);
#997=AXIS2_PLACEMENT_3D('',#1476,#1163,#1164);
#998=AXIS2_PLACEMENT_3D('',#1479,#1167,#1168);
#999=AXIS2_PLACEMENT_3D('',#1482,#1171,#1172);
#1000=AXIS2_PLACEMENT_3D('',#1488,#1176,#1177);
#1001=AXIS2_PLACEMENT_3D('',#1494,#1181,#1182);
#1002=AXIS2_PLACEMENT_3D('',#1500,#1186,#1187);
#1003=AXIS2_PLACEMENT_3D('',#1506,#1191,#1192);
#1004=AXIS2_PLACEMENT_3D('',#1515,#1197,#1198);
#1005=AXIS2_PLACEMENT_3D('',#1521,#1202,#1203);
#1006=AXIS2_PLACEMENT_3D('',#1527,#1207,#1208);
#1007=AXIS2_PLACEMENT_3D('',#1533,#1212,#1213);
#1008=AXIS2_PLACEMENT_3D('',#1539,#1217,#1218);
#1009=AXIS2_PLACEMENT_3D('',#1548,#1223,#1224);
#1010=AXIS2_PLACEMENT_3D('',#1549,#1225,#1226);
#1011=AXIS2_PLACEMENT_3D('',#1550,#1227,#1228);
#1012=AXIS2_PLACEMENT_3D('',#1551,#1229,#1230);
#1013=AXIS2_PLACEMENT_3D('',#1552,#1231,#1232);
#1014=AXIS2_PLACEMENT_3D('',#1553,#1233,#1234);
#1015=AXIS2_PLACEMENT_3D('',#1554,#1235,#1236);
#1016=AXIS2_PLACEMENT_3D('',#1555,#1237,#1238);
#1017=AXIS2_PLACEMENT_3D('',#1556,#1239,#1240);
#1018=AXIS2_PLACEMENT_3D('',#1557,#1241,#1242);
#1019=AXIS2_PLACEMENT_3D('',#1558,#1243,#1244);
#1020=AXIS2_PLACEMENT_3D('',#1559,#1245,#1246);
#1021=AXIS2_PLACEMENT_3D('',#1560,#1247,#1248);
#1022=AXIS2_PLACEMENT_3D('',#1561,#1249,#1250);
#1023=AXIS2_PLACEMENT_3D('',#1562,#1251,#1252);
#1024=AXIS2_PLACEMENT_3D('',#1563,#1253,#1254);
#1025=AXIS2_PLACEMENT_3D('',#1564,#1255,#1256);
#1026=AXIS2_PLACEMENT_3D('',#1565,#1257,#1258);
#1027=AXIS2_PLACEMENT_3D('',#1566,#1259,#1260);
#1028=AXIS2_PLACEMENT_3D('',#1567,#1261,#1262);
#1029=AXIS2_PLACEMENT_3D('',#1568,#1263,#1264);
#1030=AXIS2_PLACEMENT_3D('',#1569,#1265,#1266);
#1031=AXIS2_PLACEMENT_3D('',#1570,#1267,#1268);
#1032=AXIS2_PLACEMENT_3D('',#1571,#1269,#1270);
#1033=AXIS2_PLACEMENT_3D('',#1572,#1271,#1272);
#1034=AXIS2_PLACEMENT_3D('',#1573,#1273,#1274);
#1035=AXIS2_PLACEMENT_3D('',#1574,#1275,#1276);
#1036=AXIS2_PLACEMENT_3D('',#1575,#1277,#1278);
#1037=AXIS2_PLACEMENT_3D('',#1576,#1279,#1280);
#1038=AXIS2_PLACEMENT_3D('',#1577,#1281,#1282);
#1039=AXIS2_PLACEMENT_3D('',#1578,#1283,#1284);
#1040=AXIS2_PLACEMENT_3D('',#1579,#1285,#1286);
#1041=AXIS2_PLACEMENT_3D('',#1580,#1287,#1288);
#1042=AXIS2_PLACEMENT_3D('',#1581,#1289,#1290);
#1043=AXIS2_PLACEMENT_3D('',#1582,#1291,#1292);
#1044=AXIS2_PLACEMENT_3D('',#1583,#1293,#1294);
#1045=AXIS2_PLACEMENT_3D('',#1584,#1295,#1296);
#1046=AXIS2_PLACEMENT_3D('',#1585,#1297,#1298);
#1047=AXIS2_PLACEMENT_3D('',#1586,#1299,#1300);
#1048=AXIS2_PLACEMENT_3D('',#1587,#1301,#1302);
#1049=AXIS2_PLACEMENT_3D('',#1588,#1303,#1304);
#1050=AXIS2_PLACEMENT_3D('',#1589,#1305,#1306);
#1051=AXIS2_PLACEMENT_3D('',#1590,#1307,#1308);
#1052=AXIS2_PLACEMENT_3D('',#1591,#1309,#1310);
#1053=AXIS2_PLACEMENT_3D('',#1592,#1311,#1312);
#1054=AXIS2_PLACEMENT_3D('',#1593,#1313,#1314);
#1055=AXIS2_PLACEMENT_3D('',#1594,#1315,#1316);
#1056=AXIS2_PLACEMENT_3D('',#1595,#1317,#1318);
#1057=AXIS2_PLACEMENT_3D('',#1739,#1319,#1320);
#1058=AXIS2_PLACEMENT_3D('',#1762,#1321,#1322);
#1059=AXIS2_PLACEMENT_3D('',#1785,#1323,#1324);
#1060=AXIS2_PLACEMENT_3D('',#1808,#1325,#1326);
#1061=AXIS2_PLACEMENT_3D('',#1871,#1327,#1328);
#1062=AXIS2_PLACEMENT_3D('',#1872,#1329,#1330);
#1063=AXIS2_PLACEMENT_3D('',#2033,#1331,#1332);
#1064=AXIS2_PLACEMENT_3D('',#2194,#1333,#1334);
#1065=AXIS2_PLACEMENT_3D('',#2235,#1335,#1336);
#1066=AXIS2_PLACEMENT_3D('',#2276,#1337,#1338);
#1067=AXIS2_PLACEMENT_3D('',#2437,#1339,#1340);
#1068=AXIS2_PLACEMENT_3D('',#2598,#1341,#1342);
#1069=AXIS2_PLACEMENT_3D('',#2639,#1343,#1344);
#1070=AXIS2_PLACEMENT_3D('',#2640,#1345,#1346);
#1071=AXIS2_PLACEMENT_3D('',#2641,#1347,#1348);
#1072=AXIS2_PLACEMENT_3D('',#2642,#1349,#1350);
#1073=DIRECTION('axis',(0.,0.,1.));
#1074=DIRECTION('refdir',(1.,0.,0.));
#1075=DIRECTION('center_axis',(0.,0.,1.));
#1076=DIRECTION('ref_axis',(1.,0.,0.));
#1077=DIRECTION('',(1.,0.,0.));
#1078=DIRECTION('center_axis',(0.,0.,-1.));
#1079=DIRECTION('ref_axis',(0.707106781186547,0.707106781186547,0.));
#1080=DIRECTION('',(0.,-1.,0.));
#1081=DIRECTION('center_axis',(0.,0.,-1.));
#1082=DIRECTION('ref_axis',(0.707106781186547,-0.707106781186547,0.));
#1083=DIRECTION('',(-1.,0.,0.));
#1084=DIRECTION('center_axis',(0.,0.,-1.));
#1085=DIRECTION('ref_axis',(-0.707106781186547,-0.707106781186547,0.));
#1086=DIRECTION('',(0.,1.,0.));
#1087=DIRECTION('center_axis',(0.,0.,-1.));
#1088=DIRECTION('ref_axis',(-0.707106781186547,0.707106781186547,0.));
#1089=DIRECTION('',(0.,1.,0.));
#1090=DIRECTION('center_axis',(0.,0.,1.));
#1091=DIRECTION('ref_axis',(0.707106781186547,0.707106781186547,0.));
#1092=DIRECTION('',(-1.,0.,0.));
#1093=DIRECTION('center_axis',(0.,0.,1.));
#1094=DIRECTION('ref_axis',(-0.707106781186547,0.707106781186547,0.));
#1095=DIRECTION('',(0.,-1.,0.));
#1096=DIRECTION('center_axis',(0.,0.,1.));
#1097=DIRECTION('ref_axis',(-0.707106781186547,-0.707106781186547,0.));
#1098=DIRECTION('',(1.,0.,0.));
#1099=DIRECTION('center_axis',(0.,0.,1.));
#1100=DIRECTION('ref_axis',(0.707106781186547,-0.707106781186547,0.));
#1101=DIRECTION('center_axis',(0.,0.957826285083537,0.287347886025061));
#1102=DIRECTION('ref_axis',(0.,-0.287347886025061,0.957826285083537));
#1103=DIRECTION('',(0.276172385030514,-0.276172385030514,0.920574618101713));
#1104=DIRECTION('',(0.276172385030514,0.276172385030514,-0.920574618101713));
#1105=DIRECTION('center_axis',(-0.957826285083537,0.,0.287347886025061));
#1106=DIRECTION('ref_axis',(0.287347886025061,0.,0.957826285083537));
#1107=DIRECTION('',(0.276172385030514,0.276172385030514,0.920574618101713));
#1108=DIRECTION('',(-0.276172385030514,0.276172385030514,-0.920574618101713));
#1109=DIRECTION('center_axis',(0.,-0.957826285083537,0.287347886025061));
#1110=DIRECTION('ref_axis',(0.,-0.287347886025061,-0.957826285083537));
#1111=DIRECTION('',(-0.276172385030514,0.276172385030514,0.920574618101713));
#1112=DIRECTION('',(-0.276172385030514,-0.276172385030514,-0.920574618101713));
#1113=DIRECTION('center_axis',(0.957826285083537,0.,0.287347886025061));
#1114=DIRECTION('ref_axis',(0.287347886025061,0.,-0.957826285083537));
#1115=DIRECTION('',(-0.276172385030514,-0.276172385030514,0.920574618101713));
#1116=DIRECTION('',(0.276172385030514,-0.276172385030514,-0.920574618101713));
#1117=DIRECTION('center_axis',(0.,0.,1.));
#1118=DIRECTION('ref_axis',(1.,0.,0.));
#1119=DIRECTION('',(0.,-1.,0.));
#1120=DIRECTION('center_axis',(0.,0.,-1.));
#1121=DIRECTION('ref_axis',(-0.707106781186547,0.707106781186547,0.));
#1122=DIRECTION('',(-1.,0.,0.));
#1123=DIRECTION('center_axis',(0.,0.,-1.));
#1124=DIRECTION('ref_axis',(0.707106781186547,0.707106781186547,0.));
#1125=DIRECTION('',(0.,1.,0.));
#1126=DIRECTION('center_axis',(0.,0.,-1.));
#1127=DIRECTION('ref_axis',(0.707106781186547,-0.707106781186547,0.));
#1128=DIRECTION('',(1.,0.,0.));
#1129=DIRECTION('center_axis',(0.,0.,-1.));
#1130=DIRECTION('ref_axis',(-0.707106781186547,-0.707106781186547,0.));
#1131=DIRECTION('',(0.,-1.,0.));
#1132=DIRECTION('center_axis',(0.,0.,1.));
#1133=DIRECTION('ref_axis',(1.,0.,0.));
#1134=DIRECTION('',(-1.,0.,0.));
#1135=DIRECTION('center_axis',(0.,0.,-1.));
#1136=DIRECTION('ref_axis',(1.,0.,0.));
#1137=DIRECTION('',(0.,1.,0.));
#1138=DIRECTION('center_axis',(0.,0.,1.));
#1139=DIRECTION('ref_axis',(1.,0.,0.));
#1140=DIRECTION('',(1.,0.,0.));
#1141=DIRECTION('center_axis',(0.,0.,-1.));
#1142=DIRECTION('ref_axis',(1.,0.,0.));
#1143=DIRECTION('',(0.,1.,0.));
#1144=DIRECTION('center_axis',(0.,0.,1.));
#1145=DIRECTION('ref_axis',(1.,0.,0.));
#1146=DIRECTION('',(-1.,0.,0.));
#1147=DIRECTION('center_axis',(0.,0.,1.));
#1148=DIRECTION('ref_axis',(1.,0.,0.));
#1149=DIRECTION('',(0.,-1.,0.));
#1150=DIRECTION('center_axis',(0.,0.,1.));
#1151=DIRECTION('ref_axis',(1.,0.,0.));
#1152=DIRECTION('',(1.,0.,0.));
#1153=DIRECTION('center_axis',(0.,0.,1.));
#1154=DIRECTION('ref_axis',(1.,0.,0.));
#1155=DIRECTION('center_axis',(0.936329177486853,0.,-0.35112344180757));
#1156=DIRECTION('ref_axis',(-0.35112344180757,0.,-0.936329177486853));
#1157=DIRECTION('',(0.331294577931857,-0.331294577931857,0.883452208818285));
#1158=DIRECTION('',(-0.331294577931857,-0.331294577931857,-0.883452208818285));
#1159=DIRECTION('center_axis',(0.,0.936329177486853,-0.35112344180757));
#1160=DIRECTION('ref_axis',(0.,0.35112344180757,0.936329177486853));
#1161=DIRECTION('',(0.331294577931857,-0.331294577931857,-0.883452208818285));
#1162=DIRECTION('',(0.331294577931857,0.331294577931857,0.883452208818285));
#1163=DIRECTION('center_axis',(-0.936329177486853,0.,-0.35112344180757));
#1164=DIRECTION('ref_axis',(-0.35112344180757,0.,0.936329177486853));
#1165=DIRECTION('',(0.331294577931857,0.331294577931857,-0.883452208818285));
#1166=DIRECTION('',(-0.331294577931857,0.331294577931857,0.883452208818285));
#1167=DIRECTION('center_axis',(0.,-0.936329177486853,-0.35112344180757));
#1168=DIRECTION('ref_axis',(0.,0.35112344180757,-0.936329177486853));
#1169=DIRECTION('',(-0.331294577931857,0.331294577931857,-0.883452208818285));
#1170=DIRECTION('',(-0.331294577931857,-0.331294577931857,0.883452208818285));
#1171=DIRECTION('center_axis',(-1.,0.,0.));
#1172=DIRECTION('ref_axis',(0.,0.,1.));
#1173=DIRECTION('',(0.,0.,-1.));
#1174=DIRECTION('',(0.,-1.,0.));
#1175=DIRECTION('',(0.,0.,1.));
#1176=DIRECTION('center_axis',(0.,1.,0.));
#1177=DIRECTION('ref_axis',(0.,0.,1.));
#1178=DIRECTION('',(0.,0.,-1.));
#1179=DIRECTION('',(-1.,0.,0.));
#1180=DIRECTION('',(0.,0.,1.));
#1181=DIRECTION('center_axis',(1.,0.,0.));
#1182=DIRECTION('ref_axis',(0.,1.,0.));
#1183=DIRECTION('',(0.,0.,-1.));
#1184=DIRECTION('',(0.,1.,0.));
#1185=DIRECTION('',(0.,0.,1.));
#1186=DIRECTION('center_axis',(0.,-1.,0.));
#1187=DIRECTION('ref_axis',(1.,0.,0.));
#1188=DIRECTION('',(0.,0.,-1.));
#1189=DIRECTION('',(1.,0.,0.));
#1190=DIRECTION('',(0.,0.,1.));
#1191=DIRECTION('center_axis',(0.,0.,-1.));
#1192=DIRECTION('ref_axis',(-1.,0.,0.));
#1193=DIRECTION('',(0.,-1.,0.));
#1194=DIRECTION('',(-1.,0.,0.));
#1195=DIRECTION('',(0.,1.,0.));
#1196=DIRECTION('',(1.,0.,0.));
#1197=DIRECTION('center_axis',(1.,0.,0.));
#1198=DIRECTION('ref_axis',(0.,0.,-1.));
#1199=DIRECTION('',(0.,0.,1.));
#1200=DIRECTION('',(0.,0.,-1.));
#1201=DIRECTION('',(0.,1.,0.));
#1202=DIRECTION('center_axis',(0.,-1.,0.));
#1203=DIRECTION('ref_axis',(0.,0.,-1.));
#1204=DIRECTION('',(0.,0.,1.));
#1205=DIRECTION('',(0.,0.,-1.));
#1206=DIRECTION('',(1.,0.,0.));
#1207=DIRECTION('center_axis',(-1.,0.,0.));
#1208=DIRECTION('ref_axis',(0.,0.,1.));
#1209=DIRECTION('',(0.,0.,1.));
#1210=DIRECTION('',(0.,0.,-1.));
#1211=DIRECTION('',(0.,-1.,0.));
#1212=DIRECTION('center_axis',(0.,1.,0.));
#1213=DIRECTION('ref_axis',(0.,0.,1.));
#1214=DIRECTION('',(0.,0.,-1.));
#1215=DIRECTION('',(-1.,0.,0.));
#1216=DIRECTION('',(0.,0.,1.));
#1217=DIRECTION('center_axis',(0.,0.,-1.));
#1218=DIRECTION('ref_axis',(-1.,0.,0.));
#1219=DIRECTION('',(0.,1.,0.));
#1220=DIRECTION('',(1.,0.,0.));
#1221=DIRECTION('',(0.,-1.,0.));
#1222=DIRECTION('',(-1.,0.,0.));
#1223=DIRECTION('center_axis',(0.,0.,1.));
#1224=DIRECTION('ref_axis',(1.,0.,0.));
#1225=DIRECTION('center_axis',(0.,0.,1.));
#1226=DIRECTION('ref_axis',(1.,0.,0.));
#1227=DIRECTION('center_axis',(0.,0.,1.));
#1228=DIRECTION('ref_axis',(1.,0.,0.));
#1229=DIRECTION('center_axis',(0.,0.,1.));
#1230=DIRECTION('ref_axis',(1.,0.,0.));
#1231=DIRECTION('center_axis',(0.,0.,1.));
#1232=DIRECTION('ref_axis',(1.,0.,0.));
#1233=DIRECTION('center_axis',(0.,0.,1.));
#1234=DIRECTION('ref_axis',(1.,0.,0.));
#1235=DIRECTION('center_axis',(0.,0.,1.));
#1236=DIRECTION('ref_axis',(1.,0.,0.));
#1237=DIRECTION('center_axis',(0.,0.,1.));
#1238=DIRECTION('ref_axis',(1.,0.,0.));
#1239=DIRECTION('center_axis',(0.,0.,1.));
#1240=DIRECTION('ref_axis',(1.,0.,0.));
#1241=DIRECTION('center_axis',(0.,0.,1.));
#1242=DIRECTION('ref_axis',(1.,0.,0.));
#1243=DIRECTION('center_axis',(0.,0.,1.));
#1244=DIRECTION('ref_axis',(1.,0.,0.));
#1245=DIRECTION('center_axis',(0.,0.,1.));
#1246=DIRECTION('ref_axis',(1.,0.,0.));
#1247=DIRECTION('center_axis',(0.,0.,1.));
#1248=DIRECTION('ref_axis',(1.,0.,0.));
#1249=DIRECTION('center_axis',(0.,0.,1.));
#1250=DIRECTION('ref_axis',(1.,0.,0.));
#1251=DIRECTION('center_axis',(0.,0.,1.));
#1252=DIRECTION('ref_axis',(1.,0.,0.));
#1253=DIRECTION('center_axis',(0.,0.,1.));
#1254=DIRECTION('ref_axis',(1.,0.,0.));
#1255=DIRECTION('center_axis',(0.,0.,1.));
#1256=DIRECTION('ref_axis',(1.,0.,0.));
#1257=DIRECTION('center_axis',(0.,1.,0.));
#1258=DIRECTION('ref_axis',(-1.,0.,0.));
#1259=DIRECTION('center_axis',(-1.,0.,0.));
#1260=DIRECTION('ref_axis',(0.,1.,0.));
#1261=DIRECTION('center_axis',(1.,0.,0.));
#1262=DIRECTION('ref_axis',(0.,1.,0.));
#1263=DIRECTION('center_axis',(-1.,0.,0.));
#1264=DIRECTION('ref_axis',(0.,1.,0.));
#1265=DIRECTION('center_axis',(0.,1.,0.));
#1266=DIRECTION('ref_axis',(-1.,0.,0.));
#1267=DIRECTION('center_axis',(0.,1.,0.));
#1268=DIRECTION('ref_axis',(-1.,0.,0.));
#1269=DIRECTION('center_axis',(0.,0.,1.));
#1270=DIRECTION('ref_axis',(1.,0.,0.));
#1271=DIRECTION('center_axis',(0.,1.,0.));
#1272=DIRECTION('ref_axis',(0.,0.,-1.));
#1273=DIRECTION('center_axis',(0.,0.,1.));
#1274=DIRECTION('ref_axis',(1.,0.,0.));
#1275=DIRECTION('center_axis',(-1.,0.,0.));
#1276=DIRECTION('ref_axis',(0.,0.,1.));
#1277=DIRECTION('center_axis',(0.,-1.,0.));
#1278=DIRECTION('ref_axis',(0.,0.,-1.));
#1279=DIRECTION('center_axis',(0.,1.,0.));
#1280=DIRECTION('ref_axis',(0.,0.,-1.));
#1281=DIRECTION('center_axis',(-1.,0.,0.));
#1282=DIRECTION('ref_axis',(0.,0.,1.));
#1283=DIRECTION('center_axis',(-1.,0.,0.));
#1284=DIRECTION('ref_axis',(0.,0.,1.));
#1285=DIRECTION('center_axis',(0.,0.,1.));
#1286=DIRECTION('ref_axis',(1.,0.,0.));
#1287=DIRECTION('center_axis',(0.,0.,1.));
#1288=DIRECTION('ref_axis',(1.,0.,0.));
#1289=DIRECTION('center_axis',(0.,-1.,0.));
#1290=DIRECTION('ref_axis',(0.,0.,-1.));
#1291=DIRECTION('center_axis',(1.,0.,0.));
#1292=DIRECTION('ref_axis',(0.,0.,1.));
#1293=DIRECTION('center_axis',(-1.,0.,0.));
#1294=DIRECTION('ref_axis',(0.,0.,1.));
#1295=DIRECTION('center_axis',(1.,0.,0.));
#1296=DIRECTION('ref_axis',(0.,0.,1.));
#1297=DIRECTION('center_axis',(0.,-1.,0.));
#1298=DIRECTION('ref_axis',(0.,0.,-1.));
#1299=DIRECTION('center_axis',(0.,-1.,0.));
#1300=DIRECTION('ref_axis',(0.,0.,-1.));
#1301=DIRECTION('center_axis',(0.,0.,1.));
#1302=DIRECTION('ref_axis',(1.,0.,0.));
#1303=DIRECTION('center_axis',(0.,-1.,0.));
#1304=DIRECTION('ref_axis',(0.,0.,1.));
#1305=DIRECTION('center_axis',(0.,0.,1.));
#1306=DIRECTION('ref_axis',(1.,0.,0.));
#1307=DIRECTION('center_axis',(1.,0.,0.));
#1308=DIRECTION('ref_axis',(0.,0.,-1.));
#1309=DIRECTION('center_axis',(0.,1.,0.));
#1310=DIRECTION('ref_axis',(0.,0.,1.));
#1311=DIRECTION('center_axis',(0.,-1.,0.));
#1312=DIRECTION('ref_axis',(0.,0.,1.));
#1313=DIRECTION('center_axis',(1.,0.,0.));
#1314=DIRECTION('ref_axis',(0.,0.,-1.));
#1315=DIRECTION('center_axis',(1.,0.,0.));
#1316=DIRECTION('ref_axis',(0.,0.,-1.));
#1317=DIRECTION('center_axis',(0.,0.,1.));
#1318=DIRECTION('ref_axis',(1.,0.,0.));
#1319=DIRECTION('center_axis',(0.276172385030514,0.276172385030514,0.920574618101713));
#1320=DIRECTION('ref_axis',(-2.32928692407729E-10,-0.957826285316465,0.287347885248632));
#1321=DIRECTION('center_axis',(-0.276172385030514,0.276172385030514,0.920574618101713));
#1322=DIRECTION('ref_axis',(0.957826285316465,-2.32928687189682E-10,0.287347885248632));
#1323=DIRECTION('center_axis',(-0.276172385030514,-0.276172385030514,0.920574618101713));
#1324=DIRECTION('ref_axis',(0.957826285316465,2.32928687189682E-10,0.287347885248632));
#1325=DIRECTION('center_axis',(0.276172385030514,-0.276172385030514,0.920574618101713));
#1326=DIRECTION('ref_axis',(-0.650944555138766,0.650944554957109,0.390566732463077));
#1327=DIRECTION('center_axis',(-0.0288337850140351,-0.994952751484302,0.0961126170467836));
#1328=DIRECTION('ref_axis',(-1.06660909687735E-11,-0.0961525953740849,-0.995366605026926));
#1329=DIRECTION('center_axis',(-0.0288337850140351,0.994952751484302,0.0961126170467836));
#1330=DIRECTION('ref_axis',(1.06660909687735E-11,-0.0961525953740849,0.995366605026926));
#1331=DIRECTION('center_axis',(-0.994952751484302,0.0288337850140351,-0.0961126170467836));
#1332=DIRECTION('ref_axis',(-0.0961525953740849,1.06660908108787E-11,0.995366605026926));
#1333=DIRECTION('center_axis',(-0.994952751484302,-0.0288337850140351,-0.0961126170467836));
#1334=DIRECTION('ref_axis',(-0.0961525953740849,-1.06660908108787E-11,0.995366605026926));
#1335=DIRECTION('center_axis',(-0.994952751484302,-0.0288337850140351,0.0961126170467836));
#1336=DIRECTION('ref_axis',(0.0961525953740849,1.06660908108787E-11,0.995366605026926));
#1337=DIRECTION('center_axis',(-0.994952751484302,0.0288337850140351,0.0961126170467836));
#1338=DIRECTION('ref_axis',(0.0961525953740849,-1.06660908108787E-11,0.995366605026926));
#1339=DIRECTION('center_axis',(-0.0288337850140351,-0.994952751484302,-0.0961126170467836));
#1340=DIRECTION('ref_axis',(1.06660909687735E-11,0.0961525953740849,-0.995366605026926));
#1341=DIRECTION('center_axis',(-0.0288337850140351,0.994952751484302,-0.0961126170467836));
#1342=DIRECTION('ref_axis',(-1.06660909687735E-11,0.0961525953740849,0.995366605026926));
#1343=DIRECTION('center_axis',(-0.331294577931857,0.331294577931857,-0.883452208818285));
#1344=DIRECTION('ref_axis',(-1.89496012188584E-10,0.936329177676349,0.351123441302247));
#1345=DIRECTION('center_axis',(0.331294577931857,0.331294577931857,-0.883452208818285));
#1346=DIRECTION('ref_axis',(1.89496012188584E-10,0.936329177676349,0.351123441302247));
#1347=DIRECTION('center_axis',(0.331294577931857,-0.331294577931857,-0.883452208818285));
#1348=DIRECTION('ref_axis',(-1.89496012188584E-10,0.936329177676349,-0.351123441302247));
#1349=DIRECTION('center_axis',(-0.331294577931857,-0.331294577931857,-0.883452208818285));
#1350=DIRECTION('ref_axis',(-0.936329177676349,-1.89496019583171E-10,0.351123441302247));
#1351=CARTESIAN_POINT('',(0.,0.,0.));
#1352=CARTESIAN_POINT('Origin',(152.73625,-111.52875,7.50580374498267));
#1353=CARTESIAN_POINT('',(146.183532857469,-119.278749999349,7.50580374471111));
#1354=CARTESIAN_POINT('',(159.288967143,-119.278749999741,7.505803744905));
#1355=CARTESIAN_POINT('',(146.183532857,-119.27875,7.50580374498267));
#1356=CARTESIAN_POINT('',(144.986249999979,-118.081467143,7.5058037449891));
#1357=CARTESIAN_POINT('Origin',(146.291288314,-117.973711686,7.50580374498267));
#1358=CARTESIAN_POINT('',(144.986250000651,-104.976032857469,7.50580374471112));
#1359=CARTESIAN_POINT('',(144.98625,-104.976032857,7.50580374498267));
#1360=CARTESIAN_POINT('',(146.183532857,-103.778750000259,7.505803744905));
#1361=CARTESIAN_POINT('Origin',(146.291288314,-105.083788314,7.50580374498267));
#1362=CARTESIAN_POINT('',(159.288967142531,-103.778750000651,7.50580374471112));
#1363=CARTESIAN_POINT('',(159.288967143,-103.77875,7.50580374498267));
#1364=CARTESIAN_POINT('',(160.486250000021,-104.976032857,7.5058037449891));
#1365=CARTESIAN_POINT('Origin',(159.181211686,-105.083788314,7.50580374498267));
#1366=CARTESIAN_POINT('',(160.486249999349,-118.081467142531,7.50580374471112));
#1367=CARTESIAN_POINT('',(160.48625,-118.081467143,7.50580374498267));
#1368=CARTESIAN_POINT('Origin',(159.181211686,-117.973711686,7.50580374498267));
#1369=CARTESIAN_POINT('',(159.970250233556,-118.060503351,7.50580374481617));
#1370=CARTESIAN_POINT('',(159.970250233574,-104.996996649,7.50580374482298));
#1371=CARTESIAN_POINT('',(159.970250234,-118.060503351,7.50580374498267));
#1372=CARTESIAN_POINT('',(159.268003351012,-104.294749765906,7.50580374498267));
#1373=CARTESIAN_POINT('Origin',(159.169249883,-105.095750117,7.50580374498267));
#1374=CARTESIAN_POINT('',(146.204496649209,-104.294749766127,7.50580374481702));
#1375=CARTESIAN_POINT('',(159.268003351,-104.294749766,7.50580374498267));
#1376=CARTESIAN_POINT('',(145.502249766207,-104.996996649,7.5058037449052));
#1377=CARTESIAN_POINT('Origin',(146.303250117,-105.095750117,7.50580374498267));
#1378=CARTESIAN_POINT('',(145.502249766079,-118.060503351,7.5058037449531));
#1379=CARTESIAN_POINT('',(145.502249766,-104.996996649,7.50580374498267));
#1380=CARTESIAN_POINT('',(146.204496649,-118.762750234,7.50580374498267));
#1381=CARTESIAN_POINT('Origin',(146.303250117,-117.961749883,7.50580374498267));
#1382=CARTESIAN_POINT('',(159.268003350791,-118.762750233873,7.50580374481703));
#1383=CARTESIAN_POINT('',(146.204496649,-118.762750234,7.50580374498267));
#1384=CARTESIAN_POINT('Origin',(159.169249883,-117.961749883,7.50580374498267));
#1385=CARTESIAN_POINT('Origin',(152.73625,-104.459942661,9.77644594698267));
#1386=CARTESIAN_POINT('',(147.42780221669,-105.023019359635,11.6533682791909));
#1387=CARTESIAN_POINT('',(146.183532857,-103.77875,7.50580374498267));
#1388=CARTESIAN_POINT('',(158.044697783,-105.023019360336,11.6533682788819));
#1389=CARTESIAN_POINT('Ctrl Pts',(147.427802217,-105.02301936,11.6533682789827));
#1390=CARTESIAN_POINT('Ctrl Pts',(150.966767406,-104.920459956,11.3115035969827));
#1391=CARTESIAN_POINT('Ctrl Pts',(154.505732594,-104.920459955,11.3115035969827));
#1392=CARTESIAN_POINT('Ctrl Pts',(158.044697783,-105.02301936,11.6533682789827));
#1393=CARTESIAN_POINT('',(158.044697783,-105.02301936,11.6533682789827));
#1394=CARTESIAN_POINT('Origin',(145.708727064,-111.52875,9.91406062598267));
#1395=CARTESIAN_POINT('',(146.230519359635,-116.83719778331,11.6533682791909));
#1396=CARTESIAN_POINT('',(144.98625,-118.081467143,7.50580374498267));
#1397=CARTESIAN_POINT('',(146.23051936,-106.220302217,11.6533682789827));
#1398=CARTESIAN_POINT('Ctrl Pts',(146.23051936,-116.837197783,11.6533682789827));
#1399=CARTESIAN_POINT('Ctrl Pts',(146.127959955,-113.298232594,11.3115035969827));
#1400=CARTESIAN_POINT('Ctrl Pts',(146.127959955,-109.759267406,11.3115035969827));
#1401=CARTESIAN_POINT('Ctrl Pts',(146.23051936,-106.220302217,11.6533682789827));
#1402=CARTESIAN_POINT('',(146.23051936,-106.220302217,11.6533682789827));
#1403=CARTESIAN_POINT('Origin',(152.73625,-118.597557339,9.77644594698267));
#1404=CARTESIAN_POINT('',(158.04469778331,-118.034480640365,11.6533682791909));
#1405=CARTESIAN_POINT('',(159.288967143,-119.27875,7.50580374498267));
#1406=CARTESIAN_POINT('',(147.427802217,-118.034480639664,11.6533682788819));
#1407=CARTESIAN_POINT('Ctrl Pts',(158.044697783,-118.03448064,11.6533682789827));
#1408=CARTESIAN_POINT('Ctrl Pts',(154.505732594,-118.137040045,11.3115035969827));
#1409=CARTESIAN_POINT('Ctrl Pts',(150.966767406,-118.137040045,11.3115035969827));
#1410=CARTESIAN_POINT('Ctrl Pts',(147.427802217,-118.03448064,11.6533682789827));
#1411=CARTESIAN_POINT('',(147.427802217,-118.03448064,11.6533682789827));
#1412=CARTESIAN_POINT('Origin',(159.763772936,-111.52875,9.91406062598267));
#1413=CARTESIAN_POINT('',(159.241980640365,-106.22030221669,11.6533682791909));
#1414=CARTESIAN_POINT('',(160.48625,-104.976032857,7.50580374498267));
#1415=CARTESIAN_POINT('',(159.24198064,-116.837197783,11.6533682789827));
#1416=CARTESIAN_POINT('Ctrl Pts',(159.24198064,-106.220302217,11.6533682789827));
#1417=CARTESIAN_POINT('Ctrl Pts',(159.344540045,-109.759267406,11.3115035969827));
#1418=CARTESIAN_POINT('Ctrl Pts',(159.344540044,-113.298232594,11.3115035969827));
#1419=CARTESIAN_POINT('Ctrl Pts',(159.24198064,-116.837197783,11.6533682789827));
#1420=CARTESIAN_POINT('',(159.24198064,-116.837197783,11.6533682789827));
#1421=CARTESIAN_POINT('Origin',(134.73625,-111.52875,9.50580374498267));
#1422=CARTESIAN_POINT('',(146.252249765685,-105.746996648767,9.50580374514832));
#1423=CARTESIAN_POINT('',(146.252249765987,-117.310503351,9.50580374498761));
#1424=CARTESIAN_POINT('',(146.252249766,-105.746996649,9.50580374498267));
#1425=CARTESIAN_POINT('',(146.954496649,-105.044749765556,9.50580374514915));
#1426=CARTESIAN_POINT('Origin',(147.053250117,-105.845750117,9.50580374498267));
#1427=CARTESIAN_POINT('',(158.518003351232,-105.044749765685,9.50580374514832));
#1428=CARTESIAN_POINT('',(158.518003351,-105.044749766,9.50580374498267));
#1429=CARTESIAN_POINT('',(159.220250233666,-105.746996649,9.50580374485749));
#1430=CARTESIAN_POINT('Origin',(158.419249883,-105.845750117,9.50580374498267));
#1431=CARTESIAN_POINT('',(159.220250234315,-117.310503351232,9.50580374514832));
#1432=CARTESIAN_POINT('',(159.220250234,-117.310503351,9.50580374498267));
#1433=CARTESIAN_POINT('',(158.518003351012,-118.012750234094,9.50580374498267));
#1434=CARTESIAN_POINT('Origin',(158.419249883,-117.211749883,9.50580374498267));
#1435=CARTESIAN_POINT('',(146.954496649,-118.012750234572,9.50580374519706));
#1436=CARTESIAN_POINT('',(146.954496649,-118.012750234,9.50580374498267));
#1437=CARTESIAN_POINT('Origin',(147.053250117,-117.211749883,9.50580374498267));
#1438=CARTESIAN_POINT('',(149.33625,-110.37875,9.50580374498267));
#1439=CARTESIAN_POINT('',(149.33625,-112.67875,9.50580374498267));
#1440=CARTESIAN_POINT('',(149.33625,-110.37875,9.50580374498267));
#1441=CARTESIAN_POINT('',(149.63625,-112.97875,9.50580374498267));
#1442=CARTESIAN_POINT('Origin',(149.63625,-112.67875,9.50580374498267));
#1443=CARTESIAN_POINT('',(150.13625,-112.97875,9.50580374498267));
#1444=CARTESIAN_POINT('',(150.13625,-112.97875,9.50580374498267));
#1445=CARTESIAN_POINT('',(150.43625,-112.67875,9.50580374498267));
#1446=CARTESIAN_POINT('Origin',(150.13625,-112.67875,9.50580374498267));
#1447=CARTESIAN_POINT('',(150.43625,-110.37875,9.50580374498267));
#1448=CARTESIAN_POINT('',(150.43625,-112.67875,9.50580374498267));
#1449=CARTESIAN_POINT('',(150.13625,-110.07875,9.50580374498267));
#1450=CARTESIAN_POINT('Origin',(150.13625,-110.37875,9.50580374498267));
#1451=CARTESIAN_POINT('',(149.63625,-110.07875,9.50580374498267));
#1452=CARTESIAN_POINT('',(149.63625,-110.07875,9.50580374498267));
#1453=CARTESIAN_POINT('Origin',(149.63625,-110.37875,9.50580374498267));
#1454=CARTESIAN_POINT('',(156.13625,-112.67875,9.50580374498267));
#1455=CARTESIAN_POINT('',(156.13625,-110.37875,9.50580374498267));
#1456=CARTESIAN_POINT('',(156.13625,-112.67875,9.50580374498267));
#1457=CARTESIAN_POINT('',(155.83625,-110.07875,9.50580374498267));
#1458=CARTESIAN_POINT('Origin',(155.83625,-110.37875,9.50580374498267));
#1459=CARTESIAN_POINT('',(155.33625,-110.07875,9.50580374498267));
#1460=CARTESIAN_POINT('',(155.83625,-110.07875,9.50580374498267));
#1461=CARTESIAN_POINT('',(155.03625,-110.37875,9.50580374498267));
#1462=CARTESIAN_POINT('Origin',(155.33625,-110.37875,9.50580374498267));
#1463=CARTESIAN_POINT('',(155.03625,-112.67875,9.50580374498267));
#1464=CARTESIAN_POINT('',(155.03625,-110.37875,9.50580374498267));
#1465=CARTESIAN_POINT('',(155.33625,-112.97875,9.50580374498267));
#1466=CARTESIAN_POINT('Origin',(155.33625,-112.67875,9.50580374498267));
#1467=CARTESIAN_POINT('',(155.83625,-112.97875,9.50580374498267));
#1468=CARTESIAN_POINT('',(155.33625,-112.97875,9.50580374498267));
#1469=CARTESIAN_POINT('Origin',(155.83625,-112.67875,9.50580374498267));
#1470=CARTESIAN_POINT('Origin',(144.298222398,-111.52875,4.29506409598267));
#1471=CARTESIAN_POINT('',(145.502249766,-104.996996649,7.50580374498267));
#1472=CARTESIAN_POINT('',(146.252249766,-117.310503351,9.50580374498267));
#1473=CARTESIAN_POINT('Origin',(134.73625,-117.809243356,10.0484887529827));
#1474=CARTESIAN_POINT('',(158.518003351,-118.012750234,9.50580374498267));
#1475=CARTESIAN_POINT('',(146.204496649,-118.762750234,7.50580374498267));
#1476=CARTESIAN_POINT('Origin',(156.735921438,-111.52875,16.1306805339827));
#1477=CARTESIAN_POINT('',(159.220250234,-105.746996649,9.50580374498267));
#1478=CARTESIAN_POINT('',(159.970250234,-118.060503351,7.50580374498267));
#1479=CARTESIAN_POINT('Origin',(134.73625,-105.248256644,10.0484887529827));
#1480=CARTESIAN_POINT('',(146.954496649,-105.044749766,9.50580374498267));
#1481=CARTESIAN_POINT('',(159.268003351,-104.294749766,7.50580374498267));
#1482=CARTESIAN_POINT('Origin',(155.03625,-111.52875,6.50580374498267));
#1483=CARTESIAN_POINT('',(155.03625,-110.37875,6.30580374498267));
#1484=CARTESIAN_POINT('',(155.03625,-110.37875,9.50580374498267));
#1485=CARTESIAN_POINT('',(155.03625,-112.67875,6.30580374498267));
#1486=CARTESIAN_POINT('',(155.03625,-110.37875,6.30580374498267));
#1487=CARTESIAN_POINT('',(155.03625,-112.67875,6.30580374498267));
#1488=CARTESIAN_POINT('Origin',(155.58625,-110.07875,6.50580374498267));
#1489=CARTESIAN_POINT('',(155.83625,-110.07875,6.30580374498267));
#1490=CARTESIAN_POINT('',(155.83625,-110.07875,9.50580374498267));
#1491=CARTESIAN_POINT('',(155.33625,-110.07875,6.30580374498267));
#1492=CARTESIAN_POINT('',(155.83625,-110.07875,6.30580374498267));
#1493=CARTESIAN_POINT('',(155.33625,-110.07875,6.30580374498267));
#1494=CARTESIAN_POINT('Origin',(156.13625,-111.52875,6.50580374498267));
#1495=CARTESIAN_POINT('',(156.13625,-112.67875,6.30580374498267));
#1496=CARTESIAN_POINT('',(156.13625,-112.67875,9.50580374498267));
#1497=CARTESIAN_POINT('',(156.13625,-110.37875,6.30580374498267));
#1498=CARTESIAN_POINT('',(156.13625,-112.67875,6.30580374498267));
#1499=CARTESIAN_POINT('',(156.13625,-110.37875,6.30580374498267));
#1500=CARTESIAN_POINT('Origin',(155.58625,-112.97875,6.50580374498267));
#1501=CARTESIAN_POINT('',(155.33625,-112.97875,6.30580374498267));
#1502=CARTESIAN_POINT('',(155.33625,-112.97875,9.50580374498267));
#1503=CARTESIAN_POINT('',(155.83625,-112.97875,6.30580374498267));
#1504=CARTESIAN_POINT('',(155.33625,-112.97875,6.30580374498267));
#1505=CARTESIAN_POINT('',(155.83625,-112.97875,6.30580374498267));
#1506=CARTESIAN_POINT('Origin',(152.73625,-111.52875,6.00580374498267));
#1507=CARTESIAN_POINT('',(155.83625,-110.37875,6.00580374498267));
#1508=CARTESIAN_POINT('',(155.83625,-112.67875,6.00580374498267));
#1509=CARTESIAN_POINT('',(155.83625,-110.37875,6.00580374498267));
#1510=CARTESIAN_POINT('',(155.33625,-112.67875,6.00580374498267));
#1511=CARTESIAN_POINT('',(155.83625,-112.67875,6.00580374498267));
#1512=CARTESIAN_POINT('',(155.33625,-110.37875,6.00580374498267));
#1513=CARTESIAN_POINT('',(155.33625,-112.67875,6.00580374498267));
#1514=CARTESIAN_POINT('',(155.33625,-110.37875,6.00580374498267));
#1515=CARTESIAN_POINT('Origin',(150.43625,-111.52875,6.50580374498267));
#1516=CARTESIAN_POINT('',(150.43625,-110.37875,6.30580374498267));
#1517=CARTESIAN_POINT('',(150.43625,-110.37875,6.30580374498267));
#1518=CARTESIAN_POINT('',(150.43625,-112.67875,6.30580374498267));
#1519=CARTESIAN_POINT('',(150.43625,-112.67875,9.50580374498267));
#1520=CARTESIAN_POINT('',(150.43625,-112.67875,6.30580374498267));
#1521=CARTESIAN_POINT('Origin',(149.88625,-112.97875,6.50580374498267));
#1522=CARTESIAN_POINT('',(150.13625,-112.97875,6.30580374498267));
#1523=CARTESIAN_POINT('',(150.13625,-112.97875,6.30580374498267));
#1524=CARTESIAN_POINT('',(149.63625,-112.97875,6.30580374498267));
#1525=CARTESIAN_POINT('',(149.63625,-112.97875,9.50580374498267));
#1526=CARTESIAN_POINT('',(149.63625,-112.97875,6.30580374498267));
#1527=CARTESIAN_POINT('Origin',(149.33625,-111.52875,6.50580374498267));
#1528=CARTESIAN_POINT('',(149.33625,-112.67875,6.30580374498267));
#1529=CARTESIAN_POINT('',(149.33625,-112.67875,6.30580374498267));
#1530=CARTESIAN_POINT('',(149.33625,-110.37875,6.30580374498267));
#1531=CARTESIAN_POINT('',(149.33625,-110.37875,9.50580374498267));
#1532=CARTESIAN_POINT('',(149.33625,-110.37875,6.30580374498267));
#1533=CARTESIAN_POINT('Origin',(149.88625,-110.07875,6.50580374498267));
#1534=CARTESIAN_POINT('',(150.13625,-110.07875,6.30580374498267));
#1535=CARTESIAN_POINT('',(150.13625,-110.07875,9.50580374498267));
#1536=CARTESIAN_POINT('',(149.63625,-110.07875,6.30580374498267));
#1537=CARTESIAN_POINT('',(150.13625,-110.07875,6.30580374498267));
#1538=CARTESIAN_POINT('',(149.63625,-110.07875,6.30580374498267));
#1539=CARTESIAN_POINT('Origin',(152.73625,-111.52875,6.00580374498267));
#1540=CARTESIAN_POINT('',(149.63625,-112.67875,6.00580374498267));
#1541=CARTESIAN_POINT('',(149.63625,-110.37875,6.00580374498267));
#1542=CARTESIAN_POINT('',(149.63625,-112.67875,6.00580374498267));
#1543=CARTESIAN_POINT('',(150.13625,-110.37875,6.00580374498267));
#1544=CARTESIAN_POINT('',(149.63625,-110.37875,6.00580374498267));
#1545=CARTESIAN_POINT('',(150.13625,-112.67875,6.00580374498267));
#1546=CARTESIAN_POINT('',(150.13625,-110.37875,6.00580374498267));
#1547=CARTESIAN_POINT('',(150.13625,-112.67875,6.00580374498267));
#1548=CARTESIAN_POINT('Origin',(150.13625,-112.67875,6.50580374498267));
#1549=CARTESIAN_POINT('Origin',(150.13625,-112.67875,6.30580374498267));
#1550=CARTESIAN_POINT('Origin',(149.63625,-112.67875,6.50580374498267));
#1551=CARTESIAN_POINT('Origin',(149.63625,-112.67875,6.30580374498267));
#1552=CARTESIAN_POINT('Origin',(149.63625,-110.37875,6.50580374498267));
#1553=CARTESIAN_POINT('Origin',(149.63625,-110.37875,6.30580374498267));
#1554=CARTESIAN_POINT('Origin',(150.13625,-110.37875,6.50580374498267));
#1555=CARTESIAN_POINT('Origin',(150.13625,-110.37875,6.30580374498267));
#1556=CARTESIAN_POINT('Origin',(155.33625,-110.37875,6.50580374498267));
#1557=CARTESIAN_POINT('Origin',(155.33625,-110.37875,6.30580374498267));
#1558=CARTESIAN_POINT('Origin',(155.83625,-110.37875,6.50580374498267));
#1559=CARTESIAN_POINT('Origin',(155.83625,-110.37875,6.30580374498267));
#1560=CARTESIAN_POINT('Origin',(155.83625,-112.67875,6.50580374498267));
#1561=CARTESIAN_POINT('Origin',(155.83625,-112.67875,6.30580374498267));
#1562=CARTESIAN_POINT('Origin',(155.33625,-112.67875,6.50580374498267));
#1563=CARTESIAN_POINT('Origin',(155.33625,-112.67875,6.30580374498267));
#1564=CARTESIAN_POINT('Origin',(155.83625,-112.67875,6.30580374498267));
#1565=CARTESIAN_POINT('Origin',(155.83625,-112.67875,6.30580374498267));
#1566=CARTESIAN_POINT('Origin',(155.83625,-112.67875,6.30580374498267));
#1567=CARTESIAN_POINT('Origin',(155.58625,-112.67875,6.30580374498267));
#1568=CARTESIAN_POINT('Origin',(155.33625,-112.67875,6.30580374498267));
#1569=CARTESIAN_POINT('Origin',(155.83625,-111.52875,6.30580374498267));
#1570=CARTESIAN_POINT('Origin',(155.83625,-110.37875,6.30580374498267));
#1571=CARTESIAN_POINT('Origin',(155.33625,-112.67875,6.30580374498267));
#1572=CARTESIAN_POINT('Origin',(155.33625,-112.67875,6.30580374498267));
#1573=CARTESIAN_POINT('Origin',(155.83625,-110.37875,6.30580374498267));
#1574=CARTESIAN_POINT('Origin',(155.83625,-110.37875,6.30580374498267));
#1575=CARTESIAN_POINT('Origin',(155.33625,-111.52875,6.30580374498267));
#1576=CARTESIAN_POINT('Origin',(155.33625,-110.37875,6.30580374498267));
#1577=CARTESIAN_POINT('Origin',(155.58625,-110.37875,6.30580374498267));
#1578=CARTESIAN_POINT('Origin',(155.33625,-110.37875,6.30580374498267));
#1579=CARTESIAN_POINT('Origin',(155.33625,-110.37875,6.30580374498267));
#1580=CARTESIAN_POINT('Origin',(149.63625,-110.37875,6.30580374498267));
#1581=CARTESIAN_POINT('Origin',(149.63625,-110.37875,6.30580374498267));
#1582=CARTESIAN_POINT('Origin',(149.63625,-110.37875,6.30580374498267));
#1583=CARTESIAN_POINT('Origin',(149.88625,-110.37875,6.30580374498267));
#1584=CARTESIAN_POINT('Origin',(150.13625,-110.37875,6.30580374498267));
#1585=CARTESIAN_POINT('Origin',(149.63625,-111.52875,6.30580374498267));
#1586=CARTESIAN_POINT('Origin',(149.63625,-112.67875,6.30580374498267));
#1587=CARTESIAN_POINT('Origin',(150.13625,-110.37875,6.30580374498267));
#1588=CARTESIAN_POINT('Origin',(150.13625,-110.37875,6.30580374498267));
#1589=CARTESIAN_POINT('Origin',(149.63625,-112.67875,6.30580374498267));
#1590=CARTESIAN_POINT('Origin',(149.63625,-112.67875,6.30580374498267));
#1591=CARTESIAN_POINT('Origin',(150.13625,-111.52875,6.30580374498267));
#1592=CARTESIAN_POINT('Origin',(150.13625,-112.67875,6.30580374498267));
#1593=CARTESIAN_POINT('Origin',(149.88625,-112.67875,6.30580374498267));
#1594=CARTESIAN_POINT('Origin',(150.13625,-112.67875,6.30580374498267));
#1595=CARTESIAN_POINT('Origin',(150.13625,-112.67875,6.30580374498267));
#1596=CARTESIAN_POINT('Ctrl Pts',(152.73625,-111.52875,11.5058037449827));
#1597=CARTESIAN_POINT('Ctrl Pts',(152.73625,-111.52875,11.5058037449827));
#1598=CARTESIAN_POINT('Ctrl Pts',(152.73625,-111.52875,11.5058037449827));
#1599=CARTESIAN_POINT('Ctrl Pts',(152.73625,-111.52875,11.5058037449827));
#1600=CARTESIAN_POINT('Ctrl Pts',(152.73625,-111.52875,11.5058037449827));
#1601=CARTESIAN_POINT('Ctrl Pts',(152.73625,-111.52875,11.5058037449827));
#1602=CARTESIAN_POINT('Ctrl Pts',(152.73625,-111.52875,11.5058037449827));
#1603=CARTESIAN_POINT('Ctrl Pts',(155.566726011,-114.359226011,11.5058037449827));
#1604=CARTESIAN_POINT('Ctrl Pts',(161.227678033,-108.698273989,11.5058037449827));
#1605=CARTESIAN_POINT('Ctrl Pts',(155.566726011,-103.037321967,11.5058037449827));
#1606=CARTESIAN_POINT('Ctrl Pts',(149.905773989,-108.698273989,11.5058037449827));
#1607=CARTESIAN_POINT('Ctrl Pts',(144.244821967,-114.359226011,11.5058037449827));
#1608=CARTESIAN_POINT('Ctrl Pts',(149.905773989,-120.020178033,11.5058037449827));
#1609=CARTESIAN_POINT('Ctrl Pts',(155.566726011,-114.359226011,11.5058037449827));
#1610=CARTESIAN_POINT('Ctrl Pts',(158.397202022,-117.189702022,12.1154851299827));
#1611=CARTESIAN_POINT('Ctrl Pts',(169.719106066,-105.867797978,12.1154851299827));
#1612=CARTESIAN_POINT('Ctrl Pts',(158.397202022,-94.545893934,12.1154851299827));
#1613=CARTESIAN_POINT('Ctrl Pts',(147.075297978,-105.867797978,12.1154851299827));
#1614=CARTESIAN_POINT('Ctrl Pts',(135.753393934,-117.189702022,12.1154851299827));
#1615=CARTESIAN_POINT('Ctrl Pts',(147.075297978,-128.511606066,12.1154851299827));
#1616=CARTESIAN_POINT('Ctrl Pts',(158.397202022,-117.189702022,12.1154851299827));
#1617=CARTESIAN_POINT('',(158.39719693562,-117.18969693562,12.1154840341125));
#1618=CARTESIAN_POINT('',(152.73625,-111.52875,11.5058037449827));
#1619=CARTESIAN_POINT('Ctrl Pts',(158.397196934972,-117.189696934972,12.115484034243));
#1620=CARTESIAN_POINT('Ctrl Pts',(156.510214623315,-115.302714623315,11.7090305080694));
#1621=CARTESIAN_POINT('Ctrl Pts',(154.623232311657,-113.415732311657,11.5058037449827));
#1622=CARTESIAN_POINT('Ctrl Pts',(152.73625,-111.52875,11.5058037449827));
#1623=CARTESIAN_POINT('',(158.574678178068,-116.775495043573,12.0919210065515));
#1624=CARTESIAN_POINT('Ctrl Pts',(158.397196935944,-117.189696935944,12.1154840340473));
#1625=CARTESIAN_POINT('Ctrl Pts',(158.397254503681,-117.189639367715,12.1154840339969));
#1626=CARTESIAN_POINT('Ctrl Pts',(158.397312060866,-117.189581786901,12.115484031642));
#1627=CARTESIAN_POINT('Ctrl Pts',(158.3973696075,-117.1895241935,12.1154840269827));
#1628=CARTESIAN_POINT('Ctrl Pts',(158.424553909876,-117.16231779912,12.1154818259823));
#1629=CARTESIAN_POINT('Ctrl Pts',(158.4494440588,-117.132073686675,12.1149485856333));
#1630=CARTESIAN_POINT('Ctrl Pts',(158.470877649705,-117.100265885637,12.1139154555196));
#1631=CARTESIAN_POINT('Ctrl Pts',(158.492311232971,-117.068458095935,12.1128823257741));
#1632=CARTESIAN_POINT('Ctrl Pts',(158.510608511519,-117.034823852751,12.111355017604));
#1633=CARTESIAN_POINT('Ctrl Pts',(158.525741867694,-116.999343328668,12.1093291427339));
#1634=CARTESIAN_POINT('Ctrl Pts',(158.540875294349,-116.963862639339,12.1073032584286));
#1635=CARTESIAN_POINT('Ctrl Pts',(158.552633501228,-116.926831167839,12.1047872060803));
#1636=CARTESIAN_POINT('Ctrl Pts',(158.560767113036,-116.889489753007,12.1018801329874));
#1637=CARTESIAN_POINT('Ctrl Pts',(158.568900721914,-116.852148351625,12.0989730609414));
#1638=CARTESIAN_POINT('Ctrl Pts',(158.573562555201,-116.814157975052,12.0956563893114));
#1639=CARTESIAN_POINT('Ctrl Pts',(158.574678168,-116.775495048,12.0919210059827));
#1640=CARTESIAN_POINT('',(158.574678168,-106.282004952,12.0919210059827));
#1641=CARTESIAN_POINT('Ctrl Pts',(158.574678189,-116.775495035,12.0919210069827));
#1642=CARTESIAN_POINT('Ctrl Pts',(158.675618654,-113.277281421,11.7539442899827));
#1643=CARTESIAN_POINT('Ctrl Pts',(158.675618634,-109.780218566,11.7539442869827));
#1644=CARTESIAN_POINT('Ctrl Pts',(158.574678168,-106.282004952,12.0919210059827));
#1645=CARTESIAN_POINT('',(157.982995048,-105.690321832,12.0919210059827));
#1646=CARTESIAN_POINT('Ctrl Pts',(158.574678168,-106.282004952,12.0919210059827));
#1647=CARTESIAN_POINT('Ctrl Pts',(158.573562555,-106.243342018004,12.0956563899823));
#1648=CARTESIAN_POINT('Ctrl Pts',(158.568899828038,-106.205350326005,12.0989730919863));
#1649=CARTESIAN_POINT('Ctrl Pts',(158.560766222561,-106.168008937987,12.1018801679907));
#1650=CARTESIAN_POINT('Ctrl Pts',(158.552632617076,-106.130667549934,12.1047872439978));
#1651=CARTESIAN_POINT('Ctrl Pts',(158.540875218068,-106.093637295861,12.1073032560045));
#1652=CARTESIAN_POINT('Ctrl Pts',(158.525741835987,-106.058156683793,12.1093291380028));
#1653=CARTESIAN_POINT('Ctrl Pts',(158.510608453934,-106.022676071789,12.1113550199975));
#1654=CARTESIAN_POINT('Ctrl Pts',(158.492310812101,-105.989041309816,12.1128823400132));
#1655=CARTESIAN_POINT('Ctrl Pts',(158.470877213753,-105.957233496831,12.1139154730282));
#1656=CARTESIAN_POINT('Ctrl Pts',(158.449443615349,-105.925425683764,12.1149486060458));
#1657=CARTESIAN_POINT('Ctrl Pts',(158.424554012409,-105.895182280695,12.1154818290596));
#1658=CARTESIAN_POINT('Ctrl Pts',(158.397369714738,-105.867975891262,12.1154840295339));
#1659=CARTESIAN_POINT('Ctrl Pts',(158.370185405812,-105.840769490565,12.1154862300092));
#1660=CARTESIAN_POINT('Ctrl Pts',(158.340646654295,-105.816371738394,12.1149741988742));
#1661=CARTESIAN_POINT('Ctrl Pts',(158.308749548503,-105.79478685475,12.1139472371179));
#1662=CARTESIAN_POINT('Ctrl Pts',(158.276852469207,-105.773201989036,12.1129202762145));
#1663=CARTESIAN_POINT('Ctrl Pts',(158.242542520542,-105.75451988538,12.1113640125235));
#1664=CARTESIAN_POINT('Ctrl Pts',(158.207317703652,-105.739460200256,12.1093562605942));
#1665=CARTESIAN_POINT('Ctrl Pts',(158.136867738901,-105.709340688565,12.105340737865));
#1666=CARTESIAN_POINT('Ctrl Pts',(158.060331137,-105.692553354,12.0993927619827));
#1667=CARTESIAN_POINT('Ctrl Pts',(157.982995048,-105.690321832,12.0919210059827));
#1668=CARTESIAN_POINT('',(147.489504956427,-105.690321821932,12.0919210065515));
#1669=CARTESIAN_POINT('Ctrl Pts',(157.982995048,-105.690321832,12.0919210059827));
#1670=CARTESIAN_POINT('Ctrl Pts',(154.484781434,-105.589381366,11.7539442869827));
#1671=CARTESIAN_POINT('Ctrl Pts',(150.987718579,-105.589381346,11.7539442889827));
#1672=CARTESIAN_POINT('Ctrl Pts',(147.489504965,-105.690321811,12.0919210069827));
#1673=CARTESIAN_POINT('',(146.897821832,-106.282004952,12.0919210059827));
#1674=CARTESIAN_POINT('Ctrl Pts',(147.489504952,-105.690321832,12.0919210059827));
#1675=CARTESIAN_POINT('Ctrl Pts',(147.450842018016,-105.691437445,12.0956563899811));
#1676=CARTESIAN_POINT('Ctrl Pts',(147.412851634992,-105.696099282001,12.0989730579833));
#1677=CARTESIAN_POINT('Ctrl Pts',(147.375510246995,-105.704232886978,12.1018801329856));
#1678=CARTESIAN_POINT('Ctrl Pts',(147.33816885894,-105.712366491967,12.1047872079925));
#1679=CARTESIAN_POINT('Ctrl Pts',(147.301137435915,-105.72412468494,12.1073032529982));
#1680=CARTESIAN_POINT('Ctrl Pts',(147.265656823955,-105.739258067325,12.1093291345067));
#1681=CARTESIAN_POINT('Ctrl Pts',(147.230176211956,-105.754391449726,12.1113550160174));
#1682=CARTESIAN_POINT('Ctrl Pts',(147.196541926944,-105.772688751702,12.1128823230211));
#1683=CARTESIAN_POINT('Ctrl Pts',(147.164734113848,-105.794122350273,12.1139154555236));
#1684=CARTESIAN_POINT('Ctrl Pts',(147.132926300871,-105.815555948763,12.1149485880222));
#1685=CARTESIAN_POINT('Ctrl Pts',(147.102682195789,-105.840446094828,12.1154818270237));
#1686=CARTESIAN_POINT('Ctrl Pts',(147.075475806558,-105.867630392558,12.115484027524));
#1687=CARTESIAN_POINT('Ctrl Pts',(147.048269406024,-105.894814701583,12.1154862280252));
#1688=CARTESIAN_POINT('Ctrl Pts',(147.023871595075,-105.924353519922,12.114974195886));
#1689=CARTESIAN_POINT('Ctrl Pts',(147.002286711657,-105.956250625934,12.1139472341346));
#1690=CARTESIAN_POINT('Ctrl Pts',(146.980701846092,-105.988147705564,12.1129202732327));
#1691=CARTESIAN_POINT('Ctrl Pts',(146.962019303599,-106.022458343985,12.1113639865488));
#1692=CARTESIAN_POINT('Ctrl Pts',(146.946959618704,-106.057683161059,12.1093562349449));
#1693=CARTESIAN_POINT('Ctrl Pts',(146.916840107526,-106.128133126047,12.1053407128742));
#1694=CARTESIAN_POINT('Ctrl Pts',(146.900053354,-106.204668863,12.0993927619827));
#1695=CARTESIAN_POINT('Ctrl Pts',(146.897821832,-106.282004952,12.0919210059827));
#1696=CARTESIAN_POINT('',(146.897821832,-116.775495048,12.0919210059827));
#1697=CARTESIAN_POINT('Ctrl Pts',(146.897821832,-106.282004952,12.0919210059827));
#1698=CARTESIAN_POINT('Ctrl Pts',(146.796881366,-109.780218566,11.7539442869827));
#1699=CARTESIAN_POINT('Ctrl Pts',(146.796881366,-113.277281434,11.7539442869827));
#1700=CARTESIAN_POINT('Ctrl Pts',(146.897821832,-116.775495048,12.0919210059827));
#1701=CARTESIAN_POINT('',(147.489504952,-117.367178168,12.0919210059827));
#1702=CARTESIAN_POINT('Ctrl Pts',(146.897821832,-116.775495048,12.0919210059827));
#1703=CARTESIAN_POINT('Ctrl Pts',(146.898937445,-116.814157981996,12.0956563899823));
#1704=CARTESIAN_POINT('Ctrl Pts',(146.903600171962,-116.852149673995,12.0989730919863));
#1705=CARTESIAN_POINT('Ctrl Pts',(146.911733777439,-116.889491062013,12.1018801679907));
#1706=CARTESIAN_POINT('Ctrl Pts',(146.919867382924,-116.926832450066,12.1047872439978));
#1707=CARTESIAN_POINT('Ctrl Pts',(146.931624781932,-116.963862704139,12.1073032560045));
#1708=CARTESIAN_POINT('Ctrl Pts',(146.946758164013,-116.999343316207,12.1093291380028));
#1709=CARTESIAN_POINT('Ctrl Pts',(146.961891546066,-117.034823928211,12.1113550199975));
#1710=CARTESIAN_POINT('Ctrl Pts',(146.980189187899,-117.068458690184,12.1128823400132));
#1711=CARTESIAN_POINT('Ctrl Pts',(147.001622786247,-117.100266503169,12.1139154730282));
#1712=CARTESIAN_POINT('Ctrl Pts',(147.023056384651,-117.132074316236,12.1149486060458));
#1713=CARTESIAN_POINT('Ctrl Pts',(147.047945987591,-117.162317719305,12.1154818290596));
#1714=CARTESIAN_POINT('Ctrl Pts',(147.075130285262,-117.189524108738,12.1154840295339));
#1715=CARTESIAN_POINT('Ctrl Pts',(147.102314594188,-117.216730509435,12.1154862300092));
#1716=CARTESIAN_POINT('Ctrl Pts',(147.131853345705,-117.241128261606,12.1149741988742));
#1717=CARTESIAN_POINT('Ctrl Pts',(147.163750451497,-117.26271314525,12.1139472371179));
#1718=CARTESIAN_POINT('Ctrl Pts',(147.195647530793,-117.284298010964,12.1129202762145));
#1719=CARTESIAN_POINT('Ctrl Pts',(147.229957479458,-117.30298011462,12.1113640125235));
#1720=CARTESIAN_POINT('Ctrl Pts',(147.265182296348,-117.318039799744,12.1093562605942));
#1721=CARTESIAN_POINT('Ctrl Pts',(147.335632261099,-117.348159311435,12.105340737865));
#1722=CARTESIAN_POINT('Ctrl Pts',(147.412168863,-117.364946646,12.0993927619827));
#1723=CARTESIAN_POINT('Ctrl Pts',(147.489504952,-117.367178168,12.0919210059827));
#1724=CARTESIAN_POINT('',(157.982995048,-117.367178168,12.0919210059827));
#1725=CARTESIAN_POINT('Ctrl Pts',(147.489504952,-117.367178168,12.0919210059827));
#1726=CARTESIAN_POINT('Ctrl Pts',(150.987718566,-117.468118634,11.7539442869827));
#1727=CARTESIAN_POINT('Ctrl Pts',(154.484781434,-117.468118634,11.7539442869827));
#1728=CARTESIAN_POINT('Ctrl Pts',(157.982995048,-117.367178168,12.0919210059827));
#1729=CARTESIAN_POINT('Ctrl Pts',(157.982995048,-117.367178168,12.0919210059827));
#1730=CARTESIAN_POINT('Ctrl Pts',(158.060331137,-117.364946646,12.0993927619827));
#1731=CARTESIAN_POINT('Ctrl Pts',(158.136866865212,-117.348159875313,12.1053407150975));
#1732=CARTESIAN_POINT('Ctrl Pts',(158.207316687101,-117.318040446211,12.1093562259568));
#1733=CARTESIAN_POINT('Ctrl Pts',(158.242541589774,-117.302980735196,12.1113639809151));
#1734=CARTESIAN_POINT('Ctrl Pts',(158.276852271275,-117.284298169484,12.1129202724764));
#1735=CARTESIAN_POINT('Ctrl Pts',(158.30874937398,-117.262713288216,12.1139472336117));
#1736=CARTESIAN_POINT('Ctrl Pts',(158.340578968444,-117.241174090011,12.1149720212473));
#1737=CARTESIAN_POINT('Ctrl Pts',(158.370060231202,-117.216833872576,12.1154840578245));
#1738=CARTESIAN_POINT('Ctrl Pts',(158.397196935944,-117.189696935944,12.1154840340473));
#1739=CARTESIAN_POINT('Origin',(147.426960435,-116.838039565,11.2913774839827));
#1740=CARTESIAN_POINT('Ctrl Pts',(147.427802217,-118.03448064,11.6533682789827));
#1741=CARTESIAN_POINT('Ctrl Pts',(147.275201069,-118.026073168,11.6813931839827));
#1742=CARTESIAN_POINT('Ctrl Pts',(147.123418563208,-117.989005710932,11.703692264137));
#1743=CARTESIAN_POINT('Ctrl Pts',(146.982950879882,-117.925969688304,11.7187450327165));
#1744=CARTESIAN_POINT('Ctrl Pts',(146.91271703822,-117.894451676991,11.7262714170063));
#1745=CARTESIAN_POINT('Ctrl Pts',(146.844103054013,-117.855841172009,11.7321047039819));
#1746=CARTESIAN_POINT('Ctrl Pts',(146.7800928965,-117.811629863999,11.7359538469846));
#1747=CARTESIAN_POINT('Ctrl Pts',(146.716082738988,-117.76741855599,11.7398029899872));
#1748=CARTESIAN_POINT('Ctrl Pts',(146.656576821,-117.717782974,11.7417218569827));
#1749=CARTESIAN_POINT('Ctrl Pts',(146.601567976,-117.662731715,11.7417136109827));
#1750=CARTESIAN_POINT('Ctrl Pts',(146.546559131,-117.607680456,11.7417053649827));
#1751=CARTESIAN_POINT('Ctrl Pts',(146.495919829999,-117.546762460994,11.739706824988));
#1752=CARTESIAN_POINT('Ctrl Pts',(146.452011442501,-117.482936206499,11.7358345454855));
#1753=CARTESIAN_POINT('Ctrl Pts',(146.408102992081,-117.41910986054,11.7319622604339));
#1754=CARTESIAN_POINT('Ctrl Pts',(146.370281635219,-117.351842051258,11.726237967222));
#1755=CARTESIAN_POINT('Ctrl Pts',(146.338605207001,-117.2811004265,11.7186436679848));
#1756=CARTESIAN_POINT('Ctrl Pts',(146.306928642604,-117.210358497618,11.7110493360991));
#1757=CARTESIAN_POINT('Ctrl Pts',(146.281831303755,-117.136741655116,11.7016169086034));
#1758=CARTESIAN_POINT('Ctrl Pts',(146.263859616,-117.062693247,11.6907166304834));
#1759=CARTESIAN_POINT('Ctrl Pts',(146.245888005507,-116.988645157222,11.6798163992243));
#1760=CARTESIAN_POINT('Ctrl Pts',(146.234722546023,-116.913488381326,11.6673789000602));
#1761=CARTESIAN_POINT('Ctrl Pts',(146.23051936,-116.837197783,11.6533682789827));
#1762=CARTESIAN_POINT('Origin',(158.083675158,-116.876175158,11.1642588399827));
#1763=CARTESIAN_POINT('Ctrl Pts',(159.24198064,-116.837197783,11.6533682789827));
#1764=CARTESIAN_POINT('Ctrl Pts',(159.23777746,-116.913488272,11.6673788799827));
#1765=CARTESIAN_POINT('Ctrl Pts',(159.226612063,-116.988644946,11.6798163339827));
#1766=CARTESIAN_POINT('Ctrl Pts',(159.208640397,-117.062693247,11.6907165939827));
#1767=CARTESIAN_POINT('Ctrl Pts',(159.190668731,-117.136741548,11.7016168539827));
#1768=CARTESIAN_POINT('Ctrl Pts',(159.165571313994,-117.21035859901,11.7110493429881));
#1769=CARTESIAN_POINT('Ctrl Pts',(159.133894794999,-117.2811004265,11.7186436639848));
#1770=CARTESIAN_POINT('Ctrl Pts',(159.102218276005,-117.351842253989,11.7262379849815));
#1771=CARTESIAN_POINT('Ctrl Pts',(159.064396953001,-117.419109955994,11.7319622489874));
#1772=CARTESIAN_POINT('Ctrl Pts',(159.020488564499,-117.482936209499,11.7358345269852));
#1773=CARTESIAN_POINT('Ctrl Pts',(158.976580175997,-117.546762463004,11.7397068049829));
#1774=CARTESIAN_POINT('Ctrl Pts',(158.925940868978,-117.607680457022,11.7417053619827));
#1775=CARTESIAN_POINT('Ctrl Pts',(158.8709320245,-117.662731716,11.7417136084841));
#1776=CARTESIAN_POINT('Ctrl Pts',(158.815923180021,-117.717782974977,11.7417218549854));
#1777=CARTESIAN_POINT('Ctrl Pts',(158.756417262003,-117.767418556998,11.7398029869829));
#1778=CARTESIAN_POINT('Ctrl Pts',(158.692407104,-117.811629865,11.7359538444829));
#1779=CARTESIAN_POINT('Ctrl Pts',(158.628396945996,-117.855841173002,11.7321047019829));
#1780=CARTESIAN_POINT('Ctrl Pts',(158.559782958419,-117.894451672564,11.7262713855571));
#1781=CARTESIAN_POINT('Ctrl Pts',(158.48954932441,-117.925969608304,11.7187450279591));
#1782=CARTESIAN_POINT('Ctrl Pts',(158.349081452512,-117.989005750781,11.7036922480502));
#1783=CARTESIAN_POINT('Ctrl Pts',(158.197298931,-118.026073168,11.6813931839827));
#1784=CARTESIAN_POINT('Ctrl Pts',(158.044697783,-118.03448064,11.6533682789827));
#1785=CARTESIAN_POINT('Origin',(158.045539565,-106.219460435,11.2913774839827));
#1786=CARTESIAN_POINT('Ctrl Pts',(158.044697783,-105.02301936,11.6533682789827));
#1787=CARTESIAN_POINT('Ctrl Pts',(158.197298931,-105.031426832,11.6813931839827));
#1788=CARTESIAN_POINT('Ctrl Pts',(158.349081436792,-105.068494289068,11.703692264137));
#1789=CARTESIAN_POINT('Ctrl Pts',(158.489549120118,-105.131530311696,11.7187450327165));
#1790=CARTESIAN_POINT('Ctrl Pts',(158.55978296178,-105.163048323009,11.7262714170063));
#1791=CARTESIAN_POINT('Ctrl Pts',(158.628396945987,-105.201658827991,11.7321047039819));
#1792=CARTESIAN_POINT('Ctrl Pts',(158.6924071035,-105.245870136001,11.7359538469846));
#1793=CARTESIAN_POINT('Ctrl Pts',(158.756417261012,-105.29008144401,11.7398029899872));
#1794=CARTESIAN_POINT('Ctrl Pts',(158.815923179,-105.339717026,11.7417218569827));
#1795=CARTESIAN_POINT('Ctrl Pts',(158.870932024,-105.394768285,11.7417136109827));
#1796=CARTESIAN_POINT('Ctrl Pts',(158.925940869,-105.449819544,11.7417053649827));
#1797=CARTESIAN_POINT('Ctrl Pts',(158.976580170001,-105.510737539006,11.739706824988));
#1798=CARTESIAN_POINT('Ctrl Pts',(159.020488557499,-105.574563793501,11.7358345454855));
#1799=CARTESIAN_POINT('Ctrl Pts',(159.064397007919,-105.63839013946,11.7319622604339));
#1800=CARTESIAN_POINT('Ctrl Pts',(159.102218364781,-105.705657948742,11.726237967222));
#1801=CARTESIAN_POINT('Ctrl Pts',(159.133894792999,-105.7763995735,11.7186436679848));
#1802=CARTESIAN_POINT('Ctrl Pts',(159.165571357396,-105.847141502382,11.7110493360991));
#1803=CARTESIAN_POINT('Ctrl Pts',(159.190668696246,-105.920758344884,11.7016169086034));
#1804=CARTESIAN_POINT('Ctrl Pts',(159.208640384,-105.994806753,11.6907166304834));
#1805=CARTESIAN_POINT('Ctrl Pts',(159.226611994493,-106.068854842778,11.6798163992243));
#1806=CARTESIAN_POINT('Ctrl Pts',(159.237777453977,-106.144011618674,11.6673789000602));
#1807=CARTESIAN_POINT('Ctrl Pts',(159.24198064,-106.220302217,11.6533682789827));
#1808=CARTESIAN_POINT('Origin',(147.388824842,-106.181324842,11.1642588399827));
#1809=CARTESIAN_POINT('Ctrl Pts',(146.23051936,-106.220302217,11.6533682789827));
#1810=CARTESIAN_POINT('Ctrl Pts',(146.238926832,-106.067701069,11.6813931839827));
#1811=CARTESIAN_POINT('Ctrl Pts',(146.275994280032,-105.915918561288,11.7036922381285));
#1812=CARTESIAN_POINT('Ctrl Pts',(146.339030301363,-105.775450877216,11.7187450067192));
#1813=CARTESIAN_POINT('Ctrl Pts',(146.370548312029,-105.70521703518,11.7262713910145));
#1814=CARTESIAN_POINT('Ctrl Pts',(146.409158827,-105.636603054,11.7321047009827));
#1815=CARTESIAN_POINT('Ctrl Pts',(146.453370135,-105.572592896,11.7359538439827));
#1816=CARTESIAN_POINT('Ctrl Pts',(146.497581443,-105.508582738,11.7398029869827));
#1817=CARTESIAN_POINT('Ctrl Pts',(146.547217025,-105.44907682,11.7417218549827));
#1818=CARTESIAN_POINT('Ctrl Pts',(146.602268284,-105.394067975,11.7417136089827));
#1819=CARTESIAN_POINT('Ctrl Pts',(146.657319543,-105.33905913,11.7417053629827));
#1820=CARTESIAN_POINT('Ctrl Pts',(146.718237535999,-105.288419822,11.7397068059827));
#1821=CARTESIAN_POINT('Ctrl Pts',(146.782063790501,-105.244511435501,11.7358345269852));
#1822=CARTESIAN_POINT('Ctrl Pts',(146.845890136467,-105.200602986079,11.7319622424387));
#1823=CARTESIAN_POINT('Ctrl Pts',(146.913157947777,-105.162781633201,11.726237963214));
#1824=CARTESIAN_POINT('Ctrl Pts',(146.983899573,-105.1311052055,11.7186436639828));
#1825=CARTESIAN_POINT('Ctrl Pts',(147.054641502346,-105.09942864162,11.7110493321033));
#1826=CARTESIAN_POINT('Ctrl Pts',(147.128258344888,-105.074331289754,11.7016168716028));
#1827=CARTESIAN_POINT('Ctrl Pts',(147.202306753,-105.056359603,11.6907165939827));
#1828=CARTESIAN_POINT('Ctrl Pts',(147.276354842774,-105.038387993508,11.6798163632234));
#1829=CARTESIAN_POINT('Ctrl Pts',(147.351511618674,-105.027222546023,11.6673789000602));
#1830=CARTESIAN_POINT('Ctrl Pts',(147.427802217,-105.02301936,11.6533682789827));
#1831=CARTESIAN_POINT('Ctrl Pts',(158.574678168,-106.282004952,12.0919210059827));
#1832=CARTESIAN_POINT('Ctrl Pts',(158.646649777,-106.280704008,12.1000451779827));
#1833=CARTESIAN_POINT('Ctrl Pts',(158.720001299,-106.278147641,12.0955872669827));
#1834=CARTESIAN_POINT('Ctrl Pts',(158.860753574,-106.270827638,12.0620366629827));
#1835=CARTESIAN_POINT('Ctrl Pts',(158.928120231,-106.266065774,12.0329520969827));
#1836=CARTESIAN_POINT('Ctrl Pts',(159.048834698,-106.2549038,11.9536182699827));
#1837=CARTESIAN_POINT('Ctrl Pts',(159.102153267,-106.248506394,11.9033882269827));
#1838=CARTESIAN_POINT('Ctrl Pts',(159.188381419,-106.234838444,11.7877667699827));
#1839=CARTESIAN_POINT('Ctrl Pts',(159.221270114,-106.227571211,11.7224033639827));
#1840=CARTESIAN_POINT('Ctrl Pts',(159.24198064,-106.220302217,11.6533682789827));
#1841=CARTESIAN_POINT('Ctrl Pts',(158.675618634,-109.780218566,11.7539442869827));
#1842=CARTESIAN_POINT('Ctrl Pts',(158.747646015,-109.779781379,11.7620400659827));
#1843=CARTESIAN_POINT('Ctrl Pts',(158.821087639,-109.778916629,11.7574617629827));
#1844=CARTESIAN_POINT('Ctrl Pts',(158.962069402,-109.776434991,11.7235012009827));
#1845=CARTESIAN_POINT('Ctrl Pts',(159.029575322,-109.77481871,11.6941271849827));
#1846=CARTESIAN_POINT('Ctrl Pts',(159.15059285,-109.771027719,11.6140833279827));
#1847=CARTESIAN_POINT('Ctrl Pts',(159.204075084,-109.768853934,11.5634329149827));
#1848=CARTESIAN_POINT('Ctrl Pts',(159.290629097,-109.764208681,11.4468958679827));
#1849=CARTESIAN_POINT('Ctrl Pts',(159.323679868,-109.761738344,11.3810375189827));
#1850=CARTESIAN_POINT('Ctrl Pts',(159.344540045,-109.759267406,11.3115035969827));
#1851=CARTESIAN_POINT('Ctrl Pts',(158.675618654,-113.277281421,11.7539442899827));
#1852=CARTESIAN_POINT('Ctrl Pts',(158.747646033,-113.277718608,11.7620400659827));
#1853=CARTESIAN_POINT('Ctrl Pts',(158.821087655,-113.278583359,11.7574617609827));
#1854=CARTESIAN_POINT('Ctrl Pts',(158.962069415,-113.281064998,11.7235011969827));
#1855=CARTESIAN_POINT('Ctrl Pts',(159.029575333,-113.282681281,11.6941271799827));
#1856=CARTESIAN_POINT('Ctrl Pts',(159.150592856,-113.286472274,11.6140833229827));
#1857=CARTESIAN_POINT('Ctrl Pts',(159.204075089,-113.28864606,11.5634329099827));
#1858=CARTESIAN_POINT('Ctrl Pts',(159.290629099,-113.293291316,11.4468958649827));
#1859=CARTESIAN_POINT('Ctrl Pts',(159.323679868,-113.295761654,11.3810375179827));
#1860=CARTESIAN_POINT('Ctrl Pts',(159.344540044,-113.298232594,11.3115035969827));
#1861=CARTESIAN_POINT('Ctrl Pts',(158.574678189,-116.775495035,12.0919210069827));
#1862=CARTESIAN_POINT('Ctrl Pts',(158.646649796,-116.77679598,12.1000451769827));
#1863=CARTESIAN_POINT('Ctrl Pts',(158.720001316,-116.779352347,12.0955872639827));
#1864=CARTESIAN_POINT('Ctrl Pts',(158.860753587,-116.786672352,12.0620366569827));
#1865=CARTESIAN_POINT('Ctrl Pts',(158.928120242,-116.791434217,12.0329520909827));
#1866=CARTESIAN_POINT('Ctrl Pts',(159.048834705,-116.802596193,11.9536182639827));
#1867=CARTESIAN_POINT('Ctrl Pts',(159.102153272,-116.8089936,11.9033882209827));
#1868=CARTESIAN_POINT('Ctrl Pts',(159.18838142,-116.822661553,11.7877667669827));
#1869=CARTESIAN_POINT('Ctrl Pts',(159.221270115,-116.829928788,11.7224033619827));
#1870=CARTESIAN_POINT('Ctrl Pts',(159.24198064,-116.837197783,11.6533682789827));
#1871=CARTESIAN_POINT('Origin',(158.643339212,-116.837197783,11.4737758499827));
#1872=CARTESIAN_POINT('Origin',(158.643339212,-106.220302217,11.4737758499827));
#1873=CARTESIAN_POINT('Ctrl Pts',(159.24198064,-106.220302217,11.6533682789827));
#1874=CARTESIAN_POINT('Ctrl Pts',(159.221270114,-106.227571211,11.7224033639827));
#1875=CARTESIAN_POINT('Ctrl Pts',(159.188381419,-106.234838444,11.7877667699827));
#1876=CARTESIAN_POINT('Ctrl Pts',(159.102153267,-106.248506394,11.9033882269827));
#1877=CARTESIAN_POINT('Ctrl Pts',(159.048834698,-106.2549038,11.9536182699827));
#1878=CARTESIAN_POINT('Ctrl Pts',(158.928120231,-106.266065774,12.0329520969827));
#1879=CARTESIAN_POINT('Ctrl Pts',(158.860753574,-106.270827638,12.0620366629827));
#1880=CARTESIAN_POINT('Ctrl Pts',(158.720001299,-106.278147641,12.0955872669827));
#1881=CARTESIAN_POINT('Ctrl Pts',(158.646649777,-106.280704008,12.1000451779827));
#1882=CARTESIAN_POINT('Ctrl Pts',(158.574678168,-106.282004952,12.0919210059827));
#1883=CARTESIAN_POINT('Ctrl Pts',(159.23777746,-106.144011728,11.6673788799827));
#1884=CARTESIAN_POINT('Ctrl Pts',(159.21649025,-106.152074507,11.7355537349827));
#1885=CARTESIAN_POINT('Ctrl Pts',(159.183282706,-106.160891996,11.7999080239827));
#1886=CARTESIAN_POINT('Ctrl Pts',(159.096909468,-106.179002766,11.9134543909827));
#1887=CARTESIAN_POINT('Ctrl Pts',(159.043764036,-106.188291765,11.9626198509827));
#1888=CARTESIAN_POINT('Ctrl Pts',(158.923767867,-106.20624576,12.0399899049827));
#1889=CARTESIAN_POINT('Ctrl Pts',(158.856945272,-106.214906493,12.0681763659827));
#1890=CARTESIAN_POINT('Ctrl Pts',(158.717461543,-106.230575776,12.1002588529827));
#1891=CARTESIAN_POINT('Ctrl Pts',(158.644833118,-106.237580587,12.1041473639827));
#1892=CARTESIAN_POINT('Ctrl Pts',(158.573562555,-106.243342018,12.0956563899827));
#1893=CARTESIAN_POINT('Ctrl Pts',(159.226612046,-106.068855055,11.6798163679827));
#1894=CARTESIAN_POINT('Ctrl Pts',(159.204919208,-106.077834318,11.7472055179827));
#1895=CARTESIAN_POINT('Ctrl Pts',(159.171605373,-106.08827917,11.8106512439827));
#1896=CARTESIAN_POINT('Ctrl Pts',(159.085575595,-106.110893716,11.9223436799827));
#1897=CARTESIAN_POINT('Ctrl Pts',(159.032879262,-106.123058228,11.9705649329827));
#1898=CARTESIAN_POINT('Ctrl Pts',(158.914196926,-106.14769549,12.0462002809827));
#1899=CARTESIAN_POINT('Ctrl Pts',(158.848237972,-106.160162585,12.0735971389827));
#1900=CARTESIAN_POINT('Ctrl Pts',(158.710685835,-106.183951334,12.1043921999827));
#1901=CARTESIAN_POINT('Ctrl Pts',(158.639123999,-106.19526752,12.1077833879827));
#1902=CARTESIAN_POINT('Ctrl Pts',(158.568899828,-106.205350326,12.0989730919827));
#1903=CARTESIAN_POINT('Ctrl Pts',(159.190668722,-105.920758451,11.7016168929827));
#1904=CARTESIAN_POINT('Ctrl Pts',(159.16853016,-105.931714376,11.7676068769827));
#1905=CARTESIAN_POINT('Ctrl Pts',(159.135439493,-105.945494264,11.8294475999827));
#1906=CARTESIAN_POINT('Ctrl Pts',(159.051074063,-105.977150369,11.9378791199827));
#1907=CARTESIAN_POINT('Ctrl Pts',(158.99981758,-105.9950197,11.9844464249827));
#1908=CARTESIAN_POINT('Ctrl Pts',(158.884918651,-106.032827875,12.0570498939827));
#1909=CARTESIAN_POINT('Ctrl Pts',(158.821301097,-106.052758489,12.0830703309827));
#1910=CARTESIAN_POINT('Ctrl Pts',(158.688880455,-106.092426731,12.1116241959827));
#1911=CARTESIAN_POINT('Ctrl Pts',(158.620106052,-106.112155718,12.1141514419827));
#1912=CARTESIAN_POINT('Ctrl Pts',(158.552632617,-106.13066755,12.1047872439827));
#1913=CARTESIAN_POINT('Ctrl Pts',(159.165571312,-105.847141401,11.7110493469827));
#1914=CARTESIAN_POINT('Ctrl Pts',(159.143394427,-105.859168561,11.7764210259827));
#1915=CARTESIAN_POINT('Ctrl Pts',(159.110638965,-105.874672912,11.8375599439827));
#1916=CARTESIAN_POINT('Ctrl Pts',(159.027612935,-105.910910168,11.9445738199827));
#1917=CARTESIAN_POINT('Ctrl Pts',(158.977359962,-105.931635373,11.9904260949827));
#1918=CARTESIAN_POINT('Ctrl Pts',(158.864961275,-105.975991476,12.0617228499827));
#1919=CARTESIAN_POINT('Ctrl Pts',(158.802839379,-105.999612946,12.0871522189827));
#1920=CARTESIAN_POINT('Ctrl Pts',(158.673657038,-106.047112409,12.1147455149827));
#1921=CARTESIAN_POINT('Ctrl Pts',(158.606623966,-106.070980303,12.1169035949827));
#1922=CARTESIAN_POINT('Ctrl Pts',(158.540875218,-106.093637296,12.1073032559827));
#1923=CARTESIAN_POINT('Ctrl Pts',(159.102218274,-105.705657746,11.7262379889827));
#1924=CARTESIAN_POINT('Ctrl Pts',(159.080350877,-105.719827456,11.7906042159827));
#1925=CARTESIAN_POINT('Ctrl Pts',(159.04870737,-105.738713099,11.8506074609827));
#1926=CARTESIAN_POINT('Ctrl Pts',(158.969324511,-105.783851416,11.9553334399827));
#1927=CARTESIAN_POINT('Ctrl Pts',(158.921601386,-105.810094844,12.0000347639827));
#1928=CARTESIAN_POINT('Ctrl Pts',(158.815304055,-105.86706055,12.0692312109827));
#1929=CARTESIAN_POINT('Ctrl Pts',(158.756751575,-105.897771156,12.0937121889827));
#1930=CARTESIAN_POINT('Ctrl Pts',(158.635233845,-105.960289395,12.1197656739827));
#1931=CARTESIAN_POINT('Ctrl Pts',(158.572293432,-105.992084216,12.1213328569827));
#1932=CARTESIAN_POINT('Ctrl Pts',(158.510608454,-106.022676072,12.1113550199827));
#1933=CARTESIAN_POINT('Ctrl Pts',(159.064396945,-105.638390048,11.7319622659827));
#1934=CARTESIAN_POINT('Ctrl Pts',(159.042871683,-105.653620038,11.7959437889827));
#1935=CARTESIAN_POINT('Ctrl Pts',(159.011994933,-105.674146672,11.8555157519827));
#1936=CARTESIAN_POINT('Ctrl Pts',(158.934888442,-105.723565088,11.9593764929827));
#1937=CARTESIAN_POINT('Ctrl Pts',(158.88867425,-105.752446894,12.0036443209827));
#1938=CARTESIAN_POINT('Ctrl Pts',(158.78593785,-105.815420464,12.0720514959827));
#1939=CARTESIAN_POINT('Ctrl Pts',(158.729436359,-105.849499513,12.0961770439827));
#1940=CARTESIAN_POINT('Ctrl Pts',(158.612296672,-105.919142598,12.1216542949827));
#1941=CARTESIAN_POINT('Ctrl Pts',(158.551682096,-105.954692572,12.1230008589827));
#1942=CARTESIAN_POINT('Ctrl Pts',(158.492310812,-105.98904131,12.1128823399827));
#1943=CARTESIAN_POINT('Ctrl Pts',(158.97658017,-105.510737539,11.7397068249827));
#1944=CARTESIAN_POINT('Ctrl Pts',(158.956077697,-105.527969408,11.8031662879827));
#1945=CARTESIAN_POINT('Ctrl Pts',(158.927128012,-105.55161101,11.8621538719827));
#1946=CARTESIAN_POINT('Ctrl Pts',(158.855446348,-105.609171012,11.9648432059827));
#1947=CARTESIAN_POINT('Ctrl Pts',(158.812728557,-105.643078008,12.0085246249827));
#1948=CARTESIAN_POINT('Ctrl Pts',(158.718131115,-105.717499133,12.0758645789827));
#1949=CARTESIAN_POINT('Ctrl Pts',(158.666270186,-105.757998517,12.0995097829827));
#1950=CARTESIAN_POINT('Ctrl Pts',(158.558998738,-105.841218924,12.1242084789827));
#1951=CARTESIAN_POINT('Ctrl Pts',(158.503609449,-105.883923458,12.1252570829827));
#1952=CARTESIAN_POINT('Ctrl Pts',(158.449443615,-105.925425684,12.1149486059827));
#1953=CARTESIAN_POINT('Ctrl Pts',(158.925940869,-105.449819544,11.7417053649827));
#1954=CARTESIAN_POINT('Ctrl Pts',(158.906129486,-105.468000822,11.8050289009827));
#1955=CARTESIAN_POINT('Ctrl Pts',(158.878356102,-105.493129167,11.8638649989827));
#1956=CARTESIAN_POINT('Ctrl Pts',(158.809864372,-105.554584663,11.9662514199827));
#1957=CARTESIAN_POINT('Ctrl Pts',(158.769159522,-105.590899703,12.0097815679827));
#1958=CARTESIAN_POINT('Ctrl Pts',(158.679197949,-105.670809129,12.0768465879827));
#1959=CARTESIAN_POINT('Ctrl Pts',(158.629958954,-105.714387768,12.1003682459827));
#1960=CARTESIAN_POINT('Ctrl Pts',(158.528246034,-105.804118546,12.1248668679827));
#1961=CARTESIAN_POINT('Ctrl Pts',(158.475792152,-105.850253003,12.1258390039827));
#1962=CARTESIAN_POINT('Ctrl Pts',(158.424554012,-105.895182281,12.1154818289827));
#1963=CARTESIAN_POINT('Ctrl Pts',(158.815923179,-105.339717026,11.7417218569827));
#1964=CARTESIAN_POINT('Ctrl Pts',(158.797730478,-105.359519108,11.8050442699827));
#1965=CARTESIAN_POINT('Ctrl Pts',(158.772584076,-105.387276991,11.8638791169827));
#1966=CARTESIAN_POINT('Ctrl Pts',(158.711081081,-105.455727036,11.9662630339827));
#1967=CARTESIAN_POINT('Ctrl Pts',(158.674736606,-105.496405711,12.0097919319827));
#1968=CARTESIAN_POINT('Ctrl Pts',(158.594760019,-105.586307159,12.0768546819827));
#1969=CARTESIAN_POINT('Ctrl Pts',(158.551143666,-105.635512218,12.1003753199827));
#1970=CARTESIAN_POINT('Ctrl Pts',(158.461333138,-105.737153252,12.1248722939827));
#1971=CARTESIAN_POINT('Ctrl Pts',(158.415156659,-105.789569199,12.1258438019827));
#1972=CARTESIAN_POINT('Ctrl Pts',(158.370185417,-105.840769502,12.1154862299827));
#1973=CARTESIAN_POINT('Ctrl Pts',(158.756417261,-105.290081444,11.7398029899827));
#1974=CARTESIAN_POINT('Ctrl Pts',(158.739151797,-105.310562609,11.8032559349827));
#1975=CARTESIAN_POINT('Ctrl Pts',(158.715457691,-105.339474608,11.8622362389827));
#1976=CARTESIAN_POINT('Ctrl Pts',(158.657760215,-105.411052553,11.9649110009827));
#1977=CARTESIAN_POINT('Ctrl Pts',(158.623768274,-105.453704335,12.0085851339827));
#1978=CARTESIAN_POINT('Ctrl Pts',(158.549153551,-105.548149084,12.0759118379827));
#1979=CARTESIAN_POINT('Ctrl Pts',(158.50854555,-105.599923362,12.0995510809827));
#1980=CARTESIAN_POINT('Ctrl Pts',(158.425095445,-105.707010857,12.1242401209827));
#1981=CARTESIAN_POINT('Ctrl Pts',(158.382269872,-105.762302885,12.1252850299827));
#1982=CARTESIAN_POINT('Ctrl Pts',(158.340646658,-105.816371741,12.1149741989827));
#1983=CARTESIAN_POINT('Ctrl Pts',(158.628396946,-105.201658828,11.7321047039827));
#1984=CARTESIAN_POINT('Ctrl Pts',(158.613138931,-105.223173882,11.7960766679827));
#1985=CARTESIAN_POINT('Ctrl Pts',(158.592568809,-105.254028839,11.8556379079827));
#1986=CARTESIAN_POINT('Ctrl Pts',(158.54303683,-105.331071499,11.9594771289827));
#1987=CARTESIAN_POINT('Ctrl Pts',(158.514084968,-105.377243671,12.0037341699827));
#1988=CARTESIAN_POINT('Ctrl Pts',(158.450951809,-105.479881228,12.0721216929827));
#1989=CARTESIAN_POINT('Ctrl Pts',(158.416783254,-105.536325921,12.0962383859827));
#1990=CARTESIAN_POINT('Ctrl Pts',(158.34695082,-105.653344457,12.1217012649827));
#1991=CARTESIAN_POINT('Ctrl Pts',(158.311301035,-105.713894711,12.1230423189827));
#1992=CARTESIAN_POINT('Ctrl Pts',(158.276852438,-105.77320197,12.1129202749827));
#1993=CARTESIAN_POINT('Ctrl Pts',(158.559782957,-105.163048335,11.7262714119827));
#1994=CARTESIAN_POINT('Ctrl Pts',(158.545606018,-105.184912886,11.7906353569827));
#1995=CARTESIAN_POINT('Ctrl Pts',(158.526709362,-105.216550659,11.8506360599827));
#1996=CARTESIAN_POINT('Ctrl Pts',(158.481542544,-105.29591703,11.9553569639827));
#1997=CARTESIAN_POINT('Ctrl Pts',(158.455281634,-105.343629406,12.0000557569827));
#1998=CARTESIAN_POINT('Ctrl Pts',(158.398276254,-105.449901592,12.0692476149827));
#1999=CARTESIAN_POINT('Ctrl Pts',(158.367543463,-105.508439684,12.0937265359827));
#2000=CARTESIAN_POINT('Ctrl Pts',(158.304978391,-105.6299268,12.1197767069827));
#2001=CARTESIAN_POINT('Ctrl Pts',(158.273158931,-105.692850998,12.1213426329827));
#2002=CARTESIAN_POINT('Ctrl Pts',(158.242542459,-105.754519859,12.1113640089827));
#2003=CARTESIAN_POINT('Ctrl Pts',(158.349081447,-105.068494264,11.7036922709827));
#2004=CARTESIAN_POINT('Ctrl Pts',(158.338096367,-105.090824943,11.7695510299827));
#2005=CARTESIAN_POINT('Ctrl Pts',(158.32423612,-105.12412506,11.8312400649827));
#2006=CARTESIAN_POINT('Ctrl Pts',(158.292326306,-105.208931559,11.9393621519827));
#2007=CARTESIAN_POINT('Ctrl Pts',(158.274283686,-105.260419679,11.9857719049827));
#2008=CARTESIAN_POINT('Ctrl Pts',(158.236057227,-105.37579591,12.0580859709827));
#2009=CARTESIAN_POINT('Ctrl Pts',(158.215881724,-105.439659188,12.0839747059827));
#2010=CARTESIAN_POINT('Ctrl Pts',(158.175682621,-105.572580388,12.1123138589827));
#2011=CARTESIAN_POINT('Ctrl Pts',(158.1556678,-105.641609705,12.1147581769827));
#2012=CARTESIAN_POINT('Ctrl Pts',(158.136867731,-105.709340708,12.1053407349827));
#2013=CARTESIAN_POINT('Ctrl Pts',(158.197298931,-105.031426832,11.6813931839827));
#2014=CARTESIAN_POINT('Ctrl Pts',(158.188442157,-105.053290879,11.7487075829827));
#2015=CARTESIAN_POINT('Ctrl Pts',(158.178074002,-105.086817355,11.8120524879827));
#2016=CARTESIAN_POINT('Ctrl Pts',(158.155519238,-105.173335717,11.9235232159827));
#2017=CARTESIAN_POINT('Ctrl Pts',(158.143337881,-105.226307968,11.9716238109827));
#2018=CARTESIAN_POINT('Ctrl Pts',(158.118590069,-105.345585648,12.0470295729827));
#2019=CARTESIAN_POINT('Ctrl Pts',(158.106029436,-105.411864037,12.0743176919827));
#2020=CARTESIAN_POINT('Ctrl Pts',(158.082008667,-105.550078884,12.1049316729827));
#2021=CARTESIAN_POINT('Ctrl Pts',(158.070554236,-105.621984021,12.1082506349827));
#2022=CARTESIAN_POINT('Ctrl Pts',(158.060331137,-105.692553354,12.0993927619827));
#2023=CARTESIAN_POINT('Ctrl Pts',(158.044697783,-105.02301936,11.6533682789827));
#2024=CARTESIAN_POINT('Ctrl Pts',(158.037428789,-105.043729886,11.7224033639827));
#2025=CARTESIAN_POINT('Ctrl Pts',(158.030161556,-105.076618581,11.7877667699827));
#2026=CARTESIAN_POINT('Ctrl Pts',(158.016493606,-105.162846733,11.9033882269827));
#2027=CARTESIAN_POINT('Ctrl Pts',(158.0100962,-105.216165302,11.9536182699827));
#2028=CARTESIAN_POINT('Ctrl Pts',(157.998934226,-105.336879769,12.0329520969827));
#2029=CARTESIAN_POINT('Ctrl Pts',(157.994172362,-105.404246426,12.0620366629827));
#2030=CARTESIAN_POINT('Ctrl Pts',(157.986852359,-105.544998701,12.0955872669827));
#2031=CARTESIAN_POINT('Ctrl Pts',(157.984295992,-105.618350223,12.1000451779827));
#2032=CARTESIAN_POINT('Ctrl Pts',(157.982995048,-105.690321832,12.0919210059827));
#2033=CARTESIAN_POINT('Origin',(158.044697783,-105.621660788,11.4737758499827));
#2034=CARTESIAN_POINT('Ctrl Pts',(158.574678168,-116.775495048,12.0919210059827));
#2035=CARTESIAN_POINT('Ctrl Pts',(158.646649777,-116.776795992,12.1000451779827));
#2036=CARTESIAN_POINT('Ctrl Pts',(158.720001299,-116.779352359,12.0955872669827));
#2037=CARTESIAN_POINT('Ctrl Pts',(158.860753574,-116.786672362,12.0620366629827));
#2038=CARTESIAN_POINT('Ctrl Pts',(158.928120231,-116.791434226,12.0329520969827));
#2039=CARTESIAN_POINT('Ctrl Pts',(159.048834698,-116.8025962,11.9536182699827));
#2040=CARTESIAN_POINT('Ctrl Pts',(159.102153267,-116.808993606,11.9033882269827));
#2041=CARTESIAN_POINT('Ctrl Pts',(159.188381419,-116.822661556,11.7877667699827));
#2042=CARTESIAN_POINT('Ctrl Pts',(159.221270114,-116.829928789,11.7224033639827));
#2043=CARTESIAN_POINT('Ctrl Pts',(159.24198064,-116.837197783,11.6533682789827));
#2044=CARTESIAN_POINT('Ctrl Pts',(158.573562555,-116.814157982,12.0956563899827));
#2045=CARTESIAN_POINT('Ctrl Pts',(158.644833118,-116.819919413,12.1041473639827));
#2046=CARTESIAN_POINT('Ctrl Pts',(158.717461543,-116.826924224,12.1002588529827));
#2047=CARTESIAN_POINT('Ctrl Pts',(158.856945272,-116.842593507,12.0681763659827));
#2048=CARTESIAN_POINT('Ctrl Pts',(158.923767867,-116.85125424,12.0399899049827));
#2049=CARTESIAN_POINT('Ctrl Pts',(159.043764036,-116.869208235,11.9626198509827));
#2050=CARTESIAN_POINT('Ctrl Pts',(159.096909468,-116.878497234,11.9134543909827));
#2051=CARTESIAN_POINT('Ctrl Pts',(159.183282706,-116.896608004,11.7999080239827));
#2052=CARTESIAN_POINT('Ctrl Pts',(159.21649025,-116.905425493,11.7355537349827));
#2053=CARTESIAN_POINT('Ctrl Pts',(159.23777746,-116.913488272,11.6673788799827));
#2054=CARTESIAN_POINT('Ctrl Pts',(158.568900719,-116.852148365,12.0989730619827));
#2055=CARTESIAN_POINT('Ctrl Pts',(158.639124842,-116.862231204,12.1077832769827));
#2056=CARTESIAN_POINT('Ctrl Pts',(158.710686609,-116.873547445,12.1043920259827));
#2057=CARTESIAN_POINT('Ctrl Pts',(158.84823859,-116.89733635,12.0735968859827));
#2058=CARTESIAN_POINT('Ctrl Pts',(158.914197457,-116.909803544,12.0462000109827));
#2059=CARTESIAN_POINT('Ctrl Pts',(159.03287962,-116.934441039,11.9705646719827));
#2060=CARTESIAN_POINT('Ctrl Pts',(159.085575868,-116.946605685,11.9223434449827));
#2061=CARTESIAN_POINT('Ctrl Pts',(159.171605498,-116.969220519,11.8106510909827));
#2062=CARTESIAN_POINT('Ctrl Pts',(159.204919271,-116.979665526,11.7472054209827));
#2063=CARTESIAN_POINT('Ctrl Pts',(159.226612063,-116.988644946,11.6798163339827));
#2064=CARTESIAN_POINT('Ctrl Pts',(158.552633507,-116.926831141,12.1047872039827));
#2065=CARTESIAN_POINT('Ctrl Pts',(158.620106901,-116.945343004,12.1141513439827));
#2066=CARTESIAN_POINT('Ctrl Pts',(158.688881244,-116.965072045,12.1116240519827));
#2067=CARTESIAN_POINT('Ctrl Pts',(158.821301744,-117.00474044,12.0830701299827));
#2068=CARTESIAN_POINT('Ctrl Pts',(158.884919216,-117.024671152,12.0570496809827));
#2069=CARTESIAN_POINT('Ctrl Pts',(158.999817976,-117.062479559,11.9844462179827));
#2070=CARTESIAN_POINT('Ctrl Pts',(159.051074373,-117.080349024,11.9378789309827));
#2071=CARTESIAN_POINT('Ctrl Pts',(159.13543964,-117.112005419,11.8294474719827));
#2072=CARTESIAN_POINT('Ctrl Pts',(159.168530232,-117.125785463,11.7676067899827));
#2073=CARTESIAN_POINT('Ctrl Pts',(159.190668731,-117.136741548,11.7016168539827));
#2074=CARTESIAN_POINT('Ctrl Pts',(158.540875315,-116.963862564,12.1073032529827));
#2075=CARTESIAN_POINT('Ctrl Pts',(158.606624059,-116.98651956,12.1169035859827));
#2076=CARTESIAN_POINT('Ctrl Pts',(158.673657125,-117.01038746,12.1147455019827));
#2077=CARTESIAN_POINT('Ctrl Pts',(158.802839451,-117.057886939,12.0871522009827));
#2078=CARTESIAN_POINT('Ctrl Pts',(158.864961339,-117.08150842,12.0617228309827));
#2079=CARTESIAN_POINT('Ctrl Pts',(158.977360008,-117.125864548,11.9904260759827));
#2080=CARTESIAN_POINT('Ctrl Pts',(159.027612972,-117.146589768,11.9445738029827));
#2081=CARTESIAN_POINT('Ctrl Pts',(159.110638983,-117.182827055,11.8375599329827));
#2082=CARTESIAN_POINT('Ctrl Pts',(159.143394436,-117.198331422,11.7764210179827));
#2083=CARTESIAN_POINT('Ctrl Pts',(159.165571314,-117.210358599,11.7110493429827));
#2084=CARTESIAN_POINT('Ctrl Pts',(158.51060855,-117.034823788,12.1113550149827));
#2085=CARTESIAN_POINT('Ctrl Pts',(158.572293525,-117.065415647,12.1213328499827));
#2086=CARTESIAN_POINT('Ctrl Pts',(158.635233934,-117.097210474,12.1197656649827));
#2087=CARTESIAN_POINT('Ctrl Pts',(158.75675165,-117.15972873,12.0937121769827));
#2088=CARTESIAN_POINT('Ctrl Pts',(158.815304123,-117.190439347,12.0692311989827));
#2089=CARTESIAN_POINT('Ctrl Pts',(158.921601436,-117.247405078,12.0000347519827));
#2090=CARTESIAN_POINT('Ctrl Pts',(158.969324552,-117.27364852,11.9553334289827));
#2091=CARTESIAN_POINT('Ctrl Pts',(159.04870739,-117.318786869,11.8506074529827));
#2092=CARTESIAN_POINT('Ctrl Pts',(159.080350888,-117.337672528,11.7906042099827));
#2093=CARTESIAN_POINT('Ctrl Pts',(159.102218276,-117.351842254,11.7262379849827));
#2094=CARTESIAN_POINT('Ctrl Pts',(158.492311248,-117.068458073,12.1128823249827));
#2095=CARTESIAN_POINT('Ctrl Pts',(158.55168252,-117.102806827,12.1230008359827));
#2096=CARTESIAN_POINT('Ctrl Pts',(158.612297074,-117.138356829,12.1216542669827));
#2097=CARTESIAN_POINT('Ctrl Pts',(158.729436707,-117.207999989,12.0961770089827));
#2098=CARTESIAN_POINT('Ctrl Pts',(158.785938163,-117.242079087,12.0720514599827));
#2099=CARTESIAN_POINT('Ctrl Pts',(158.888674486,-117.305052768,12.0036442849827));
#2100=CARTESIAN_POINT('Ctrl Pts',(158.934888634,-117.333934637,11.9593764589827));
#2101=CARTESIAN_POINT('Ctrl Pts',(159.011995035,-117.383353188,11.8555157249827));
#2102=CARTESIAN_POINT('Ctrl Pts',(159.042871738,-117.403879893,11.7959437669827));
#2103=CARTESIAN_POINT('Ctrl Pts',(159.064396953,-117.419109956,11.7319622489827));
#2104=CARTESIAN_POINT('Ctrl Pts',(158.449444051,-117.132073698,12.1149485859827));
#2105=CARTESIAN_POINT('Ctrl Pts',(158.503609874,-117.173575942,12.1252570669827));
#2106=CARTESIAN_POINT('Ctrl Pts',(158.558999146,-117.216280506,12.1242084669827));
#2107=CARTESIAN_POINT('Ctrl Pts',(158.666270544,-117.299500993,12.0995097749827));
#2108=CARTESIAN_POINT('Ctrl Pts',(158.71813144,-117.340000426,12.0758645719827));
#2109=CARTESIAN_POINT('Ctrl Pts',(158.812728807,-117.414421664,12.0085246169827));
#2110=CARTESIAN_POINT('Ctrl Pts',(158.855446554,-117.448328722,11.9648431959827));
#2111=CARTESIAN_POINT('Ctrl Pts',(158.927128122,-117.505888856,11.8621538579827));
#2112=CARTESIAN_POINT('Ctrl Pts',(158.956077755,-117.529530526,11.8031662719827));
#2113=CARTESIAN_POINT('Ctrl Pts',(158.976580176,-117.546762463,11.7397068049827));
#2114=CARTESIAN_POINT('Ctrl Pts',(158.424553905,-117.162317804,12.1154818259827));
#2115=CARTESIAN_POINT('Ctrl Pts',(158.475792049,-117.20724708,12.1258390039827));
#2116=CARTESIAN_POINT('Ctrl Pts',(158.528245937,-117.253381534,12.1248668699827));
#2117=CARTESIAN_POINT('Ctrl Pts',(158.629958871,-117.343112303,12.1003682509827));
#2118=CARTESIAN_POINT('Ctrl Pts',(158.679197875,-117.386690936,12.0768465939827));
#2119=CARTESIAN_POINT('Ctrl Pts',(158.769159468,-117.466600347,12.0097815729827));
#2120=CARTESIAN_POINT('Ctrl Pts',(158.809864328,-117.502915378,11.9662514249827));
#2121=CARTESIAN_POINT('Ctrl Pts',(158.87835608,-117.564370855,11.8638650009827));
#2122=CARTESIAN_POINT('Ctrl Pts',(158.906129475,-117.589499189,11.8050288999827));
#2123=CARTESIAN_POINT('Ctrl Pts',(158.925940869,-117.607680457,11.7417053619827));
#2124=CARTESIAN_POINT('Ctrl Pts',(158.37018531,-117.216730583,12.1154862279827));
#2125=CARTESIAN_POINT('Ctrl Pts',(158.415156556,-117.267930883,12.1258438019827));
#2126=CARTESIAN_POINT('Ctrl Pts',(158.461333039,-117.320346828,12.1248722939827));
#2127=CARTESIAN_POINT('Ctrl Pts',(158.551143581,-117.421987852,12.1003753209827));
#2128=CARTESIAN_POINT('Ctrl Pts',(158.594759944,-117.471192904,12.0768546829827));
#2129=CARTESIAN_POINT('Ctrl Pts',(158.67473655,-117.561094337,12.0097919319827));
#2130=CARTESIAN_POINT('Ctrl Pts',(158.711081035,-117.601773004,11.9662630349827));
#2131=CARTESIAN_POINT('Ctrl Pts',(158.772584053,-117.670223031,11.8638791159827));
#2132=CARTESIAN_POINT('Ctrl Pts',(158.797730467,-117.697980903,11.8050442689827));
#2133=CARTESIAN_POINT('Ctrl Pts',(158.81592318,-117.717782975,11.7417218549827));
#2134=CARTESIAN_POINT('Ctrl Pts',(158.340646484,-117.241128402,12.1149741949827));
#2135=CARTESIAN_POINT('Ctrl Pts',(158.382269703,-117.295197255,12.1252850259827));
#2136=CARTESIAN_POINT('Ctrl Pts',(158.425095283,-117.350489276,12.1242401169827));
#2137=CARTESIAN_POINT('Ctrl Pts',(158.50854541,-117.457576753,12.0995510759827));
#2138=CARTESIAN_POINT('Ctrl Pts',(158.549153425,-117.50935102,12.0759118319827));
#2139=CARTESIAN_POINT('Ctrl Pts',(158.623768179,-117.603795743,12.0085851289827));
#2140=CARTESIAN_POINT('Ctrl Pts',(158.657760138,-117.646447511,11.9649109959827));
#2141=CARTESIAN_POINT('Ctrl Pts',(158.715457652,-117.718025425,11.8622362349827));
#2142=CARTESIAN_POINT('Ctrl Pts',(158.739151778,-117.746937408,11.8032559309827));
#2143=CARTESIAN_POINT('Ctrl Pts',(158.756417262,-117.767418557,11.7398029869827));
#2144=CARTESIAN_POINT('Ctrl Pts',(158.276852263,-117.284298173,12.1129202719827));
#2145=CARTESIAN_POINT('Ctrl Pts',(158.311300864,-117.343605427,12.1230423119827));
#2146=CARTESIAN_POINT('Ctrl Pts',(158.346950657,-117.404155673,12.1217012559827));
#2147=CARTESIAN_POINT('Ctrl Pts',(158.416783112,-117.52117419,12.0962383719827));
#2148=CARTESIAN_POINT('Ctrl Pts',(158.450951681,-117.577618872,12.0721216789827));
#2149=CARTESIAN_POINT('Ctrl Pts',(158.51408487,-117.680256402,12.0037341559827));
#2150=CARTESIAN_POINT('Ctrl Pts',(158.54303675,-117.72642856,11.9594771159827));
#2151=CARTESIAN_POINT('Ctrl Pts',(158.592568768,-117.803471191,11.8556378999827));
#2152=CARTESIAN_POINT('Ctrl Pts',(158.613138911,-117.834326133,11.7960766619827));
#2153=CARTESIAN_POINT('Ctrl Pts',(158.628396946,-117.855841173,11.7321047019827));
#2154=CARTESIAN_POINT('Ctrl Pts',(158.242541594,-117.302980722,12.1113639799827));
#2155=CARTESIAN_POINT('Ctrl Pts',(158.273158087,-117.364649564,12.1213425889827));
#2156=CARTESIAN_POINT('Ctrl Pts',(158.304977585,-117.427573733,12.1197766519827));
#2157=CARTESIAN_POINT('Ctrl Pts',(158.367542761,-117.549060772,12.0937264669827));
#2158=CARTESIAN_POINT('Ctrl Pts',(158.398275618,-117.607598817,12.0692475419827));
#2159=CARTESIAN_POINT('Ctrl Pts',(158.455281153,-117.713870898,12.0000556859827));
#2160=CARTESIAN_POINT('Ctrl Pts',(158.481542151,-117.761583216,11.9553568979827));
#2161=CARTESIAN_POINT('Ctrl Pts',(158.526709159,-117.840949468,11.8506360089827));
#2162=CARTESIAN_POINT('Ctrl Pts',(158.545605917,-117.87258718,11.7906353169827));
#2163=CARTESIAN_POINT('Ctrl Pts',(158.559782959,-117.894451673,11.7262713839827));
#2164=CARTESIAN_POINT('Ctrl Pts',(158.136866866,-117.348159875,12.1053407149827));
#2165=CARTESIAN_POINT('Ctrl Pts',(158.155666955,-117.415890852,12.1147581199827));
#2166=CARTESIAN_POINT('Ctrl Pts',(158.175681812,-117.484920132,12.1123137729827));
#2167=CARTESIAN_POINT('Ctrl Pts',(158.215881017,-117.617841243,12.0839745829827));
#2168=CARTESIAN_POINT('Ctrl Pts',(158.236056585,-117.681704468,12.0580858409827));
#2169=CARTESIAN_POINT('Ctrl Pts',(158.274283198,-117.797080591,11.9857717779827));
#2170=CARTESIAN_POINT('Ctrl Pts',(158.292325907,-117.848568655,11.9393620359827));
#2171=CARTESIAN_POINT('Ctrl Pts',(158.324235914,-117.933375047,11.8312399869827));
#2172=CARTESIAN_POINT('Ctrl Pts',(158.338096265,-117.966675115,11.7695509779827));
#2173=CARTESIAN_POINT('Ctrl Pts',(158.349081452,-117.989005751,11.7036922479827));
#2174=CARTESIAN_POINT('Ctrl Pts',(158.060331137,-117.364946646,12.0993927619827));
#2175=CARTESIAN_POINT('Ctrl Pts',(158.070554236,-117.435515979,12.1082506349827));
#2176=CARTESIAN_POINT('Ctrl Pts',(158.082008667,-117.507421116,12.1049316729827));
#2177=CARTESIAN_POINT('Ctrl Pts',(158.106029436,-117.645635963,12.0743176919827));
#2178=CARTESIAN_POINT('Ctrl Pts',(158.118590069,-117.711914352,12.0470295729827));
#2179=CARTESIAN_POINT('Ctrl Pts',(158.143337881,-117.831192032,11.9716238109827));
#2180=CARTESIAN_POINT('Ctrl Pts',(158.155519238,-117.884164283,11.9235232159827));
#2181=CARTESIAN_POINT('Ctrl Pts',(158.178074002,-117.970682645,11.8120524879827));
#2182=CARTESIAN_POINT('Ctrl Pts',(158.188442157,-118.004209121,11.7487075829827));
#2183=CARTESIAN_POINT('Ctrl Pts',(158.197298931,-118.026073168,11.6813931839827));
#2184=CARTESIAN_POINT('Ctrl Pts',(157.982995048,-117.367178168,12.0919210059827));
#2185=CARTESIAN_POINT('Ctrl Pts',(157.984295992,-117.439149777,12.1000451779827));
#2186=CARTESIAN_POINT('Ctrl Pts',(157.986852359,-117.512501299,12.0955872669827));
#2187=CARTESIAN_POINT('Ctrl Pts',(157.994172362,-117.653253574,12.0620366629827));
#2188=CARTESIAN_POINT('Ctrl Pts',(157.998934226,-117.720620231,12.0329520969827));
#2189=CARTESIAN_POINT('Ctrl Pts',(158.0100962,-117.841334698,11.9536182699827));
#2190=CARTESIAN_POINT('Ctrl Pts',(158.016493606,-117.894653267,11.9033882269827));
#2191=CARTESIAN_POINT('Ctrl Pts',(158.030161556,-117.980881419,11.7877667699827));
#2192=CARTESIAN_POINT('Ctrl Pts',(158.037428789,-118.013770114,11.7224033639827));
#2193=CARTESIAN_POINT('Ctrl Pts',(158.044697783,-118.03448064,11.6533682789827));
#2194=CARTESIAN_POINT('Origin',(158.044697783,-117.435839212,11.4737758499827));
#2195=CARTESIAN_POINT('Ctrl Pts',(158.044697783,-105.02301936,11.6533682789827));
#2196=CARTESIAN_POINT('Ctrl Pts',(158.037428789,-105.043729886,11.7224033639827));
#2197=CARTESIAN_POINT('Ctrl Pts',(158.030161556,-105.076618581,11.7877667699827));
#2198=CARTESIAN_POINT('Ctrl Pts',(158.016493606,-105.162846733,11.9033882269827));
#2199=CARTESIAN_POINT('Ctrl Pts',(158.0100962,-105.216165302,11.9536182699827));
#2200=CARTESIAN_POINT('Ctrl Pts',(157.998934226,-105.336879769,12.0329520969827));
#2201=CARTESIAN_POINT('Ctrl Pts',(157.994172362,-105.404246426,12.0620366629827));
#2202=CARTESIAN_POINT('Ctrl Pts',(157.986852359,-105.544998701,12.0955872669827));
#2203=CARTESIAN_POINT('Ctrl Pts',(157.984295992,-105.618350223,12.1000451779827));
#2204=CARTESIAN_POINT('Ctrl Pts',(157.982995048,-105.690321832,12.0919210059827));
#2205=CARTESIAN_POINT('Ctrl Pts',(154.505732594,-104.920459955,11.3115035969827));
#2206=CARTESIAN_POINT('Ctrl Pts',(154.503261656,-104.941320132,11.3810375189827));
#2207=CARTESIAN_POINT('Ctrl Pts',(154.500791319,-104.974370903,11.4468958679827));
#2208=CARTESIAN_POINT('Ctrl Pts',(154.496146066,-105.060924916,11.5634329149827));
#2209=CARTESIAN_POINT('Ctrl Pts',(154.493972281,-105.11440715,11.6140833279827));
#2210=CARTESIAN_POINT('Ctrl Pts',(154.49018129,-105.235424678,11.6941271849827));
#2211=CARTESIAN_POINT('Ctrl Pts',(154.488565009,-105.302930598,11.7235012009827));
#2212=CARTESIAN_POINT('Ctrl Pts',(154.486083371,-105.443912361,11.7574617629827));
#2213=CARTESIAN_POINT('Ctrl Pts',(154.485218621,-105.517353985,11.7620400659827));
#2214=CARTESIAN_POINT('Ctrl Pts',(154.484781434,-105.589381366,11.7539442869827));
#2215=CARTESIAN_POINT('Ctrl Pts',(150.966767406,-104.920459956,11.3115035969827));
#2216=CARTESIAN_POINT('Ctrl Pts',(150.969238346,-104.941320132,11.3810375179827));
#2217=CARTESIAN_POINT('Ctrl Pts',(150.971708683,-104.974370901,11.4468958649827));
#2218=CARTESIAN_POINT('Ctrl Pts',(150.97635394,-105.060924911,11.5634329099827));
#2219=CARTESIAN_POINT('Ctrl Pts',(150.978527726,-105.114407143,11.6140833219827));
#2220=CARTESIAN_POINT('Ctrl Pts',(150.982318719,-105.235424667,11.6941271789827));
#2221=CARTESIAN_POINT('Ctrl Pts',(150.983935002,-105.302930585,11.7235011959827));
#2222=CARTESIAN_POINT('Ctrl Pts',(150.98641664,-105.443912344,11.7574617599827));
#2223=CARTESIAN_POINT('Ctrl Pts',(150.987281392,-105.517353966,11.7620400649827));
#2224=CARTESIAN_POINT('Ctrl Pts',(150.987718579,-105.589381346,11.7539442889827));
#2225=CARTESIAN_POINT('Ctrl Pts',(147.427802217,-105.02301936,11.6533682789827));
#2226=CARTESIAN_POINT('Ctrl Pts',(147.435071212,-105.043729885,11.7224033619827));
#2227=CARTESIAN_POINT('Ctrl Pts',(147.442338447,-105.07661858,11.7877667669827));
#2228=CARTESIAN_POINT('Ctrl Pts',(147.4560064,-105.162846728,11.9033882209827));
#2229=CARTESIAN_POINT('Ctrl Pts',(147.462403807,-105.216165295,11.9536182639827));
#2230=CARTESIAN_POINT('Ctrl Pts',(147.473565783,-105.336879758,12.0329520909827));
#2231=CARTESIAN_POINT('Ctrl Pts',(147.478327648,-105.404246413,12.0620366569827));
#2232=CARTESIAN_POINT('Ctrl Pts',(147.485647653,-105.544998684,12.0955872639827));
#2233=CARTESIAN_POINT('Ctrl Pts',(147.48820402,-105.618350204,12.1000451769827));
#2234=CARTESIAN_POINT('Ctrl Pts',(147.489504965,-105.690321811,12.0919210069827));
#2235=CARTESIAN_POINT('Origin',(147.427802217,-105.621660788,11.4737758499827));
#2236=CARTESIAN_POINT('Ctrl Pts',(157.982995048,-117.367178168,12.0919210059827));
#2237=CARTESIAN_POINT('Ctrl Pts',(157.984295992,-117.439149777,12.1000451779827));
#2238=CARTESIAN_POINT('Ctrl Pts',(157.986852359,-117.512501299,12.0955872669827));
#2239=CARTESIAN_POINT('Ctrl Pts',(157.994172362,-117.653253574,12.0620366629827));
#2240=CARTESIAN_POINT('Ctrl Pts',(157.998934226,-117.720620231,12.0329520969827));
#2241=CARTESIAN_POINT('Ctrl Pts',(158.0100962,-117.841334698,11.9536182699827));
#2242=CARTESIAN_POINT('Ctrl Pts',(158.016493606,-117.894653267,11.9033882269827));
#2243=CARTESIAN_POINT('Ctrl Pts',(158.030161556,-117.980881419,11.7877667699827));
#2244=CARTESIAN_POINT('Ctrl Pts',(158.037428789,-118.013770114,11.7224033639827));
#2245=CARTESIAN_POINT('Ctrl Pts',(158.044697783,-118.03448064,11.6533682789827));
#2246=CARTESIAN_POINT('Ctrl Pts',(154.484781434,-117.468118634,11.7539442869827));
#2247=CARTESIAN_POINT('Ctrl Pts',(154.485218621,-117.540146015,11.7620400659827));
#2248=CARTESIAN_POINT('Ctrl Pts',(154.486083371,-117.613587639,11.7574617629827));
#2249=CARTESIAN_POINT('Ctrl Pts',(154.488565009,-117.754569402,11.7235012009827));
#2250=CARTESIAN_POINT('Ctrl Pts',(154.49018129,-117.822075322,11.6941271849827));
#2251=CARTESIAN_POINT('Ctrl Pts',(154.493972281,-117.94309285,11.6140833279827));
#2252=CARTESIAN_POINT('Ctrl Pts',(154.496146066,-117.996575084,11.5634329149827));
#2253=CARTESIAN_POINT('Ctrl Pts',(154.500791319,-118.083129097,11.4468958679827));
#2254=CARTESIAN_POINT('Ctrl Pts',(154.503261656,-118.116179868,11.3810375189827));
#2255=CARTESIAN_POINT('Ctrl Pts',(154.505732594,-118.137040045,11.3115035969827));
#2256=CARTESIAN_POINT('Ctrl Pts',(150.987718566,-117.468118634,11.7539442869827));
#2257=CARTESIAN_POINT('Ctrl Pts',(150.987281379,-117.540146015,11.7620400659827));
#2258=CARTESIAN_POINT('Ctrl Pts',(150.986416629,-117.613587639,11.7574617629827));
#2259=CARTESIAN_POINT('Ctrl Pts',(150.983934991,-117.754569402,11.7235012009827));
#2260=CARTESIAN_POINT('Ctrl Pts',(150.98231871,-117.822075322,11.6941271849827));
#2261=CARTESIAN_POINT('Ctrl Pts',(150.978527719,-117.94309285,11.6140833279827));
#2262=CARTESIAN_POINT('Ctrl Pts',(150.976353934,-117.996575084,11.5634329149827));
#2263=CARTESIAN_POINT('Ctrl Pts',(150.971708681,-118.083129097,11.4468958679827));
#2264=CARTESIAN_POINT('Ctrl Pts',(150.969238344,-118.116179868,11.3810375189827));
#2265=CARTESIAN_POINT('Ctrl Pts',(150.966767406,-118.137040045,11.3115035969827));
#2266=CARTESIAN_POINT('Ctrl Pts',(147.489504952,-117.367178168,12.0919210059827));
#2267=CARTESIAN_POINT('Ctrl Pts',(147.488204008,-117.439149777,12.1000451779827));
#2268=CARTESIAN_POINT('Ctrl Pts',(147.485647641,-117.512501299,12.0955872669827));
#2269=CARTESIAN_POINT('Ctrl Pts',(147.478327638,-117.653253574,12.0620366629827));
#2270=CARTESIAN_POINT('Ctrl Pts',(147.473565774,-117.720620231,12.0329520969827));
#2271=CARTESIAN_POINT('Ctrl Pts',(147.4624038,-117.841334698,11.9536182699827));
#2272=CARTESIAN_POINT('Ctrl Pts',(147.456006394,-117.894653267,11.9033882269827));
#2273=CARTESIAN_POINT('Ctrl Pts',(147.442338444,-117.980881419,11.7877667699827));
#2274=CARTESIAN_POINT('Ctrl Pts',(147.435071211,-118.013770114,11.7224033639827));
#2275=CARTESIAN_POINT('Ctrl Pts',(147.427802217,-118.03448064,11.6533682789827));
#2276=CARTESIAN_POINT('Origin',(147.427802217,-117.435839212,11.4737758499827));
#2277=CARTESIAN_POINT('Ctrl Pts',(147.427802217,-105.02301936,11.6533682789827));
#2278=CARTESIAN_POINT('Ctrl Pts',(147.435071211,-105.043729886,11.7224033639827));
#2279=CARTESIAN_POINT('Ctrl Pts',(147.442338444,-105.076618581,11.7877667699827));
#2280=CARTESIAN_POINT('Ctrl Pts',(147.456006394,-105.162846733,11.9033882269827));
#2281=CARTESIAN_POINT('Ctrl Pts',(147.4624038,-105.216165302,11.9536182699827));
#2282=CARTESIAN_POINT('Ctrl Pts',(147.473565774,-105.336879769,12.0329520969827));
#2283=CARTESIAN_POINT('Ctrl Pts',(147.478327638,-105.404246426,12.0620366629827));
#2284=CARTESIAN_POINT('Ctrl Pts',(147.485647641,-105.544998701,12.0955872669827));
#2285=CARTESIAN_POINT('Ctrl Pts',(147.488204008,-105.618350223,12.1000451779827));
#2286=CARTESIAN_POINT('Ctrl Pts',(147.489504952,-105.690321832,12.0919210059827));
#2287=CARTESIAN_POINT('Ctrl Pts',(147.351511728,-105.02722254,11.6673788799827));
#2288=CARTESIAN_POINT('Ctrl Pts',(147.359574507,-105.04850975,11.7355537349827));
#2289=CARTESIAN_POINT('Ctrl Pts',(147.368391996,-105.081717294,11.7999080239827));
#2290=CARTESIAN_POINT('Ctrl Pts',(147.386502766,-105.168090532,11.9134543909827));
#2291=CARTESIAN_POINT('Ctrl Pts',(147.395791765,-105.221235964,11.9626198509827));
#2292=CARTESIAN_POINT('Ctrl Pts',(147.41374576,-105.341232133,12.0399899049827));
#2293=CARTESIAN_POINT('Ctrl Pts',(147.422406493,-105.408054728,12.0681763659827));
#2294=CARTESIAN_POINT('Ctrl Pts',(147.438075776,-105.547538457,12.1002588529827));
#2295=CARTESIAN_POINT('Ctrl Pts',(147.445080587,-105.620166882,12.1041473639827));
#2296=CARTESIAN_POINT('Ctrl Pts',(147.450842018,-105.691437445,12.0956563899827));
#2297=CARTESIAN_POINT('Ctrl Pts',(147.276355055,-105.038387942,11.6798163319827));
#2298=CARTESIAN_POINT('Ctrl Pts',(147.285334475,-105.060080735,11.7472054179827));
#2299=CARTESIAN_POINT('Ctrl Pts',(147.295779482,-105.093394507,11.8106510879827));
#2300=CARTESIAN_POINT('Ctrl Pts',(147.318394315,-105.179424136,11.9223434409827));
#2301=CARTESIAN_POINT('Ctrl Pts',(147.330558961,-105.232120384,11.9705646689827));
#2302=CARTESIAN_POINT('Ctrl Pts',(147.355196456,-105.350802547,12.0462000069827));
#2303=CARTESIAN_POINT('Ctrl Pts',(147.367663651,-105.416761413,12.0735968819827));
#2304=CARTESIAN_POINT('Ctrl Pts',(147.391452555,-105.554313393,12.1043920219827));
#2305=CARTESIAN_POINT('Ctrl Pts',(147.402768796,-105.62587516,12.1077832729827));
#2306=CARTESIAN_POINT('Ctrl Pts',(147.412851635,-105.696099282,12.0989730579827));
#2307=CARTESIAN_POINT('Ctrl Pts',(147.128258451,-105.074331264,11.7016168559827));
#2308=CARTESIAN_POINT('Ctrl Pts',(147.139214536,-105.096469762,11.7676067929827));
#2309=CARTESIAN_POINT('Ctrl Pts',(147.15299458,-105.129560354,11.8294474749827));
#2310=CARTESIAN_POINT('Ctrl Pts',(147.184650975,-105.213925623,11.9378789349827));
#2311=CARTESIAN_POINT('Ctrl Pts',(147.20252044,-105.265182019,11.9844462219827));
#2312=CARTESIAN_POINT('Ctrl Pts',(147.240328848,-105.38008078,12.0570496849827));
#2313=CARTESIAN_POINT('Ctrl Pts',(147.26025956,-105.443698253,12.0830701339827));
#2314=CARTESIAN_POINT('Ctrl Pts',(147.299927955,-105.576118754,12.1116240569827));
#2315=CARTESIAN_POINT('Ctrl Pts',(147.319656996,-105.644893097,12.1141513479827));
#2316=CARTESIAN_POINT('Ctrl Pts',(147.338168859,-105.712366492,12.1047872079827));
#2317=CARTESIAN_POINT('Ctrl Pts',(147.054641401,-105.099428687,11.7110493429827));
#2318=CARTESIAN_POINT('Ctrl Pts',(147.066668578,-105.121605564,11.7764210179827));
#2319=CARTESIAN_POINT('Ctrl Pts',(147.082172946,-105.154361017,11.8375599319827));
#2320=CARTESIAN_POINT('Ctrl Pts',(147.118410232,-105.237387029,11.9445738029827));
#2321=CARTESIAN_POINT('Ctrl Pts',(147.139135452,-105.287639992,11.9904260759827));
#2322=CARTESIAN_POINT('Ctrl Pts',(147.18349158,-105.400038661,12.0617228299827));
#2323=CARTESIAN_POINT('Ctrl Pts',(147.207113061,-105.462160549,12.0871522009827));
#2324=CARTESIAN_POINT('Ctrl Pts',(147.25461254,-105.591342875,12.1147455019827));
#2325=CARTESIAN_POINT('Ctrl Pts',(147.27848044,-105.658375941,12.1169035859827));
#2326=CARTESIAN_POINT('Ctrl Pts',(147.301137436,-105.724124685,12.1073032529827));
#2327=CARTESIAN_POINT('Ctrl Pts',(146.913157745,-105.162781724,11.7262379849827));
#2328=CARTESIAN_POINT('Ctrl Pts',(146.927327472,-105.184649112,11.7906042099827));
#2329=CARTESIAN_POINT('Ctrl Pts',(146.946213131,-105.216292609,11.8506074529827));
#2330=CARTESIAN_POINT('Ctrl Pts',(146.99135148,-105.295675448,11.9553334299827));
#2331=CARTESIAN_POINT('Ctrl Pts',(147.017594922,-105.343398563,12.0000347519827));
#2332=CARTESIAN_POINT('Ctrl Pts',(147.074560653,-105.449695877,12.0692311989827));
#2333=CARTESIAN_POINT('Ctrl Pts',(147.10527127,-105.50824835,12.0937121779827));
#2334=CARTESIAN_POINT('Ctrl Pts',(147.167789526,-105.629766066,12.1197656659827));
#2335=CARTESIAN_POINT('Ctrl Pts',(147.199584353,-105.692706475,12.1213328499827));
#2336=CARTESIAN_POINT('Ctrl Pts',(147.230176212,-105.75439145,12.1113550159827));
#2337=CARTESIAN_POINT('Ctrl Pts',(146.845890045,-105.200603049,11.7319622479827));
#2338=CARTESIAN_POINT('Ctrl Pts',(146.861120108,-105.222128264,11.7959437649827));
#2339=CARTESIAN_POINT('Ctrl Pts',(146.881646813,-105.253004967,11.8555157229827));
#2340=CARTESIAN_POINT('Ctrl Pts',(146.931065364,-105.330111367,11.9593764569827));
#2341=CARTESIAN_POINT('Ctrl Pts',(146.959947233,-105.376325516,12.0036442839827));
#2342=CARTESIAN_POINT('Ctrl Pts',(147.022920914,-105.479061838,12.0720514579827));
#2343=CARTESIAN_POINT('Ctrl Pts',(147.057000011,-105.535563295,12.0961770069827));
#2344=CARTESIAN_POINT('Ctrl Pts',(147.126643172,-105.652702926,12.1216542649827));
#2345=CARTESIAN_POINT('Ctrl Pts',(147.162193174,-105.713317481,12.1230008339827));
#2346=CARTESIAN_POINT('Ctrl Pts',(147.196541927,-105.772688752,12.1128823229827));
#2347=CARTESIAN_POINT('Ctrl Pts',(146.718237536,-105.288419822,11.7397068059827));
#2348=CARTESIAN_POINT('Ctrl Pts',(146.735469472,-105.308922243,11.8031662729827));
#2349=CARTESIAN_POINT('Ctrl Pts',(146.759111143,-105.337871876,11.8621538599827));
#2350=CARTESIAN_POINT('Ctrl Pts',(146.816671277,-105.409553445,11.9648431979827));
#2351=CARTESIAN_POINT('Ctrl Pts',(146.850578335,-105.452271192,12.0085246189827));
#2352=CARTESIAN_POINT('Ctrl Pts',(146.924999573,-105.546868558,12.0758645739827));
#2353=CARTESIAN_POINT('Ctrl Pts',(146.965499006,-105.598729455,12.0995097769827));
#2354=CARTESIAN_POINT('Ctrl Pts',(147.048719493,-105.706000854,12.1242084689827));
#2355=CARTESIAN_POINT('Ctrl Pts',(147.091424057,-105.761390125,12.1252570689827));
#2356=CARTESIAN_POINT('Ctrl Pts',(147.132926301,-105.815555949,12.1149485879827));
#2357=CARTESIAN_POINT('Ctrl Pts',(146.657319543,-105.33905913,11.7417053629827));
#2358=CARTESIAN_POINT('Ctrl Pts',(146.67550081,-105.358870524,11.8050289009827));
#2359=CARTESIAN_POINT('Ctrl Pts',(146.700629145,-105.386643919,11.8638650009827));
#2360=CARTESIAN_POINT('Ctrl Pts',(146.762084621,-105.455135671,11.9662514249827));
#2361=CARTESIAN_POINT('Ctrl Pts',(146.798399653,-105.495840532,12.0097815739827));
#2362=CARTESIAN_POINT('Ctrl Pts',(146.878309064,-105.585802124,12.0768465949827));
#2363=CARTESIAN_POINT('Ctrl Pts',(146.921887697,-105.635041129,12.1003682519827));
#2364=CARTESIAN_POINT('Ctrl Pts',(147.011618466,-105.736754063,12.1248668709827));
#2365=CARTESIAN_POINT('Ctrl Pts',(147.05775292,-105.789207951,12.1258390049827));
#2366=CARTESIAN_POINT('Ctrl Pts',(147.102682196,-105.840446095,12.1154818269827));
#2367=CARTESIAN_POINT('Ctrl Pts',(146.547217025,-105.44907682,11.7417218549827));
#2368=CARTESIAN_POINT('Ctrl Pts',(146.567019097,-105.467269534,11.8050442689827));
#2369=CARTESIAN_POINT('Ctrl Pts',(146.59477697,-105.492415947,11.8638791159827));
#2370=CARTESIAN_POINT('Ctrl Pts',(146.663226996,-105.553918965,11.9662630339827));
#2371=CARTESIAN_POINT('Ctrl Pts',(146.703905663,-105.59026345,12.0097919319827));
#2372=CARTESIAN_POINT('Ctrl Pts',(146.793807096,-105.670240057,12.0768546819827));
#2373=CARTESIAN_POINT('Ctrl Pts',(146.843012149,-105.713856419,12.1003753209827));
#2374=CARTESIAN_POINT('Ctrl Pts',(146.944653173,-105.803666961,12.1248722939827));
#2375=CARTESIAN_POINT('Ctrl Pts',(146.997069117,-105.849843444,12.1258438009827));
#2376=CARTESIAN_POINT('Ctrl Pts',(147.048269418,-105.89481469,12.1154862279827));
#2377=CARTESIAN_POINT('Ctrl Pts',(146.497581443,-105.508582738,11.7398029869827));
#2378=CARTESIAN_POINT('Ctrl Pts',(146.518062592,-105.525848222,11.8032559309827));
#2379=CARTESIAN_POINT('Ctrl Pts',(146.546974575,-105.549542348,11.8622362349827));
#2380=CARTESIAN_POINT('Ctrl Pts',(146.618552489,-105.607239862,11.9649109959827));
#2381=CARTESIAN_POINT('Ctrl Pts',(146.661204257,-105.641231821,12.0085851289827));
#2382=CARTESIAN_POINT('Ctrl Pts',(146.75564898,-105.715846575,12.0759118329827));
#2383=CARTESIAN_POINT('Ctrl Pts',(146.807423247,-105.75645459,12.0995510769827));
#2384=CARTESIAN_POINT('Ctrl Pts',(146.914510724,-105.839904717,12.1242401169827));
#2385=CARTESIAN_POINT('Ctrl Pts',(146.969802745,-105.882730297,12.1252850269827));
#2386=CARTESIAN_POINT('Ctrl Pts',(147.023871598,-105.924353516,12.1149741959827));
#2387=CARTESIAN_POINT('Ctrl Pts',(146.409158827,-105.636603054,11.7321047009827));
#2388=CARTESIAN_POINT('Ctrl Pts',(146.430673867,-105.651861089,11.7960766619827));
#2389=CARTESIAN_POINT('Ctrl Pts',(146.461528809,-105.672431232,11.8556378989827));
#2390=CARTESIAN_POINT('Ctrl Pts',(146.53857144,-105.72196325,11.9594771159827));
#2391=CARTESIAN_POINT('Ctrl Pts',(146.584743598,-105.75091513,12.0037341559827));
#2392=CARTESIAN_POINT('Ctrl Pts',(146.687381129,-105.814048319,12.0721216789827));
#2393=CARTESIAN_POINT('Ctrl Pts',(146.743825811,-105.848216888,12.0962383719827));
#2394=CARTESIAN_POINT('Ctrl Pts',(146.860844327,-105.918049343,12.1217012559827));
#2395=CARTESIAN_POINT('Ctrl Pts',(146.921394573,-105.953699136,12.1230423119827));
#2396=CARTESIAN_POINT('Ctrl Pts',(146.980701827,-105.988147737,12.1129202719827));
#2397=CARTESIAN_POINT('Ctrl Pts',(146.370548324,-105.70521704,11.7262713859827));
#2398=CARTESIAN_POINT('Ctrl Pts',(146.392412816,-105.719394082,11.7906353179827));
#2399=CARTESIAN_POINT('Ctrl Pts',(146.424050528,-105.73829084,11.8506360109827));
#2400=CARTESIAN_POINT('Ctrl Pts',(146.503416781,-105.783457847,11.9553568999827));
#2401=CARTESIAN_POINT('Ctrl Pts',(146.551129099,-105.809718846,12.0000556879827));
#2402=CARTESIAN_POINT('Ctrl Pts',(146.657401181,-105.866724381,12.0692475449827));
#2403=CARTESIAN_POINT('Ctrl Pts',(146.715939226,-105.897457238,12.0937264699827));
#2404=CARTESIAN_POINT('Ctrl Pts',(146.837426266,-105.960022415,12.1197766549827));
#2405=CARTESIAN_POINT('Ctrl Pts',(146.900350435,-105.991841912,12.1213425919827));
#2406=CARTESIAN_POINT('Ctrl Pts',(146.962019277,-106.022458406,12.1113639829827));
#2407=CARTESIAN_POINT('Ctrl Pts',(146.275994255,-105.915918551,11.7036922449827));
#2408=CARTESIAN_POINT('Ctrl Pts',(146.298324891,-105.926903738,11.7695509739827));
#2409=CARTESIAN_POINT('Ctrl Pts',(146.331624959,-105.940764089,11.8312399829827));
#2410=CARTESIAN_POINT('Ctrl Pts',(146.416431351,-105.972674096,11.9393620309827));
#2411=CARTESIAN_POINT('Ctrl Pts',(146.467919415,-105.990716804,11.9857717719827));
#2412=CARTESIAN_POINT('Ctrl Pts',(146.583295537,-106.028943417,12.0580858349827));
#2413=CARTESIAN_POINT('Ctrl Pts',(146.647158762,-106.049118985,12.0839745779827));
#2414=CARTESIAN_POINT('Ctrl Pts',(146.780079871,-106.089318189,12.1123137669827));
#2415=CARTESIAN_POINT('Ctrl Pts',(146.84910915,-106.109333045,12.1147581139827));
#2416=CARTESIAN_POINT('Ctrl Pts',(146.916840127,-106.128133134,12.1053407099827));
#2417=CARTESIAN_POINT('Ctrl Pts',(146.238926832,-106.067701069,11.6813931839827));
#2418=CARTESIAN_POINT('Ctrl Pts',(146.260790879,-106.076557843,11.7487075829827));
#2419=CARTESIAN_POINT('Ctrl Pts',(146.294317355,-106.086925998,11.8120524879827));
#2420=CARTESIAN_POINT('Ctrl Pts',(146.380835717,-106.109480762,11.9235232159827));
#2421=CARTESIAN_POINT('Ctrl Pts',(146.433807968,-106.121662119,11.9716238109827));
#2422=CARTESIAN_POINT('Ctrl Pts',(146.553085648,-106.146409931,12.0470295729827));
#2423=CARTESIAN_POINT('Ctrl Pts',(146.619364037,-106.158970564,12.0743176919827));
#2424=CARTESIAN_POINT('Ctrl Pts',(146.757578884,-106.182991333,12.1049316729827));
#2425=CARTESIAN_POINT('Ctrl Pts',(146.829484021,-106.194445764,12.1082506349827));
#2426=CARTESIAN_POINT('Ctrl Pts',(146.900053354,-106.204668863,12.0993927619827));
#2427=CARTESIAN_POINT('Ctrl Pts',(146.23051936,-106.220302217,11.6533682789827));
#2428=CARTESIAN_POINT('Ctrl Pts',(146.251229886,-106.227571211,11.7224033639827));
#2429=CARTESIAN_POINT('Ctrl Pts',(146.284118581,-106.234838444,11.7877667699827));
#2430=CARTESIAN_POINT('Ctrl Pts',(146.370346733,-106.248506394,11.9033882269827));
#2431=CARTESIAN_POINT('Ctrl Pts',(146.423665302,-106.2549038,11.9536182699827));
#2432=CARTESIAN_POINT('Ctrl Pts',(146.544379769,-106.266065774,12.0329520969827));
#2433=CARTESIAN_POINT('Ctrl Pts',(146.611746426,-106.270827638,12.0620366629827));
#2434=CARTESIAN_POINT('Ctrl Pts',(146.752498701,-106.278147641,12.0955872669827));
#2435=CARTESIAN_POINT('Ctrl Pts',(146.825850223,-106.280704008,12.1000451779827));
#2436=CARTESIAN_POINT('Ctrl Pts',(146.897821832,-106.282004952,12.0919210059827));
#2437=CARTESIAN_POINT('Origin',(146.829160788,-106.220302217,11.4737758499827));
#2438=CARTESIAN_POINT('Ctrl Pts',(146.23051936,-116.837197783,11.6533682789827));
#2439=CARTESIAN_POINT('Ctrl Pts',(146.251229886,-116.829928789,11.7224033639827));
#2440=CARTESIAN_POINT('Ctrl Pts',(146.284118581,-116.822661556,11.7877667699827));
#2441=CARTESIAN_POINT('Ctrl Pts',(146.370346733,-116.808993606,11.9033882269827));
#2442=CARTESIAN_POINT('Ctrl Pts',(146.423665302,-116.8025962,11.9536182699827));
#2443=CARTESIAN_POINT('Ctrl Pts',(146.544379769,-116.791434226,12.0329520969827));
#2444=CARTESIAN_POINT('Ctrl Pts',(146.611746426,-116.786672362,12.0620366629827));
#2445=CARTESIAN_POINT('Ctrl Pts',(146.752498701,-116.779352359,12.0955872669827));
#2446=CARTESIAN_POINT('Ctrl Pts',(146.825850223,-116.776795992,12.1000451779827));
#2447=CARTESIAN_POINT('Ctrl Pts',(146.897821832,-116.775495048,12.0919210059827));
#2448=CARTESIAN_POINT('Ctrl Pts',(146.23472254,-116.913488272,11.6673788799827));
#2449=CARTESIAN_POINT('Ctrl Pts',(146.25600975,-116.905425493,11.7355537349827));
#2450=CARTESIAN_POINT('Ctrl Pts',(146.289217294,-116.896608004,11.7999080239827));
#2451=CARTESIAN_POINT('Ctrl Pts',(146.375590532,-116.878497234,11.9134543909827));
#2452=CARTESIAN_POINT('Ctrl Pts',(146.428735964,-116.869208235,11.9626198509827));
#2453=CARTESIAN_POINT('Ctrl Pts',(146.548732133,-116.85125424,12.0399899049827));
#2454=CARTESIAN_POINT('Ctrl Pts',(146.615554728,-116.842593507,12.0681763659827));
#2455=CARTESIAN_POINT('Ctrl Pts',(146.755038457,-116.826924224,12.1002588529827));
#2456=CARTESIAN_POINT('Ctrl Pts',(146.827666882,-116.819919413,12.1041473639827));
#2457=CARTESIAN_POINT('Ctrl Pts',(146.898937445,-116.814157982,12.0956563899827));
#2458=CARTESIAN_POINT('Ctrl Pts',(146.245887954,-116.988644945,11.6798163679827));
#2459=CARTESIAN_POINT('Ctrl Pts',(146.267580792,-116.979665682,11.7472055179827));
#2460=CARTESIAN_POINT('Ctrl Pts',(146.300894627,-116.96922083,11.8106512439827));
#2461=CARTESIAN_POINT('Ctrl Pts',(146.386924405,-116.946606284,11.9223436799827));
#2462=CARTESIAN_POINT('Ctrl Pts',(146.439620738,-116.934441772,11.9705649329827));
#2463=CARTESIAN_POINT('Ctrl Pts',(146.558303074,-116.90980451,12.0462002809827));
#2464=CARTESIAN_POINT('Ctrl Pts',(146.624262028,-116.897337415,12.0735971389827));
#2465=CARTESIAN_POINT('Ctrl Pts',(146.761814165,-116.873548666,12.1043921999827));
#2466=CARTESIAN_POINT('Ctrl Pts',(146.833376001,-116.86223248,12.1077833879827));
#2467=CARTESIAN_POINT('Ctrl Pts',(146.903600172,-116.852149674,12.0989730919827));
#2468=CARTESIAN_POINT('Ctrl Pts',(146.281831278,-117.136741549,11.7016168929827));
#2469=CARTESIAN_POINT('Ctrl Pts',(146.30396984,-117.125785624,11.7676068769827));
#2470=CARTESIAN_POINT('Ctrl Pts',(146.337060507,-117.112005736,11.8294475999827));
#2471=CARTESIAN_POINT('Ctrl Pts',(146.421425937,-117.080349631,11.9378791199827));
#2472=CARTESIAN_POINT('Ctrl Pts',(146.47268242,-117.0624803,11.9844464249827));
#2473=CARTESIAN_POINT('Ctrl Pts',(146.587581349,-117.024672125,12.0570498939827));
#2474=CARTESIAN_POINT('Ctrl Pts',(146.651198903,-117.004741511,12.0830703309827));
#2475=CARTESIAN_POINT('Ctrl Pts',(146.783619545,-116.965073269,12.1116241959827));
#2476=CARTESIAN_POINT('Ctrl Pts',(146.852393948,-116.945344282,12.1141514419827));
#2477=CARTESIAN_POINT('Ctrl Pts',(146.919867383,-116.92683245,12.1047872439827));
#2478=CARTESIAN_POINT('Ctrl Pts',(146.306928688,-117.210358599,11.7110493469827));
#2479=CARTESIAN_POINT('Ctrl Pts',(146.329105573,-117.198331439,11.7764210259827));
#2480=CARTESIAN_POINT('Ctrl Pts',(146.361861035,-117.182827088,11.8375599439827));
#2481=CARTESIAN_POINT('Ctrl Pts',(146.444887065,-117.146589832,11.9445738199827));
#2482=CARTESIAN_POINT('Ctrl Pts',(146.495140038,-117.125864627,11.9904260949827));
#2483=CARTESIAN_POINT('Ctrl Pts',(146.607538725,-117.081508524,12.0617228499827));
#2484=CARTESIAN_POINT('Ctrl Pts',(146.669660621,-117.057887054,12.0871522189827));
#2485=CARTESIAN_POINT('Ctrl Pts',(146.798842962,-117.010387591,12.1147455149827));
#2486=CARTESIAN_POINT('Ctrl Pts',(146.865876034,-116.986519697,12.1169035949827));
#2487=CARTESIAN_POINT('Ctrl Pts',(146.931624782,-116.963862704,12.1073032559827));
#2488=CARTESIAN_POINT('Ctrl Pts',(146.370281726,-117.351842254,11.7262379889827));
#2489=CARTESIAN_POINT('Ctrl Pts',(146.392149123,-117.337672544,11.7906042159827));
#2490=CARTESIAN_POINT('Ctrl Pts',(146.42379263,-117.318786901,11.8506074609827));
#2491=CARTESIAN_POINT('Ctrl Pts',(146.503175489,-117.273648584,11.9553334399827));
#2492=CARTESIAN_POINT('Ctrl Pts',(146.550898614,-117.247405156,12.0000347639827));
#2493=CARTESIAN_POINT('Ctrl Pts',(146.657195945,-117.19043945,12.0692312109827));
#2494=CARTESIAN_POINT('Ctrl Pts',(146.715748425,-117.159728844,12.0937121889827));
#2495=CARTESIAN_POINT('Ctrl Pts',(146.837266155,-117.097210605,12.1197656739827));
#2496=CARTESIAN_POINT('Ctrl Pts',(146.900206568,-117.065415784,12.1213328569827));
#2497=CARTESIAN_POINT('Ctrl Pts',(146.961891546,-117.034823928,12.1113550199827));
#2498=CARTESIAN_POINT('Ctrl Pts',(146.408103055,-117.419109952,11.7319622659827));
#2499=CARTESIAN_POINT('Ctrl Pts',(146.429628317,-117.403879962,11.7959437889827));
#2500=CARTESIAN_POINT('Ctrl Pts',(146.460505067,-117.383353328,11.8555157519827));
#2501=CARTESIAN_POINT('Ctrl Pts',(146.537611558,-117.333934912,11.9593764929827));
#2502=CARTESIAN_POINT('Ctrl Pts',(146.58382575,-117.305053106,12.0036443209827));
#2503=CARTESIAN_POINT('Ctrl Pts',(146.68656215,-117.242079536,12.0720514959827));
#2504=CARTESIAN_POINT('Ctrl Pts',(146.743063641,-117.208000487,12.0961770439827));
#2505=CARTESIAN_POINT('Ctrl Pts',(146.860203328,-117.138357402,12.1216542949827));
#2506=CARTESIAN_POINT('Ctrl Pts',(146.920817904,-117.102807428,12.1230008589827));
#2507=CARTESIAN_POINT('Ctrl Pts',(146.980189188,-117.06845869,12.1128823399827));
#2508=CARTESIAN_POINT('Ctrl Pts',(146.49591983,-117.546762461,11.7397068249827));
#2509=CARTESIAN_POINT('Ctrl Pts',(146.516422303,-117.529530592,11.8031662879827));
#2510=CARTESIAN_POINT('Ctrl Pts',(146.545371988,-117.50588899,11.8621538719827));
#2511=CARTESIAN_POINT('Ctrl Pts',(146.617053652,-117.448328988,11.9648432059827));
#2512=CARTESIAN_POINT('Ctrl Pts',(146.659771443,-117.414421992,12.0085246249827));
#2513=CARTESIAN_POINT('Ctrl Pts',(146.754368885,-117.340000867,12.0758645789827));
#2514=CARTESIAN_POINT('Ctrl Pts',(146.806229814,-117.299501483,12.0995097829827));
#2515=CARTESIAN_POINT('Ctrl Pts',(146.913501262,-117.216281076,12.1242084789827));
#2516=CARTESIAN_POINT('Ctrl Pts',(146.968890551,-117.173576542,12.1252570829827));
#2517=CARTESIAN_POINT('Ctrl Pts',(147.023056385,-117.132074316,12.1149486059827));
#2518=CARTESIAN_POINT('Ctrl Pts',(146.546559131,-117.607680456,11.7417053649827));
#2519=CARTESIAN_POINT('Ctrl Pts',(146.566370514,-117.589499178,11.8050289009827));
#2520=CARTESIAN_POINT('Ctrl Pts',(146.594143898,-117.564370833,11.8638649989827));
#2521=CARTESIAN_POINT('Ctrl Pts',(146.662635628,-117.502915337,11.9662514199827));
#2522=CARTESIAN_POINT('Ctrl Pts',(146.703340478,-117.466600297,12.0097815679827));
#2523=CARTESIAN_POINT('Ctrl Pts',(146.793302051,-117.386690871,12.0768465879827));
#2524=CARTESIAN_POINT('Ctrl Pts',(146.842541046,-117.343112232,12.1003682459827));
#2525=CARTESIAN_POINT('Ctrl Pts',(146.944253966,-117.253381454,12.1248668679827));
#2526=CARTESIAN_POINT('Ctrl Pts',(146.996707848,-117.207246997,12.1258390039827));
#2527=CARTESIAN_POINT('Ctrl Pts',(147.047945988,-117.162317719,12.1154818289827));
#2528=CARTESIAN_POINT('Ctrl Pts',(146.656576821,-117.717782974,11.7417218569827));
#2529=CARTESIAN_POINT('Ctrl Pts',(146.674769522,-117.697980892,11.8050442699827));
#2530=CARTESIAN_POINT('Ctrl Pts',(146.699915924,-117.670223009,11.8638791169827));
#2531=CARTESIAN_POINT('Ctrl Pts',(146.761418919,-117.601772964,11.9662630339827));
#2532=CARTESIAN_POINT('Ctrl Pts',(146.797763394,-117.561094289,12.0097919319827));
#2533=CARTESIAN_POINT('Ctrl Pts',(146.877739981,-117.471192841,12.0768546819827));
#2534=CARTESIAN_POINT('Ctrl Pts',(146.921356334,-117.421987782,12.1003753199827));
#2535=CARTESIAN_POINT('Ctrl Pts',(147.011166862,-117.320346748,12.1248722939827));
#2536=CARTESIAN_POINT('Ctrl Pts',(147.057343341,-117.267930801,12.1258438019827));
#2537=CARTESIAN_POINT('Ctrl Pts',(147.102314583,-117.216730498,12.1154862299827));
#2538=CARTESIAN_POINT('Ctrl Pts',(146.716082739,-117.767418556,11.7398029899827));
#2539=CARTESIAN_POINT('Ctrl Pts',(146.733348203,-117.746937391,11.8032559349827));
#2540=CARTESIAN_POINT('Ctrl Pts',(146.757042309,-117.718025392,11.8622362389827));
#2541=CARTESIAN_POINT('Ctrl Pts',(146.814739785,-117.646447447,11.9649110009827));
#2542=CARTESIAN_POINT('Ctrl Pts',(146.848731726,-117.603795665,12.0085851339827));
#2543=CARTESIAN_POINT('Ctrl Pts',(146.923346449,-117.509350916,12.0759118379827));
#2544=CARTESIAN_POINT('Ctrl Pts',(146.96395445,-117.457576638,12.0995510809827));
#2545=CARTESIAN_POINT('Ctrl Pts',(147.047404555,-117.350489143,12.1242401209827));
#2546=CARTESIAN_POINT('Ctrl Pts',(147.090230128,-117.295197115,12.1252850299827));
#2547=CARTESIAN_POINT('Ctrl Pts',(147.131853342,-117.241128259,12.1149741989827));
#2548=CARTESIAN_POINT('Ctrl Pts',(146.844103054,-117.855841172,11.7321047039827));
#2549=CARTESIAN_POINT('Ctrl Pts',(146.859361069,-117.834326118,11.7960766679827));
#2550=CARTESIAN_POINT('Ctrl Pts',(146.879931191,-117.803471161,11.8556379079827));
#2551=CARTESIAN_POINT('Ctrl Pts',(146.92946317,-117.726428501,11.9594771289827));
#2552=CARTESIAN_POINT('Ctrl Pts',(146.958415032,-117.680256329,12.0037341699827));
#2553=CARTESIAN_POINT('Ctrl Pts',(147.021548191,-117.577618772,12.0721216929827));
#2554=CARTESIAN_POINT('Ctrl Pts',(147.055716746,-117.521174079,12.0962383859827));
#2555=CARTESIAN_POINT('Ctrl Pts',(147.12554918,-117.404155543,12.1217012649827));
#2556=CARTESIAN_POINT('Ctrl Pts',(147.161198965,-117.343605289,12.1230423189827));
#2557=CARTESIAN_POINT('Ctrl Pts',(147.195647562,-117.28429803,12.1129202749827));
#2558=CARTESIAN_POINT('Ctrl Pts',(146.912717043,-117.894451665,11.7262714119827));
#2559=CARTESIAN_POINT('Ctrl Pts',(146.926893982,-117.872587114,11.7906353569827));
#2560=CARTESIAN_POINT('Ctrl Pts',(146.945790638,-117.840949341,11.8506360599827));
#2561=CARTESIAN_POINT('Ctrl Pts',(146.990957456,-117.76158297,11.9553569639827));
#2562=CARTESIAN_POINT('Ctrl Pts',(147.017218366,-117.713870594,12.0000557569827));
#2563=CARTESIAN_POINT('Ctrl Pts',(147.074223746,-117.607598408,12.0692476149827));
#2564=CARTESIAN_POINT('Ctrl Pts',(147.104956537,-117.549060316,12.0937265359827));
#2565=CARTESIAN_POINT('Ctrl Pts',(147.167521609,-117.4275732,12.1197767069827));
#2566=CARTESIAN_POINT('Ctrl Pts',(147.199341069,-117.364649002,12.1213426329827));
#2567=CARTESIAN_POINT('Ctrl Pts',(147.229957541,-117.302980141,12.1113640089827));
#2568=CARTESIAN_POINT('Ctrl Pts',(147.123418553,-117.989005736,11.7036922709827));
#2569=CARTESIAN_POINT('Ctrl Pts',(147.134403633,-117.966675057,11.7695510299827));
#2570=CARTESIAN_POINT('Ctrl Pts',(147.14826388,-117.93337494,11.8312400649827));
#2571=CARTESIAN_POINT('Ctrl Pts',(147.180173694,-117.848568441,11.9393621519827));
#2572=CARTESIAN_POINT('Ctrl Pts',(147.198216314,-117.797080321,11.9857719049827));
#2573=CARTESIAN_POINT('Ctrl Pts',(147.236442773,-117.68170409,12.0580859709827));
#2574=CARTESIAN_POINT('Ctrl Pts',(147.256618276,-117.617840812,12.0839747059827));
#2575=CARTESIAN_POINT('Ctrl Pts',(147.296817379,-117.484919612,12.1123138589827));
#2576=CARTESIAN_POINT('Ctrl Pts',(147.3168322,-117.415890295,12.1147581769827));
#2577=CARTESIAN_POINT('Ctrl Pts',(147.335632269,-117.348159292,12.1053407349827));
#2578=CARTESIAN_POINT('Ctrl Pts',(147.275201069,-118.026073168,11.6813931839827));
#2579=CARTESIAN_POINT('Ctrl Pts',(147.284057843,-118.004209121,11.7487075829827));
#2580=CARTESIAN_POINT('Ctrl Pts',(147.294425998,-117.970682645,11.8120524879827));
#2581=CARTESIAN_POINT('Ctrl Pts',(147.316980762,-117.884164283,11.9235232159827));
#2582=CARTESIAN_POINT('Ctrl Pts',(147.329162119,-117.831192032,11.9716238109827));
#2583=CARTESIAN_POINT('Ctrl Pts',(147.353909931,-117.711914352,12.0470295729827));
#2584=CARTESIAN_POINT('Ctrl Pts',(147.366470564,-117.645635963,12.0743176919827));
#2585=CARTESIAN_POINT('Ctrl Pts',(147.390491333,-117.507421116,12.1049316729827));
#2586=CARTESIAN_POINT('Ctrl Pts',(147.401945764,-117.435515979,12.1082506349827));
#2587=CARTESIAN_POINT('Ctrl Pts',(147.412168863,-117.364946646,12.0993927619827));
#2588=CARTESIAN_POINT('Ctrl Pts',(147.427802217,-118.03448064,11.6533682789827));
#2589=CARTESIAN_POINT('Ctrl Pts',(147.435071211,-118.013770114,11.7224033639827));
#2590=CARTESIAN_POINT('Ctrl Pts',(147.442338444,-117.980881419,11.7877667699827));
#2591=CARTESIAN_POINT('Ctrl Pts',(147.456006394,-117.894653267,11.9033882269827));
#2592=CARTESIAN_POINT('Ctrl Pts',(147.4624038,-117.841334698,11.9536182699827));
#2593=CARTESIAN_POINT('Ctrl Pts',(147.473565774,-117.720620231,12.0329520969827));
#2594=CARTESIAN_POINT('Ctrl Pts',(147.478327638,-117.653253574,12.0620366629827));
#2595=CARTESIAN_POINT('Ctrl Pts',(147.485647641,-117.512501299,12.0955872669827));
#2596=CARTESIAN_POINT('Ctrl Pts',(147.488204008,-117.439149777,12.1000451779827));
#2597=CARTESIAN_POINT('Ctrl Pts',(147.489504952,-117.367178168,12.0919210059827));
#2598=CARTESIAN_POINT('Origin',(146.829160788,-116.837197783,11.4737758499827));
#2599=CARTESIAN_POINT('Ctrl Pts',(146.23051936,-106.220302217,11.6533682789827));
#2600=CARTESIAN_POINT('Ctrl Pts',(146.251229886,-106.227571211,11.7224033639827));
#2601=CARTESIAN_POINT('Ctrl Pts',(146.284118581,-106.234838444,11.7877667699827));
#2602=CARTESIAN_POINT('Ctrl Pts',(146.370346733,-106.248506394,11.9033882269827));
#2603=CARTESIAN_POINT('Ctrl Pts',(146.423665302,-106.2549038,11.9536182699827));
#2604=CARTESIAN_POINT('Ctrl Pts',(146.544379769,-106.266065774,12.0329520969827));
#2605=CARTESIAN_POINT('Ctrl Pts',(146.611746426,-106.270827638,12.0620366629827));
#2606=CARTESIAN_POINT('Ctrl Pts',(146.752498701,-106.278147641,12.0955872669827));
#2607=CARTESIAN_POINT('Ctrl Pts',(146.825850223,-106.280704008,12.1000451779827));
#2608=CARTESIAN_POINT('Ctrl Pts',(146.897821832,-106.282004952,12.0919210059827));
#2609=CARTESIAN_POINT('Ctrl Pts',(146.127959955,-109.759267406,11.3115035969827));
#2610=CARTESIAN_POINT('Ctrl Pts',(146.148820132,-109.761738344,11.3810375189827));
#2611=CARTESIAN_POINT('Ctrl Pts',(146.181870903,-109.764208681,11.4468958679827));
#2612=CARTESIAN_POINT('Ctrl Pts',(146.268424916,-109.768853934,11.5634329149827));
#2613=CARTESIAN_POINT('Ctrl Pts',(146.32190715,-109.771027719,11.6140833279827));
#2614=CARTESIAN_POINT('Ctrl Pts',(146.442924678,-109.77481871,11.6941271849827));
#2615=CARTESIAN_POINT('Ctrl Pts',(146.510430598,-109.776434991,11.7235012009827));
#2616=CARTESIAN_POINT('Ctrl Pts',(146.651412361,-109.778916629,11.7574617629827));
#2617=CARTESIAN_POINT('Ctrl Pts',(146.724853985,-109.779781379,11.7620400659827));
#2618=CARTESIAN_POINT('Ctrl Pts',(146.796881366,-109.780218566,11.7539442869827));
#2619=CARTESIAN_POINT('Ctrl Pts',(146.127959955,-113.298232594,11.3115035969827));
#2620=CARTESIAN_POINT('Ctrl Pts',(146.148820132,-113.295761656,11.3810375189827));
#2621=CARTESIAN_POINT('Ctrl Pts',(146.181870903,-113.293291319,11.4468958679827));
#2622=CARTESIAN_POINT('Ctrl Pts',(146.268424916,-113.288646066,11.5634329149827));
#2623=CARTESIAN_POINT('Ctrl Pts',(146.32190715,-113.286472281,11.6140833279827));
#2624=CARTESIAN_POINT('Ctrl Pts',(146.442924678,-113.28268129,11.6941271849827));
#2625=CARTESIAN_POINT('Ctrl Pts',(146.510430598,-113.281065009,11.7235012009827));
#2626=CARTESIAN_POINT('Ctrl Pts',(146.651412361,-113.278583371,11.7574617629827));
#2627=CARTESIAN_POINT('Ctrl Pts',(146.724853985,-113.277718621,11.7620400659827));
#2628=CARTESIAN_POINT('Ctrl Pts',(146.796881366,-113.277281434,11.7539442869827));
#2629=CARTESIAN_POINT('Ctrl Pts',(146.23051936,-116.837197783,11.6533682789827));
#2630=CARTESIAN_POINT('Ctrl Pts',(146.251229886,-116.829928789,11.7224033639827));
#2631=CARTESIAN_POINT('Ctrl Pts',(146.284118581,-116.822661556,11.7877667699827));
#2632=CARTESIAN_POINT('Ctrl Pts',(146.370346733,-116.808993606,11.9033882269827));
#2633=CARTESIAN_POINT('Ctrl Pts',(146.423665302,-116.8025962,11.9536182699827));
#2634=CARTESIAN_POINT('Ctrl Pts',(146.544379769,-116.791434226,12.0329520969827));
#2635=CARTESIAN_POINT('Ctrl Pts',(146.611746426,-116.786672362,12.0620366629827));
#2636=CARTESIAN_POINT('Ctrl Pts',(146.752498701,-116.779352359,12.0955872669827));
#2637=CARTESIAN_POINT('Ctrl Pts',(146.825850223,-116.776795992,12.1000451779827));
#2638=CARTESIAN_POINT('Ctrl Pts',(146.897821832,-116.775495048,12.0919210059827));
#2639=CARTESIAN_POINT('Origin',(145.849518384,-104.642018384,6.29585245698267));
#2640=CARTESIAN_POINT('Origin',(155.726640153,-108.538359847,16.6860963589827));
#2641=CARTESIAN_POINT('Origin',(155.671762104,-114.464262104,16.8324378229827));
#2642=CARTESIAN_POINT('Origin',(145.794640335,-118.470359665,6.14951099398267));
#2643=UNCERTAINTY_MEASURE_WITH_UNIT(LENGTH_MEASURE(0.01),#2647,
'DISTANCE_ACCURACY_VALUE',
'Maximum model space distance between geometric entities at asserted c
onnectivities');
#2644=UNCERTAINTY_MEASURE_WITH_UNIT(LENGTH_MEASURE(0.01),#2647,
'DISTANCE_ACCURACY_VALUE',
'Maximum model space distance between geometric entities at asserted c
onnectivities');
#2645=(
GEOMETRIC_REPRESENTATION_CONTEXT(3)
GLOBAL_UNCERTAINTY_ASSIGNED_CONTEXT((#2643))
GLOBAL_UNIT_ASSIGNED_CONTEXT((#2647,#2648,#2649))
REPRESENTATION_CONTEXT('','3D')
);
#2646=(
GEOMETRIC_REPRESENTATION_CONTEXT(3)
GLOBAL_UNCERTAINTY_ASSIGNED_CONTEXT((#2644))
GLOBAL_UNIT_ASSIGNED_CONTEXT((#2647,#2648,#2649))
REPRESENTATION_CONTEXT('','3D')
);
#2647=(
LENGTH_UNIT()
NAMED_UNIT(*)
SI_UNIT(.MILLI.,.METRE.)
);
#2648=(
NAMED_UNIT(*)
PLANE_ANGLE_UNIT()
SI_UNIT($,.RADIAN.)
);
#2649=(
NAMED_UNIT(*)
SI_UNIT($,.STERADIAN.)
SOLID_ANGLE_UNIT()
);
#2650=SHAPE_DEFINITION_REPRESENTATION(#2651,#2652);
#2651=PRODUCT_DEFINITION_SHAPE('',$,#2654);
#2652=SHAPE_REPRESENTATION('',(#968),#2645);
#2653=PRODUCT_DEFINITION_CONTEXT('part definition',#2658,'design');
#2654=PRODUCT_DEFINITION('Calculator 1','Calculator',#2655,#2653);
#2655=PRODUCT_DEFINITION_FORMATION('',$,#2660);
#2656=PRODUCT_RELATED_PRODUCT_CATEGORY('Calculator','Calculator',(#2660));
#2657=APPLICATION_PROTOCOL_DEFINITION('international standard',
'automotive_design',2009,#2658);
#2658=APPLICATION_CONTEXT(
'Core Data for Automotive Mechanical Design Process');
#2659=PRODUCT_CONTEXT('part definition',#2658,'mechanical');
#2660=PRODUCT('Calculator 1','Calculator','KiCad electronic assembly',(#2659));
#2661=PRESENTATION_STYLE_ASSIGNMENT((#2664));
#2662=PRESENTATION_STYLE_ASSIGNMENT((#2665));
#2663=PRESENTATION_STYLE_ASSIGNMENT((#2666));
#2664=SURFACE_STYLE_USAGE(.BOTH.,#2667);
#2665=SURFACE_STYLE_USAGE(.BOTH.,#2668);
#2666=SURFACE_STYLE_USAGE(.BOTH.,#2669);
#2667=SURFACE_SIDE_STYLE('',(#2670));
#2668=SURFACE_SIDE_STYLE('',(#2671));
#2669=SURFACE_SIDE_STYLE('',(#2672));
#2670=SURFACE_STYLE_FILL_AREA(#2673);
#2671=SURFACE_STYLE_FILL_AREA(#2674);
#2672=SURFACE_STYLE_FILL_AREA(#2675);
#2673=FILL_AREA_STYLE('Steel - Satin',(#2676));
#2674=FILL_AREA_STYLE('Opaque(211,212,213)',(#2677));
#2675=FILL_AREA_STYLE('ABS (White)',(#2678));
#2676=FILL_AREA_STYLE_COLOUR('Steel - Satin',#2679);
#2677=FILL_AREA_STYLE_COLOUR('Opaque(211,212,213)',#2680);
#2678=FILL_AREA_STYLE_COLOUR('ABS (White)',#2681);
#2679=COLOUR_RGB('Steel - Satin',0.627450980392157,0.627450980392157,0.627450980392157);
#2680=COLOUR_RGB('Opaque(211,212,213)',0.827450980392157,0.831372549019608,
0.835294117647059);
#2681=COLOUR_RGB('ABS (White)',0.796078431372549,0.443137254901961,0.172549019607843);
ENDSEC;
END-ISO-10303-21;
