ISO-10303-21;
HEADER;
/* Generated by software containing ST-Developer
 * from STEP Tools, Inc. (www.steptools.com) 
 */

FILE_DESCRIPTION(
/* description */ ('KiCad electronic assembly'),
/* implementation_level */ '2;1');

FILE_NAME(
/* name */ 'Calculator cover.step',
/* time_stamp */ '2026-08-28T12:06:42-07:00',
/* author */ (''),
/* organization */ (''),
/* preprocessor_version */ 'ST-DEVELOPER v20.1',
/* originating_system */ 'Autodesk Translation Framework v15.8.0.0',
/* authorisation */ '');

FILE_SCHEMA (('AUTOMOTIVE_DESIGN { 1 0 10303 214 3 1 1 }'));
ENDSEC;

DATA;
#10=MECHANICAL_DESIGN_GEOMETRIC_PRESENTATION_REPRESENTATION('',(#13),#4133);
#11=SHAPE_REPRESENTATION_RELATIONSHIP('SRR','None',#4139,#12);
#12=ADVANCED_BREP_SHAPE_REPRESENTATION('',(#14),#4132);
#13=STYLED_ITEM('',(#4149),#14);
#14=MANIFOLD_SOLID_BREP('cover',#2437);
#15=FACE_BOUND('',#432,.T.);
#16=FACE_BOUND('',#433,.T.);
#17=FACE_BOUND('',#434,.T.);
#18=FACE_BOUND('',#435,.T.);
#19=FACE_BOUND('',#436,.T.);
#20=FACE_BOUND('',#437,.T.);
#21=FACE_BOUND('',#438,.T.);
#22=FACE_BOUND('',#439,.T.);
#23=FACE_BOUND('',#440,.T.);
#24=FACE_BOUND('',#441,.T.);
#25=FACE_BOUND('',#442,.T.);
#26=FACE_BOUND('',#443,.T.);
#27=FACE_BOUND('',#444,.T.);
#28=FACE_BOUND('',#445,.T.);
#29=FACE_BOUND('',#446,.T.);
#30=FACE_BOUND('',#447,.T.);
#31=FACE_BOUND('',#448,.T.);
#32=FACE_BOUND('',#449,.T.);
#33=FACE_BOUND('',#450,.T.);
#34=FACE_BOUND('',#451,.T.);
#35=FACE_BOUND('',#452,.T.);
#36=FACE_BOUND('',#453,.T.);
#37=FACE_BOUND('',#454,.T.);
#38=FACE_BOUND('',#455,.T.);
#39=FACE_BOUND('',#456,.T.);
#40=FACE_BOUND('',#457,.T.);
#41=FACE_BOUND('',#458,.T.);
#42=FACE_BOUND('',#459,.T.);
#43=FACE_BOUND('',#460,.T.);
#44=FACE_BOUND('',#461,.T.);
#45=FACE_BOUND('',#462,.T.);
#46=FACE_BOUND('',#463,.T.);
#47=FACE_BOUND('',#464,.T.);
#48=FACE_BOUND('',#465,.T.);
#49=FACE_BOUND('',#466,.T.);
#50=FACE_BOUND('',#467,.T.);
#51=FACE_BOUND('',#468,.T.);
#52=FACE_BOUND('',#469,.T.);
#53=FACE_BOUND('',#470,.T.);
#54=FACE_BOUND('',#471,.T.);
#55=FACE_BOUND('',#472,.T.);
#56=FACE_BOUND('',#473,.T.);
#57=FACE_BOUND('',#474,.T.);
#58=FACE_BOUND('',#475,.T.);
#59=FACE_BOUND('',#476,.T.);
#60=FACE_BOUND('',#477,.T.);
#61=FACE_BOUND('',#478,.T.);
#62=FACE_BOUND('',#479,.T.);
#63=FACE_BOUND('',#480,.T.);
#64=FACE_BOUND('',#481,.T.);
#65=FACE_BOUND('',#482,.T.);
#66=FACE_BOUND('',#483,.T.);
#67=FACE_BOUND('',#484,.T.);
#68=FACE_BOUND('',#485,.T.);
#69=FACE_BOUND('',#486,.T.);
#70=FACE_BOUND('',#487,.T.);
#71=FACE_BOUND('',#488,.T.);
#72=FACE_BOUND('',#489,.T.);
#73=FACE_BOUND('',#490,.T.);
#74=FACE_BOUND('',#491,.T.);
#75=FACE_BOUND('',#492,.T.);
#76=FACE_BOUND('',#493,.T.);
#77=FACE_BOUND('',#494,.T.);
#78=FACE_BOUND('',#495,.T.);
#79=FACE_BOUND('',#496,.T.);
#80=FACE_BOUND('',#497,.T.);
#81=FACE_BOUND('',#498,.T.);
#82=FACE_BOUND('',#499,.T.);
#83=FACE_BOUND('',#500,.T.);
#84=FACE_BOUND('',#501,.T.);
#85=FACE_BOUND('',#502,.T.);
#86=FACE_BOUND('',#503,.T.);
#87=FACE_BOUND('',#504,.T.);
#88=FACE_BOUND('',#505,.T.);
#89=FACE_BOUND('',#506,.T.);
#90=FACE_BOUND('',#507,.T.);
#91=FACE_BOUND('',#508,.T.);
#92=FACE_BOUND('',#509,.T.);
#93=FACE_BOUND('',#510,.T.);
#94=FACE_BOUND('',#511,.T.);
#95=FACE_BOUND('',#512,.T.);
#96=FACE_BOUND('',#513,.T.);
#97=FACE_BOUND('',#514,.T.);
#98=FACE_BOUND('',#515,.T.);
#99=FACE_BOUND('',#516,.T.);
#100=FACE_BOUND('',#517,.T.);
#101=FACE_BOUND('',#518,.T.);
#102=FACE_BOUND('',#519,.T.);
#103=FACE_BOUND('',#520,.T.);
#104=FACE_BOUND('',#521,.T.);
#105=FACE_BOUND('',#522,.T.);
#106=FACE_BOUND('',#523,.T.);
#107=FACE_BOUND('',#524,.T.);
#108=FACE_BOUND('',#525,.T.);
#109=FACE_BOUND('',#526,.T.);
#110=FACE_BOUND('',#527,.T.);
#111=FACE_BOUND('',#528,.T.);
#112=FACE_BOUND('',#529,.T.);
#113=FACE_BOUND('',#531,.T.);
#114=FACE_BOUND('',#532,.T.);
#115=FACE_BOUND('',#533,.T.);
#116=FACE_BOUND('',#534,.T.);
#117=FACE_BOUND('',#535,.T.);
#118=FACE_BOUND('',#536,.T.);
#119=FACE_BOUND('',#537,.T.);
#120=FACE_BOUND('',#538,.T.);
#121=FACE_BOUND('',#539,.T.);
#122=FACE_BOUND('',#540,.T.);
#123=FACE_BOUND('',#541,.T.);
#124=FACE_BOUND('',#542,.T.);
#125=FACE_BOUND('',#543,.T.);
#126=FACE_BOUND('',#544,.T.);
#127=FACE_BOUND('',#545,.T.);
#128=FACE_BOUND('',#546,.T.);
#129=FACE_BOUND('',#547,.T.);
#130=FACE_BOUND('',#548,.T.);
#131=FACE_BOUND('',#549,.T.);
#132=FACE_BOUND('',#550,.T.);
#133=FACE_BOUND('',#551,.T.);
#134=FACE_BOUND('',#552,.T.);
#135=FACE_BOUND('',#553,.T.);
#136=FACE_BOUND('',#554,.T.);
#137=FACE_BOUND('',#555,.T.);
#138=FACE_BOUND('',#556,.T.);
#139=FACE_BOUND('',#557,.T.);
#140=FACE_BOUND('',#558,.T.);
#141=FACE_BOUND('',#559,.T.);
#142=FACE_BOUND('',#560,.T.);
#143=FACE_BOUND('',#561,.T.);
#144=FACE_BOUND('',#562,.T.);
#145=FACE_BOUND('',#563,.T.);
#146=FACE_BOUND('',#564,.T.);
#147=FACE_BOUND('',#565,.T.);
#148=FACE_BOUND('',#566,.T.);
#149=FACE_BOUND('',#567,.T.);
#150=FACE_BOUND('',#568,.T.);
#151=FACE_BOUND('',#569,.T.);
#152=FACE_BOUND('',#570,.T.);
#153=FACE_BOUND('',#571,.T.);
#154=FACE_BOUND('',#572,.T.);
#155=FACE_BOUND('',#573,.T.);
#156=FACE_BOUND('',#574,.T.);
#157=FACE_BOUND('',#575,.T.);
#158=FACE_BOUND('',#576,.T.);
#159=FACE_BOUND('',#577,.T.);
#160=FACE_BOUND('',#578,.T.);
#161=FACE_BOUND('',#579,.T.);
#162=FACE_BOUND('',#580,.T.);
#163=FACE_BOUND('',#581,.T.);
#164=FACE_BOUND('',#582,.T.);
#165=FACE_BOUND('',#583,.T.);
#166=FACE_BOUND('',#584,.T.);
#167=FACE_BOUND('',#585,.T.);
#168=FACE_BOUND('',#586,.T.);
#169=FACE_BOUND('',#587,.T.);
#170=FACE_BOUND('',#588,.T.);
#171=FACE_BOUND('',#589,.T.);
#172=FACE_BOUND('',#590,.T.);
#173=FACE_BOUND('',#591,.T.);
#174=FACE_BOUND('',#592,.T.);
#175=FACE_BOUND('',#593,.T.);
#176=FACE_BOUND('',#594,.T.);
#177=FACE_BOUND('',#595,.T.);
#178=FACE_BOUND('',#596,.T.);
#179=FACE_BOUND('',#597,.T.);
#180=FACE_BOUND('',#598,.T.);
#181=FACE_BOUND('',#599,.T.);
#182=FACE_BOUND('',#600,.T.);
#183=FACE_BOUND('',#601,.T.);
#184=FACE_BOUND('',#602,.T.);
#185=FACE_BOUND('',#603,.T.);
#186=FACE_BOUND('',#604,.T.);
#187=FACE_BOUND('',#605,.T.);
#188=FACE_BOUND('',#606,.T.);
#189=FACE_BOUND('',#607,.T.);
#190=FACE_BOUND('',#608,.T.);
#191=FACE_BOUND('',#609,.T.);
#192=FACE_BOUND('',#610,.T.);
#193=FACE_BOUND('',#611,.T.);
#194=FACE_BOUND('',#612,.T.);
#195=FACE_BOUND('',#613,.T.);
#196=FACE_BOUND('',#614,.T.);
#197=FACE_BOUND('',#615,.T.);
#198=FACE_BOUND('',#616,.T.);
#199=FACE_BOUND('',#617,.T.);
#200=FACE_BOUND('',#618,.T.);
#201=FACE_BOUND('',#619,.T.);
#202=FACE_BOUND('',#620,.T.);
#203=FACE_BOUND('',#621,.T.);
#204=FACE_BOUND('',#622,.T.);
#205=FACE_BOUND('',#623,.T.);
#206=FACE_BOUND('',#624,.T.);
#207=FACE_BOUND('',#625,.T.);
#208=FACE_BOUND('',#626,.T.);
#209=FACE_BOUND('',#627,.T.);
#210=FACE_BOUND('',#628,.T.);
#211=PLANE('',#2733);
#212=PLANE('',#2737);
#213=PLANE('',#2741);
#214=PLANE('',#2745);
#215=PLANE('',#2749);
#216=PLANE('',#2750);
#217=FACE_OUTER_BOUND('',#325,.T.);
#218=FACE_OUTER_BOUND('',#326,.T.);
#219=FACE_OUTER_BOUND('',#327,.T.);
#220=FACE_OUTER_BOUND('',#328,.T.);
#221=FACE_OUTER_BOUND('',#329,.T.);
#222=FACE_OUTER_BOUND('',#330,.T.);
#223=FACE_OUTER_BOUND('',#331,.T.);
#224=FACE_OUTER_BOUND('',#332,.T.);
#225=FACE_OUTER_BOUND('',#333,.T.);
#226=FACE_OUTER_BOUND('',#334,.T.);
#227=FACE_OUTER_BOUND('',#335,.T.);
#228=FACE_OUTER_BOUND('',#336,.T.);
#229=FACE_OUTER_BOUND('',#337,.T.);
#230=FACE_OUTER_BOUND('',#338,.T.);
#231=FACE_OUTER_BOUND('',#339,.T.);
#232=FACE_OUTER_BOUND('',#340,.T.);
#233=FACE_OUTER_BOUND('',#341,.T.);
#234=FACE_OUTER_BOUND('',#342,.T.);
#235=FACE_OUTER_BOUND('',#343,.T.);
#236=FACE_OUTER_BOUND('',#344,.T.);
#237=FACE_OUTER_BOUND('',#345,.T.);
#238=FACE_OUTER_BOUND('',#346,.T.);
#239=FACE_OUTER_BOUND('',#347,.T.);
#240=FACE_OUTER_BOUND('',#348,.T.);
#241=FACE_OUTER_BOUND('',#349,.T.);
#242=FACE_OUTER_BOUND('',#350,.T.);
#243=FACE_OUTER_BOUND('',#351,.T.);
#244=FACE_OUTER_BOUND('',#352,.T.);
#245=FACE_OUTER_BOUND('',#353,.T.);
#246=FACE_OUTER_BOUND('',#354,.T.);
#247=FACE_OUTER_BOUND('',#355,.T.);
#248=FACE_OUTER_BOUND('',#356,.T.);
#249=FACE_OUTER_BOUND('',#357,.T.);
#250=FACE_OUTER_BOUND('',#358,.T.);
#251=FACE_OUTER_BOUND('',#359,.T.);
#252=FACE_OUTER_BOUND('',#360,.T.);
#253=FACE_OUTER_BOUND('',#361,.T.);
#254=FACE_OUTER_BOUND('',#362,.T.);
#255=FACE_OUTER_BOUND('',#363,.T.);
#256=FACE_OUTER_BOUND('',#364,.T.);
#257=FACE_OUTER_BOUND('',#365,.T.);
#258=FACE_OUTER_BOUND('',#366,.T.);
#259=FACE_OUTER_BOUND('',#367,.T.);
#260=FACE_OUTER_BOUND('',#368,.T.);
#261=FACE_OUTER_BOUND('',#369,.T.);
#262=FACE_OUTER_BOUND('',#370,.T.);
#263=FACE_OUTER_BOUND('',#371,.T.);
#264=FACE_OUTER_BOUND('',#372,.T.);
#265=FACE_OUTER_BOUND('',#373,.T.);
#266=FACE_OUTER_BOUND('',#374,.T.);
#267=FACE_OUTER_BOUND('',#375,.T.);
#268=FACE_OUTER_BOUND('',#376,.T.);
#269=FACE_OUTER_BOUND('',#377,.T.);
#270=FACE_OUTER_BOUND('',#378,.T.);
#271=FACE_OUTER_BOUND('',#379,.T.);
#272=FACE_OUTER_BOUND('',#380,.T.);
#273=FACE_OUTER_BOUND('',#381,.T.);
#274=FACE_OUTER_BOUND('',#382,.T.);
#275=FACE_OUTER_BOUND('',#383,.T.);
#276=FACE_OUTER_BOUND('',#384,.T.);
#277=FACE_OUTER_BOUND('',#385,.T.);
#278=FACE_OUTER_BOUND('',#386,.T.);
#279=FACE_OUTER_BOUND('',#387,.T.);
#280=FACE_OUTER_BOUND('',#388,.T.);
#281=FACE_OUTER_BOUND('',#389,.T.);
#282=FACE_OUTER_BOUND('',#390,.T.);
#283=FACE_OUTER_BOUND('',#391,.T.);
#284=FACE_OUTER_BOUND('',#392,.T.);
#285=FACE_OUTER_BOUND('',#393,.T.);
#286=FACE_OUTER_BOUND('',#394,.T.);
#287=FACE_OUTER_BOUND('',#395,.T.);
#288=FACE_OUTER_BOUND('',#396,.T.);
#289=FACE_OUTER_BOUND('',#397,.T.);
#290=FACE_OUTER_BOUND('',#398,.T.);
#291=FACE_OUTER_BOUND('',#399,.T.);
#292=FACE_OUTER_BOUND('',#400,.T.);
#293=FACE_OUTER_BOUND('',#401,.T.);
#294=FACE_OUTER_BOUND('',#402,.T.);
#295=FACE_OUTER_BOUND('',#403,.T.);
#296=FACE_OUTER_BOUND('',#404,.T.);
#297=FACE_OUTER_BOUND('',#405,.T.);
#298=FACE_OUTER_BOUND('',#406,.T.);
#299=FACE_OUTER_BOUND('',#407,.T.);
#300=FACE_OUTER_BOUND('',#408,.T.);
#301=FACE_OUTER_BOUND('',#409,.T.);
#302=FACE_OUTER_BOUND('',#410,.T.);
#303=FACE_OUTER_BOUND('',#411,.T.);
#304=FACE_OUTER_BOUND('',#412,.T.);
#305=FACE_OUTER_BOUND('',#413,.T.);
#306=FACE_OUTER_BOUND('',#414,.T.);
#307=FACE_OUTER_BOUND('',#415,.T.);
#308=FACE_OUTER_BOUND('',#416,.T.);
#309=FACE_OUTER_BOUND('',#417,.T.);
#310=FACE_OUTER_BOUND('',#418,.T.);
#311=FACE_OUTER_BOUND('',#419,.T.);
#312=FACE_OUTER_BOUND('',#420,.T.);
#313=FACE_OUTER_BOUND('',#421,.T.);
#314=FACE_OUTER_BOUND('',#422,.T.);
#315=FACE_OUTER_BOUND('',#423,.T.);
#316=FACE_OUTER_BOUND('',#424,.T.);
#317=FACE_OUTER_BOUND('',#425,.T.);
#318=FACE_OUTER_BOUND('',#426,.T.);
#319=FACE_OUTER_BOUND('',#427,.T.);
#320=FACE_OUTER_BOUND('',#428,.T.);
#321=FACE_OUTER_BOUND('',#429,.T.);
#322=FACE_OUTER_BOUND('',#430,.T.);
#323=FACE_OUTER_BOUND('',#431,.T.);
#324=FACE_OUTER_BOUND('',#530,.T.);
#325=EDGE_LOOP('',(#1591,#1592,#1593,#1594));
#326=EDGE_LOOP('',(#1595,#1596,#1597,#1598));
#327=EDGE_LOOP('',(#1599,#1600,#1601,#1602));
#328=EDGE_LOOP('',(#1603,#1604,#1605,#1606));
#329=EDGE_LOOP('',(#1607,#1608,#1609,#1610));
#330=EDGE_LOOP('',(#1611,#1612,#1613,#1614));
#331=EDGE_LOOP('',(#1615,#1616,#1617,#1618));
#332=EDGE_LOOP('',(#1619,#1620,#1621,#1622));
#333=EDGE_LOOP('',(#1623,#1624,#1625,#1626));
#334=EDGE_LOOP('',(#1627,#1628,#1629,#1630));
#335=EDGE_LOOP('',(#1631,#1632,#1633,#1634));
#336=EDGE_LOOP('',(#1635,#1636,#1637,#1638));
#337=EDGE_LOOP('',(#1639,#1640,#1641,#1642));
#338=EDGE_LOOP('',(#1643,#1644,#1645,#1646));
#339=EDGE_LOOP('',(#1647,#1648,#1649,#1650));
#340=EDGE_LOOP('',(#1651,#1652,#1653,#1654));
#341=EDGE_LOOP('',(#1655,#1656,#1657,#1658));
#342=EDGE_LOOP('',(#1659,#1660,#1661,#1662));
#343=EDGE_LOOP('',(#1663,#1664,#1665,#1666));
#344=EDGE_LOOP('',(#1667,#1668,#1669,#1670));
#345=EDGE_LOOP('',(#1671,#1672,#1673,#1674));
#346=EDGE_LOOP('',(#1675,#1676,#1677,#1678));
#347=EDGE_LOOP('',(#1679,#1680,#1681,#1682));
#348=EDGE_LOOP('',(#1683,#1684,#1685,#1686));
#349=EDGE_LOOP('',(#1687,#1688,#1689,#1690));
#350=EDGE_LOOP('',(#1691,#1692,#1693,#1694));
#351=EDGE_LOOP('',(#1695,#1696,#1697,#1698));
#352=EDGE_LOOP('',(#1699,#1700,#1701,#1702));
#353=EDGE_LOOP('',(#1703,#1704,#1705,#1706));
#354=EDGE_LOOP('',(#1707,#1708,#1709,#1710));
#355=EDGE_LOOP('',(#1711,#1712,#1713,#1714));
#356=EDGE_LOOP('',(#1715,#1716,#1717,#1718));
#357=EDGE_LOOP('',(#1719,#1720,#1721,#1722));
#358=EDGE_LOOP('',(#1723,#1724,#1725,#1726));
#359=EDGE_LOOP('',(#1727,#1728,#1729,#1730));
#360=EDGE_LOOP('',(#1731,#1732,#1733,#1734));
#361=EDGE_LOOP('',(#1735,#1736,#1737,#1738));
#362=EDGE_LOOP('',(#1739,#1740,#1741,#1742));
#363=EDGE_LOOP('',(#1743,#1744,#1745,#1746));
#364=EDGE_LOOP('',(#1747,#1748,#1749,#1750));
#365=EDGE_LOOP('',(#1751,#1752,#1753,#1754));
#366=EDGE_LOOP('',(#1755,#1756,#1757,#1758));
#367=EDGE_LOOP('',(#1759,#1760,#1761,#1762));
#368=EDGE_LOOP('',(#1763,#1764,#1765,#1766));
#369=EDGE_LOOP('',(#1767,#1768,#1769,#1770));
#370=EDGE_LOOP('',(#1771,#1772,#1773,#1774));
#371=EDGE_LOOP('',(#1775,#1776,#1777,#1778));
#372=EDGE_LOOP('',(#1779,#1780,#1781,#1782));
#373=EDGE_LOOP('',(#1783,#1784,#1785,#1786));
#374=EDGE_LOOP('',(#1787,#1788,#1789,#1790));
#375=EDGE_LOOP('',(#1791,#1792,#1793,#1794));
#376=EDGE_LOOP('',(#1795,#1796,#1797,#1798));
#377=EDGE_LOOP('',(#1799,#1800,#1801,#1802));
#378=EDGE_LOOP('',(#1803,#1804,#1805,#1806));
#379=EDGE_LOOP('',(#1807,#1808,#1809,#1810));
#380=EDGE_LOOP('',(#1811,#1812,#1813,#1814));
#381=EDGE_LOOP('',(#1815,#1816,#1817,#1818));
#382=EDGE_LOOP('',(#1819,#1820,#1821,#1822));
#383=EDGE_LOOP('',(#1823,#1824,#1825,#1826));
#384=EDGE_LOOP('',(#1827,#1828,#1829,#1830));
#385=EDGE_LOOP('',(#1831,#1832,#1833,#1834));
#386=EDGE_LOOP('',(#1835,#1836,#1837,#1838));
#387=EDGE_LOOP('',(#1839,#1840,#1841,#1842));
#388=EDGE_LOOP('',(#1843,#1844,#1845,#1846));
#389=EDGE_LOOP('',(#1847,#1848,#1849,#1850));
#390=EDGE_LOOP('',(#1851,#1852,#1853,#1854));
#391=EDGE_LOOP('',(#1855,#1856,#1857,#1858));
#392=EDGE_LOOP('',(#1859,#1860,#1861,#1862));
#393=EDGE_LOOP('',(#1863,#1864,#1865,#1866));
#394=EDGE_LOOP('',(#1867,#1868,#1869,#1870));
#395=EDGE_LOOP('',(#1871,#1872,#1873,#1874));
#396=EDGE_LOOP('',(#1875,#1876,#1877,#1878));
#397=EDGE_LOOP('',(#1879,#1880,#1881,#1882));
#398=EDGE_LOOP('',(#1883,#1884,#1885,#1886));
#399=EDGE_LOOP('',(#1887,#1888,#1889,#1890));
#400=EDGE_LOOP('',(#1891,#1892,#1893,#1894));
#401=EDGE_LOOP('',(#1895,#1896,#1897,#1898));
#402=EDGE_LOOP('',(#1899,#1900,#1901,#1902));
#403=EDGE_LOOP('',(#1903,#1904,#1905,#1906));
#404=EDGE_LOOP('',(#1907,#1908,#1909,#1910));
#405=EDGE_LOOP('',(#1911,#1912,#1913,#1914));
#406=EDGE_LOOP('',(#1915,#1916,#1917,#1918));
#407=EDGE_LOOP('',(#1919,#1920,#1921,#1922));
#408=EDGE_LOOP('',(#1923,#1924,#1925,#1926));
#409=EDGE_LOOP('',(#1927,#1928,#1929,#1930));
#410=EDGE_LOOP('',(#1931,#1932,#1933,#1934));
#411=EDGE_LOOP('',(#1935,#1936,#1937,#1938));
#412=EDGE_LOOP('',(#1939,#1940,#1941,#1942));
#413=EDGE_LOOP('',(#1943,#1944,#1945,#1946));
#414=EDGE_LOOP('',(#1947,#1948,#1949,#1950));
#415=EDGE_LOOP('',(#1951,#1952,#1953,#1954));
#416=EDGE_LOOP('',(#1955,#1956,#1957,#1958));
#417=EDGE_LOOP('',(#1959,#1960,#1961,#1962));
#418=EDGE_LOOP('',(#1963,#1964,#1965,#1966));
#419=EDGE_LOOP('',(#1967,#1968,#1969,#1970));
#420=EDGE_LOOP('',(#1971,#1972,#1973,#1974));
#421=EDGE_LOOP('',(#1975,#1976,#1977,#1978));
#422=EDGE_LOOP('',(#1979,#1980,#1981,#1982));
#423=EDGE_LOOP('',(#1983,#1984,#1985,#1986));
#424=EDGE_LOOP('',(#1987,#1988,#1989,#1990));
#425=EDGE_LOOP('',(#1991,#1992,#1993,#1994));
#426=EDGE_LOOP('',(#1995,#1996,#1997,#1998));
#427=EDGE_LOOP('',(#1999,#2000,#2001,#2002));
#428=EDGE_LOOP('',(#2003,#2004,#2005,#2006));
#429=EDGE_LOOP('',(#2007,#2008,#2009,#2010));
#430=EDGE_LOOP('',(#2011,#2012,#2013,#2014));
#431=EDGE_LOOP('',(#2015,#2016,#2017,#2018,#2019,#2020,#2021,#2022));
#432=EDGE_LOOP('',(#2023));
#433=EDGE_LOOP('',(#2024));
#434=EDGE_LOOP('',(#2025));
#435=EDGE_LOOP('',(#2026));
#436=EDGE_LOOP('',(#2027));
#437=EDGE_LOOP('',(#2028));
#438=EDGE_LOOP('',(#2029));
#439=EDGE_LOOP('',(#2030));
#440=EDGE_LOOP('',(#2031));
#441=EDGE_LOOP('',(#2032));
#442=EDGE_LOOP('',(#2033));
#443=EDGE_LOOP('',(#2034));
#444=EDGE_LOOP('',(#2035));
#445=EDGE_LOOP('',(#2036));
#446=EDGE_LOOP('',(#2037));
#447=EDGE_LOOP('',(#2038));
#448=EDGE_LOOP('',(#2039));
#449=EDGE_LOOP('',(#2040));
#450=EDGE_LOOP('',(#2041));
#451=EDGE_LOOP('',(#2042));
#452=EDGE_LOOP('',(#2043));
#453=EDGE_LOOP('',(#2044));
#454=EDGE_LOOP('',(#2045));
#455=EDGE_LOOP('',(#2046));
#456=EDGE_LOOP('',(#2047));
#457=EDGE_LOOP('',(#2048));
#458=EDGE_LOOP('',(#2049));
#459=EDGE_LOOP('',(#2050));
#460=EDGE_LOOP('',(#2051));
#461=EDGE_LOOP('',(#2052));
#462=EDGE_LOOP('',(#2053));
#463=EDGE_LOOP('',(#2054));
#464=EDGE_LOOP('',(#2055));
#465=EDGE_LOOP('',(#2056));
#466=EDGE_LOOP('',(#2057));
#467=EDGE_LOOP('',(#2058));
#468=EDGE_LOOP('',(#2059));
#469=EDGE_LOOP('',(#2060));
#470=EDGE_LOOP('',(#2061));
#471=EDGE_LOOP('',(#2062));
#472=EDGE_LOOP('',(#2063));
#473=EDGE_LOOP('',(#2064));
#474=EDGE_LOOP('',(#2065));
#475=EDGE_LOOP('',(#2066));
#476=EDGE_LOOP('',(#2067));
#477=EDGE_LOOP('',(#2068));
#478=EDGE_LOOP('',(#2069));
#479=EDGE_LOOP('',(#2070));
#480=EDGE_LOOP('',(#2071));
#481=EDGE_LOOP('',(#2072));
#482=EDGE_LOOP('',(#2073));
#483=EDGE_LOOP('',(#2074));
#484=EDGE_LOOP('',(#2075));
#485=EDGE_LOOP('',(#2076));
#486=EDGE_LOOP('',(#2077));
#487=EDGE_LOOP('',(#2078));
#488=EDGE_LOOP('',(#2079));
#489=EDGE_LOOP('',(#2080));
#490=EDGE_LOOP('',(#2081));
#491=EDGE_LOOP('',(#2082));
#492=EDGE_LOOP('',(#2083));
#493=EDGE_LOOP('',(#2084));
#494=EDGE_LOOP('',(#2085));
#495=EDGE_LOOP('',(#2086));
#496=EDGE_LOOP('',(#2087));
#497=EDGE_LOOP('',(#2088));
#498=EDGE_LOOP('',(#2089));
#499=EDGE_LOOP('',(#2090));
#500=EDGE_LOOP('',(#2091));
#501=EDGE_LOOP('',(#2092));
#502=EDGE_LOOP('',(#2093));
#503=EDGE_LOOP('',(#2094));
#504=EDGE_LOOP('',(#2095));
#505=EDGE_LOOP('',(#2096));
#506=EDGE_LOOP('',(#2097));
#507=EDGE_LOOP('',(#2098));
#508=EDGE_LOOP('',(#2099));
#509=EDGE_LOOP('',(#2100));
#510=EDGE_LOOP('',(#2101));
#511=EDGE_LOOP('',(#2102));
#512=EDGE_LOOP('',(#2103));
#513=EDGE_LOOP('',(#2104));
#514=EDGE_LOOP('',(#2105));
#515=EDGE_LOOP('',(#2106));
#516=EDGE_LOOP('',(#2107));
#517=EDGE_LOOP('',(#2108));
#518=EDGE_LOOP('',(#2109));
#519=EDGE_LOOP('',(#2110));
#520=EDGE_LOOP('',(#2111));
#521=EDGE_LOOP('',(#2112));
#522=EDGE_LOOP('',(#2113));
#523=EDGE_LOOP('',(#2114));
#524=EDGE_LOOP('',(#2115));
#525=EDGE_LOOP('',(#2116));
#526=EDGE_LOOP('',(#2117));
#527=EDGE_LOOP('',(#2118));
#528=EDGE_LOOP('',(#2119));
#529=EDGE_LOOP('',(#2120));
#530=EDGE_LOOP('',(#2121,#2122,#2123,#2124,#2125,#2126,#2127,#2128));
#531=EDGE_LOOP('',(#2129));
#532=EDGE_LOOP('',(#2130));
#533=EDGE_LOOP('',(#2131));
#534=EDGE_LOOP('',(#2132));
#535=EDGE_LOOP('',(#2133));
#536=EDGE_LOOP('',(#2134));
#537=EDGE_LOOP('',(#2135));
#538=EDGE_LOOP('',(#2136));
#539=EDGE_LOOP('',(#2137));
#540=EDGE_LOOP('',(#2138));
#541=EDGE_LOOP('',(#2139));
#542=EDGE_LOOP('',(#2140));
#543=EDGE_LOOP('',(#2141));
#544=EDGE_LOOP('',(#2142));
#545=EDGE_LOOP('',(#2143));
#546=EDGE_LOOP('',(#2144));
#547=EDGE_LOOP('',(#2145));
#548=EDGE_LOOP('',(#2146));
#549=EDGE_LOOP('',(#2147));
#550=EDGE_LOOP('',(#2148));
#551=EDGE_LOOP('',(#2149));
#552=EDGE_LOOP('',(#2150));
#553=EDGE_LOOP('',(#2151));
#554=EDGE_LOOP('',(#2152));
#555=EDGE_LOOP('',(#2153));
#556=EDGE_LOOP('',(#2154));
#557=EDGE_LOOP('',(#2155));
#558=EDGE_LOOP('',(#2156));
#559=EDGE_LOOP('',(#2157));
#560=EDGE_LOOP('',(#2158));
#561=EDGE_LOOP('',(#2159));
#562=EDGE_LOOP('',(#2160));
#563=EDGE_LOOP('',(#2161));
#564=EDGE_LOOP('',(#2162));
#565=EDGE_LOOP('',(#2163));
#566=EDGE_LOOP('',(#2164));
#567=EDGE_LOOP('',(#2165));
#568=EDGE_LOOP('',(#2166));
#569=EDGE_LOOP('',(#2167));
#570=EDGE_LOOP('',(#2168));
#571=EDGE_LOOP('',(#2169));
#572=EDGE_LOOP('',(#2170));
#573=EDGE_LOOP('',(#2171));
#574=EDGE_LOOP('',(#2172));
#575=EDGE_LOOP('',(#2173));
#576=EDGE_LOOP('',(#2174));
#577=EDGE_LOOP('',(#2175));
#578=EDGE_LOOP('',(#2176));
#579=EDGE_LOOP('',(#2177));
#580=EDGE_LOOP('',(#2178));
#581=EDGE_LOOP('',(#2179));
#582=EDGE_LOOP('',(#2180));
#583=EDGE_LOOP('',(#2181));
#584=EDGE_LOOP('',(#2182));
#585=EDGE_LOOP('',(#2183));
#586=EDGE_LOOP('',(#2184));
#587=EDGE_LOOP('',(#2185));
#588=EDGE_LOOP('',(#2186));
#589=EDGE_LOOP('',(#2187));
#590=EDGE_LOOP('',(#2188));
#591=EDGE_LOOP('',(#2189));
#592=EDGE_LOOP('',(#2190));
#593=EDGE_LOOP('',(#2191));
#594=EDGE_LOOP('',(#2192));
#595=EDGE_LOOP('',(#2193));
#596=EDGE_LOOP('',(#2194));
#597=EDGE_LOOP('',(#2195));
#598=EDGE_LOOP('',(#2196));
#599=EDGE_LOOP('',(#2197));
#600=EDGE_LOOP('',(#2198));
#601=EDGE_LOOP('',(#2199));
#602=EDGE_LOOP('',(#2200));
#603=EDGE_LOOP('',(#2201));
#604=EDGE_LOOP('',(#2202));
#605=EDGE_LOOP('',(#2203));
#606=EDGE_LOOP('',(#2204));
#607=EDGE_LOOP('',(#2205));
#608=EDGE_LOOP('',(#2206));
#609=EDGE_LOOP('',(#2207));
#610=EDGE_LOOP('',(#2208));
#611=EDGE_LOOP('',(#2209));
#612=EDGE_LOOP('',(#2210));
#613=EDGE_LOOP('',(#2211));
#614=EDGE_LOOP('',(#2212));
#615=EDGE_LOOP('',(#2213));
#616=EDGE_LOOP('',(#2214));
#617=EDGE_LOOP('',(#2215));
#618=EDGE_LOOP('',(#2216));
#619=EDGE_LOOP('',(#2217));
#620=EDGE_LOOP('',(#2218));
#621=EDGE_LOOP('',(#2219));
#622=EDGE_LOOP('',(#2220));
#623=EDGE_LOOP('',(#2221));
#624=EDGE_LOOP('',(#2222));
#625=EDGE_LOOP('',(#2223));
#626=EDGE_LOOP('',(#2224));
#627=EDGE_LOOP('',(#2225));
#628=EDGE_LOOP('',(#2226));
#629=LINE('',#3496,#743);
#630=LINE('',#3502,#744);
#631=LINE('',#3508,#745);
#632=LINE('',#3514,#746);
#633=LINE('',#3520,#747);
#634=LINE('',#3526,#748);
#635=LINE('',#3532,#749);
#636=LINE('',#3538,#750);
#637=LINE('',#3544,#751);
#638=LINE('',#3550,#752);
#639=LINE('',#3556,#753);
#640=LINE('',#3562,#754);
#641=LINE('',#3568,#755);
#642=LINE('',#3574,#756);
#643=LINE('',#3580,#757);
#644=LINE('',#3586,#758);
#645=LINE('',#3592,#759);
#646=LINE('',#3598,#760);
#647=LINE('',#3604,#761);
#648=LINE('',#3610,#762);
#649=LINE('',#3616,#763);
#650=LINE('',#3622,#764);
#651=LINE('',#3628,#765);
#652=LINE('',#3634,#766);
#653=LINE('',#3640,#767);
#654=LINE('',#3646,#768);
#655=LINE('',#3652,#769);
#656=LINE('',#3658,#770);
#657=LINE('',#3664,#771);
#658=LINE('',#3670,#772);
#659=LINE('',#3676,#773);
#660=LINE('',#3682,#774);
#661=LINE('',#3688,#775);
#662=LINE('',#3694,#776);
#663=LINE('',#3700,#777);
#664=LINE('',#3706,#778);
#665=LINE('',#3712,#779);
#666=LINE('',#3718,#780);
#667=LINE('',#3724,#781);
#668=LINE('',#3730,#782);
#669=LINE('',#3736,#783);
#670=LINE('',#3742,#784);
#671=LINE('',#3748,#785);
#672=LINE('',#3754,#786);
#673=LINE('',#3760,#787);
#674=LINE('',#3766,#788);
#675=LINE('',#3772,#789);
#676=LINE('',#3778,#790);
#677=LINE('',#3784,#791);
#678=LINE('',#3790,#792);
#679=LINE('',#3796,#793);
#680=LINE('',#3802,#794);
#681=LINE('',#3808,#795);
#682=LINE('',#3814,#796);
#683=LINE('',#3820,#797);
#684=LINE('',#3826,#798);
#685=LINE('',#3832,#799);
#686=LINE('',#3838,#800);
#687=LINE('',#3844,#801);
#688=LINE('',#3850,#802);
#689=LINE('',#3856,#803);
#690=LINE('',#3862,#804);
#691=LINE('',#3868,#805);
#692=LINE('',#3874,#806);
#693=LINE('',#3880,#807);
#694=LINE('',#3886,#808);
#695=LINE('',#3892,#809);
#696=LINE('',#3898,#810);
#697=LINE('',#3904,#811);
#698=LINE('',#3910,#812);
#699=LINE('',#3916,#813);
#700=LINE('',#3922,#814);
#701=LINE('',#3928,#815);
#702=LINE('',#3934,#816);
#703=LINE('',#3940,#817);
#704=LINE('',#3946,#818);
#705=LINE('',#3952,#819);
#706=LINE('',#3958,#820);
#707=LINE('',#3964,#821);
#708=LINE('',#3970,#822);
#709=LINE('',#3976,#823);
#710=LINE('',#3982,#824);
#711=LINE('',#3988,#825);
#712=LINE('',#3994,#826);
#713=LINE('',#4000,#827);
#714=LINE('',#4006,#828);
#715=LINE('',#4012,#829);
#716=LINE('',#4018,#830);
#717=LINE('',#4024,#831);
#718=LINE('',#4030,#832);
#719=LINE('',#4036,#833);
#720=LINE('',#4042,#834);
#721=LINE('',#4048,#835);
#722=LINE('',#4054,#836);
#723=LINE('',#4060,#837);
#724=LINE('',#4066,#838);
#725=LINE('',#4072,#839);
#726=LINE('',#4078,#840);
#727=LINE('',#4083,#841);
#728=LINE('',#4085,#842);
#729=LINE('',#4087,#843);
#730=LINE('',#4088,#844);
#731=LINE('',#4094,#845);
#732=LINE('',#4097,#846);
#733=LINE('',#4099,#847);
#734=LINE('',#4100,#848);
#735=LINE('',#4106,#849);
#736=LINE('',#4109,#850);
#737=LINE('',#4111,#851);
#738=LINE('',#4112,#852);
#739=LINE('',#4118,#853);
#740=LINE('',#4121,#854);
#741=LINE('',#4123,#855);
#742=LINE('',#4124,#856);
#743=VECTOR('',#2757,0.6);
#744=VECTOR('',#2764,0.6);
#745=VECTOR('',#2771,0.95);
#746=VECTOR('',#2778,1.725);
#747=VECTOR('',#2785,0.95);
#748=VECTOR('',#2792,0.6);
#749=VECTOR('',#2799,0.6);
#750=VECTOR('',#2806,0.6);
#751=VECTOR('',#2813,0.95);
#752=VECTOR('',#2820,1.725);
#753=VECTOR('',#2827,0.95);
#754=VECTOR('',#2834,0.95);
#755=VECTOR('',#2841,0.6);
#756=VECTOR('',#2848,0.5);
#757=VECTOR('',#2855,0.5);
#758=VECTOR('',#2862,0.5);
#759=VECTOR('',#2869,0.5);
#760=VECTOR('',#2876,0.5);
#761=VECTOR('',#2883,0.5);
#762=VECTOR('',#2890,0.5);
#763=VECTOR('',#2897,0.5);
#764=VECTOR('',#2904,0.5);
#765=VECTOR('',#2911,0.5);
#766=VECTOR('',#2918,0.5);
#767=VECTOR('',#2925,0.5);
#768=VECTOR('',#2932,0.5);
#769=VECTOR('',#2939,0.5);
#770=VECTOR('',#2946,0.5);
#771=VECTOR('',#2953,0.5);
#772=VECTOR('',#2960,0.5);
#773=VECTOR('',#2967,0.5);
#774=VECTOR('',#2974,0.6);
#775=VECTOR('',#2981,0.6);
#776=VECTOR('',#2988,1.725);
#777=VECTOR('',#2995,0.95);
#778=VECTOR('',#3002,0.95);
#779=VECTOR('',#3009,0.6);
#780=VECTOR('',#3016,0.6);
#781=VECTOR('',#3023,0.6);
#782=VECTOR('',#3030,1.725);
#783=VECTOR('',#3037,0.95);
#784=VECTOR('',#3044,0.6);
#785=VECTOR('',#3051,0.6);
#786=VECTOR('',#3058,0.95);
#787=VECTOR('',#3065,1.725);
#788=VECTOR('',#3072,0.95);
#789=VECTOR('',#3079,0.6);
#790=VECTOR('',#3086,0.6);
#791=VECTOR('',#3093,0.6);
#792=VECTOR('',#3100,0.95);
#793=VECTOR('',#3107,1.725);
#794=VECTOR('',#3114,0.95);
#795=VECTOR('',#3121,0.95);
#796=VECTOR('',#3128,0.6);
#797=VECTOR('',#3135,0.6);
#798=VECTOR('',#3142,0.95);
#799=VECTOR('',#3149,1.725);
#800=VECTOR('',#3156,0.95);
#801=VECTOR('',#3163,0.6);
#802=VECTOR('',#3170,0.6);
#803=VECTOR('',#3177,0.95);
#804=VECTOR('',#3184,1.725);
#805=VECTOR('',#3191,0.95);
#806=VECTOR('',#3198,0.95);
#807=VECTOR('',#3205,1.725);
#808=VECTOR('',#3212,0.95);
#809=VECTOR('',#3219,0.95);
#810=VECTOR('',#3226,0.6);
#811=VECTOR('',#3233,0.6);
#812=VECTOR('',#3240,0.95);
#813=VECTOR('',#3247,1.725);
#814=VECTOR('',#3254,0.95);
#815=VECTOR('',#3261,0.95);
#816=VECTOR('',#3268,0.6);
#817=VECTOR('',#3275,1.725);
#818=VECTOR('',#3282,0.95);
#819=VECTOR('',#3289,0.95);
#820=VECTOR('',#3296,0.6);
#821=VECTOR('',#3303,0.6);
#822=VECTOR('',#3310,0.6);
#823=VECTOR('',#3317,1.725);
#824=VECTOR('',#3324,0.95);
#825=VECTOR('',#3331,0.6);
#826=VECTOR('',#3338,0.6);
#827=VECTOR('',#3345,1.725);
#828=VECTOR('',#3352,0.95);
#829=VECTOR('',#3359,0.95);
#830=VECTOR('',#3366,0.6);
#831=VECTOR('',#3373,0.6);
#832=VECTOR('',#3380,1.725);
#833=VECTOR('',#3387,0.95);
#834=VECTOR('',#3394,0.95);
#835=VECTOR('',#3401,1.725);
#836=VECTOR('',#3408,0.95);
#837=VECTOR('',#3415,0.6);
#838=VECTOR('',#3422,0.6);
#839=VECTOR('',#3429,1.725);
#840=VECTOR('',#3436,0.95);
#841=VECTOR('',#3441,1.);
#842=VECTOR('',#3442,10.);
#843=VECTOR('',#3443,1.);
#844=VECTOR('',#3444,10.);
#845=VECTOR('',#3451,10.);
#846=VECTOR('',#3454,1.);
#847=VECTOR('',#3455,1.);
#848=VECTOR('',#3456,10.);
#849=VECTOR('',#3463,10.);
#850=VECTOR('',#3466,1.);
#851=VECTOR('',#3467,1.);
#852=VECTOR('',#3468,10.);
#853=VECTOR('',#3475,10.);
#854=VECTOR('',#3478,1.);
#855=VECTOR('',#3479,1.);
#856=VECTOR('',#3480,10.);
#857=CIRCLE('',#2440,0.6);
#858=CIRCLE('',#2441,0.6);
#859=CIRCLE('',#2443,0.6);
#860=CIRCLE('',#2444,0.6);
#861=CIRCLE('',#2446,0.95);
#862=CIRCLE('',#2447,0.95);
#863=CIRCLE('',#2449,1.725);
#864=CIRCLE('',#2450,1.725);
#865=CIRCLE('',#2452,0.95);
#866=CIRCLE('',#2453,0.95);
#867=CIRCLE('',#2455,0.6);
#868=CIRCLE('',#2456,0.6);
#869=CIRCLE('',#2458,0.6);
#870=CIRCLE('',#2459,0.6);
#871=CIRCLE('',#2461,0.6);
#872=CIRCLE('',#2462,0.6);
#873=CIRCLE('',#2464,0.95);
#874=CIRCLE('',#2465,0.95);
#875=CIRCLE('',#2467,1.725);
#876=CIRCLE('',#2468,1.725);
#877=CIRCLE('',#2470,0.95);
#878=CIRCLE('',#2471,0.95);
#879=CIRCLE('',#2473,0.95);
#880=CIRCLE('',#2474,0.95);
#881=CIRCLE('',#2476,0.6);
#882=CIRCLE('',#2477,0.6);
#883=CIRCLE('',#2479,0.5);
#884=CIRCLE('',#2480,0.5);
#885=CIRCLE('',#2482,0.5);
#886=CIRCLE('',#2483,0.5);
#887=CIRCLE('',#2485,0.5);
#888=CIRCLE('',#2486,0.5);
#889=CIRCLE('',#2488,0.5);
#890=CIRCLE('',#2489,0.5);
#891=CIRCLE('',#2491,0.5);
#892=CIRCLE('',#2492,0.5);
#893=CIRCLE('',#2494,0.5);
#894=CIRCLE('',#2495,0.5);
#895=CIRCLE('',#2497,0.5);
#896=CIRCLE('',#2498,0.5);
#897=CIRCLE('',#2500,0.5);
#898=CIRCLE('',#2501,0.5);
#899=CIRCLE('',#2503,0.5);
#900=CIRCLE('',#2504,0.5);
#901=CIRCLE('',#2506,0.5);
#902=CIRCLE('',#2507,0.5);
#903=CIRCLE('',#2509,0.5);
#904=CIRCLE('',#2510,0.5);
#905=CIRCLE('',#2512,0.5);
#906=CIRCLE('',#2513,0.5);
#907=CIRCLE('',#2515,0.5);
#908=CIRCLE('',#2516,0.5);
#909=CIRCLE('',#2518,0.5);
#910=CIRCLE('',#2519,0.5);
#911=CIRCLE('',#2521,0.5);
#912=CIRCLE('',#2522,0.5);
#913=CIRCLE('',#2524,0.5);
#914=CIRCLE('',#2525,0.5);
#915=CIRCLE('',#2527,0.5);
#916=CIRCLE('',#2528,0.5);
#917=CIRCLE('',#2530,0.5);
#918=CIRCLE('',#2531,0.5);
#919=CIRCLE('',#2533,0.6);
#920=CIRCLE('',#2534,0.6);
#921=CIRCLE('',#2536,0.6);
#922=CIRCLE('',#2537,0.6);
#923=CIRCLE('',#2539,1.725);
#924=CIRCLE('',#2540,1.725);
#925=CIRCLE('',#2542,0.95);
#926=CIRCLE('',#2543,0.95);
#927=CIRCLE('',#2545,0.95);
#928=CIRCLE('',#2546,0.95);
#929=CIRCLE('',#2548,0.6);
#930=CIRCLE('',#2549,0.6);
#931=CIRCLE('',#2551,0.6);
#932=CIRCLE('',#2552,0.6);
#933=CIRCLE('',#2554,0.6);
#934=CIRCLE('',#2555,0.6);
#935=CIRCLE('',#2557,1.725);
#936=CIRCLE('',#2558,1.725);
#937=CIRCLE('',#2560,0.95);
#938=CIRCLE('',#2561,0.95);
#939=CIRCLE('',#2563,0.6);
#940=CIRCLE('',#2564,0.6);
#941=CIRCLE('',#2566,0.6);
#942=CIRCLE('',#2567,0.6);
#943=CIRCLE('',#2569,0.95);
#944=CIRCLE('',#2570,0.95);
#945=CIRCLE('',#2572,1.725);
#946=CIRCLE('',#2573,1.725);
#947=CIRCLE('',#2575,0.95);
#948=CIRCLE('',#2576,0.95);
#949=CIRCLE('',#2578,0.6);
#950=CIRCLE('',#2579,0.6);
#951=CIRCLE('',#2581,0.6);
#952=CIRCLE('',#2582,0.6);
#953=CIRCLE('',#2584,0.6);
#954=CIRCLE('',#2585,0.6);
#955=CIRCLE('',#2587,0.95);
#956=CIRCLE('',#2588,0.95);
#957=CIRCLE('',#2590,1.725);
#958=CIRCLE('',#2591,1.725);
#959=CIRCLE('',#2593,0.95);
#960=CIRCLE('',#2594,0.95);
#961=CIRCLE('',#2596,0.95);
#962=CIRCLE('',#2597,0.95);
#963=CIRCLE('',#2599,0.6);
#964=CIRCLE('',#2600,0.6);
#965=CIRCLE('',#2602,0.6);
#966=CIRCLE('',#2603,0.6);
#967=CIRCLE('',#2605,0.95);
#968=CIRCLE('',#2606,0.95);
#969=CIRCLE('',#2608,1.725);
#970=CIRCLE('',#2609,1.725);
#971=CIRCLE('',#2611,0.95);
#972=CIRCLE('',#2612,0.95);
#973=CIRCLE('',#2614,0.6);
#974=CIRCLE('',#2615,0.6);
#975=CIRCLE('',#2617,0.6);
#976=CIRCLE('',#2618,0.6);
#977=CIRCLE('',#2620,0.95);
#978=CIRCLE('',#2621,0.95);
#979=CIRCLE('',#2623,1.725);
#980=CIRCLE('',#2624,1.725);
#981=CIRCLE('',#2626,0.95);
#982=CIRCLE('',#2627,0.95);
#983=CIRCLE('',#2629,0.95);
#984=CIRCLE('',#2630,0.95);
#985=CIRCLE('',#2632,1.725);
#986=CIRCLE('',#2633,1.725);
#987=CIRCLE('',#2635,0.95);
#988=CIRCLE('',#2636,0.95);
#989=CIRCLE('',#2638,0.95);
#990=CIRCLE('',#2639,0.95);
#991=CIRCLE('',#2641,0.6);
#992=CIRCLE('',#2642,0.6);
#993=CIRCLE('',#2644,0.6);
#994=CIRCLE('',#2645,0.6);
#995=CIRCLE('',#2647,0.95);
#996=CIRCLE('',#2648,0.95);
#997=CIRCLE('',#2650,1.725);
#998=CIRCLE('',#2651,1.725);
#999=CIRCLE('',#2653,0.95);
#1000=CIRCLE('',#2654,0.95);
#1001=CIRCLE('',#2656,0.95);
#1002=CIRCLE('',#2657,0.95);
#1003=CIRCLE('',#2659,0.6);
#1004=CIRCLE('',#2660,0.6);
#1005=CIRCLE('',#2662,1.725);
#1006=CIRCLE('',#2663,1.725);
#1007=CIRCLE('',#2665,0.95);
#1008=CIRCLE('',#2666,0.95);
#1009=CIRCLE('',#2668,0.95);
#1010=CIRCLE('',#2669,0.95);
#1011=CIRCLE('',#2671,0.6);
#1012=CIRCLE('',#2672,0.6);
#1013=CIRCLE('',#2674,0.6);
#1014=CIRCLE('',#2675,0.6);
#1015=CIRCLE('',#2677,0.6);
#1016=CIRCLE('',#2678,0.6);
#1017=CIRCLE('',#2680,1.725);
#1018=CIRCLE('',#2681,1.725);
#1019=CIRCLE('',#2683,0.95);
#1020=CIRCLE('',#2684,0.95);
#1021=CIRCLE('',#2686,0.6);
#1022=CIRCLE('',#2687,0.6);
#1023=CIRCLE('',#2689,0.6);
#1024=CIRCLE('',#2690,0.6);
#1025=CIRCLE('',#2692,1.725);
#1026=CIRCLE('',#2693,1.725);
#1027=CIRCLE('',#2695,0.95);
#1028=CIRCLE('',#2696,0.95);
#1029=CIRCLE('',#2698,0.95);
#1030=CIRCLE('',#2699,0.95);
#1031=CIRCLE('',#2701,0.6);
#1032=CIRCLE('',#2702,0.6);
#1033=CIRCLE('',#2704,0.6);
#1034=CIRCLE('',#2705,0.6);
#1035=CIRCLE('',#2707,1.725);
#1036=CIRCLE('',#2708,1.725);
#1037=CIRCLE('',#2710,0.95);
#1038=CIRCLE('',#2711,0.95);
#1039=CIRCLE('',#2713,0.95);
#1040=CIRCLE('',#2714,0.95);
#1041=CIRCLE('',#2716,1.725);
#1042=CIRCLE('',#2717,1.725);
#1043=CIRCLE('',#2719,0.95);
#1044=CIRCLE('',#2720,0.95);
#1045=CIRCLE('',#2722,0.6);
#1046=CIRCLE('',#2723,0.6);
#1047=CIRCLE('',#2725,0.6);
#1048=CIRCLE('',#2726,0.6);
#1049=CIRCLE('',#2728,1.725);
#1050=CIRCLE('',#2729,1.725);
#1051=CIRCLE('',#2731,0.95);
#1052=CIRCLE('',#2732,0.95);
#1053=CIRCLE('',#2735,9.525000310017);
#1054=CIRCLE('',#2736,9.525000310017);
#1055=CIRCLE('',#2739,9.525000310017);
#1056=CIRCLE('',#2740,9.525000310017);
#1057=CIRCLE('',#2743,9.525000310017);
#1058=CIRCLE('',#2744,9.525000310017);
#1059=CIRCLE('',#2747,9.525000310017);
#1060=CIRCLE('',#2748,9.525000310017);
#1061=VERTEX_POINT('',#3493);
#1062=VERTEX_POINT('',#3495);
#1063=VERTEX_POINT('',#3499);
#1064=VERTEX_POINT('',#3501);
#1065=VERTEX_POINT('',#3505);
#1066=VERTEX_POINT('',#3507);
#1067=VERTEX_POINT('',#3511);
#1068=VERTEX_POINT('',#3513);
#1069=VERTEX_POINT('',#3517);
#1070=VERTEX_POINT('',#3519);
#1071=VERTEX_POINT('',#3523);
#1072=VERTEX_POINT('',#3525);
#1073=VERTEX_POINT('',#3529);
#1074=VERTEX_POINT('',#3531);
#1075=VERTEX_POINT('',#3535);
#1076=VERTEX_POINT('',#3537);
#1077=VERTEX_POINT('',#3541);
#1078=VERTEX_POINT('',#3543);
#1079=VERTEX_POINT('',#3547);
#1080=VERTEX_POINT('',#3549);
#1081=VERTEX_POINT('',#3553);
#1082=VERTEX_POINT('',#3555);
#1083=VERTEX_POINT('',#3559);
#1084=VERTEX_POINT('',#3561);
#1085=VERTEX_POINT('',#3565);
#1086=VERTEX_POINT('',#3567);
#1087=VERTEX_POINT('',#3571);
#1088=VERTEX_POINT('',#3573);
#1089=VERTEX_POINT('',#3577);
#1090=VERTEX_POINT('',#3579);
#1091=VERTEX_POINT('',#3583);
#1092=VERTEX_POINT('',#3585);
#1093=VERTEX_POINT('',#3589);
#1094=VERTEX_POINT('',#3591);
#1095=VERTEX_POINT('',#3595);
#1096=VERTEX_POINT('',#3597);
#1097=VERTEX_POINT('',#3601);
#1098=VERTEX_POINT('',#3603);
#1099=VERTEX_POINT('',#3607);
#1100=VERTEX_POINT('',#3609);
#1101=VERTEX_POINT('',#3613);
#1102=VERTEX_POINT('',#3615);
#1103=VERTEX_POINT('',#3619);
#1104=VERTEX_POINT('',#3621);
#1105=VERTEX_POINT('',#3625);
#1106=VERTEX_POINT('',#3627);
#1107=VERTEX_POINT('',#3631);
#1108=VERTEX_POINT('',#3633);
#1109=VERTEX_POINT('',#3637);
#1110=VERTEX_POINT('',#3639);
#1111=VERTEX_POINT('',#3643);
#1112=VERTEX_POINT('',#3645);
#1113=VERTEX_POINT('',#3649);
#1114=VERTEX_POINT('',#3651);
#1115=VERTEX_POINT('',#3655);
#1116=VERTEX_POINT('',#3657);
#1117=VERTEX_POINT('',#3661);
#1118=VERTEX_POINT('',#3663);
#1119=VERTEX_POINT('',#3667);
#1120=VERTEX_POINT('',#3669);
#1121=VERTEX_POINT('',#3673);
#1122=VERTEX_POINT('',#3675);
#1123=VERTEX_POINT('',#3679);
#1124=VERTEX_POINT('',#3681);
#1125=VERTEX_POINT('',#3685);
#1126=VERTEX_POINT('',#3687);
#1127=VERTEX_POINT('',#3691);
#1128=VERTEX_POINT('',#3693);
#1129=VERTEX_POINT('',#3697);
#1130=VERTEX_POINT('',#3699);
#1131=VERTEX_POINT('',#3703);
#1132=VERTEX_POINT('',#3705);
#1133=VERTEX_POINT('',#3709);
#1134=VERTEX_POINT('',#3711);
#1135=VERTEX_POINT('',#3715);
#1136=VERTEX_POINT('',#3717);
#1137=VERTEX_POINT('',#3721);
#1138=VERTEX_POINT('',#3723);
#1139=VERTEX_POINT('',#3727);
#1140=VERTEX_POINT('',#3729);
#1141=VERTEX_POINT('',#3733);
#1142=VERTEX_POINT('',#3735);
#1143=VERTEX_POINT('',#3739);
#1144=VERTEX_POINT('',#3741);
#1145=VERTEX_POINT('',#3745);
#1146=VERTEX_POINT('',#3747);
#1147=VERTEX_POINT('',#3751);
#1148=VERTEX_POINT('',#3753);
#1149=VERTEX_POINT('',#3757);
#1150=VERTEX_POINT('',#3759);
#1151=VERTEX_POINT('',#3763);
#1152=VERTEX_POINT('',#3765);
#1153=VERTEX_POINT('',#3769);
#1154=VERTEX_POINT('',#3771);
#1155=VERTEX_POINT('',#3775);
#1156=VERTEX_POINT('',#3777);
#1157=VERTEX_POINT('',#3781);
#1158=VERTEX_POINT('',#3783);
#1159=VERTEX_POINT('',#3787);
#1160=VERTEX_POINT('',#3789);
#1161=VERTEX_POINT('',#3793);
#1162=VERTEX_POINT('',#3795);
#1163=VERTEX_POINT('',#3799);
#1164=VERTEX_POINT('',#3801);
#1165=VERTEX_POINT('',#3805);
#1166=VERTEX_POINT('',#3807);
#1167=VERTEX_POINT('',#3811);
#1168=VERTEX_POINT('',#3813);
#1169=VERTEX_POINT('',#3817);
#1170=VERTEX_POINT('',#3819);
#1171=VERTEX_POINT('',#3823);
#1172=VERTEX_POINT('',#3825);
#1173=VERTEX_POINT('',#3829);
#1174=VERTEX_POINT('',#3831);
#1175=VERTEX_POINT('',#3835);
#1176=VERTEX_POINT('',#3837);
#1177=VERTEX_POINT('',#3841);
#1178=VERTEX_POINT('',#3843);
#1179=VERTEX_POINT('',#3847);
#1180=VERTEX_POINT('',#3849);
#1181=VERTEX_POINT('',#3853);
#1182=VERTEX_POINT('',#3855);
#1183=VERTEX_POINT('',#3859);
#1184=VERTEX_POINT('',#3861);
#1185=VERTEX_POINT('',#3865);
#1186=VERTEX_POINT('',#3867);
#1187=VERTEX_POINT('',#3871);
#1188=VERTEX_POINT('',#3873);
#1189=VERTEX_POINT('',#3877);
#1190=VERTEX_POINT('',#3879);
#1191=VERTEX_POINT('',#3883);
#1192=VERTEX_POINT('',#3885);
#1193=VERTEX_POINT('',#3889);
#1194=VERTEX_POINT('',#3891);
#1195=VERTEX_POINT('',#3895);
#1196=VERTEX_POINT('',#3897);
#1197=VERTEX_POINT('',#3901);
#1198=VERTEX_POINT('',#3903);
#1199=VERTEX_POINT('',#3907);
#1200=VERTEX_POINT('',#3909);
#1201=VERTEX_POINT('',#3913);
#1202=VERTEX_POINT('',#3915);
#1203=VERTEX_POINT('',#3919);
#1204=VERTEX_POINT('',#3921);
#1205=VERTEX_POINT('',#3925);
#1206=VERTEX_POINT('',#3927);
#1207=VERTEX_POINT('',#3931);
#1208=VERTEX_POINT('',#3933);
#1209=VERTEX_POINT('',#3937);
#1210=VERTEX_POINT('',#3939);
#1211=VERTEX_POINT('',#3943);
#1212=VERTEX_POINT('',#3945);
#1213=VERTEX_POINT('',#3949);
#1214=VERTEX_POINT('',#3951);
#1215=VERTEX_POINT('',#3955);
#1216=VERTEX_POINT('',#3957);
#1217=VERTEX_POINT('',#3961);
#1218=VERTEX_POINT('',#3963);
#1219=VERTEX_POINT('',#3967);
#1220=VERTEX_POINT('',#3969);
#1221=VERTEX_POINT('',#3973);
#1222=VERTEX_POINT('',#3975);
#1223=VERTEX_POINT('',#3979);
#1224=VERTEX_POINT('',#3981);
#1225=VERTEX_POINT('',#3985);
#1226=VERTEX_POINT('',#3987);
#1227=VERTEX_POINT('',#3991);
#1228=VERTEX_POINT('',#3993);
#1229=VERTEX_POINT('',#3997);
#1230=VERTEX_POINT('',#3999);
#1231=VERTEX_POINT('',#4003);
#1232=VERTEX_POINT('',#4005);
#1233=VERTEX_POINT('',#4009);
#1234=VERTEX_POINT('',#4011);
#1235=VERTEX_POINT('',#4015);
#1236=VERTEX_POINT('',#4017);
#1237=VERTEX_POINT('',#4021);
#1238=VERTEX_POINT('',#4023);
#1239=VERTEX_POINT('',#4027);
#1240=VERTEX_POINT('',#4029);
#1241=VERTEX_POINT('',#4033);
#1242=VERTEX_POINT('',#4035);
#1243=VERTEX_POINT('',#4039);
#1244=VERTEX_POINT('',#4041);
#1245=VERTEX_POINT('',#4045);
#1246=VERTEX_POINT('',#4047);
#1247=VERTEX_POINT('',#4051);
#1248=VERTEX_POINT('',#4053);
#1249=VERTEX_POINT('',#4057);
#1250=VERTEX_POINT('',#4059);
#1251=VERTEX_POINT('',#4063);
#1252=VERTEX_POINT('',#4065);
#1253=VERTEX_POINT('',#4069);
#1254=VERTEX_POINT('',#4071);
#1255=VERTEX_POINT('',#4075);
#1256=VERTEX_POINT('',#4077);
#1257=VERTEX_POINT('',#4081);
#1258=VERTEX_POINT('',#4082);
#1259=VERTEX_POINT('',#4084);
#1260=VERTEX_POINT('',#4086);
#1261=VERTEX_POINT('',#4090);
#1262=VERTEX_POINT('',#4092);
#1263=VERTEX_POINT('',#4096);
#1264=VERTEX_POINT('',#4098);
#1265=VERTEX_POINT('',#4102);
#1266=VERTEX_POINT('',#4104);
#1267=VERTEX_POINT('',#4108);
#1268=VERTEX_POINT('',#4110);
#1269=VERTEX_POINT('',#4114);
#1270=VERTEX_POINT('',#4116);
#1271=VERTEX_POINT('',#4120);
#1272=VERTEX_POINT('',#4122);
#1273=EDGE_CURVE('',#1061,#1061,#857,.T.);
#1274=EDGE_CURVE('',#1061,#1062,#629,.T.);
#1275=EDGE_CURVE('',#1062,#1062,#858,.T.);
#1276=EDGE_CURVE('',#1063,#1063,#859,.T.);
#1277=EDGE_CURVE('',#1063,#1064,#630,.T.);
#1278=EDGE_CURVE('',#1064,#1064,#860,.T.);
#1279=EDGE_CURVE('',#1065,#1065,#861,.T.);
#1280=EDGE_CURVE('',#1065,#1066,#631,.T.);
#1281=EDGE_CURVE('',#1066,#1066,#862,.T.);
#1282=EDGE_CURVE('',#1067,#1067,#863,.T.);
#1283=EDGE_CURVE('',#1067,#1068,#632,.T.);
#1284=EDGE_CURVE('',#1068,#1068,#864,.T.);
#1285=EDGE_CURVE('',#1069,#1069,#865,.T.);
#1286=EDGE_CURVE('',#1069,#1070,#633,.T.);
#1287=EDGE_CURVE('',#1070,#1070,#866,.T.);
#1288=EDGE_CURVE('',#1071,#1071,#867,.T.);
#1289=EDGE_CURVE('',#1071,#1072,#634,.T.);
#1290=EDGE_CURVE('',#1072,#1072,#868,.T.);
#1291=EDGE_CURVE('',#1073,#1073,#869,.T.);
#1292=EDGE_CURVE('',#1073,#1074,#635,.T.);
#1293=EDGE_CURVE('',#1074,#1074,#870,.T.);
#1294=EDGE_CURVE('',#1075,#1075,#871,.T.);
#1295=EDGE_CURVE('',#1075,#1076,#636,.T.);
#1296=EDGE_CURVE('',#1076,#1076,#872,.T.);
#1297=EDGE_CURVE('',#1077,#1077,#873,.T.);
#1298=EDGE_CURVE('',#1077,#1078,#637,.T.);
#1299=EDGE_CURVE('',#1078,#1078,#874,.T.);
#1300=EDGE_CURVE('',#1079,#1079,#875,.T.);
#1301=EDGE_CURVE('',#1079,#1080,#638,.T.);
#1302=EDGE_CURVE('',#1080,#1080,#876,.T.);
#1303=EDGE_CURVE('',#1081,#1081,#877,.T.);
#1304=EDGE_CURVE('',#1081,#1082,#639,.T.);
#1305=EDGE_CURVE('',#1082,#1082,#878,.T.);
#1306=EDGE_CURVE('',#1083,#1083,#879,.T.);
#1307=EDGE_CURVE('',#1083,#1084,#640,.T.);
#1308=EDGE_CURVE('',#1084,#1084,#880,.T.);
#1309=EDGE_CURVE('',#1085,#1085,#881,.T.);
#1310=EDGE_CURVE('',#1085,#1086,#641,.T.);
#1311=EDGE_CURVE('',#1086,#1086,#882,.T.);
#1312=EDGE_CURVE('',#1087,#1087,#883,.T.);
#1313=EDGE_CURVE('',#1087,#1088,#642,.T.);
#1314=EDGE_CURVE('',#1088,#1088,#884,.T.);
#1315=EDGE_CURVE('',#1089,#1089,#885,.T.);
#1316=EDGE_CURVE('',#1089,#1090,#643,.T.);
#1317=EDGE_CURVE('',#1090,#1090,#886,.T.);
#1318=EDGE_CURVE('',#1091,#1091,#887,.T.);
#1319=EDGE_CURVE('',#1091,#1092,#644,.T.);
#1320=EDGE_CURVE('',#1092,#1092,#888,.T.);
#1321=EDGE_CURVE('',#1093,#1093,#889,.T.);
#1322=EDGE_CURVE('',#1093,#1094,#645,.T.);
#1323=EDGE_CURVE('',#1094,#1094,#890,.T.);
#1324=EDGE_CURVE('',#1095,#1095,#891,.T.);
#1325=EDGE_CURVE('',#1095,#1096,#646,.T.);
#1326=EDGE_CURVE('',#1096,#1096,#892,.T.);
#1327=EDGE_CURVE('',#1097,#1097,#893,.T.);
#1328=EDGE_CURVE('',#1097,#1098,#647,.T.);
#1329=EDGE_CURVE('',#1098,#1098,#894,.T.);
#1330=EDGE_CURVE('',#1099,#1099,#895,.T.);
#1331=EDGE_CURVE('',#1099,#1100,#648,.T.);
#1332=EDGE_CURVE('',#1100,#1100,#896,.T.);
#1333=EDGE_CURVE('',#1101,#1101,#897,.T.);
#1334=EDGE_CURVE('',#1101,#1102,#649,.T.);
#1335=EDGE_CURVE('',#1102,#1102,#898,.T.);
#1336=EDGE_CURVE('',#1103,#1103,#899,.T.);
#1337=EDGE_CURVE('',#1103,#1104,#650,.T.);
#1338=EDGE_CURVE('',#1104,#1104,#900,.T.);
#1339=EDGE_CURVE('',#1105,#1105,#901,.T.);
#1340=EDGE_CURVE('',#1105,#1106,#651,.T.);
#1341=EDGE_CURVE('',#1106,#1106,#902,.T.);
#1342=EDGE_CURVE('',#1107,#1107,#903,.T.);
#1343=EDGE_CURVE('',#1107,#1108,#652,.T.);
#1344=EDGE_CURVE('',#1108,#1108,#904,.T.);
#1345=EDGE_CURVE('',#1109,#1109,#905,.T.);
#1346=EDGE_CURVE('',#1109,#1110,#653,.T.);
#1347=EDGE_CURVE('',#1110,#1110,#906,.T.);
#1348=EDGE_CURVE('',#1111,#1111,#907,.T.);
#1349=EDGE_CURVE('',#1111,#1112,#654,.T.);
#1350=EDGE_CURVE('',#1112,#1112,#908,.T.);
#1351=EDGE_CURVE('',#1113,#1113,#909,.T.);
#1352=EDGE_CURVE('',#1113,#1114,#655,.T.);
#1353=EDGE_CURVE('',#1114,#1114,#910,.T.);
#1354=EDGE_CURVE('',#1115,#1115,#911,.T.);
#1355=EDGE_CURVE('',#1115,#1116,#656,.T.);
#1356=EDGE_CURVE('',#1116,#1116,#912,.T.);
#1357=EDGE_CURVE('',#1117,#1117,#913,.T.);
#1358=EDGE_CURVE('',#1117,#1118,#657,.T.);
#1359=EDGE_CURVE('',#1118,#1118,#914,.T.);
#1360=EDGE_CURVE('',#1119,#1119,#915,.T.);
#1361=EDGE_CURVE('',#1119,#1120,#658,.T.);
#1362=EDGE_CURVE('',#1120,#1120,#916,.T.);
#1363=EDGE_CURVE('',#1121,#1121,#917,.T.);
#1364=EDGE_CURVE('',#1121,#1122,#659,.T.);
#1365=EDGE_CURVE('',#1122,#1122,#918,.T.);
#1366=EDGE_CURVE('',#1123,#1123,#919,.T.);
#1367=EDGE_CURVE('',#1123,#1124,#660,.T.);
#1368=EDGE_CURVE('',#1124,#1124,#920,.T.);
#1369=EDGE_CURVE('',#1125,#1125,#921,.T.);
#1370=EDGE_CURVE('',#1125,#1126,#661,.T.);
#1371=EDGE_CURVE('',#1126,#1126,#922,.T.);
#1372=EDGE_CURVE('',#1127,#1127,#923,.T.);
#1373=EDGE_CURVE('',#1127,#1128,#662,.T.);
#1374=EDGE_CURVE('',#1128,#1128,#924,.T.);
#1375=EDGE_CURVE('',#1129,#1129,#925,.T.);
#1376=EDGE_CURVE('',#1129,#1130,#663,.T.);
#1377=EDGE_CURVE('',#1130,#1130,#926,.T.);
#1378=EDGE_CURVE('',#1131,#1131,#927,.T.);
#1379=EDGE_CURVE('',#1131,#1132,#664,.T.);
#1380=EDGE_CURVE('',#1132,#1132,#928,.T.);
#1381=EDGE_CURVE('',#1133,#1133,#929,.T.);
#1382=EDGE_CURVE('',#1133,#1134,#665,.T.);
#1383=EDGE_CURVE('',#1134,#1134,#930,.T.);
#1384=EDGE_CURVE('',#1135,#1135,#931,.T.);
#1385=EDGE_CURVE('',#1135,#1136,#666,.T.);
#1386=EDGE_CURVE('',#1136,#1136,#932,.T.);
#1387=EDGE_CURVE('',#1137,#1137,#933,.T.);
#1388=EDGE_CURVE('',#1137,#1138,#667,.T.);
#1389=EDGE_CURVE('',#1138,#1138,#934,.T.);
#1390=EDGE_CURVE('',#1139,#1139,#935,.T.);
#1391=EDGE_CURVE('',#1139,#1140,#668,.T.);
#1392=EDGE_CURVE('',#1140,#1140,#936,.T.);
#1393=EDGE_CURVE('',#1141,#1141,#937,.T.);
#1394=EDGE_CURVE('',#1141,#1142,#669,.T.);
#1395=EDGE_CURVE('',#1142,#1142,#938,.T.);
#1396=EDGE_CURVE('',#1143,#1143,#939,.T.);
#1397=EDGE_CURVE('',#1143,#1144,#670,.T.);
#1398=EDGE_CURVE('',#1144,#1144,#940,.T.);
#1399=EDGE_CURVE('',#1145,#1145,#941,.T.);
#1400=EDGE_CURVE('',#1145,#1146,#671,.T.);
#1401=EDGE_CURVE('',#1146,#1146,#942,.T.);
#1402=EDGE_CURVE('',#1147,#1147,#943,.T.);
#1403=EDGE_CURVE('',#1147,#1148,#672,.T.);
#1404=EDGE_CURVE('',#1148,#1148,#944,.T.);
#1405=EDGE_CURVE('',#1149,#1149,#945,.T.);
#1406=EDGE_CURVE('',#1149,#1150,#673,.T.);
#1407=EDGE_CURVE('',#1150,#1150,#946,.T.);
#1408=EDGE_CURVE('',#1151,#1151,#947,.T.);
#1409=EDGE_CURVE('',#1151,#1152,#674,.T.);
#1410=EDGE_CURVE('',#1152,#1152,#948,.T.);
#1411=EDGE_CURVE('',#1153,#1153,#949,.T.);
#1412=EDGE_CURVE('',#1153,#1154,#675,.T.);
#1413=EDGE_CURVE('',#1154,#1154,#950,.T.);
#1414=EDGE_CURVE('',#1155,#1155,#951,.T.);
#1415=EDGE_CURVE('',#1155,#1156,#676,.T.);
#1416=EDGE_CURVE('',#1156,#1156,#952,.T.);
#1417=EDGE_CURVE('',#1157,#1157,#953,.T.);
#1418=EDGE_CURVE('',#1157,#1158,#677,.T.);
#1419=EDGE_CURVE('',#1158,#1158,#954,.T.);
#1420=EDGE_CURVE('',#1159,#1159,#955,.T.);
#1421=EDGE_CURVE('',#1159,#1160,#678,.T.);
#1422=EDGE_CURVE('',#1160,#1160,#956,.T.);
#1423=EDGE_CURVE('',#1161,#1161,#957,.T.);
#1424=EDGE_CURVE('',#1161,#1162,#679,.T.);
#1425=EDGE_CURVE('',#1162,#1162,#958,.T.);
#1426=EDGE_CURVE('',#1163,#1163,#959,.T.);
#1427=EDGE_CURVE('',#1163,#1164,#680,.T.);
#1428=EDGE_CURVE('',#1164,#1164,#960,.T.);
#1429=EDGE_CURVE('',#1165,#1165,#961,.T.);
#1430=EDGE_CURVE('',#1165,#1166,#681,.T.);
#1431=EDGE_CURVE('',#1166,#1166,#962,.T.);
#1432=EDGE_CURVE('',#1167,#1167,#963,.T.);
#1433=EDGE_CURVE('',#1167,#1168,#682,.T.);
#1434=EDGE_CURVE('',#1168,#1168,#964,.T.);
#1435=EDGE_CURVE('',#1169,#1169,#965,.T.);
#1436=EDGE_CURVE('',#1169,#1170,#683,.T.);
#1437=EDGE_CURVE('',#1170,#1170,#966,.T.);
#1438=EDGE_CURVE('',#1171,#1171,#967,.T.);
#1439=EDGE_CURVE('',#1171,#1172,#684,.T.);
#1440=EDGE_CURVE('',#1172,#1172,#968,.T.);
#1441=EDGE_CURVE('',#1173,#1173,#969,.T.);
#1442=EDGE_CURVE('',#1173,#1174,#685,.T.);
#1443=EDGE_CURVE('',#1174,#1174,#970,.T.);
#1444=EDGE_CURVE('',#1175,#1175,#971,.T.);
#1445=EDGE_CURVE('',#1175,#1176,#686,.T.);
#1446=EDGE_CURVE('',#1176,#1176,#972,.T.);
#1447=EDGE_CURVE('',#1177,#1177,#973,.T.);
#1448=EDGE_CURVE('',#1177,#1178,#687,.T.);
#1449=EDGE_CURVE('',#1178,#1178,#974,.T.);
#1450=EDGE_CURVE('',#1179,#1179,#975,.T.);
#1451=EDGE_CURVE('',#1179,#1180,#688,.T.);
#1452=EDGE_CURVE('',#1180,#1180,#976,.T.);
#1453=EDGE_CURVE('',#1181,#1181,#977,.T.);
#1454=EDGE_CURVE('',#1181,#1182,#689,.T.);
#1455=EDGE_CURVE('',#1182,#1182,#978,.T.);
#1456=EDGE_CURVE('',#1183,#1183,#979,.T.);
#1457=EDGE_CURVE('',#1183,#1184,#690,.T.);
#1458=EDGE_CURVE('',#1184,#1184,#980,.T.);
#1459=EDGE_CURVE('',#1185,#1185,#981,.T.);
#1460=EDGE_CURVE('',#1185,#1186,#691,.T.);
#1461=EDGE_CURVE('',#1186,#1186,#982,.T.);
#1462=EDGE_CURVE('',#1187,#1187,#983,.T.);
#1463=EDGE_CURVE('',#1187,#1188,#692,.T.);
#1464=EDGE_CURVE('',#1188,#1188,#984,.T.);
#1465=EDGE_CURVE('',#1189,#1189,#985,.T.);
#1466=EDGE_CURVE('',#1189,#1190,#693,.T.);
#1467=EDGE_CURVE('',#1190,#1190,#986,.T.);
#1468=EDGE_CURVE('',#1191,#1191,#987,.T.);
#1469=EDGE_CURVE('',#1191,#1192,#694,.T.);
#1470=EDGE_CURVE('',#1192,#1192,#988,.T.);
#1471=EDGE_CURVE('',#1193,#1193,#989,.T.);
#1472=EDGE_CURVE('',#1193,#1194,#695,.T.);
#1473=EDGE_CURVE('',#1194,#1194,#990,.T.);
#1474=EDGE_CURVE('',#1195,#1195,#991,.T.);
#1475=EDGE_CURVE('',#1195,#1196,#696,.T.);
#1476=EDGE_CURVE('',#1196,#1196,#992,.T.);
#1477=EDGE_CURVE('',#1197,#1197,#993,.T.);
#1478=EDGE_CURVE('',#1197,#1198,#697,.T.);
#1479=EDGE_CURVE('',#1198,#1198,#994,.T.);
#1480=EDGE_CURVE('',#1199,#1199,#995,.T.);
#1481=EDGE_CURVE('',#1199,#1200,#698,.T.);
#1482=EDGE_CURVE('',#1200,#1200,#996,.T.);
#1483=EDGE_CURVE('',#1201,#1201,#997,.T.);
#1484=EDGE_CURVE('',#1201,#1202,#699,.T.);
#1485=EDGE_CURVE('',#1202,#1202,#998,.T.);
#1486=EDGE_CURVE('',#1203,#1203,#999,.T.);
#1487=EDGE_CURVE('',#1203,#1204,#700,.T.);
#1488=EDGE_CURVE('',#1204,#1204,#1000,.T.);
#1489=EDGE_CURVE('',#1205,#1205,#1001,.T.);
#1490=EDGE_CURVE('',#1205,#1206,#701,.T.);
#1491=EDGE_CURVE('',#1206,#1206,#1002,.T.);
#1492=EDGE_CURVE('',#1207,#1207,#1003,.T.);
#1493=EDGE_CURVE('',#1207,#1208,#702,.T.);
#1494=EDGE_CURVE('',#1208,#1208,#1004,.T.);
#1495=EDGE_CURVE('',#1209,#1209,#1005,.T.);
#1496=EDGE_CURVE('',#1209,#1210,#703,.T.);
#1497=EDGE_CURVE('',#1210,#1210,#1006,.T.);
#1498=EDGE_CURVE('',#1211,#1211,#1007,.T.);
#1499=EDGE_CURVE('',#1211,#1212,#704,.T.);
#1500=EDGE_CURVE('',#1212,#1212,#1008,.T.);
#1501=EDGE_CURVE('',#1213,#1213,#1009,.T.);
#1502=EDGE_CURVE('',#1213,#1214,#705,.T.);
#1503=EDGE_CURVE('',#1214,#1214,#1010,.T.);
#1504=EDGE_CURVE('',#1215,#1215,#1011,.T.);
#1505=EDGE_CURVE('',#1215,#1216,#706,.T.);
#1506=EDGE_CURVE('',#1216,#1216,#1012,.T.);
#1507=EDGE_CURVE('',#1217,#1217,#1013,.T.);
#1508=EDGE_CURVE('',#1217,#1218,#707,.T.);
#1509=EDGE_CURVE('',#1218,#1218,#1014,.T.);
#1510=EDGE_CURVE('',#1219,#1219,#1015,.T.);
#1511=EDGE_CURVE('',#1219,#1220,#708,.T.);
#1512=EDGE_CURVE('',#1220,#1220,#1016,.T.);
#1513=EDGE_CURVE('',#1221,#1221,#1017,.T.);
#1514=EDGE_CURVE('',#1221,#1222,#709,.T.);
#1515=EDGE_CURVE('',#1222,#1222,#1018,.T.);
#1516=EDGE_CURVE('',#1223,#1223,#1019,.T.);
#1517=EDGE_CURVE('',#1223,#1224,#710,.T.);
#1518=EDGE_CURVE('',#1224,#1224,#1020,.T.);
#1519=EDGE_CURVE('',#1225,#1225,#1021,.T.);
#1520=EDGE_CURVE('',#1225,#1226,#711,.T.);
#1521=EDGE_CURVE('',#1226,#1226,#1022,.T.);
#1522=EDGE_CURVE('',#1227,#1227,#1023,.T.);
#1523=EDGE_CURVE('',#1227,#1228,#712,.T.);
#1524=EDGE_CURVE('',#1228,#1228,#1024,.T.);
#1525=EDGE_CURVE('',#1229,#1229,#1025,.T.);
#1526=EDGE_CURVE('',#1229,#1230,#713,.T.);
#1527=EDGE_CURVE('',#1230,#1230,#1026,.T.);
#1528=EDGE_CURVE('',#1231,#1231,#1027,.T.);
#1529=EDGE_CURVE('',#1231,#1232,#714,.T.);
#1530=EDGE_CURVE('',#1232,#1232,#1028,.T.);
#1531=EDGE_CURVE('',#1233,#1233,#1029,.T.);
#1532=EDGE_CURVE('',#1233,#1234,#715,.T.);
#1533=EDGE_CURVE('',#1234,#1234,#1030,.T.);
#1534=EDGE_CURVE('',#1235,#1235,#1031,.T.);
#1535=EDGE_CURVE('',#1235,#1236,#716,.T.);
#1536=EDGE_CURVE('',#1236,#1236,#1032,.T.);
#1537=EDGE_CURVE('',#1237,#1237,#1033,.T.);
#1538=EDGE_CURVE('',#1237,#1238,#717,.T.);
#1539=EDGE_CURVE('',#1238,#1238,#1034,.T.);
#1540=EDGE_CURVE('',#1239,#1239,#1035,.T.);
#1541=EDGE_CURVE('',#1239,#1240,#718,.T.);
#1542=EDGE_CURVE('',#1240,#1240,#1036,.T.);
#1543=EDGE_CURVE('',#1241,#1241,#1037,.T.);
#1544=EDGE_CURVE('',#1241,#1242,#719,.T.);
#1545=EDGE_CURVE('',#1242,#1242,#1038,.T.);
#1546=EDGE_CURVE('',#1243,#1243,#1039,.T.);
#1547=EDGE_CURVE('',#1243,#1244,#720,.T.);
#1548=EDGE_CURVE('',#1244,#1244,#1040,.T.);
#1549=EDGE_CURVE('',#1245,#1245,#1041,.T.);
#1550=EDGE_CURVE('',#1245,#1246,#721,.T.);
#1551=EDGE_CURVE('',#1246,#1246,#1042,.T.);
#1552=EDGE_CURVE('',#1247,#1247,#1043,.T.);
#1553=EDGE_CURVE('',#1247,#1248,#722,.T.);
#1554=EDGE_CURVE('',#1248,#1248,#1044,.T.);
#1555=EDGE_CURVE('',#1249,#1249,#1045,.T.);
#1556=EDGE_CURVE('',#1249,#1250,#723,.T.);
#1557=EDGE_CURVE('',#1250,#1250,#1046,.T.);
#1558=EDGE_CURVE('',#1251,#1251,#1047,.T.);
#1559=EDGE_CURVE('',#1251,#1252,#724,.T.);
#1560=EDGE_CURVE('',#1252,#1252,#1048,.T.);
#1561=EDGE_CURVE('',#1253,#1253,#1049,.T.);
#1562=EDGE_CURVE('',#1253,#1254,#725,.T.);
#1563=EDGE_CURVE('',#1254,#1254,#1050,.T.);
#1564=EDGE_CURVE('',#1255,#1255,#1051,.T.);
#1565=EDGE_CURVE('',#1255,#1256,#726,.T.);
#1566=EDGE_CURVE('',#1256,#1256,#1052,.T.);
#1567=EDGE_CURVE('',#1257,#1258,#727,.T.);
#1568=EDGE_CURVE('',#1257,#1259,#728,.T.);
#1569=EDGE_CURVE('',#1260,#1259,#729,.T.);
#1570=EDGE_CURVE('',#1258,#1260,#730,.T.);
#1571=EDGE_CURVE('',#1258,#1261,#1053,.T.);
#1572=EDGE_CURVE('',#1262,#1260,#1054,.T.);
#1573=EDGE_CURVE('',#1261,#1262,#731,.T.);
#1574=EDGE_CURVE('',#1261,#1263,#732,.T.);
#1575=EDGE_CURVE('',#1264,#1262,#733,.T.);
#1576=EDGE_CURVE('',#1263,#1264,#734,.T.);
#1577=EDGE_CURVE('',#1263,#1265,#1055,.T.);
#1578=EDGE_CURVE('',#1266,#1264,#1056,.T.);
#1579=EDGE_CURVE('',#1265,#1266,#735,.T.);
#1580=EDGE_CURVE('',#1265,#1267,#736,.T.);
#1581=EDGE_CURVE('',#1268,#1266,#737,.T.);
#1582=EDGE_CURVE('',#1267,#1268,#738,.T.);
#1583=EDGE_CURVE('',#1267,#1269,#1057,.T.);
#1584=EDGE_CURVE('',#1270,#1268,#1058,.T.);
#1585=EDGE_CURVE('',#1269,#1270,#739,.T.);
#1586=EDGE_CURVE('',#1269,#1271,#740,.T.);
#1587=EDGE_CURVE('',#1272,#1270,#741,.T.);
#1588=EDGE_CURVE('',#1271,#1272,#742,.T.);
#1589=EDGE_CURVE('',#1271,#1257,#1059,.T.);
#1590=EDGE_CURVE('',#1259,#1272,#1060,.T.);
#1591=ORIENTED_EDGE('',*,*,#1273,.F.);
#1592=ORIENTED_EDGE('',*,*,#1274,.T.);
#1593=ORIENTED_EDGE('',*,*,#1275,.T.);
#1594=ORIENTED_EDGE('',*,*,#1274,.F.);
#1595=ORIENTED_EDGE('',*,*,#1276,.F.);
#1596=ORIENTED_EDGE('',*,*,#1277,.T.);
#1597=ORIENTED_EDGE('',*,*,#1278,.T.);
#1598=ORIENTED_EDGE('',*,*,#1277,.F.);
#1599=ORIENTED_EDGE('',*,*,#1279,.F.);
#1600=ORIENTED_EDGE('',*,*,#1280,.T.);
#1601=ORIENTED_EDGE('',*,*,#1281,.T.);
#1602=ORIENTED_EDGE('',*,*,#1280,.F.);
#1603=ORIENTED_EDGE('',*,*,#1282,.F.);
#1604=ORIENTED_EDGE('',*,*,#1283,.T.);
#1605=ORIENTED_EDGE('',*,*,#1284,.T.);
#1606=ORIENTED_EDGE('',*,*,#1283,.F.);
#1607=ORIENTED_EDGE('',*,*,#1285,.F.);
#1608=ORIENTED_EDGE('',*,*,#1286,.T.);
#1609=ORIENTED_EDGE('',*,*,#1287,.T.);
#1610=ORIENTED_EDGE('',*,*,#1286,.F.);
#1611=ORIENTED_EDGE('',*,*,#1288,.F.);
#1612=ORIENTED_EDGE('',*,*,#1289,.T.);
#1613=ORIENTED_EDGE('',*,*,#1290,.T.);
#1614=ORIENTED_EDGE('',*,*,#1289,.F.);
#1615=ORIENTED_EDGE('',*,*,#1291,.F.);
#1616=ORIENTED_EDGE('',*,*,#1292,.T.);
#1617=ORIENTED_EDGE('',*,*,#1293,.T.);
#1618=ORIENTED_EDGE('',*,*,#1292,.F.);
#1619=ORIENTED_EDGE('',*,*,#1294,.F.);
#1620=ORIENTED_EDGE('',*,*,#1295,.T.);
#1621=ORIENTED_EDGE('',*,*,#1296,.T.);
#1622=ORIENTED_EDGE('',*,*,#1295,.F.);
#1623=ORIENTED_EDGE('',*,*,#1297,.F.);
#1624=ORIENTED_EDGE('',*,*,#1298,.T.);
#1625=ORIENTED_EDGE('',*,*,#1299,.T.);
#1626=ORIENTED_EDGE('',*,*,#1298,.F.);
#1627=ORIENTED_EDGE('',*,*,#1300,.F.);
#1628=ORIENTED_EDGE('',*,*,#1301,.T.);
#1629=ORIENTED_EDGE('',*,*,#1302,.T.);
#1630=ORIENTED_EDGE('',*,*,#1301,.F.);
#1631=ORIENTED_EDGE('',*,*,#1303,.F.);
#1632=ORIENTED_EDGE('',*,*,#1304,.T.);
#1633=ORIENTED_EDGE('',*,*,#1305,.T.);
#1634=ORIENTED_EDGE('',*,*,#1304,.F.);
#1635=ORIENTED_EDGE('',*,*,#1306,.F.);
#1636=ORIENTED_EDGE('',*,*,#1307,.T.);
#1637=ORIENTED_EDGE('',*,*,#1308,.T.);
#1638=ORIENTED_EDGE('',*,*,#1307,.F.);
#1639=ORIENTED_EDGE('',*,*,#1309,.F.);
#1640=ORIENTED_EDGE('',*,*,#1310,.T.);
#1641=ORIENTED_EDGE('',*,*,#1311,.T.);
#1642=ORIENTED_EDGE('',*,*,#1310,.F.);
#1643=ORIENTED_EDGE('',*,*,#1312,.F.);
#1644=ORIENTED_EDGE('',*,*,#1313,.T.);
#1645=ORIENTED_EDGE('',*,*,#1314,.T.);
#1646=ORIENTED_EDGE('',*,*,#1313,.F.);
#1647=ORIENTED_EDGE('',*,*,#1315,.F.);
#1648=ORIENTED_EDGE('',*,*,#1316,.T.);
#1649=ORIENTED_EDGE('',*,*,#1317,.T.);
#1650=ORIENTED_EDGE('',*,*,#1316,.F.);
#1651=ORIENTED_EDGE('',*,*,#1318,.F.);
#1652=ORIENTED_EDGE('',*,*,#1319,.T.);
#1653=ORIENTED_EDGE('',*,*,#1320,.T.);
#1654=ORIENTED_EDGE('',*,*,#1319,.F.);
#1655=ORIENTED_EDGE('',*,*,#1321,.F.);
#1656=ORIENTED_EDGE('',*,*,#1322,.T.);
#1657=ORIENTED_EDGE('',*,*,#1323,.T.);
#1658=ORIENTED_EDGE('',*,*,#1322,.F.);
#1659=ORIENTED_EDGE('',*,*,#1324,.F.);
#1660=ORIENTED_EDGE('',*,*,#1325,.T.);
#1661=ORIENTED_EDGE('',*,*,#1326,.T.);
#1662=ORIENTED_EDGE('',*,*,#1325,.F.);
#1663=ORIENTED_EDGE('',*,*,#1327,.F.);
#1664=ORIENTED_EDGE('',*,*,#1328,.T.);
#1665=ORIENTED_EDGE('',*,*,#1329,.T.);
#1666=ORIENTED_EDGE('',*,*,#1328,.F.);
#1667=ORIENTED_EDGE('',*,*,#1330,.F.);
#1668=ORIENTED_EDGE('',*,*,#1331,.T.);
#1669=ORIENTED_EDGE('',*,*,#1332,.T.);
#1670=ORIENTED_EDGE('',*,*,#1331,.F.);
#1671=ORIENTED_EDGE('',*,*,#1333,.F.);
#1672=ORIENTED_EDGE('',*,*,#1334,.T.);
#1673=ORIENTED_EDGE('',*,*,#1335,.T.);
#1674=ORIENTED_EDGE('',*,*,#1334,.F.);
#1675=ORIENTED_EDGE('',*,*,#1336,.F.);
#1676=ORIENTED_EDGE('',*,*,#1337,.T.);
#1677=ORIENTED_EDGE('',*,*,#1338,.T.);
#1678=ORIENTED_EDGE('',*,*,#1337,.F.);
#1679=ORIENTED_EDGE('',*,*,#1339,.F.);
#1680=ORIENTED_EDGE('',*,*,#1340,.T.);
#1681=ORIENTED_EDGE('',*,*,#1341,.T.);
#1682=ORIENTED_EDGE('',*,*,#1340,.F.);
#1683=ORIENTED_EDGE('',*,*,#1342,.F.);
#1684=ORIENTED_EDGE('',*,*,#1343,.T.);
#1685=ORIENTED_EDGE('',*,*,#1344,.T.);
#1686=ORIENTED_EDGE('',*,*,#1343,.F.);
#1687=ORIENTED_EDGE('',*,*,#1345,.F.);
#1688=ORIENTED_EDGE('',*,*,#1346,.T.);
#1689=ORIENTED_EDGE('',*,*,#1347,.T.);
#1690=ORIENTED_EDGE('',*,*,#1346,.F.);
#1691=ORIENTED_EDGE('',*,*,#1348,.F.);
#1692=ORIENTED_EDGE('',*,*,#1349,.T.);
#1693=ORIENTED_EDGE('',*,*,#1350,.T.);
#1694=ORIENTED_EDGE('',*,*,#1349,.F.);
#1695=ORIENTED_EDGE('',*,*,#1351,.F.);
#1696=ORIENTED_EDGE('',*,*,#1352,.T.);
#1697=ORIENTED_EDGE('',*,*,#1353,.T.);
#1698=ORIENTED_EDGE('',*,*,#1352,.F.);
#1699=ORIENTED_EDGE('',*,*,#1354,.F.);
#1700=ORIENTED_EDGE('',*,*,#1355,.T.);
#1701=ORIENTED_EDGE('',*,*,#1356,.T.);
#1702=ORIENTED_EDGE('',*,*,#1355,.F.);
#1703=ORIENTED_EDGE('',*,*,#1357,.F.);
#1704=ORIENTED_EDGE('',*,*,#1358,.T.);
#1705=ORIENTED_EDGE('',*,*,#1359,.T.);
#1706=ORIENTED_EDGE('',*,*,#1358,.F.);
#1707=ORIENTED_EDGE('',*,*,#1360,.F.);
#1708=ORIENTED_EDGE('',*,*,#1361,.T.);
#1709=ORIENTED_EDGE('',*,*,#1362,.T.);
#1710=ORIENTED_EDGE('',*,*,#1361,.F.);
#1711=ORIENTED_EDGE('',*,*,#1363,.F.);
#1712=ORIENTED_EDGE('',*,*,#1364,.T.);
#1713=ORIENTED_EDGE('',*,*,#1365,.T.);
#1714=ORIENTED_EDGE('',*,*,#1364,.F.);
#1715=ORIENTED_EDGE('',*,*,#1366,.F.);
#1716=ORIENTED_EDGE('',*,*,#1367,.T.);
#1717=ORIENTED_EDGE('',*,*,#1368,.T.);
#1718=ORIENTED_EDGE('',*,*,#1367,.F.);
#1719=ORIENTED_EDGE('',*,*,#1369,.F.);
#1720=ORIENTED_EDGE('',*,*,#1370,.T.);
#1721=ORIENTED_EDGE('',*,*,#1371,.T.);
#1722=ORIENTED_EDGE('',*,*,#1370,.F.);
#1723=ORIENTED_EDGE('',*,*,#1372,.F.);
#1724=ORIENTED_EDGE('',*,*,#1373,.T.);
#1725=ORIENTED_EDGE('',*,*,#1374,.T.);
#1726=ORIENTED_EDGE('',*,*,#1373,.F.);
#1727=ORIENTED_EDGE('',*,*,#1375,.F.);
#1728=ORIENTED_EDGE('',*,*,#1376,.T.);
#1729=ORIENTED_EDGE('',*,*,#1377,.T.);
#1730=ORIENTED_EDGE('',*,*,#1376,.F.);
#1731=ORIENTED_EDGE('',*,*,#1378,.F.);
#1732=ORIENTED_EDGE('',*,*,#1379,.T.);
#1733=ORIENTED_EDGE('',*,*,#1380,.T.);
#1734=ORIENTED_EDGE('',*,*,#1379,.F.);
#1735=ORIENTED_EDGE('',*,*,#1381,.F.);
#1736=ORIENTED_EDGE('',*,*,#1382,.T.);
#1737=ORIENTED_EDGE('',*,*,#1383,.T.);
#1738=ORIENTED_EDGE('',*,*,#1382,.F.);
#1739=ORIENTED_EDGE('',*,*,#1384,.F.);
#1740=ORIENTED_EDGE('',*,*,#1385,.T.);
#1741=ORIENTED_EDGE('',*,*,#1386,.T.);
#1742=ORIENTED_EDGE('',*,*,#1385,.F.);
#1743=ORIENTED_EDGE('',*,*,#1387,.F.);
#1744=ORIENTED_EDGE('',*,*,#1388,.T.);
#1745=ORIENTED_EDGE('',*,*,#1389,.T.);
#1746=ORIENTED_EDGE('',*,*,#1388,.F.);
#1747=ORIENTED_EDGE('',*,*,#1390,.F.);
#1748=ORIENTED_EDGE('',*,*,#1391,.T.);
#1749=ORIENTED_EDGE('',*,*,#1392,.T.);
#1750=ORIENTED_EDGE('',*,*,#1391,.F.);
#1751=ORIENTED_EDGE('',*,*,#1393,.F.);
#1752=ORIENTED_EDGE('',*,*,#1394,.T.);
#1753=ORIENTED_EDGE('',*,*,#1395,.T.);
#1754=ORIENTED_EDGE('',*,*,#1394,.F.);
#1755=ORIENTED_EDGE('',*,*,#1396,.F.);
#1756=ORIENTED_EDGE('',*,*,#1397,.T.);
#1757=ORIENTED_EDGE('',*,*,#1398,.T.);
#1758=ORIENTED_EDGE('',*,*,#1397,.F.);
#1759=ORIENTED_EDGE('',*,*,#1399,.F.);
#1760=ORIENTED_EDGE('',*,*,#1400,.T.);
#1761=ORIENTED_EDGE('',*,*,#1401,.T.);
#1762=ORIENTED_EDGE('',*,*,#1400,.F.);
#1763=ORIENTED_EDGE('',*,*,#1402,.F.);
#1764=ORIENTED_EDGE('',*,*,#1403,.T.);
#1765=ORIENTED_EDGE('',*,*,#1404,.T.);
#1766=ORIENTED_EDGE('',*,*,#1403,.F.);
#1767=ORIENTED_EDGE('',*,*,#1405,.F.);
#1768=ORIENTED_EDGE('',*,*,#1406,.T.);
#1769=ORIENTED_EDGE('',*,*,#1407,.T.);
#1770=ORIENTED_EDGE('',*,*,#1406,.F.);
#1771=ORIENTED_EDGE('',*,*,#1408,.F.);
#1772=ORIENTED_EDGE('',*,*,#1409,.T.);
#1773=ORIENTED_EDGE('',*,*,#1410,.T.);
#1774=ORIENTED_EDGE('',*,*,#1409,.F.);
#1775=ORIENTED_EDGE('',*,*,#1411,.F.);
#1776=ORIENTED_EDGE('',*,*,#1412,.T.);
#1777=ORIENTED_EDGE('',*,*,#1413,.T.);
#1778=ORIENTED_EDGE('',*,*,#1412,.F.);
#1779=ORIENTED_EDGE('',*,*,#1414,.F.);
#1780=ORIENTED_EDGE('',*,*,#1415,.T.);
#1781=ORIENTED_EDGE('',*,*,#1416,.T.);
#1782=ORIENTED_EDGE('',*,*,#1415,.F.);
#1783=ORIENTED_EDGE('',*,*,#1417,.F.);
#1784=ORIENTED_EDGE('',*,*,#1418,.T.);
#1785=ORIENTED_EDGE('',*,*,#1419,.T.);
#1786=ORIENTED_EDGE('',*,*,#1418,.F.);
#1787=ORIENTED_EDGE('',*,*,#1420,.F.);
#1788=ORIENTED_EDGE('',*,*,#1421,.T.);
#1789=ORIENTED_EDGE('',*,*,#1422,.T.);
#1790=ORIENTED_EDGE('',*,*,#1421,.F.);
#1791=ORIENTED_EDGE('',*,*,#1423,.F.);
#1792=ORIENTED_EDGE('',*,*,#1424,.T.);
#1793=ORIENTED_EDGE('',*,*,#1425,.T.);
#1794=ORIENTED_EDGE('',*,*,#1424,.F.);
#1795=ORIENTED_EDGE('',*,*,#1426,.F.);
#1796=ORIENTED_EDGE('',*,*,#1427,.T.);
#1797=ORIENTED_EDGE('',*,*,#1428,.T.);
#1798=ORIENTED_EDGE('',*,*,#1427,.F.);
#1799=ORIENTED_EDGE('',*,*,#1429,.F.);
#1800=ORIENTED_EDGE('',*,*,#1430,.T.);
#1801=ORIENTED_EDGE('',*,*,#1431,.T.);
#1802=ORIENTED_EDGE('',*,*,#1430,.F.);
#1803=ORIENTED_EDGE('',*,*,#1432,.F.);
#1804=ORIENTED_EDGE('',*,*,#1433,.T.);
#1805=ORIENTED_EDGE('',*,*,#1434,.T.);
#1806=ORIENTED_EDGE('',*,*,#1433,.F.);
#1807=ORIENTED_EDGE('',*,*,#1435,.F.);
#1808=ORIENTED_EDGE('',*,*,#1436,.T.);
#1809=ORIENTED_EDGE('',*,*,#1437,.T.);
#1810=ORIENTED_EDGE('',*,*,#1436,.F.);
#1811=ORIENTED_EDGE('',*,*,#1438,.F.);
#1812=ORIENTED_EDGE('',*,*,#1439,.T.);
#1813=ORIENTED_EDGE('',*,*,#1440,.T.);
#1814=ORIENTED_EDGE('',*,*,#1439,.F.);
#1815=ORIENTED_EDGE('',*,*,#1441,.F.);
#1816=ORIENTED_EDGE('',*,*,#1442,.T.);
#1817=ORIENTED_EDGE('',*,*,#1443,.T.);
#1818=ORIENTED_EDGE('',*,*,#1442,.F.);
#1819=ORIENTED_EDGE('',*,*,#1444,.F.);
#1820=ORIENTED_EDGE('',*,*,#1445,.T.);
#1821=ORIENTED_EDGE('',*,*,#1446,.T.);
#1822=ORIENTED_EDGE('',*,*,#1445,.F.);
#1823=ORIENTED_EDGE('',*,*,#1447,.F.);
#1824=ORIENTED_EDGE('',*,*,#1448,.T.);
#1825=ORIENTED_EDGE('',*,*,#1449,.T.);
#1826=ORIENTED_EDGE('',*,*,#1448,.F.);
#1827=ORIENTED_EDGE('',*,*,#1450,.F.);
#1828=ORIENTED_EDGE('',*,*,#1451,.T.);
#1829=ORIENTED_EDGE('',*,*,#1452,.T.);
#1830=ORIENTED_EDGE('',*,*,#1451,.F.);
#1831=ORIENTED_EDGE('',*,*,#1453,.F.);
#1832=ORIENTED_EDGE('',*,*,#1454,.T.);
#1833=ORIENTED_EDGE('',*,*,#1455,.T.);
#1834=ORIENTED_EDGE('',*,*,#1454,.F.);
#1835=ORIENTED_EDGE('',*,*,#1456,.F.);
#1836=ORIENTED_EDGE('',*,*,#1457,.T.);
#1837=ORIENTED_EDGE('',*,*,#1458,.T.);
#1838=ORIENTED_EDGE('',*,*,#1457,.F.);
#1839=ORIENTED_EDGE('',*,*,#1459,.F.);
#1840=ORIENTED_EDGE('',*,*,#1460,.T.);
#1841=ORIENTED_EDGE('',*,*,#1461,.T.);
#1842=ORIENTED_EDGE('',*,*,#1460,.F.);
#1843=ORIENTED_EDGE('',*,*,#1462,.F.);
#1844=ORIENTED_EDGE('',*,*,#1463,.T.);
#1845=ORIENTED_EDGE('',*,*,#1464,.T.);
#1846=ORIENTED_EDGE('',*,*,#1463,.F.);
#1847=ORIENTED_EDGE('',*,*,#1465,.F.);
#1848=ORIENTED_EDGE('',*,*,#1466,.T.);
#1849=ORIENTED_EDGE('',*,*,#1467,.T.);
#1850=ORIENTED_EDGE('',*,*,#1466,.F.);
#1851=ORIENTED_EDGE('',*,*,#1468,.F.);
#1852=ORIENTED_EDGE('',*,*,#1469,.T.);
#1853=ORIENTED_EDGE('',*,*,#1470,.T.);
#1854=ORIENTED_EDGE('',*,*,#1469,.F.);
#1855=ORIENTED_EDGE('',*,*,#1471,.F.);
#1856=ORIENTED_EDGE('',*,*,#1472,.T.);
#1857=ORIENTED_EDGE('',*,*,#1473,.T.);
#1858=ORIENTED_EDGE('',*,*,#1472,.F.);
#1859=ORIENTED_EDGE('',*,*,#1474,.F.);
#1860=ORIENTED_EDGE('',*,*,#1475,.T.);
#1861=ORIENTED_EDGE('',*,*,#1476,.T.);
#1862=ORIENTED_EDGE('',*,*,#1475,.F.);
#1863=ORIENTED_EDGE('',*,*,#1477,.F.);
#1864=ORIENTED_EDGE('',*,*,#1478,.T.);
#1865=ORIENTED_EDGE('',*,*,#1479,.T.);
#1866=ORIENTED_EDGE('',*,*,#1478,.F.);
#1867=ORIENTED_EDGE('',*,*,#1480,.F.);
#1868=ORIENTED_EDGE('',*,*,#1481,.T.);
#1869=ORIENTED_EDGE('',*,*,#1482,.T.);
#1870=ORIENTED_EDGE('',*,*,#1481,.F.);
#1871=ORIENTED_EDGE('',*,*,#1483,.F.);
#1872=ORIENTED_EDGE('',*,*,#1484,.T.);
#1873=ORIENTED_EDGE('',*,*,#1485,.T.);
#1874=ORIENTED_EDGE('',*,*,#1484,.F.);
#1875=ORIENTED_EDGE('',*,*,#1486,.F.);
#1876=ORIENTED_EDGE('',*,*,#1487,.T.);
#1877=ORIENTED_EDGE('',*,*,#1488,.T.);
#1878=ORIENTED_EDGE('',*,*,#1487,.F.);
#1879=ORIENTED_EDGE('',*,*,#1489,.F.);
#1880=ORIENTED_EDGE('',*,*,#1490,.T.);
#1881=ORIENTED_EDGE('',*,*,#1491,.T.);
#1882=ORIENTED_EDGE('',*,*,#1490,.F.);
#1883=ORIENTED_EDGE('',*,*,#1492,.F.);
#1884=ORIENTED_EDGE('',*,*,#1493,.T.);
#1885=ORIENTED_EDGE('',*,*,#1494,.T.);
#1886=ORIENTED_EDGE('',*,*,#1493,.F.);
#1887=ORIENTED_EDGE('',*,*,#1495,.F.);
#1888=ORIENTED_EDGE('',*,*,#1496,.T.);
#1889=ORIENTED_EDGE('',*,*,#1497,.T.);
#1890=ORIENTED_EDGE('',*,*,#1496,.F.);
#1891=ORIENTED_EDGE('',*,*,#1498,.F.);
#1892=ORIENTED_EDGE('',*,*,#1499,.T.);
#1893=ORIENTED_EDGE('',*,*,#1500,.T.);
#1894=ORIENTED_EDGE('',*,*,#1499,.F.);
#1895=ORIENTED_EDGE('',*,*,#1501,.F.);
#1896=ORIENTED_EDGE('',*,*,#1502,.T.);
#1897=ORIENTED_EDGE('',*,*,#1503,.T.);
#1898=ORIENTED_EDGE('',*,*,#1502,.F.);
#1899=ORIENTED_EDGE('',*,*,#1504,.F.);
#1900=ORIENTED_EDGE('',*,*,#1505,.T.);
#1901=ORIENTED_EDGE('',*,*,#1506,.T.);
#1902=ORIENTED_EDGE('',*,*,#1505,.F.);
#1903=ORIENTED_EDGE('',*,*,#1507,.F.);
#1904=ORIENTED_EDGE('',*,*,#1508,.T.);
#1905=ORIENTED_EDGE('',*,*,#1509,.T.);
#1906=ORIENTED_EDGE('',*,*,#1508,.F.);
#1907=ORIENTED_EDGE('',*,*,#1510,.F.);
#1908=ORIENTED_EDGE('',*,*,#1511,.T.);
#1909=ORIENTED_EDGE('',*,*,#1512,.T.);
#1910=ORIENTED_EDGE('',*,*,#1511,.F.);
#1911=ORIENTED_EDGE('',*,*,#1513,.F.);
#1912=ORIENTED_EDGE('',*,*,#1514,.T.);
#1913=ORIENTED_EDGE('',*,*,#1515,.T.);
#1914=ORIENTED_EDGE('',*,*,#1514,.F.);
#1915=ORIENTED_EDGE('',*,*,#1516,.F.);
#1916=ORIENTED_EDGE('',*,*,#1517,.T.);
#1917=ORIENTED_EDGE('',*,*,#1518,.T.);
#1918=ORIENTED_EDGE('',*,*,#1517,.F.);
#1919=ORIENTED_EDGE('',*,*,#1519,.F.);
#1920=ORIENTED_EDGE('',*,*,#1520,.T.);
#1921=ORIENTED_EDGE('',*,*,#1521,.T.);
#1922=ORIENTED_EDGE('',*,*,#1520,.F.);
#1923=ORIENTED_EDGE('',*,*,#1522,.F.);
#1924=ORIENTED_EDGE('',*,*,#1523,.T.);
#1925=ORIENTED_EDGE('',*,*,#1524,.T.);
#1926=ORIENTED_EDGE('',*,*,#1523,.F.);
#1927=ORIENTED_EDGE('',*,*,#1525,.F.);
#1928=ORIENTED_EDGE('',*,*,#1526,.T.);
#1929=ORIENTED_EDGE('',*,*,#1527,.T.);
#1930=ORIENTED_EDGE('',*,*,#1526,.F.);
#1931=ORIENTED_EDGE('',*,*,#1528,.F.);
#1932=ORIENTED_EDGE('',*,*,#1529,.T.);
#1933=ORIENTED_EDGE('',*,*,#1530,.T.);
#1934=ORIENTED_EDGE('',*,*,#1529,.F.);
#1935=ORIENTED_EDGE('',*,*,#1531,.F.);
#1936=ORIENTED_EDGE('',*,*,#1532,.T.);
#1937=ORIENTED_EDGE('',*,*,#1533,.T.);
#1938=ORIENTED_EDGE('',*,*,#1532,.F.);
#1939=ORIENTED_EDGE('',*,*,#1534,.F.);
#1940=ORIENTED_EDGE('',*,*,#1535,.T.);
#1941=ORIENTED_EDGE('',*,*,#1536,.T.);
#1942=ORIENTED_EDGE('',*,*,#1535,.F.);
#1943=ORIENTED_EDGE('',*,*,#1537,.F.);
#1944=ORIENTED_EDGE('',*,*,#1538,.T.);
#1945=ORIENTED_EDGE('',*,*,#1539,.T.);
#1946=ORIENTED_EDGE('',*,*,#1538,.F.);
#1947=ORIENTED_EDGE('',*,*,#1540,.F.);
#1948=ORIENTED_EDGE('',*,*,#1541,.T.);
#1949=ORIENTED_EDGE('',*,*,#1542,.T.);
#1950=ORIENTED_EDGE('',*,*,#1541,.F.);
#1951=ORIENTED_EDGE('',*,*,#1543,.F.);
#1952=ORIENTED_EDGE('',*,*,#1544,.T.);
#1953=ORIENTED_EDGE('',*,*,#1545,.T.);
#1954=ORIENTED_EDGE('',*,*,#1544,.F.);
#1955=ORIENTED_EDGE('',*,*,#1546,.F.);
#1956=ORIENTED_EDGE('',*,*,#1547,.T.);
#1957=ORIENTED_EDGE('',*,*,#1548,.T.);
#1958=ORIENTED_EDGE('',*,*,#1547,.F.);
#1959=ORIENTED_EDGE('',*,*,#1549,.F.);
#1960=ORIENTED_EDGE('',*,*,#1550,.T.);
#1961=ORIENTED_EDGE('',*,*,#1551,.T.);
#1962=ORIENTED_EDGE('',*,*,#1550,.F.);
#1963=ORIENTED_EDGE('',*,*,#1552,.F.);
#1964=ORIENTED_EDGE('',*,*,#1553,.T.);
#1965=ORIENTED_EDGE('',*,*,#1554,.T.);
#1966=ORIENTED_EDGE('',*,*,#1553,.F.);
#1967=ORIENTED_EDGE('',*,*,#1555,.F.);
#1968=ORIENTED_EDGE('',*,*,#1556,.T.);
#1969=ORIENTED_EDGE('',*,*,#1557,.T.);
#1970=ORIENTED_EDGE('',*,*,#1556,.F.);
#1971=ORIENTED_EDGE('',*,*,#1558,.F.);
#1972=ORIENTED_EDGE('',*,*,#1559,.T.);
#1973=ORIENTED_EDGE('',*,*,#1560,.T.);
#1974=ORIENTED_EDGE('',*,*,#1559,.F.);
#1975=ORIENTED_EDGE('',*,*,#1561,.F.);
#1976=ORIENTED_EDGE('',*,*,#1562,.T.);
#1977=ORIENTED_EDGE('',*,*,#1563,.T.);
#1978=ORIENTED_EDGE('',*,*,#1562,.F.);
#1979=ORIENTED_EDGE('',*,*,#1564,.F.);
#1980=ORIENTED_EDGE('',*,*,#1565,.T.);
#1981=ORIENTED_EDGE('',*,*,#1566,.T.);
#1982=ORIENTED_EDGE('',*,*,#1565,.F.);
#1983=ORIENTED_EDGE('',*,*,#1567,.F.);
#1984=ORIENTED_EDGE('',*,*,#1568,.T.);
#1985=ORIENTED_EDGE('',*,*,#1569,.F.);
#1986=ORIENTED_EDGE('',*,*,#1570,.F.);
#1987=ORIENTED_EDGE('',*,*,#1571,.F.);
#1988=ORIENTED_EDGE('',*,*,#1570,.T.);
#1989=ORIENTED_EDGE('',*,*,#1572,.F.);
#1990=ORIENTED_EDGE('',*,*,#1573,.F.);
#1991=ORIENTED_EDGE('',*,*,#1574,.F.);
#1992=ORIENTED_EDGE('',*,*,#1573,.T.);
#1993=ORIENTED_EDGE('',*,*,#1575,.F.);
#1994=ORIENTED_EDGE('',*,*,#1576,.F.);
#1995=ORIENTED_EDGE('',*,*,#1577,.F.);
#1996=ORIENTED_EDGE('',*,*,#1576,.T.);
#1997=ORIENTED_EDGE('',*,*,#1578,.F.);
#1998=ORIENTED_EDGE('',*,*,#1579,.F.);
#1999=ORIENTED_EDGE('',*,*,#1580,.F.);
#2000=ORIENTED_EDGE('',*,*,#1579,.T.);
#2001=ORIENTED_EDGE('',*,*,#1581,.F.);
#2002=ORIENTED_EDGE('',*,*,#1582,.F.);
#2003=ORIENTED_EDGE('',*,*,#1583,.F.);
#2004=ORIENTED_EDGE('',*,*,#1582,.T.);
#2005=ORIENTED_EDGE('',*,*,#1584,.F.);
#2006=ORIENTED_EDGE('',*,*,#1585,.F.);
#2007=ORIENTED_EDGE('',*,*,#1586,.F.);
#2008=ORIENTED_EDGE('',*,*,#1585,.T.);
#2009=ORIENTED_EDGE('',*,*,#1587,.F.);
#2010=ORIENTED_EDGE('',*,*,#1588,.F.);
#2011=ORIENTED_EDGE('',*,*,#1589,.F.);
#2012=ORIENTED_EDGE('',*,*,#1588,.T.);
#2013=ORIENTED_EDGE('',*,*,#1590,.F.);
#2014=ORIENTED_EDGE('',*,*,#1568,.F.);
#2015=ORIENTED_EDGE('',*,*,#1590,.T.);
#2016=ORIENTED_EDGE('',*,*,#1587,.T.);
#2017=ORIENTED_EDGE('',*,*,#1584,.T.);
#2018=ORIENTED_EDGE('',*,*,#1581,.T.);
#2019=ORIENTED_EDGE('',*,*,#1578,.T.);
#2020=ORIENTED_EDGE('',*,*,#1575,.T.);
#2021=ORIENTED_EDGE('',*,*,#1572,.T.);
#2022=ORIENTED_EDGE('',*,*,#1569,.T.);
#2023=ORIENTED_EDGE('',*,*,#1564,.T.);
#2024=ORIENTED_EDGE('',*,*,#1561,.T.);
#2025=ORIENTED_EDGE('',*,*,#1558,.T.);
#2026=ORIENTED_EDGE('',*,*,#1555,.T.);
#2027=ORIENTED_EDGE('',*,*,#1552,.T.);
#2028=ORIENTED_EDGE('',*,*,#1549,.T.);
#2029=ORIENTED_EDGE('',*,*,#1546,.T.);
#2030=ORIENTED_EDGE('',*,*,#1543,.T.);
#2031=ORIENTED_EDGE('',*,*,#1540,.T.);
#2032=ORIENTED_EDGE('',*,*,#1537,.T.);
#2033=ORIENTED_EDGE('',*,*,#1534,.T.);
#2034=ORIENTED_EDGE('',*,*,#1531,.T.);
#2035=ORIENTED_EDGE('',*,*,#1528,.T.);
#2036=ORIENTED_EDGE('',*,*,#1525,.T.);
#2037=ORIENTED_EDGE('',*,*,#1522,.T.);
#2038=ORIENTED_EDGE('',*,*,#1519,.T.);
#2039=ORIENTED_EDGE('',*,*,#1516,.T.);
#2040=ORIENTED_EDGE('',*,*,#1513,.T.);
#2041=ORIENTED_EDGE('',*,*,#1510,.T.);
#2042=ORIENTED_EDGE('',*,*,#1507,.T.);
#2043=ORIENTED_EDGE('',*,*,#1504,.T.);
#2044=ORIENTED_EDGE('',*,*,#1501,.T.);
#2045=ORIENTED_EDGE('',*,*,#1498,.T.);
#2046=ORIENTED_EDGE('',*,*,#1495,.T.);
#2047=ORIENTED_EDGE('',*,*,#1492,.T.);
#2048=ORIENTED_EDGE('',*,*,#1489,.T.);
#2049=ORIENTED_EDGE('',*,*,#1486,.T.);
#2050=ORIENTED_EDGE('',*,*,#1483,.T.);
#2051=ORIENTED_EDGE('',*,*,#1480,.T.);
#2052=ORIENTED_EDGE('',*,*,#1477,.T.);
#2053=ORIENTED_EDGE('',*,*,#1474,.T.);
#2054=ORIENTED_EDGE('',*,*,#1471,.T.);
#2055=ORIENTED_EDGE('',*,*,#1468,.T.);
#2056=ORIENTED_EDGE('',*,*,#1465,.T.);
#2057=ORIENTED_EDGE('',*,*,#1462,.T.);
#2058=ORIENTED_EDGE('',*,*,#1459,.T.);
#2059=ORIENTED_EDGE('',*,*,#1456,.T.);
#2060=ORIENTED_EDGE('',*,*,#1453,.T.);
#2061=ORIENTED_EDGE('',*,*,#1450,.T.);
#2062=ORIENTED_EDGE('',*,*,#1447,.T.);
#2063=ORIENTED_EDGE('',*,*,#1444,.T.);
#2064=ORIENTED_EDGE('',*,*,#1441,.T.);
#2065=ORIENTED_EDGE('',*,*,#1438,.T.);
#2066=ORIENTED_EDGE('',*,*,#1435,.T.);
#2067=ORIENTED_EDGE('',*,*,#1432,.T.);
#2068=ORIENTED_EDGE('',*,*,#1429,.T.);
#2069=ORIENTED_EDGE('',*,*,#1426,.T.);
#2070=ORIENTED_EDGE('',*,*,#1423,.T.);
#2071=ORIENTED_EDGE('',*,*,#1420,.T.);
#2072=ORIENTED_EDGE('',*,*,#1417,.T.);
#2073=ORIENTED_EDGE('',*,*,#1414,.T.);
#2074=ORIENTED_EDGE('',*,*,#1411,.T.);
#2075=ORIENTED_EDGE('',*,*,#1408,.T.);
#2076=ORIENTED_EDGE('',*,*,#1405,.T.);
#2077=ORIENTED_EDGE('',*,*,#1402,.T.);
#2078=ORIENTED_EDGE('',*,*,#1399,.T.);
#2079=ORIENTED_EDGE('',*,*,#1396,.T.);
#2080=ORIENTED_EDGE('',*,*,#1393,.T.);
#2081=ORIENTED_EDGE('',*,*,#1390,.T.);
#2082=ORIENTED_EDGE('',*,*,#1387,.T.);
#2083=ORIENTED_EDGE('',*,*,#1384,.T.);
#2084=ORIENTED_EDGE('',*,*,#1381,.T.);
#2085=ORIENTED_EDGE('',*,*,#1378,.T.);
#2086=ORIENTED_EDGE('',*,*,#1375,.T.);
#2087=ORIENTED_EDGE('',*,*,#1372,.T.);
#2088=ORIENTED_EDGE('',*,*,#1369,.T.);
#2089=ORIENTED_EDGE('',*,*,#1366,.T.);
#2090=ORIENTED_EDGE('',*,*,#1363,.T.);
#2091=ORIENTED_EDGE('',*,*,#1360,.T.);
#2092=ORIENTED_EDGE('',*,*,#1357,.T.);
#2093=ORIENTED_EDGE('',*,*,#1354,.T.);
#2094=ORIENTED_EDGE('',*,*,#1351,.T.);
#2095=ORIENTED_EDGE('',*,*,#1348,.T.);
#2096=ORIENTED_EDGE('',*,*,#1345,.T.);
#2097=ORIENTED_EDGE('',*,*,#1342,.T.);
#2098=ORIENTED_EDGE('',*,*,#1339,.T.);
#2099=ORIENTED_EDGE('',*,*,#1336,.T.);
#2100=ORIENTED_EDGE('',*,*,#1333,.T.);
#2101=ORIENTED_EDGE('',*,*,#1330,.T.);
#2102=ORIENTED_EDGE('',*,*,#1327,.T.);
#2103=ORIENTED_EDGE('',*,*,#1324,.T.);
#2104=ORIENTED_EDGE('',*,*,#1321,.T.);
#2105=ORIENTED_EDGE('',*,*,#1318,.T.);
#2106=ORIENTED_EDGE('',*,*,#1315,.T.);
#2107=ORIENTED_EDGE('',*,*,#1312,.T.);
#2108=ORIENTED_EDGE('',*,*,#1309,.T.);
#2109=ORIENTED_EDGE('',*,*,#1306,.T.);
#2110=ORIENTED_EDGE('',*,*,#1303,.T.);
#2111=ORIENTED_EDGE('',*,*,#1300,.T.);
#2112=ORIENTED_EDGE('',*,*,#1297,.T.);
#2113=ORIENTED_EDGE('',*,*,#1294,.T.);
#2114=ORIENTED_EDGE('',*,*,#1291,.T.);
#2115=ORIENTED_EDGE('',*,*,#1288,.T.);
#2116=ORIENTED_EDGE('',*,*,#1285,.T.);
#2117=ORIENTED_EDGE('',*,*,#1282,.T.);
#2118=ORIENTED_EDGE('',*,*,#1279,.T.);
#2119=ORIENTED_EDGE('',*,*,#1276,.T.);
#2120=ORIENTED_EDGE('',*,*,#1273,.T.);
#2121=ORIENTED_EDGE('',*,*,#1589,.T.);
#2122=ORIENTED_EDGE('',*,*,#1567,.T.);
#2123=ORIENTED_EDGE('',*,*,#1571,.T.);
#2124=ORIENTED_EDGE('',*,*,#1574,.T.);
#2125=ORIENTED_EDGE('',*,*,#1577,.T.);
#2126=ORIENTED_EDGE('',*,*,#1580,.T.);
#2127=ORIENTED_EDGE('',*,*,#1583,.T.);
#2128=ORIENTED_EDGE('',*,*,#1586,.T.);
#2129=ORIENTED_EDGE('',*,*,#1566,.F.);
#2130=ORIENTED_EDGE('',*,*,#1563,.F.);
#2131=ORIENTED_EDGE('',*,*,#1560,.F.);
#2132=ORIENTED_EDGE('',*,*,#1557,.F.);
#2133=ORIENTED_EDGE('',*,*,#1554,.F.);
#2134=ORIENTED_EDGE('',*,*,#1551,.F.);
#2135=ORIENTED_EDGE('',*,*,#1548,.F.);
#2136=ORIENTED_EDGE('',*,*,#1545,.F.);
#2137=ORIENTED_EDGE('',*,*,#1542,.F.);
#2138=ORIENTED_EDGE('',*,*,#1539,.F.);
#2139=ORIENTED_EDGE('',*,*,#1536,.F.);
#2140=ORIENTED_EDGE('',*,*,#1533,.F.);
#2141=ORIENTED_EDGE('',*,*,#1530,.F.);
#2142=ORIENTED_EDGE('',*,*,#1527,.F.);
#2143=ORIENTED_EDGE('',*,*,#1524,.F.);
#2144=ORIENTED_EDGE('',*,*,#1521,.F.);
#2145=ORIENTED_EDGE('',*,*,#1518,.F.);
#2146=ORIENTED_EDGE('',*,*,#1515,.F.);
#2147=ORIENTED_EDGE('',*,*,#1512,.F.);
#2148=ORIENTED_EDGE('',*,*,#1509,.F.);
#2149=ORIENTED_EDGE('',*,*,#1506,.F.);
#2150=ORIENTED_EDGE('',*,*,#1503,.F.);
#2151=ORIENTED_EDGE('',*,*,#1500,.F.);
#2152=ORIENTED_EDGE('',*,*,#1497,.F.);
#2153=ORIENTED_EDGE('',*,*,#1494,.F.);
#2154=ORIENTED_EDGE('',*,*,#1491,.F.);
#2155=ORIENTED_EDGE('',*,*,#1488,.F.);
#2156=ORIENTED_EDGE('',*,*,#1485,.F.);
#2157=ORIENTED_EDGE('',*,*,#1482,.F.);
#2158=ORIENTED_EDGE('',*,*,#1479,.F.);
#2159=ORIENTED_EDGE('',*,*,#1476,.F.);
#2160=ORIENTED_EDGE('',*,*,#1473,.F.);
#2161=ORIENTED_EDGE('',*,*,#1470,.F.);
#2162=ORIENTED_EDGE('',*,*,#1467,.F.);
#2163=ORIENTED_EDGE('',*,*,#1464,.F.);
#2164=ORIENTED_EDGE('',*,*,#1461,.F.);
#2165=ORIENTED_EDGE('',*,*,#1458,.F.);
#2166=ORIENTED_EDGE('',*,*,#1455,.F.);
#2167=ORIENTED_EDGE('',*,*,#1452,.F.);
#2168=ORIENTED_EDGE('',*,*,#1449,.F.);
#2169=ORIENTED_EDGE('',*,*,#1446,.F.);
#2170=ORIENTED_EDGE('',*,*,#1443,.F.);
#2171=ORIENTED_EDGE('',*,*,#1440,.F.);
#2172=ORIENTED_EDGE('',*,*,#1437,.F.);
#2173=ORIENTED_EDGE('',*,*,#1434,.F.);
#2174=ORIENTED_EDGE('',*,*,#1431,.F.);
#2175=ORIENTED_EDGE('',*,*,#1428,.F.);
#2176=ORIENTED_EDGE('',*,*,#1425,.F.);
#2177=ORIENTED_EDGE('',*,*,#1422,.F.);
#2178=ORIENTED_EDGE('',*,*,#1419,.F.);
#2179=ORIENTED_EDGE('',*,*,#1416,.F.);
#2180=ORIENTED_EDGE('',*,*,#1413,.F.);
#2181=ORIENTED_EDGE('',*,*,#1410,.F.);
#2182=ORIENTED_EDGE('',*,*,#1407,.F.);
#2183=ORIENTED_EDGE('',*,*,#1404,.F.);
#2184=ORIENTED_EDGE('',*,*,#1401,.F.);
#2185=ORIENTED_EDGE('',*,*,#1398,.F.);
#2186=ORIENTED_EDGE('',*,*,#1395,.F.);
#2187=ORIENTED_EDGE('',*,*,#1392,.F.);
#2188=ORIENTED_EDGE('',*,*,#1389,.F.);
#2189=ORIENTED_EDGE('',*,*,#1386,.F.);
#2190=ORIENTED_EDGE('',*,*,#1383,.F.);
#2191=ORIENTED_EDGE('',*,*,#1380,.F.);
#2192=ORIENTED_EDGE('',*,*,#1377,.F.);
#2193=ORIENTED_EDGE('',*,*,#1374,.F.);
#2194=ORIENTED_EDGE('',*,*,#1371,.F.);
#2195=ORIENTED_EDGE('',*,*,#1368,.F.);
#2196=ORIENTED_EDGE('',*,*,#1365,.F.);
#2197=ORIENTED_EDGE('',*,*,#1362,.F.);
#2198=ORIENTED_EDGE('',*,*,#1359,.F.);
#2199=ORIENTED_EDGE('',*,*,#1356,.F.);
#2200=ORIENTED_EDGE('',*,*,#1353,.F.);
#2201=ORIENTED_EDGE('',*,*,#1350,.F.);
#2202=ORIENTED_EDGE('',*,*,#1347,.F.);
#2203=ORIENTED_EDGE('',*,*,#1344,.F.);
#2204=ORIENTED_EDGE('',*,*,#1341,.F.);
#2205=ORIENTED_EDGE('',*,*,#1338,.F.);
#2206=ORIENTED_EDGE('',*,*,#1335,.F.);
#2207=ORIENTED_EDGE('',*,*,#1332,.F.);
#2208=ORIENTED_EDGE('',*,*,#1329,.F.);
#2209=ORIENTED_EDGE('',*,*,#1326,.F.);
#2210=ORIENTED_EDGE('',*,*,#1323,.F.);
#2211=ORIENTED_EDGE('',*,*,#1320,.F.);
#2212=ORIENTED_EDGE('',*,*,#1317,.F.);
#2213=ORIENTED_EDGE('',*,*,#1314,.F.);
#2214=ORIENTED_EDGE('',*,*,#1311,.F.);
#2215=ORIENTED_EDGE('',*,*,#1308,.F.);
#2216=ORIENTED_EDGE('',*,*,#1305,.F.);
#2217=ORIENTED_EDGE('',*,*,#1302,.F.);
#2218=ORIENTED_EDGE('',*,*,#1299,.F.);
#2219=ORIENTED_EDGE('',*,*,#1296,.F.);
#2220=ORIENTED_EDGE('',*,*,#1293,.F.);
#2221=ORIENTED_EDGE('',*,*,#1290,.F.);
#2222=ORIENTED_EDGE('',*,*,#1287,.F.);
#2223=ORIENTED_EDGE('',*,*,#1284,.F.);
#2224=ORIENTED_EDGE('',*,*,#1281,.F.);
#2225=ORIENTED_EDGE('',*,*,#1278,.F.);
#2226=ORIENTED_EDGE('',*,*,#1275,.F.);
#2227=CYLINDRICAL_SURFACE('',#2439,0.6);
#2228=CYLINDRICAL_SURFACE('',#2442,0.6);
#2229=CYLINDRICAL_SURFACE('',#2445,0.95);
#2230=CYLINDRICAL_SURFACE('',#2448,1.725);
#2231=CYLINDRICAL_SURFACE('',#2451,0.95);
#2232=CYLINDRICAL_SURFACE('',#2454,0.6);
#2233=CYLINDRICAL_SURFACE('',#2457,0.6);
#2234=CYLINDRICAL_SURFACE('',#2460,0.6);
#2235=CYLINDRICAL_SURFACE('',#2463,0.95);
#2236=CYLINDRICAL_SURFACE('',#2466,1.725);
#2237=CYLINDRICAL_SURFACE('',#2469,0.95);
#2238=CYLINDRICAL_SURFACE('',#2472,0.95);
#2239=CYLINDRICAL_SURFACE('',#2475,0.6);
#2240=CYLINDRICAL_SURFACE('',#2478,0.5);
#2241=CYLINDRICAL_SURFACE('',#2481,0.5);
#2242=CYLINDRICAL_SURFACE('',#2484,0.5);
#2243=CYLINDRICAL_SURFACE('',#2487,0.5);
#2244=CYLINDRICAL_SURFACE('',#2490,0.5);
#2245=CYLINDRICAL_SURFACE('',#2493,0.5);
#2246=CYLINDRICAL_SURFACE('',#2496,0.5);
#2247=CYLINDRICAL_SURFACE('',#2499,0.5);
#2248=CYLINDRICAL_SURFACE('',#2502,0.5);
#2249=CYLINDRICAL_SURFACE('',#2505,0.5);
#2250=CYLINDRICAL_SURFACE('',#2508,0.5);
#2251=CYLINDRICAL_SURFACE('',#2511,0.5);
#2252=CYLINDRICAL_SURFACE('',#2514,0.5);
#2253=CYLINDRICAL_SURFACE('',#2517,0.5);
#2254=CYLINDRICAL_SURFACE('',#2520,0.5);
#2255=CYLINDRICAL_SURFACE('',#2523,0.5);
#2256=CYLINDRICAL_SURFACE('',#2526,0.5);
#2257=CYLINDRICAL_SURFACE('',#2529,0.5);
#2258=CYLINDRICAL_SURFACE('',#2532,0.6);
#2259=CYLINDRICAL_SURFACE('',#2535,0.6);
#2260=CYLINDRICAL_SURFACE('',#2538,1.725);
#2261=CYLINDRICAL_SURFACE('',#2541,0.95);
#2262=CYLINDRICAL_SURFACE('',#2544,0.95);
#2263=CYLINDRICAL_SURFACE('',#2547,0.6);
#2264=CYLINDRICAL_SURFACE('',#2550,0.6);
#2265=CYLINDRICAL_SURFACE('',#2553,0.6);
#2266=CYLINDRICAL_SURFACE('',#2556,1.725);
#2267=CYLINDRICAL_SURFACE('',#2559,0.95);
#2268=CYLINDRICAL_SURFACE('',#2562,0.6);
#2269=CYLINDRICAL_SURFACE('',#2565,0.6);
#2270=CYLINDRICAL_SURFACE('',#2568,0.95);
#2271=CYLINDRICAL_SURFACE('',#2571,1.725);
#2272=CYLINDRICAL_SURFACE('',#2574,0.95);
#2273=CYLINDRICAL_SURFACE('',#2577,0.6);
#2274=CYLINDRICAL_SURFACE('',#2580,0.6);
#2275=CYLINDRICAL_SURFACE('',#2583,0.6);
#2276=CYLINDRICAL_SURFACE('',#2586,0.95);
#2277=CYLINDRICAL_SURFACE('',#2589,1.725);
#2278=CYLINDRICAL_SURFACE('',#2592,0.95);
#2279=CYLINDRICAL_SURFACE('',#2595,0.95);
#2280=CYLINDRICAL_SURFACE('',#2598,0.6);
#2281=CYLINDRICAL_SURFACE('',#2601,0.6);
#2282=CYLINDRICAL_SURFACE('',#2604,0.95);
#2283=CYLINDRICAL_SURFACE('',#2607,1.725);
#2284=CYLINDRICAL_SURFACE('',#2610,0.95);
#2285=CYLINDRICAL_SURFACE('',#2613,0.6);
#2286=CYLINDRICAL_SURFACE('',#2616,0.6);
#2287=CYLINDRICAL_SURFACE('',#2619,0.95);
#2288=CYLINDRICAL_SURFACE('',#2622,1.725);
#2289=CYLINDRICAL_SURFACE('',#2625,0.95);
#2290=CYLINDRICAL_SURFACE('',#2628,0.95);
#2291=CYLINDRICAL_SURFACE('',#2631,1.725);
#2292=CYLINDRICAL_SURFACE('',#2634,0.95);
#2293=CYLINDRICAL_SURFACE('',#2637,0.95);
#2294=CYLINDRICAL_SURFACE('',#2640,0.6);
#2295=CYLINDRICAL_SURFACE('',#2643,0.6);
#2296=CYLINDRICAL_SURFACE('',#2646,0.95);
#2297=CYLINDRICAL_SURFACE('',#2649,1.725);
#2298=CYLINDRICAL_SURFACE('',#2652,0.95);
#2299=CYLINDRICAL_SURFACE('',#2655,0.95);
#2300=CYLINDRICAL_SURFACE('',#2658,0.6);
#2301=CYLINDRICAL_SURFACE('',#2661,1.725);
#2302=CYLINDRICAL_SURFACE('',#2664,0.95);
#2303=CYLINDRICAL_SURFACE('',#2667,0.95);
#2304=CYLINDRICAL_SURFACE('',#2670,0.6);
#2305=CYLINDRICAL_SURFACE('',#2673,0.6);
#2306=CYLINDRICAL_SURFACE('',#2676,0.6);
#2307=CYLINDRICAL_SURFACE('',#2679,1.725);
#2308=CYLINDRICAL_SURFACE('',#2682,0.95);
#2309=CYLINDRICAL_SURFACE('',#2685,0.6);
#2310=CYLINDRICAL_SURFACE('',#2688,0.6);
#2311=CYLINDRICAL_SURFACE('',#2691,1.725);
#2312=CYLINDRICAL_SURFACE('',#2694,0.95);
#2313=CYLINDRICAL_SURFACE('',#2697,0.95);
#2314=CYLINDRICAL_SURFACE('',#2700,0.6);
#2315=CYLINDRICAL_SURFACE('',#2703,0.6);
#2316=CYLINDRICAL_SURFACE('',#2706,1.725);
#2317=CYLINDRICAL_SURFACE('',#2709,0.95);
#2318=CYLINDRICAL_SURFACE('',#2712,0.95);
#2319=CYLINDRICAL_SURFACE('',#2715,1.725);
#2320=CYLINDRICAL_SURFACE('',#2718,0.95);
#2321=CYLINDRICAL_SURFACE('',#2721,0.6);
#2322=CYLINDRICAL_SURFACE('',#2724,0.6);
#2323=CYLINDRICAL_SURFACE('',#2727,1.725);
#2324=CYLINDRICAL_SURFACE('',#2730,0.95);
#2325=CYLINDRICAL_SURFACE('',#2734,9.525000310017);
#2326=CYLINDRICAL_SURFACE('',#2738,9.525000310017);
#2327=CYLINDRICAL_SURFACE('',#2742,9.525000310017);
#2328=CYLINDRICAL_SURFACE('',#2746,9.525000310017);
#2329=ADVANCED_FACE('',(#217),#2227,.F.);
#2330=ADVANCED_FACE('',(#218),#2228,.F.);
#2331=ADVANCED_FACE('',(#219),#2229,.F.);
#2332=ADVANCED_FACE('',(#220),#2230,.F.);
#2333=ADVANCED_FACE('',(#221),#2231,.F.);
#2334=ADVANCED_FACE('',(#222),#2232,.F.);
#2335=ADVANCED_FACE('',(#223),#2233,.F.);
#2336=ADVANCED_FACE('',(#224),#2234,.F.);
#2337=ADVANCED_FACE('',(#225),#2235,.F.);
#2338=ADVANCED_FACE('',(#226),#2236,.F.);
#2339=ADVANCED_FACE('',(#227),#2237,.F.);
#2340=ADVANCED_FACE('',(#228),#2238,.F.);
#2341=ADVANCED_FACE('',(#229),#2239,.F.);
#2342=ADVANCED_FACE('',(#230),#2240,.F.);
#2343=ADVANCED_FACE('',(#231),#2241,.F.);
#2344=ADVANCED_FACE('',(#232),#2242,.F.);
#2345=ADVANCED_FACE('',(#233),#2243,.F.);
#2346=ADVANCED_FACE('',(#234),#2244,.F.);
#2347=ADVANCED_FACE('',(#235),#2245,.F.);
#2348=ADVANCED_FACE('',(#236),#2246,.F.);
#2349=ADVANCED_FACE('',(#237),#2247,.F.);
#2350=ADVANCED_FACE('',(#238),#2248,.F.);
#2351=ADVANCED_FACE('',(#239),#2249,.F.);
#2352=ADVANCED_FACE('',(#240),#2250,.F.);
#2353=ADVANCED_FACE('',(#241),#2251,.F.);
#2354=ADVANCED_FACE('',(#242),#2252,.F.);
#2355=ADVANCED_FACE('',(#243),#2253,.F.);
#2356=ADVANCED_FACE('',(#244),#2254,.F.);
#2357=ADVANCED_FACE('',(#245),#2255,.F.);
#2358=ADVANCED_FACE('',(#246),#2256,.F.);
#2359=ADVANCED_FACE('',(#247),#2257,.F.);
#2360=ADVANCED_FACE('',(#248),#2258,.F.);
#2361=ADVANCED_FACE('',(#249),#2259,.F.);
#2362=ADVANCED_FACE('',(#250),#2260,.F.);
#2363=ADVANCED_FACE('',(#251),#2261,.F.);
#2364=ADVANCED_FACE('',(#252),#2262,.F.);
#2365=ADVANCED_FACE('',(#253),#2263,.F.);
#2366=ADVANCED_FACE('',(#254),#2264,.F.);
#2367=ADVANCED_FACE('',(#255),#2265,.F.);
#2368=ADVANCED_FACE('',(#256),#2266,.F.);
#2369=ADVANCED_FACE('',(#257),#2267,.F.);
#2370=ADVANCED_FACE('',(#258),#2268,.F.);
#2371=ADVANCED_FACE('',(#259),#2269,.F.);
#2372=ADVANCED_FACE('',(#260),#2270,.F.);
#2373=ADVANCED_FACE('',(#261),#2271,.F.);
#2374=ADVANCED_FACE('',(#262),#2272,.F.);
#2375=ADVANCED_FACE('',(#263),#2273,.F.);
#2376=ADVANCED_FACE('',(#264),#2274,.F.);
#2377=ADVANCED_FACE('',(#265),#2275,.F.);
#2378=ADVANCED_FACE('',(#266),#2276,.F.);
#2379=ADVANCED_FACE('',(#267),#2277,.F.);
#2380=ADVANCED_FACE('',(#268),#2278,.F.);
#2381=ADVANCED_FACE('',(#269),#2279,.F.);
#2382=ADVANCED_FACE('',(#270),#2280,.F.);
#2383=ADVANCED_FACE('',(#271),#2281,.F.);
#2384=ADVANCED_FACE('',(#272),#2282,.F.);
#2385=ADVANCED_FACE('',(#273),#2283,.F.);
#2386=ADVANCED_FACE('',(#274),#2284,.F.);
#2387=ADVANCED_FACE('',(#275),#2285,.F.);
#2388=ADVANCED_FACE('',(#276),#2286,.F.);
#2389=ADVANCED_FACE('',(#277),#2287,.F.);
#2390=ADVANCED_FACE('',(#278),#2288,.F.);
#2391=ADVANCED_FACE('',(#279),#2289,.F.);
#2392=ADVANCED_FACE('',(#280),#2290,.F.);
#2393=ADVANCED_FACE('',(#281),#2291,.F.);
#2394=ADVANCED_FACE('',(#282),#2292,.F.);
#2395=ADVANCED_FACE('',(#283),#2293,.F.);
#2396=ADVANCED_FACE('',(#284),#2294,.F.);
#2397=ADVANCED_FACE('',(#285),#2295,.F.);
#2398=ADVANCED_FACE('',(#286),#2296,.F.);
#2399=ADVANCED_FACE('',(#287),#2297,.F.);
#2400=ADVANCED_FACE('',(#288),#2298,.F.);
#2401=ADVANCED_FACE('',(#289),#2299,.F.);
#2402=ADVANCED_FACE('',(#290),#2300,.F.);
#2403=ADVANCED_FACE('',(#291),#2301,.F.);
#2404=ADVANCED_FACE('',(#292),#2302,.F.);
#2405=ADVANCED_FACE('',(#293),#2303,.F.);
#2406=ADVANCED_FACE('',(#294),#2304,.F.);
#2407=ADVANCED_FACE('',(#295),#2305,.F.);
#2408=ADVANCED_FACE('',(#296),#2306,.F.);
#2409=ADVANCED_FACE('',(#297),#2307,.F.);
#2410=ADVANCED_FACE('',(#298),#2308,.F.);
#2411=ADVANCED_FACE('',(#299),#2309,.F.);
#2412=ADVANCED_FACE('',(#300),#2310,.F.);
#2413=ADVANCED_FACE('',(#301),#2311,.F.);
#2414=ADVANCED_FACE('',(#302),#2312,.F.);
#2415=ADVANCED_FACE('',(#303),#2313,.F.);
#2416=ADVANCED_FACE('',(#304),#2314,.F.);
#2417=ADVANCED_FACE('',(#305),#2315,.F.);
#2418=ADVANCED_FACE('',(#306),#2316,.F.);
#2419=ADVANCED_FACE('',(#307),#2317,.F.);
#2420=ADVANCED_FACE('',(#308),#2318,.F.);
#2421=ADVANCED_FACE('',(#309),#2319,.F.);
#2422=ADVANCED_FACE('',(#310),#2320,.F.);
#2423=ADVANCED_FACE('',(#311),#2321,.F.);
#2424=ADVANCED_FACE('',(#312),#2322,.F.);
#2425=ADVANCED_FACE('',(#313),#2323,.F.);
#2426=ADVANCED_FACE('',(#314),#2324,.F.);
#2427=ADVANCED_FACE('',(#315),#211,.T.);
#2428=ADVANCED_FACE('',(#316),#2325,.T.);
#2429=ADVANCED_FACE('',(#317),#212,.T.);
#2430=ADVANCED_FACE('',(#318),#2326,.T.);
#2431=ADVANCED_FACE('',(#319),#213,.T.);
#2432=ADVANCED_FACE('',(#320),#2327,.T.);
#2433=ADVANCED_FACE('',(#321),#214,.T.);
#2434=ADVANCED_FACE('',(#322),#2328,.T.);
#2435=ADVANCED_FACE('',(#323,#15,#16,#17,#18,#19,#20,#21,#22,#23,#24,#25,
#26,#27,#28,#29,#30,#31,#32,#33,#34,#35,#36,#37,#38,#39,#40,#41,#42,#43,
#44,#45,#46,#47,#48,#49,#50,#51,#52,#53,#54,#55,#56,#57,#58,#59,#60,#61,
#62,#63,#64,#65,#66,#67,#68,#69,#70,#71,#72,#73,#74,#75,#76,#77,#78,#79,
#80,#81,#82,#83,#84,#85,#86,#87,#88,#89,#90,#91,#92,#93,#94,#95,#96,#97,
#98,#99,#100,#101,#102,#103,#104,#105,#106,#107,#108,#109,#110,#111,#112),
#215,.T.);
#2436=ADVANCED_FACE('',(#324,#113,#114,#115,#116,#117,#118,#119,#120,#121,
#122,#123,#124,#125,#126,#127,#128,#129,#130,#131,#132,#133,#134,#135,#136,
#137,#138,#139,#140,#141,#142,#143,#144,#145,#146,#147,#148,#149,#150,#151,
#152,#153,#154,#155,#156,#157,#158,#159,#160,#161,#162,#163,#164,#165,#166,
#167,#168,#169,#170,#171,#172,#173,#174,#175,#176,#177,#178,#179,#180,#181,
#182,#183,#184,#185,#186,#187,#188,#189,#190,#191,#192,#193,#194,#195,#196,
#197,#198,#199,#200,#201,#202,#203,#204,#205,#206,#207,#208,#209,#210),
#216,.F.);
#2437=CLOSED_SHELL('',(#2329,#2330,#2331,#2332,#2333,#2334,#2335,#2336,
#2337,#2338,#2339,#2340,#2341,#2342,#2343,#2344,#2345,#2346,#2347,#2348,
#2349,#2350,#2351,#2352,#2353,#2354,#2355,#2356,#2357,#2358,#2359,#2360,
#2361,#2362,#2363,#2364,#2365,#2366,#2367,#2368,#2369,#2370,#2371,#2372,
#2373,#2374,#2375,#2376,#2377,#2378,#2379,#2380,#2381,#2382,#2383,#2384,
#2385,#2386,#2387,#2388,#2389,#2390,#2391,#2392,#2393,#2394,#2395,#2396,
#2397,#2398,#2399,#2400,#2401,#2402,#2403,#2404,#2405,#2406,#2407,#2408,
#2409,#2410,#2411,#2412,#2413,#2414,#2415,#2416,#2417,#2418,#2419,#2420,
#2421,#2422,#2423,#2424,#2425,#2426,#2427,#2428,#2429,#2430,#2431,#2432,
#2433,#2434,#2435,#2436));
#2438=AXIS2_PLACEMENT_3D('',#3491,#2751,#2752);
#2439=AXIS2_PLACEMENT_3D('',#3492,#2753,#2754);
#2440=AXIS2_PLACEMENT_3D('',#3494,#2755,#2756);
#2441=AXIS2_PLACEMENT_3D('',#3497,#2758,#2759);
#2442=AXIS2_PLACEMENT_3D('',#3498,#2760,#2761);
#2443=AXIS2_PLACEMENT_3D('',#3500,#2762,#2763);
#2444=AXIS2_PLACEMENT_3D('',#3503,#2765,#2766);
#2445=AXIS2_PLACEMENT_3D('',#3504,#2767,#2768);
#2446=AXIS2_PLACEMENT_3D('',#3506,#2769,#2770);
#2447=AXIS2_PLACEMENT_3D('',#3509,#2772,#2773);
#2448=AXIS2_PLACEMENT_3D('',#3510,#2774,#2775);
#2449=AXIS2_PLACEMENT_3D('',#3512,#2776,#2777);
#2450=AXIS2_PLACEMENT_3D('',#3515,#2779,#2780);
#2451=AXIS2_PLACEMENT_3D('',#3516,#2781,#2782);
#2452=AXIS2_PLACEMENT_3D('',#3518,#2783,#2784);
#2453=AXIS2_PLACEMENT_3D('',#3521,#2786,#2787);
#2454=AXIS2_PLACEMENT_3D('',#3522,#2788,#2789);
#2455=AXIS2_PLACEMENT_3D('',#3524,#2790,#2791);
#2456=AXIS2_PLACEMENT_3D('',#3527,#2793,#2794);
#2457=AXIS2_PLACEMENT_3D('',#3528,#2795,#2796);
#2458=AXIS2_PLACEMENT_3D('',#3530,#2797,#2798);
#2459=AXIS2_PLACEMENT_3D('',#3533,#2800,#2801);
#2460=AXIS2_PLACEMENT_3D('',#3534,#2802,#2803);
#2461=AXIS2_PLACEMENT_3D('',#3536,#2804,#2805);
#2462=AXIS2_PLACEMENT_3D('',#3539,#2807,#2808);
#2463=AXIS2_PLACEMENT_3D('',#3540,#2809,#2810);
#2464=AXIS2_PLACEMENT_3D('',#3542,#2811,#2812);
#2465=AXIS2_PLACEMENT_3D('',#3545,#2814,#2815);
#2466=AXIS2_PLACEMENT_3D('',#3546,#2816,#2817);
#2467=AXIS2_PLACEMENT_3D('',#3548,#2818,#2819);
#2468=AXIS2_PLACEMENT_3D('',#3551,#2821,#2822);
#2469=AXIS2_PLACEMENT_3D('',#3552,#2823,#2824);
#2470=AXIS2_PLACEMENT_3D('',#3554,#2825,#2826);
#2471=AXIS2_PLACEMENT_3D('',#3557,#2828,#2829);
#2472=AXIS2_PLACEMENT_3D('',#3558,#2830,#2831);
#2473=AXIS2_PLACEMENT_3D('',#3560,#2832,#2833);
#2474=AXIS2_PLACEMENT_3D('',#3563,#2835,#2836);
#2475=AXIS2_PLACEMENT_3D('',#3564,#2837,#2838);
#2476=AXIS2_PLACEMENT_3D('',#3566,#2839,#2840);
#2477=AXIS2_PLACEMENT_3D('',#3569,#2842,#2843);
#2478=AXIS2_PLACEMENT_3D('',#3570,#2844,#2845);
#2479=AXIS2_PLACEMENT_3D('',#3572,#2846,#2847);
#2480=AXIS2_PLACEMENT_3D('',#3575,#2849,#2850);
#2481=AXIS2_PLACEMENT_3D('',#3576,#2851,#2852);
#2482=AXIS2_PLACEMENT_3D('',#3578,#2853,#2854);
#2483=AXIS2_PLACEMENT_3D('',#3581,#2856,#2857);
#2484=AXIS2_PLACEMENT_3D('',#3582,#2858,#2859);
#2485=AXIS2_PLACEMENT_3D('',#3584,#2860,#2861);
#2486=AXIS2_PLACEMENT_3D('',#3587,#2863,#2864);
#2487=AXIS2_PLACEMENT_3D('',#3588,#2865,#2866);
#2488=AXIS2_PLACEMENT_3D('',#3590,#2867,#2868);
#2489=AXIS2_PLACEMENT_3D('',#3593,#2870,#2871);
#2490=AXIS2_PLACEMENT_3D('',#3594,#2872,#2873);
#2491=AXIS2_PLACEMENT_3D('',#3596,#2874,#2875);
#2492=AXIS2_PLACEMENT_3D('',#3599,#2877,#2878);
#2493=AXIS2_PLACEMENT_3D('',#3600,#2879,#2880);
#2494=AXIS2_PLACEMENT_3D('',#3602,#2881,#2882);
#2495=AXIS2_PLACEMENT_3D('',#3605,#2884,#2885);
#2496=AXIS2_PLACEMENT_3D('',#3606,#2886,#2887);
#2497=AXIS2_PLACEMENT_3D('',#3608,#2888,#2889);
#2498=AXIS2_PLACEMENT_3D('',#3611,#2891,#2892);
#2499=AXIS2_PLACEMENT_3D('',#3612,#2893,#2894);
#2500=AXIS2_PLACEMENT_3D('',#3614,#2895,#2896);
#2501=AXIS2_PLACEMENT_3D('',#3617,#2898,#2899);
#2502=AXIS2_PLACEMENT_3D('',#3618,#2900,#2901);
#2503=AXIS2_PLACEMENT_3D('',#3620,#2902,#2903);
#2504=AXIS2_PLACEMENT_3D('',#3623,#2905,#2906);
#2505=AXIS2_PLACEMENT_3D('',#3624,#2907,#2908);
#2506=AXIS2_PLACEMENT_3D('',#3626,#2909,#2910);
#2507=AXIS2_PLACEMENT_3D('',#3629,#2912,#2913);
#2508=AXIS2_PLACEMENT_3D('',#3630,#2914,#2915);
#2509=AXIS2_PLACEMENT_3D('',#3632,#2916,#2917);
#2510=AXIS2_PLACEMENT_3D('',#3635,#2919,#2920);
#2511=AXIS2_PLACEMENT_3D('',#3636,#2921,#2922);
#2512=AXIS2_PLACEMENT_3D('',#3638,#2923,#2924);
#2513=AXIS2_PLACEMENT_3D('',#3641,#2926,#2927);
#2514=AXIS2_PLACEMENT_3D('',#3642,#2928,#2929);
#2515=AXIS2_PLACEMENT_3D('',#3644,#2930,#2931);
#2516=AXIS2_PLACEMENT_3D('',#3647,#2933,#2934);
#2517=AXIS2_PLACEMENT_3D('',#3648,#2935,#2936);
#2518=AXIS2_PLACEMENT_3D('',#3650,#2937,#2938);
#2519=AXIS2_PLACEMENT_3D('',#3653,#2940,#2941);
#2520=AXIS2_PLACEMENT_3D('',#3654,#2942,#2943);
#2521=AXIS2_PLACEMENT_3D('',#3656,#2944,#2945);
#2522=AXIS2_PLACEMENT_3D('',#3659,#2947,#2948);
#2523=AXIS2_PLACEMENT_3D('',#3660,#2949,#2950);
#2524=AXIS2_PLACEMENT_3D('',#3662,#2951,#2952);
#2525=AXIS2_PLACEMENT_3D('',#3665,#2954,#2955);
#2526=AXIS2_PLACEMENT_3D('',#3666,#2956,#2957);
#2527=AXIS2_PLACEMENT_3D('',#3668,#2958,#2959);
#2528=AXIS2_PLACEMENT_3D('',#3671,#2961,#2962);
#2529=AXIS2_PLACEMENT_3D('',#3672,#2963,#2964);
#2530=AXIS2_PLACEMENT_3D('',#3674,#2965,#2966);
#2531=AXIS2_PLACEMENT_3D('',#3677,#2968,#2969);
#2532=AXIS2_PLACEMENT_3D('',#3678,#2970,#2971);
#2533=AXIS2_PLACEMENT_3D('',#3680,#2972,#2973);
#2534=AXIS2_PLACEMENT_3D('',#3683,#2975,#2976);
#2535=AXIS2_PLACEMENT_3D('',#3684,#2977,#2978);
#2536=AXIS2_PLACEMENT_3D('',#3686,#2979,#2980);
#2537=AXIS2_PLACEMENT_3D('',#3689,#2982,#2983);
#2538=AXIS2_PLACEMENT_3D('',#3690,#2984,#2985);
#2539=AXIS2_PLACEMENT_3D('',#3692,#2986,#2987);
#2540=AXIS2_PLACEMENT_3D('',#3695,#2989,#2990);
#2541=AXIS2_PLACEMENT_3D('',#3696,#2991,#2992);
#2542=AXIS2_PLACEMENT_3D('',#3698,#2993,#2994);
#2543=AXIS2_PLACEMENT_3D('',#3701,#2996,#2997);
#2544=AXIS2_PLACEMENT_3D('',#3702,#2998,#2999);
#2545=AXIS2_PLACEMENT_3D('',#3704,#3000,#3001);
#2546=AXIS2_PLACEMENT_3D('',#3707,#3003,#3004);
#2547=AXIS2_PLACEMENT_3D('',#3708,#3005,#3006);
#2548=AXIS2_PLACEMENT_3D('',#3710,#3007,#3008);
#2549=AXIS2_PLACEMENT_3D('',#3713,#3010,#3011);
#2550=AXIS2_PLACEMENT_3D('',#3714,#3012,#3013);
#2551=AXIS2_PLACEMENT_3D('',#3716,#3014,#3015);
#2552=AXIS2_PLACEMENT_3D('',#3719,#3017,#3018);
#2553=AXIS2_PLACEMENT_3D('',#3720,#3019,#3020);
#2554=AXIS2_PLACEMENT_3D('',#3722,#3021,#3022);
#2555=AXIS2_PLACEMENT_3D('',#3725,#3024,#3025);
#2556=AXIS2_PLACEMENT_3D('',#3726,#3026,#3027);
#2557=AXIS2_PLACEMENT_3D('',#3728,#3028,#3029);
#2558=AXIS2_PLACEMENT_3D('',#3731,#3031,#3032);
#2559=AXIS2_PLACEMENT_3D('',#3732,#3033,#3034);
#2560=AXIS2_PLACEMENT_3D('',#3734,#3035,#3036);
#2561=AXIS2_PLACEMENT_3D('',#3737,#3038,#3039);
#2562=AXIS2_PLACEMENT_3D('',#3738,#3040,#3041);
#2563=AXIS2_PLACEMENT_3D('',#3740,#3042,#3043);
#2564=AXIS2_PLACEMENT_3D('',#3743,#3045,#3046);
#2565=AXIS2_PLACEMENT_3D('',#3744,#3047,#3048);
#2566=AXIS2_PLACEMENT_3D('',#3746,#3049,#3050);
#2567=AXIS2_PLACEMENT_3D('',#3749,#3052,#3053);
#2568=AXIS2_PLACEMENT_3D('',#3750,#3054,#3055);
#2569=AXIS2_PLACEMENT_3D('',#3752,#3056,#3057);
#2570=AXIS2_PLACEMENT_3D('',#3755,#3059,#3060);
#2571=AXIS2_PLACEMENT_3D('',#3756,#3061,#3062);
#2572=AXIS2_PLACEMENT_3D('',#3758,#3063,#3064);
#2573=AXIS2_PLACEMENT_3D('',#3761,#3066,#3067);
#2574=AXIS2_PLACEMENT_3D('',#3762,#3068,#3069);
#2575=AXIS2_PLACEMENT_3D('',#3764,#3070,#3071);
#2576=AXIS2_PLACEMENT_3D('',#3767,#3073,#3074);
#2577=AXIS2_PLACEMENT_3D('',#3768,#3075,#3076);
#2578=AXIS2_PLACEMENT_3D('',#3770,#3077,#3078);
#2579=AXIS2_PLACEMENT_3D('',#3773,#3080,#3081);
#2580=AXIS2_PLACEMENT_3D('',#3774,#3082,#3083);
#2581=AXIS2_PLACEMENT_3D('',#3776,#3084,#3085);
#2582=AXIS2_PLACEMENT_3D('',#3779,#3087,#3088);
#2583=AXIS2_PLACEMENT_3D('',#3780,#3089,#3090);
#2584=AXIS2_PLACEMENT_3D('',#3782,#3091,#3092);
#2585=AXIS2_PLACEMENT_3D('',#3785,#3094,#3095);
#2586=AXIS2_PLACEMENT_3D('',#3786,#3096,#3097);
#2587=AXIS2_PLACEMENT_3D('',#3788,#3098,#3099);
#2588=AXIS2_PLACEMENT_3D('',#3791,#3101,#3102);
#2589=AXIS2_PLACEMENT_3D('',#3792,#3103,#3104);
#2590=AXIS2_PLACEMENT_3D('',#3794,#3105,#3106);
#2591=AXIS2_PLACEMENT_3D('',#3797,#3108,#3109);
#2592=AXIS2_PLACEMENT_3D('',#3798,#3110,#3111);
#2593=AXIS2_PLACEMENT_3D('',#3800,#3112,#3113);
#2594=AXIS2_PLACEMENT_3D('',#3803,#3115,#3116);
#2595=AXIS2_PLACEMENT_3D('',#3804,#3117,#3118);
#2596=AXIS2_PLACEMENT_3D('',#3806,#3119,#3120);
#2597=AXIS2_PLACEMENT_3D('',#3809,#3122,#3123);
#2598=AXIS2_PLACEMENT_3D('',#3810,#3124,#3125);
#2599=AXIS2_PLACEMENT_3D('',#3812,#3126,#3127);
#2600=AXIS2_PLACEMENT_3D('',#3815,#3129,#3130);
#2601=AXIS2_PLACEMENT_3D('',#3816,#3131,#3132);
#2602=AXIS2_PLACEMENT_3D('',#3818,#3133,#3134);
#2603=AXIS2_PLACEMENT_3D('',#3821,#3136,#3137);
#2604=AXIS2_PLACEMENT_3D('',#3822,#3138,#3139);
#2605=AXIS2_PLACEMENT_3D('',#3824,#3140,#3141);
#2606=AXIS2_PLACEMENT_3D('',#3827,#3143,#3144);
#2607=AXIS2_PLACEMENT_3D('',#3828,#3145,#3146);
#2608=AXIS2_PLACEMENT_3D('',#3830,#3147,#3148);
#2609=AXIS2_PLACEMENT_3D('',#3833,#3150,#3151);
#2610=AXIS2_PLACEMENT_3D('',#3834,#3152,#3153);
#2611=AXIS2_PLACEMENT_3D('',#3836,#3154,#3155);
#2612=AXIS2_PLACEMENT_3D('',#3839,#3157,#3158);
#2613=AXIS2_PLACEMENT_3D('',#3840,#3159,#3160);
#2614=AXIS2_PLACEMENT_3D('',#3842,#3161,#3162);
#2615=AXIS2_PLACEMENT_3D('',#3845,#3164,#3165);
#2616=AXIS2_PLACEMENT_3D('',#3846,#3166,#3167);
#2617=AXIS2_PLACEMENT_3D('',#3848,#3168,#3169);
#2618=AXIS2_PLACEMENT_3D('',#3851,#3171,#3172);
#2619=AXIS2_PLACEMENT_3D('',#3852,#3173,#3174);
#2620=AXIS2_PLACEMENT_3D('',#3854,#3175,#3176);
#2621=AXIS2_PLACEMENT_3D('',#3857,#3178,#3179);
#2622=AXIS2_PLACEMENT_3D('',#3858,#3180,#3181);
#2623=AXIS2_PLACEMENT_3D('',#3860,#3182,#3183);
#2624=AXIS2_PLACEMENT_3D('',#3863,#3185,#3186);
#2625=AXIS2_PLACEMENT_3D('',#3864,#3187,#3188);
#2626=AXIS2_PLACEMENT_3D('',#3866,#3189,#3190);
#2627=AXIS2_PLACEMENT_3D('',#3869,#3192,#3193);
#2628=AXIS2_PLACEMENT_3D('',#3870,#3194,#3195);
#2629=AXIS2_PLACEMENT_3D('',#3872,#3196,#3197);
#2630=AXIS2_PLACEMENT_3D('',#3875,#3199,#3200);
#2631=AXIS2_PLACEMENT_3D('',#3876,#3201,#3202);
#2632=AXIS2_PLACEMENT_3D('',#3878,#3203,#3204);
#2633=AXIS2_PLACEMENT_3D('',#3881,#3206,#3207);
#2634=AXIS2_PLACEMENT_3D('',#3882,#3208,#3209);
#2635=AXIS2_PLACEMENT_3D('',#3884,#3210,#3211);
#2636=AXIS2_PLACEMENT_3D('',#3887,#3213,#3214);
#2637=AXIS2_PLACEMENT_3D('',#3888,#3215,#3216);
#2638=AXIS2_PLACEMENT_3D('',#3890,#3217,#3218);
#2639=AXIS2_PLACEMENT_3D('',#3893,#3220,#3221);
#2640=AXIS2_PLACEMENT_3D('',#3894,#3222,#3223);
#2641=AXIS2_PLACEMENT_3D('',#3896,#3224,#3225);
#2642=AXIS2_PLACEMENT_3D('',#3899,#3227,#3228);
#2643=AXIS2_PLACEMENT_3D('',#3900,#3229,#3230);
#2644=AXIS2_PLACEMENT_3D('',#3902,#3231,#3232);
#2645=AXIS2_PLACEMENT_3D('',#3905,#3234,#3235);
#2646=AXIS2_PLACEMENT_3D('',#3906,#3236,#3237);
#2647=AXIS2_PLACEMENT_3D('',#3908,#3238,#3239);
#2648=AXIS2_PLACEMENT_3D('',#3911,#3241,#3242);
#2649=AXIS2_PLACEMENT_3D('',#3912,#3243,#3244);
#2650=AXIS2_PLACEMENT_3D('',#3914,#3245,#3246);
#2651=AXIS2_PLACEMENT_3D('',#3917,#3248,#3249);
#2652=AXIS2_PLACEMENT_3D('',#3918,#3250,#3251);
#2653=AXIS2_PLACEMENT_3D('',#3920,#3252,#3253);
#2654=AXIS2_PLACEMENT_3D('',#3923,#3255,#3256);
#2655=AXIS2_PLACEMENT_3D('',#3924,#3257,#3258);
#2656=AXIS2_PLACEMENT_3D('',#3926,#3259,#3260);
#2657=AXIS2_PLACEMENT_3D('',#3929,#3262,#3263);
#2658=AXIS2_PLACEMENT_3D('',#3930,#3264,#3265);
#2659=AXIS2_PLACEMENT_3D('',#3932,#3266,#3267);
#2660=AXIS2_PLACEMENT_3D('',#3935,#3269,#3270);
#2661=AXIS2_PLACEMENT_3D('',#3936,#3271,#3272);
#2662=AXIS2_PLACEMENT_3D('',#3938,#3273,#3274);
#2663=AXIS2_PLACEMENT_3D('',#3941,#3276,#3277);
#2664=AXIS2_PLACEMENT_3D('',#3942,#3278,#3279);
#2665=AXIS2_PLACEMENT_3D('',#3944,#3280,#3281);
#2666=AXIS2_PLACEMENT_3D('',#3947,#3283,#3284);
#2667=AXIS2_PLACEMENT_3D('',#3948,#3285,#3286);
#2668=AXIS2_PLACEMENT_3D('',#3950,#3287,#3288);
#2669=AXIS2_PLACEMENT_3D('',#3953,#3290,#3291);
#2670=AXIS2_PLACEMENT_3D('',#3954,#3292,#3293);
#2671=AXIS2_PLACEMENT_3D('',#3956,#3294,#3295);
#2672=AXIS2_PLACEMENT_3D('',#3959,#3297,#3298);
#2673=AXIS2_PLACEMENT_3D('',#3960,#3299,#3300);
#2674=AXIS2_PLACEMENT_3D('',#3962,#3301,#3302);
#2675=AXIS2_PLACEMENT_3D('',#3965,#3304,#3305);
#2676=AXIS2_PLACEMENT_3D('',#3966,#3306,#3307);
#2677=AXIS2_PLACEMENT_3D('',#3968,#3308,#3309);
#2678=AXIS2_PLACEMENT_3D('',#3971,#3311,#3312);
#2679=AXIS2_PLACEMENT_3D('',#3972,#3313,#3314);
#2680=AXIS2_PLACEMENT_3D('',#3974,#3315,#3316);
#2681=AXIS2_PLACEMENT_3D('',#3977,#3318,#3319);
#2682=AXIS2_PLACEMENT_3D('',#3978,#3320,#3321);
#2683=AXIS2_PLACEMENT_3D('',#3980,#3322,#3323);
#2684=AXIS2_PLACEMENT_3D('',#3983,#3325,#3326);
#2685=AXIS2_PLACEMENT_3D('',#3984,#3327,#3328);
#2686=AXIS2_PLACEMENT_3D('',#3986,#3329,#3330);
#2687=AXIS2_PLACEMENT_3D('',#3989,#3332,#3333);
#2688=AXIS2_PLACEMENT_3D('',#3990,#3334,#3335);
#2689=AXIS2_PLACEMENT_3D('',#3992,#3336,#3337);
#2690=AXIS2_PLACEMENT_3D('',#3995,#3339,#3340);
#2691=AXIS2_PLACEMENT_3D('',#3996,#3341,#3342);
#2692=AXIS2_PLACEMENT_3D('',#3998,#3343,#3344);
#2693=AXIS2_PLACEMENT_3D('',#4001,#3346,#3347);
#2694=AXIS2_PLACEMENT_3D('',#4002,#3348,#3349);
#2695=AXIS2_PLACEMENT_3D('',#4004,#3350,#3351);
#2696=AXIS2_PLACEMENT_3D('',#4007,#3353,#3354);
#2697=AXIS2_PLACEMENT_3D('',#4008,#3355,#3356);
#2698=AXIS2_PLACEMENT_3D('',#4010,#3357,#3358);
#2699=AXIS2_PLACEMENT_3D('',#4013,#3360,#3361);
#2700=AXIS2_PLACEMENT_3D('',#4014,#3362,#3363);
#2701=AXIS2_PLACEMENT_3D('',#4016,#3364,#3365);
#2702=AXIS2_PLACEMENT_3D('',#4019,#3367,#3368);
#2703=AXIS2_PLACEMENT_3D('',#4020,#3369,#3370);
#2704=AXIS2_PLACEMENT_3D('',#4022,#3371,#3372);
#2705=AXIS2_PLACEMENT_3D('',#4025,#3374,#3375);
#2706=AXIS2_PLACEMENT_3D('',#4026,#3376,#3377);
#2707=AXIS2_PLACEMENT_3D('',#4028,#3378,#3379);
#2708=AXIS2_PLACEMENT_3D('',#4031,#3381,#3382);
#2709=AXIS2_PLACEMENT_3D('',#4032,#3383,#3384);
#2710=AXIS2_PLACEMENT_3D('',#4034,#3385,#3386);
#2711=AXIS2_PLACEMENT_3D('',#4037,#3388,#3389);
#2712=AXIS2_PLACEMENT_3D('',#4038,#3390,#3391);
#2713=AXIS2_PLACEMENT_3D('',#4040,#3392,#3393);
#2714=AXIS2_PLACEMENT_3D('',#4043,#3395,#3396);
#2715=AXIS2_PLACEMENT_3D('',#4044,#3397,#3398);
#2716=AXIS2_PLACEMENT_3D('',#4046,#3399,#3400);
#2717=AXIS2_PLACEMENT_3D('',#4049,#3402,#3403);
#2718=AXIS2_PLACEMENT_3D('',#4050,#3404,#3405);
#2719=AXIS2_PLACEMENT_3D('',#4052,#3406,#3407);
#2720=AXIS2_PLACEMENT_3D('',#4055,#3409,#3410);
#2721=AXIS2_PLACEMENT_3D('',#4056,#3411,#3412);
#2722=AXIS2_PLACEMENT_3D('',#4058,#3413,#3414);
#2723=AXIS2_PLACEMENT_3D('',#4061,#3416,#3417);
#2724=AXIS2_PLACEMENT_3D('',#4062,#3418,#3419);
#2725=AXIS2_PLACEMENT_3D('',#4064,#3420,#3421);
#2726=AXIS2_PLACEMENT_3D('',#4067,#3423,#3424);
#2727=AXIS2_PLACEMENT_3D('',#4068,#3425,#3426);
#2728=AXIS2_PLACEMENT_3D('',#4070,#3427,#3428);
#2729=AXIS2_PLACEMENT_3D('',#4073,#3430,#3431);
#2730=AXIS2_PLACEMENT_3D('',#4074,#3432,#3433);
#2731=AXIS2_PLACEMENT_3D('',#4076,#3434,#3435);
#2732=AXIS2_PLACEMENT_3D('',#4079,#3437,#3438);
#2733=AXIS2_PLACEMENT_3D('',#4080,#3439,#3440);
#2734=AXIS2_PLACEMENT_3D('',#4089,#3445,#3446);
#2735=AXIS2_PLACEMENT_3D('',#4091,#3447,#3448);
#2736=AXIS2_PLACEMENT_3D('',#4093,#3449,#3450);
#2737=AXIS2_PLACEMENT_3D('',#4095,#3452,#3453);
#2738=AXIS2_PLACEMENT_3D('',#4101,#3457,#3458);
#2739=AXIS2_PLACEMENT_3D('',#4103,#3459,#3460);
#2740=AXIS2_PLACEMENT_3D('',#4105,#3461,#3462);
#2741=AXIS2_PLACEMENT_3D('',#4107,#3464,#3465);
#2742=AXIS2_PLACEMENT_3D('',#4113,#3469,#3470);
#2743=AXIS2_PLACEMENT_3D('',#4115,#3471,#3472);
#2744=AXIS2_PLACEMENT_3D('',#4117,#3473,#3474);
#2745=AXIS2_PLACEMENT_3D('',#4119,#3476,#3477);
#2746=AXIS2_PLACEMENT_3D('',#4125,#3481,#3482);
#2747=AXIS2_PLACEMENT_3D('',#4126,#3483,#3484);
#2748=AXIS2_PLACEMENT_3D('',#4127,#3485,#3486);
#2749=AXIS2_PLACEMENT_3D('',#4128,#3487,#3488);
#2750=AXIS2_PLACEMENT_3D('',#4129,#3489,#3490);
#2751=DIRECTION('axis',(0.,0.,1.));
#2752=DIRECTION('refdir',(1.,0.,0.));
#2753=DIRECTION('center_axis',(0.,0.,1.));
#2754=DIRECTION('ref_axis',(4.736951571734E-14,-1.,0.));
#2755=DIRECTION('center_axis',(0.,0.,-1.));
#2756=DIRECTION('ref_axis',(4.736951571734E-14,-1.,0.));
#2757=DIRECTION('',(0.,0.,-1.));
#2758=DIRECTION('center_axis',(0.,0.,-1.));
#2759=DIRECTION('ref_axis',(4.736951571734E-14,-1.,0.));
#2760=DIRECTION('center_axis',(0.,0.,1.));
#2761=DIRECTION('ref_axis',(4.736951571734E-14,-1.,0.));
#2762=DIRECTION('center_axis',(0.,0.,-1.));
#2763=DIRECTION('ref_axis',(4.736951571734E-14,-1.,0.));
#2764=DIRECTION('',(0.,0.,-1.));
#2765=DIRECTION('center_axis',(0.,0.,-1.));
#2766=DIRECTION('ref_axis',(4.736951571734E-14,-1.,0.));
#2767=DIRECTION('center_axis',(0.,0.,1.));
#2768=DIRECTION('ref_axis',(2.991758887411E-14,-1.,0.));
#2769=DIRECTION('center_axis',(0.,0.,-1.));
#2770=DIRECTION('ref_axis',(2.991758887411E-14,-1.,0.));
#2771=DIRECTION('',(0.,0.,-1.));
#2772=DIRECTION('center_axis',(0.,0.,-1.));
#2773=DIRECTION('ref_axis',(2.991758887411E-14,-1.,0.));
#2774=DIRECTION('center_axis',(0.,0.,1.));
#2775=DIRECTION('ref_axis',(1.647635329299E-14,-1.,0.));
#2776=DIRECTION('center_axis',(0.,0.,-1.));
#2777=DIRECTION('ref_axis',(1.647635329299E-14,-1.,0.));
#2778=DIRECTION('',(0.,0.,-1.));
#2779=DIRECTION('center_axis',(0.,0.,-1.));
#2780=DIRECTION('ref_axis',(1.647635329299E-14,-1.,0.));
#2781=DIRECTION('center_axis',(0.,0.,1.));
#2782=DIRECTION('ref_axis',(2.991758887411E-14,-1.,0.));
#2783=DIRECTION('center_axis',(0.,0.,-1.));
#2784=DIRECTION('ref_axis',(2.991758887411E-14,-1.,0.));
#2785=DIRECTION('',(0.,0.,-1.));
#2786=DIRECTION('center_axis',(0.,0.,-1.));
#2787=DIRECTION('ref_axis',(2.991758887411E-14,-1.,0.));
#2788=DIRECTION('center_axis',(0.,0.,1.));
#2789=DIRECTION('ref_axis',(4.736951571734E-14,-1.,0.));
#2790=DIRECTION('center_axis',(0.,0.,-1.));
#2791=DIRECTION('ref_axis',(4.736951571734E-14,-1.,0.));
#2792=DIRECTION('',(0.,0.,-1.));
#2793=DIRECTION('center_axis',(0.,0.,-1.));
#2794=DIRECTION('ref_axis',(4.736951571734E-14,-1.,0.));
#2795=DIRECTION('center_axis',(0.,0.,1.));
#2796=DIRECTION('ref_axis',(0.,-1.,0.));
#2797=DIRECTION('center_axis',(0.,0.,-1.));
#2798=DIRECTION('ref_axis',(0.,-1.,0.));
#2799=DIRECTION('',(0.,0.,-1.));
#2800=DIRECTION('center_axis',(0.,0.,-1.));
#2801=DIRECTION('ref_axis',(0.,-1.,0.));
#2802=DIRECTION('center_axis',(0.,0.,1.));
#2803=DIRECTION('ref_axis',(0.,-1.,0.));
#2804=DIRECTION('center_axis',(0.,0.,-1.));
#2805=DIRECTION('ref_axis',(0.,-1.,0.));
#2806=DIRECTION('',(0.,0.,-1.));
#2807=DIRECTION('center_axis',(0.,0.,-1.));
#2808=DIRECTION('ref_axis',(0.,-1.,0.));
#2809=DIRECTION('center_axis',(0.,0.,1.));
#2810=DIRECTION('ref_axis',(0.,-1.,0.));
#2811=DIRECTION('center_axis',(0.,0.,-1.));
#2812=DIRECTION('ref_axis',(0.,-1.,0.));
#2813=DIRECTION('',(0.,0.,-1.));
#2814=DIRECTION('center_axis',(0.,0.,-1.));
#2815=DIRECTION('ref_axis',(0.,-1.,0.));
#2816=DIRECTION('center_axis',(0.,0.,1.));
#2817=DIRECTION('ref_axis',(0.,-1.,0.));
#2818=DIRECTION('center_axis',(0.,0.,-1.));
#2819=DIRECTION('ref_axis',(0.,-1.,0.));
#2820=DIRECTION('',(0.,0.,-1.));
#2821=DIRECTION('center_axis',(0.,0.,-1.));
#2822=DIRECTION('ref_axis',(0.,-1.,0.));
#2823=DIRECTION('center_axis',(0.,0.,1.));
#2824=DIRECTION('ref_axis',(0.,-1.,0.));
#2825=DIRECTION('center_axis',(0.,0.,-1.));
#2826=DIRECTION('ref_axis',(0.,-1.,0.));
#2827=DIRECTION('',(0.,0.,-1.));
#2828=DIRECTION('center_axis',(0.,0.,-1.));
#2829=DIRECTION('ref_axis',(0.,-1.,0.));
#2830=DIRECTION('center_axis',(0.,0.,1.));
#2831=DIRECTION('ref_axis',(0.,-1.,0.));
#2832=DIRECTION('center_axis',(0.,0.,-1.));
#2833=DIRECTION('ref_axis',(0.,-1.,0.));
#2834=DIRECTION('',(0.,0.,-1.));
#2835=DIRECTION('center_axis',(0.,0.,-1.));
#2836=DIRECTION('ref_axis',(0.,-1.,0.));
#2837=DIRECTION('center_axis',(0.,0.,1.));
#2838=DIRECTION('ref_axis',(0.,-1.,0.));
#2839=DIRECTION('center_axis',(0.,0.,-1.));
#2840=DIRECTION('ref_axis',(0.,-1.,0.));
#2841=DIRECTION('',(0.,0.,-1.));
#2842=DIRECTION('center_axis',(0.,0.,-1.));
#2843=DIRECTION('ref_axis',(0.,-1.,0.));
#2844=DIRECTION('center_axis',(0.,0.,1.));
#2845=DIRECTION('ref_axis',(0.,-1.,0.));
#2846=DIRECTION('center_axis',(0.,0.,-1.));
#2847=DIRECTION('ref_axis',(0.,-1.,0.));
#2848=DIRECTION('',(0.,0.,-1.));
#2849=DIRECTION('center_axis',(0.,0.,-1.));
#2850=DIRECTION('ref_axis',(0.,-1.,0.));
#2851=DIRECTION('center_axis',(0.,0.,1.));
#2852=DIRECTION('ref_axis',(0.,-1.,0.));
#2853=DIRECTION('center_axis',(0.,0.,-1.));
#2854=DIRECTION('ref_axis',(0.,-1.,0.));
#2855=DIRECTION('',(0.,0.,-1.));
#2856=DIRECTION('center_axis',(0.,0.,-1.));
#2857=DIRECTION('ref_axis',(0.,-1.,0.));
#2858=DIRECTION('center_axis',(0.,0.,1.));
#2859=DIRECTION('ref_axis',(0.,-1.,0.));
#2860=DIRECTION('center_axis',(0.,0.,-1.));
#2861=DIRECTION('ref_axis',(0.,-1.,0.));
#2862=DIRECTION('',(0.,0.,-1.));
#2863=DIRECTION('center_axis',(0.,0.,-1.));
#2864=DIRECTION('ref_axis',(0.,-1.,0.));
#2865=DIRECTION('center_axis',(0.,0.,1.));
#2866=DIRECTION('ref_axis',(0.,-1.,0.));
#2867=DIRECTION('center_axis',(0.,0.,-1.));
#2868=DIRECTION('ref_axis',(0.,-1.,0.));
#2869=DIRECTION('',(0.,0.,-1.));
#2870=DIRECTION('center_axis',(0.,0.,-1.));
#2871=DIRECTION('ref_axis',(0.,-1.,0.));
#2872=DIRECTION('center_axis',(0.,0.,1.));
#2873=DIRECTION('ref_axis',(0.,-1.,0.));
#2874=DIRECTION('center_axis',(0.,0.,-1.));
#2875=DIRECTION('ref_axis',(0.,-1.,0.));
#2876=DIRECTION('',(0.,0.,-1.));
#2877=DIRECTION('center_axis',(0.,0.,-1.));
#2878=DIRECTION('ref_axis',(0.,-1.,0.));
#2879=DIRECTION('center_axis',(0.,0.,1.));
#2880=DIRECTION('ref_axis',(0.,-1.,0.));
#2881=DIRECTION('center_axis',(0.,0.,-1.));
#2882=DIRECTION('ref_axis',(0.,-1.,0.));
#2883=DIRECTION('',(0.,0.,-1.));
#2884=DIRECTION('center_axis',(0.,0.,-1.));
#2885=DIRECTION('ref_axis',(0.,-1.,0.));
#2886=DIRECTION('center_axis',(0.,0.,1.));
#2887=DIRECTION('ref_axis',(0.,-1.,0.));
#2888=DIRECTION('center_axis',(0.,0.,-1.));
#2889=DIRECTION('ref_axis',(0.,-1.,0.));
#2890=DIRECTION('',(0.,0.,-1.));
#2891=DIRECTION('center_axis',(0.,0.,-1.));
#2892=DIRECTION('ref_axis',(0.,-1.,0.));
#2893=DIRECTION('center_axis',(0.,0.,1.));
#2894=DIRECTION('ref_axis',(0.,-1.,0.));
#2895=DIRECTION('center_axis',(0.,0.,-1.));
#2896=DIRECTION('ref_axis',(0.,-1.,0.));
#2897=DIRECTION('',(0.,0.,-1.));
#2898=DIRECTION('center_axis',(0.,0.,-1.));
#2899=DIRECTION('ref_axis',(0.,-1.,0.));
#2900=DIRECTION('center_axis',(0.,0.,1.));
#2901=DIRECTION('ref_axis',(0.,-1.,0.));
#2902=DIRECTION('center_axis',(0.,0.,-1.));
#2903=DIRECTION('ref_axis',(0.,-1.,0.));
#2904=DIRECTION('',(0.,0.,-1.));
#2905=DIRECTION('center_axis',(0.,0.,-1.));
#2906=DIRECTION('ref_axis',(0.,-1.,0.));
#2907=DIRECTION('center_axis',(0.,0.,1.));
#2908=DIRECTION('ref_axis',(0.,-1.,0.));
#2909=DIRECTION('center_axis',(0.,0.,-1.));
#2910=DIRECTION('ref_axis',(0.,-1.,0.));
#2911=DIRECTION('',(0.,0.,-1.));
#2912=DIRECTION('center_axis',(0.,0.,-1.));
#2913=DIRECTION('ref_axis',(0.,-1.,0.));
#2914=DIRECTION('center_axis',(0.,0.,1.));
#2915=DIRECTION('ref_axis',(0.,-1.,0.));
#2916=DIRECTION('center_axis',(0.,0.,-1.));
#2917=DIRECTION('ref_axis',(0.,-1.,0.));
#2918=DIRECTION('',(0.,0.,-1.));
#2919=DIRECTION('center_axis',(0.,0.,-1.));
#2920=DIRECTION('ref_axis',(0.,-1.,0.));
#2921=DIRECTION('center_axis',(0.,0.,1.));
#2922=DIRECTION('ref_axis',(0.,-1.,0.));
#2923=DIRECTION('center_axis',(0.,0.,-1.));
#2924=DIRECTION('ref_axis',(0.,-1.,0.));
#2925=DIRECTION('',(0.,0.,-1.));
#2926=DIRECTION('center_axis',(0.,0.,-1.));
#2927=DIRECTION('ref_axis',(0.,-1.,0.));
#2928=DIRECTION('center_axis',(0.,0.,1.));
#2929=DIRECTION('ref_axis',(0.,-1.,0.));
#2930=DIRECTION('center_axis',(0.,0.,-1.));
#2931=DIRECTION('ref_axis',(0.,-1.,0.));
#2932=DIRECTION('',(0.,0.,-1.));
#2933=DIRECTION('center_axis',(0.,0.,-1.));
#2934=DIRECTION('ref_axis',(0.,-1.,0.));
#2935=DIRECTION('center_axis',(0.,0.,1.));
#2936=DIRECTION('ref_axis',(0.,-1.,0.));
#2937=DIRECTION('center_axis',(0.,0.,-1.));
#2938=DIRECTION('ref_axis',(0.,-1.,0.));
#2939=DIRECTION('',(0.,0.,-1.));
#2940=DIRECTION('center_axis',(0.,0.,-1.));
#2941=DIRECTION('ref_axis',(0.,-1.,0.));
#2942=DIRECTION('center_axis',(0.,0.,1.));
#2943=DIRECTION('ref_axis',(0.,-1.,0.));
#2944=DIRECTION('center_axis',(0.,0.,-1.));
#2945=DIRECTION('ref_axis',(0.,-1.,0.));
#2946=DIRECTION('',(0.,0.,-1.));
#2947=DIRECTION('center_axis',(0.,0.,-1.));
#2948=DIRECTION('ref_axis',(0.,-1.,0.));
#2949=DIRECTION('center_axis',(0.,0.,1.));
#2950=DIRECTION('ref_axis',(0.,-1.,0.));
#2951=DIRECTION('center_axis',(0.,0.,-1.));
#2952=DIRECTION('ref_axis',(0.,-1.,0.));
#2953=DIRECTION('',(0.,0.,-1.));
#2954=DIRECTION('center_axis',(0.,0.,-1.));
#2955=DIRECTION('ref_axis',(0.,-1.,0.));
#2956=DIRECTION('center_axis',(0.,0.,1.));
#2957=DIRECTION('ref_axis',(0.,-1.,0.));
#2958=DIRECTION('center_axis',(0.,0.,-1.));
#2959=DIRECTION('ref_axis',(0.,-1.,0.));
#2960=DIRECTION('',(0.,0.,-1.));
#2961=DIRECTION('center_axis',(0.,0.,-1.));
#2962=DIRECTION('ref_axis',(0.,-1.,0.));
#2963=DIRECTION('center_axis',(0.,0.,1.));
#2964=DIRECTION('ref_axis',(0.,-1.,0.));
#2965=DIRECTION('center_axis',(0.,0.,-1.));
#2966=DIRECTION('ref_axis',(0.,-1.,0.));
#2967=DIRECTION('',(0.,0.,-1.));
#2968=DIRECTION('center_axis',(0.,0.,-1.));
#2969=DIRECTION('ref_axis',(0.,-1.,0.));
#2970=DIRECTION('center_axis',(0.,0.,1.));
#2971=DIRECTION('ref_axis',(0.,-1.,0.));
#2972=DIRECTION('center_axis',(0.,0.,-1.));
#2973=DIRECTION('ref_axis',(0.,-1.,0.));
#2974=DIRECTION('',(0.,0.,-1.));
#2975=DIRECTION('center_axis',(0.,0.,-1.));
#2976=DIRECTION('ref_axis',(0.,-1.,0.));
#2977=DIRECTION('center_axis',(0.,0.,1.));
#2978=DIRECTION('ref_axis',(0.,-1.,0.));
#2979=DIRECTION('center_axis',(0.,0.,-1.));
#2980=DIRECTION('ref_axis',(0.,-1.,0.));
#2981=DIRECTION('',(0.,0.,-1.));
#2982=DIRECTION('center_axis',(0.,0.,-1.));
#2983=DIRECTION('ref_axis',(0.,-1.,0.));
#2984=DIRECTION('center_axis',(0.,0.,1.));
#2985=DIRECTION('ref_axis',(0.,-1.,0.));
#2986=DIRECTION('center_axis',(0.,0.,-1.));
#2987=DIRECTION('ref_axis',(0.,-1.,0.));
#2988=DIRECTION('',(0.,0.,-1.));
#2989=DIRECTION('center_axis',(0.,0.,-1.));
#2990=DIRECTION('ref_axis',(0.,-1.,0.));
#2991=DIRECTION('center_axis',(0.,0.,1.));
#2992=DIRECTION('ref_axis',(0.,-1.,0.));
#2993=DIRECTION('center_axis',(0.,0.,-1.));
#2994=DIRECTION('ref_axis',(0.,-1.,0.));
#2995=DIRECTION('',(0.,0.,-1.));
#2996=DIRECTION('center_axis',(0.,0.,-1.));
#2997=DIRECTION('ref_axis',(0.,-1.,0.));
#2998=DIRECTION('center_axis',(0.,0.,1.));
#2999=DIRECTION('ref_axis',(0.,-1.,0.));
#3000=DIRECTION('center_axis',(0.,0.,-1.));
#3001=DIRECTION('ref_axis',(0.,-1.,0.));
#3002=DIRECTION('',(0.,0.,-1.));
#3003=DIRECTION('center_axis',(0.,0.,-1.));
#3004=DIRECTION('ref_axis',(0.,-1.,0.));
#3005=DIRECTION('center_axis',(0.,0.,1.));
#3006=DIRECTION('ref_axis',(0.,-1.,0.));
#3007=DIRECTION('center_axis',(0.,0.,-1.));
#3008=DIRECTION('ref_axis',(0.,-1.,0.));
#3009=DIRECTION('',(0.,0.,-1.));
#3010=DIRECTION('center_axis',(0.,0.,-1.));
#3011=DIRECTION('ref_axis',(0.,-1.,0.));
#3012=DIRECTION('center_axis',(0.,0.,1.));
#3013=DIRECTION('ref_axis',(0.,-1.,0.));
#3014=DIRECTION('center_axis',(0.,0.,-1.));
#3015=DIRECTION('ref_axis',(0.,-1.,0.));
#3016=DIRECTION('',(0.,0.,-1.));
#3017=DIRECTION('center_axis',(0.,0.,-1.));
#3018=DIRECTION('ref_axis',(0.,-1.,0.));
#3019=DIRECTION('center_axis',(0.,0.,1.));
#3020=DIRECTION('ref_axis',(0.,-1.,0.));
#3021=DIRECTION('center_axis',(0.,0.,-1.));
#3022=DIRECTION('ref_axis',(0.,-1.,0.));
#3023=DIRECTION('',(0.,0.,-1.));
#3024=DIRECTION('center_axis',(0.,0.,-1.));
#3025=DIRECTION('ref_axis',(0.,-1.,0.));
#3026=DIRECTION('center_axis',(0.,0.,1.));
#3027=DIRECTION('ref_axis',(0.,-1.,0.));
#3028=DIRECTION('center_axis',(0.,0.,-1.));
#3029=DIRECTION('ref_axis',(0.,-1.,0.));
#3030=DIRECTION('',(0.,0.,-1.));
#3031=DIRECTION('center_axis',(0.,0.,-1.));
#3032=DIRECTION('ref_axis',(0.,-1.,0.));
#3033=DIRECTION('center_axis',(0.,0.,1.));
#3034=DIRECTION('ref_axis',(0.,-1.,0.));
#3035=DIRECTION('center_axis',(0.,0.,-1.));
#3036=DIRECTION('ref_axis',(0.,-1.,0.));
#3037=DIRECTION('',(0.,0.,-1.));
#3038=DIRECTION('center_axis',(0.,0.,-1.));
#3039=DIRECTION('ref_axis',(0.,-1.,0.));
#3040=DIRECTION('center_axis',(0.,0.,1.));
#3041=DIRECTION('ref_axis',(0.,-1.,0.));
#3042=DIRECTION('center_axis',(0.,0.,-1.));
#3043=DIRECTION('ref_axis',(0.,-1.,0.));
#3044=DIRECTION('',(0.,0.,-1.));
#3045=DIRECTION('center_axis',(0.,0.,-1.));
#3046=DIRECTION('ref_axis',(0.,-1.,0.));
#3047=DIRECTION('center_axis',(0.,0.,1.));
#3048=DIRECTION('ref_axis',(4.736951571734E-14,-1.,0.));
#3049=DIRECTION('center_axis',(0.,0.,-1.));
#3050=DIRECTION('ref_axis',(4.736951571734E-14,-1.,0.));
#3051=DIRECTION('',(0.,0.,-1.));
#3052=DIRECTION('center_axis',(0.,0.,-1.));
#3053=DIRECTION('ref_axis',(4.736951571734E-14,-1.,0.));
#3054=DIRECTION('center_axis',(0.,0.,1.));
#3055=DIRECTION('ref_axis',(2.991758887411E-14,-1.,0.));
#3056=DIRECTION('center_axis',(0.,0.,-1.));
#3057=DIRECTION('ref_axis',(2.991758887411E-14,-1.,0.));
#3058=DIRECTION('',(0.,0.,-1.));
#3059=DIRECTION('center_axis',(0.,0.,-1.));
#3060=DIRECTION('ref_axis',(2.991758887411E-14,-1.,0.));
#3061=DIRECTION('center_axis',(0.,0.,1.));
#3062=DIRECTION('ref_axis',(1.647635329299E-14,-1.,0.));
#3063=DIRECTION('center_axis',(0.,0.,-1.));
#3064=DIRECTION('ref_axis',(1.647635329299E-14,-1.,0.));
#3065=DIRECTION('',(0.,0.,-1.));
#3066=DIRECTION('center_axis',(0.,0.,-1.));
#3067=DIRECTION('ref_axis',(1.647635329299E-14,-1.,0.));
#3068=DIRECTION('center_axis',(0.,0.,1.));
#3069=DIRECTION('ref_axis',(2.991758887411E-14,-1.,0.));
#3070=DIRECTION('center_axis',(0.,0.,-1.));
#3071=DIRECTION('ref_axis',(2.991758887411E-14,-1.,0.));
#3072=DIRECTION('',(0.,0.,-1.));
#3073=DIRECTION('center_axis',(0.,0.,-1.));
#3074=DIRECTION('ref_axis',(2.991758887411E-14,-1.,0.));
#3075=DIRECTION('center_axis',(0.,0.,1.));
#3076=DIRECTION('ref_axis',(4.736951571734E-14,-1.,0.));
#3077=DIRECTION('center_axis',(0.,0.,-1.));
#3078=DIRECTION('ref_axis',(4.736951571734E-14,-1.,0.));
#3079=DIRECTION('',(0.,0.,-1.));
#3080=DIRECTION('center_axis',(0.,0.,-1.));
#3081=DIRECTION('ref_axis',(4.736951571734E-14,-1.,0.));
#3082=DIRECTION('center_axis',(0.,0.,1.));
#3083=DIRECTION('ref_axis',(4.736951571734E-14,-1.,0.));
#3084=DIRECTION('center_axis',(0.,0.,-1.));
#3085=DIRECTION('ref_axis',(4.736951571734E-14,-1.,0.));
#3086=DIRECTION('',(0.,0.,-1.));
#3087=DIRECTION('center_axis',(0.,0.,-1.));
#3088=DIRECTION('ref_axis',(4.736951571734E-14,-1.,0.));
#3089=DIRECTION('center_axis',(0.,0.,1.));
#3090=DIRECTION('ref_axis',(0.,-1.,0.));
#3091=DIRECTION('center_axis',(0.,0.,-1.));
#3092=DIRECTION('ref_axis',(0.,-1.,0.));
#3093=DIRECTION('',(0.,0.,-1.));
#3094=DIRECTION('center_axis',(0.,0.,-1.));
#3095=DIRECTION('ref_axis',(0.,-1.,0.));
#3096=DIRECTION('center_axis',(0.,0.,1.));
#3097=DIRECTION('ref_axis',(0.,-1.,0.));
#3098=DIRECTION('center_axis',(0.,0.,-1.));
#3099=DIRECTION('ref_axis',(0.,-1.,0.));
#3100=DIRECTION('',(0.,0.,-1.));
#3101=DIRECTION('center_axis',(0.,0.,-1.));
#3102=DIRECTION('ref_axis',(0.,-1.,0.));
#3103=DIRECTION('center_axis',(0.,0.,1.));
#3104=DIRECTION('ref_axis',(0.,-1.,0.));
#3105=DIRECTION('center_axis',(0.,0.,-1.));
#3106=DIRECTION('ref_axis',(0.,-1.,0.));
#3107=DIRECTION('',(0.,0.,-1.));
#3108=DIRECTION('center_axis',(0.,0.,-1.));
#3109=DIRECTION('ref_axis',(0.,-1.,0.));
#3110=DIRECTION('center_axis',(0.,0.,1.));
#3111=DIRECTION('ref_axis',(0.,-1.,0.));
#3112=DIRECTION('center_axis',(0.,0.,-1.));
#3113=DIRECTION('ref_axis',(0.,-1.,0.));
#3114=DIRECTION('',(0.,0.,-1.));
#3115=DIRECTION('center_axis',(0.,0.,-1.));
#3116=DIRECTION('ref_axis',(0.,-1.,0.));
#3117=DIRECTION('center_axis',(0.,0.,1.));
#3118=DIRECTION('ref_axis',(0.,-1.,0.));
#3119=DIRECTION('center_axis',(0.,0.,-1.));
#3120=DIRECTION('ref_axis',(0.,-1.,0.));
#3121=DIRECTION('',(0.,0.,-1.));
#3122=DIRECTION('center_axis',(0.,0.,-1.));
#3123=DIRECTION('ref_axis',(0.,-1.,0.));
#3124=DIRECTION('center_axis',(0.,0.,1.));
#3125=DIRECTION('ref_axis',(0.,-1.,0.));
#3126=DIRECTION('center_axis',(0.,0.,-1.));
#3127=DIRECTION('ref_axis',(0.,-1.,0.));
#3128=DIRECTION('',(0.,0.,-1.));
#3129=DIRECTION('center_axis',(0.,0.,-1.));
#3130=DIRECTION('ref_axis',(0.,-1.,0.));
#3131=DIRECTION('center_axis',(0.,0.,1.));
#3132=DIRECTION('ref_axis',(0.,-1.,0.));
#3133=DIRECTION('center_axis',(0.,0.,-1.));
#3134=DIRECTION('ref_axis',(0.,-1.,0.));
#3135=DIRECTION('',(0.,0.,-1.));
#3136=DIRECTION('center_axis',(0.,0.,-1.));
#3137=DIRECTION('ref_axis',(0.,-1.,0.));
#3138=DIRECTION('center_axis',(0.,0.,1.));
#3139=DIRECTION('ref_axis',(2.991758887411E-14,-1.,0.));
#3140=DIRECTION('center_axis',(0.,0.,-1.));
#3141=DIRECTION('ref_axis',(2.991758887411E-14,-1.,0.));
#3142=DIRECTION('',(0.,0.,-1.));
#3143=DIRECTION('center_axis',(0.,0.,-1.));
#3144=DIRECTION('ref_axis',(2.991758887411E-14,-1.,0.));
#3145=DIRECTION('center_axis',(0.,0.,1.));
#3146=DIRECTION('ref_axis',(1.647635329299E-14,-1.,0.));
#3147=DIRECTION('center_axis',(0.,0.,-1.));
#3148=DIRECTION('ref_axis',(1.647635329299E-14,-1.,0.));
#3149=DIRECTION('',(0.,0.,-1.));
#3150=DIRECTION('center_axis',(0.,0.,-1.));
#3151=DIRECTION('ref_axis',(1.647635329299E-14,-1.,0.));
#3152=DIRECTION('center_axis',(0.,0.,1.));
#3153=DIRECTION('ref_axis',(2.991758887411E-14,-1.,0.));
#3154=DIRECTION('center_axis',(0.,0.,-1.));
#3155=DIRECTION('ref_axis',(2.991758887411E-14,-1.,0.));
#3156=DIRECTION('',(0.,0.,-1.));
#3157=DIRECTION('center_axis',(0.,0.,-1.));
#3158=DIRECTION('ref_axis',(2.991758887411E-14,-1.,0.));
#3159=DIRECTION('center_axis',(0.,0.,1.));
#3160=DIRECTION('ref_axis',(4.736951571734E-14,-1.,0.));
#3161=DIRECTION('center_axis',(0.,0.,-1.));
#3162=DIRECTION('ref_axis',(4.736951571734E-14,-1.,0.));
#3163=DIRECTION('',(0.,0.,-1.));
#3164=DIRECTION('center_axis',(0.,0.,-1.));
#3165=DIRECTION('ref_axis',(4.736951571734E-14,-1.,0.));
#3166=DIRECTION('center_axis',(0.,0.,1.));
#3167=DIRECTION('ref_axis',(4.736951571734E-14,-1.,0.));
#3168=DIRECTION('center_axis',(0.,0.,-1.));
#3169=DIRECTION('ref_axis',(4.736951571734E-14,-1.,0.));
#3170=DIRECTION('',(0.,0.,-1.));
#3171=DIRECTION('center_axis',(0.,0.,-1.));
#3172=DIRECTION('ref_axis',(4.736951571734E-14,-1.,0.));
#3173=DIRECTION('center_axis',(0.,0.,1.));
#3174=DIRECTION('ref_axis',(2.991758887411E-14,-1.,0.));
#3175=DIRECTION('center_axis',(0.,0.,-1.));
#3176=DIRECTION('ref_axis',(2.991758887411E-14,-1.,0.));
#3177=DIRECTION('',(0.,0.,-1.));
#3178=DIRECTION('center_axis',(0.,0.,-1.));
#3179=DIRECTION('ref_axis',(2.991758887411E-14,-1.,0.));
#3180=DIRECTION('center_axis',(0.,0.,1.));
#3181=DIRECTION('ref_axis',(1.647635329299E-14,-1.,0.));
#3182=DIRECTION('center_axis',(0.,0.,-1.));
#3183=DIRECTION('ref_axis',(1.647635329299E-14,-1.,0.));
#3184=DIRECTION('',(0.,0.,-1.));
#3185=DIRECTION('center_axis',(0.,0.,-1.));
#3186=DIRECTION('ref_axis',(1.647635329299E-14,-1.,0.));
#3187=DIRECTION('center_axis',(0.,0.,1.));
#3188=DIRECTION('ref_axis',(2.991758887411E-14,-1.,0.));
#3189=DIRECTION('center_axis',(0.,0.,-1.));
#3190=DIRECTION('ref_axis',(2.991758887411E-14,-1.,0.));
#3191=DIRECTION('',(0.,0.,-1.));
#3192=DIRECTION('center_axis',(0.,0.,-1.));
#3193=DIRECTION('ref_axis',(2.991758887411E-14,-1.,0.));
#3194=DIRECTION('center_axis',(0.,0.,1.));
#3195=DIRECTION('ref_axis',(0.,-1.,0.));
#3196=DIRECTION('center_axis',(0.,0.,-1.));
#3197=DIRECTION('ref_axis',(0.,-1.,0.));
#3198=DIRECTION('',(0.,0.,-1.));
#3199=DIRECTION('center_axis',(0.,0.,-1.));
#3200=DIRECTION('ref_axis',(0.,-1.,0.));
#3201=DIRECTION('center_axis',(0.,0.,1.));
#3202=DIRECTION('ref_axis',(0.,-1.,0.));
#3203=DIRECTION('center_axis',(0.,0.,-1.));
#3204=DIRECTION('ref_axis',(0.,-1.,0.));
#3205=DIRECTION('',(0.,0.,-1.));
#3206=DIRECTION('center_axis',(0.,0.,-1.));
#3207=DIRECTION('ref_axis',(0.,-1.,0.));
#3208=DIRECTION('center_axis',(0.,0.,1.));
#3209=DIRECTION('ref_axis',(0.,-1.,0.));
#3210=DIRECTION('center_axis',(0.,0.,-1.));
#3211=DIRECTION('ref_axis',(0.,-1.,0.));
#3212=DIRECTION('',(0.,0.,-1.));
#3213=DIRECTION('center_axis',(0.,0.,-1.));
#3214=DIRECTION('ref_axis',(0.,-1.,0.));
#3215=DIRECTION('center_axis',(0.,0.,1.));
#3216=DIRECTION('ref_axis',(0.,-1.,0.));
#3217=DIRECTION('center_axis',(0.,0.,-1.));
#3218=DIRECTION('ref_axis',(0.,-1.,0.));
#3219=DIRECTION('',(0.,0.,-1.));
#3220=DIRECTION('center_axis',(0.,0.,-1.));
#3221=DIRECTION('ref_axis',(0.,-1.,0.));
#3222=DIRECTION('center_axis',(0.,0.,1.));
#3223=DIRECTION('ref_axis',(0.,-1.,0.));
#3224=DIRECTION('center_axis',(0.,0.,-1.));
#3225=DIRECTION('ref_axis',(0.,-1.,0.));
#3226=DIRECTION('',(0.,0.,-1.));
#3227=DIRECTION('center_axis',(0.,0.,-1.));
#3228=DIRECTION('ref_axis',(0.,-1.,0.));
#3229=DIRECTION('center_axis',(0.,0.,1.));
#3230=DIRECTION('ref_axis',(0.,-1.,0.));
#3231=DIRECTION('center_axis',(0.,0.,-1.));
#3232=DIRECTION('ref_axis',(0.,-1.,0.));
#3233=DIRECTION('',(0.,0.,-1.));
#3234=DIRECTION('center_axis',(0.,0.,-1.));
#3235=DIRECTION('ref_axis',(0.,-1.,0.));
#3236=DIRECTION('center_axis',(0.,0.,1.));
#3237=DIRECTION('ref_axis',(0.,-1.,0.));
#3238=DIRECTION('center_axis',(0.,0.,-1.));
#3239=DIRECTION('ref_axis',(0.,-1.,0.));
#3240=DIRECTION('',(0.,0.,-1.));
#3241=DIRECTION('center_axis',(0.,0.,-1.));
#3242=DIRECTION('ref_axis',(0.,-1.,0.));
#3243=DIRECTION('center_axis',(0.,0.,1.));
#3244=DIRECTION('ref_axis',(0.,-1.,0.));
#3245=DIRECTION('center_axis',(0.,0.,-1.));
#3246=DIRECTION('ref_axis',(0.,-1.,0.));
#3247=DIRECTION('',(0.,0.,-1.));
#3248=DIRECTION('center_axis',(0.,0.,-1.));
#3249=DIRECTION('ref_axis',(0.,-1.,0.));
#3250=DIRECTION('center_axis',(0.,0.,1.));
#3251=DIRECTION('ref_axis',(0.,-1.,0.));
#3252=DIRECTION('center_axis',(0.,0.,-1.));
#3253=DIRECTION('ref_axis',(0.,-1.,0.));
#3254=DIRECTION('',(0.,0.,-1.));
#3255=DIRECTION('center_axis',(0.,0.,-1.));
#3256=DIRECTION('ref_axis',(0.,-1.,0.));
#3257=DIRECTION('center_axis',(0.,0.,1.));
#3258=DIRECTION('ref_axis',(0.,-1.,0.));
#3259=DIRECTION('center_axis',(0.,0.,-1.));
#3260=DIRECTION('ref_axis',(0.,-1.,0.));
#3261=DIRECTION('',(0.,0.,-1.));
#3262=DIRECTION('center_axis',(0.,0.,-1.));
#3263=DIRECTION('ref_axis',(0.,-1.,0.));
#3264=DIRECTION('center_axis',(0.,0.,1.));
#3265=DIRECTION('ref_axis',(0.,-1.,0.));
#3266=DIRECTION('center_axis',(0.,0.,-1.));
#3267=DIRECTION('ref_axis',(0.,-1.,0.));
#3268=DIRECTION('',(0.,0.,-1.));
#3269=DIRECTION('center_axis',(0.,0.,-1.));
#3270=DIRECTION('ref_axis',(0.,-1.,0.));
#3271=DIRECTION('center_axis',(0.,0.,1.));
#3272=DIRECTION('ref_axis',(0.,-1.,0.));
#3273=DIRECTION('center_axis',(0.,0.,-1.));
#3274=DIRECTION('ref_axis',(0.,-1.,0.));
#3275=DIRECTION('',(0.,0.,-1.));
#3276=DIRECTION('center_axis',(0.,0.,-1.));
#3277=DIRECTION('ref_axis',(0.,-1.,0.));
#3278=DIRECTION('center_axis',(0.,0.,1.));
#3279=DIRECTION('ref_axis',(0.,-1.,0.));
#3280=DIRECTION('center_axis',(0.,0.,-1.));
#3281=DIRECTION('ref_axis',(0.,-1.,0.));
#3282=DIRECTION('',(0.,0.,-1.));
#3283=DIRECTION('center_axis',(0.,0.,-1.));
#3284=DIRECTION('ref_axis',(0.,-1.,0.));
#3285=DIRECTION('center_axis',(0.,0.,1.));
#3286=DIRECTION('ref_axis',(0.,-1.,0.));
#3287=DIRECTION('center_axis',(0.,0.,-1.));
#3288=DIRECTION('ref_axis',(0.,-1.,0.));
#3289=DIRECTION('',(0.,0.,-1.));
#3290=DIRECTION('center_axis',(0.,0.,-1.));
#3291=DIRECTION('ref_axis',(0.,-1.,0.));
#3292=DIRECTION('center_axis',(0.,0.,1.));
#3293=DIRECTION('ref_axis',(0.,-1.,0.));
#3294=DIRECTION('center_axis',(0.,0.,-1.));
#3295=DIRECTION('ref_axis',(0.,-1.,0.));
#3296=DIRECTION('',(0.,0.,-1.));
#3297=DIRECTION('center_axis',(0.,0.,-1.));
#3298=DIRECTION('ref_axis',(0.,-1.,0.));
#3299=DIRECTION('center_axis',(0.,0.,1.));
#3300=DIRECTION('ref_axis',(0.,-1.,0.));
#3301=DIRECTION('center_axis',(0.,0.,-1.));
#3302=DIRECTION('ref_axis',(0.,-1.,0.));
#3303=DIRECTION('',(0.,0.,-1.));
#3304=DIRECTION('center_axis',(0.,0.,-1.));
#3305=DIRECTION('ref_axis',(0.,-1.,0.));
#3306=DIRECTION('center_axis',(0.,0.,1.));
#3307=DIRECTION('ref_axis',(0.,-1.,0.));
#3308=DIRECTION('center_axis',(0.,0.,-1.));
#3309=DIRECTION('ref_axis',(0.,-1.,0.));
#3310=DIRECTION('',(0.,0.,-1.));
#3311=DIRECTION('center_axis',(0.,0.,-1.));
#3312=DIRECTION('ref_axis',(0.,-1.,0.));
#3313=DIRECTION('center_axis',(0.,0.,1.));
#3314=DIRECTION('ref_axis',(0.,-1.,0.));
#3315=DIRECTION('center_axis',(0.,0.,-1.));
#3316=DIRECTION('ref_axis',(0.,-1.,0.));
#3317=DIRECTION('',(0.,0.,-1.));
#3318=DIRECTION('center_axis',(0.,0.,-1.));
#3319=DIRECTION('ref_axis',(0.,-1.,0.));
#3320=DIRECTION('center_axis',(0.,0.,1.));
#3321=DIRECTION('ref_axis',(0.,-1.,0.));
#3322=DIRECTION('center_axis',(0.,0.,-1.));
#3323=DIRECTION('ref_axis',(0.,-1.,0.));
#3324=DIRECTION('',(0.,0.,-1.));
#3325=DIRECTION('center_axis',(0.,0.,-1.));
#3326=DIRECTION('ref_axis',(0.,-1.,0.));
#3327=DIRECTION('center_axis',(0.,0.,1.));
#3328=DIRECTION('ref_axis',(0.,-1.,0.));
#3329=DIRECTION('center_axis',(0.,0.,-1.));
#3330=DIRECTION('ref_axis',(0.,-1.,0.));
#3331=DIRECTION('',(0.,0.,-1.));
#3332=DIRECTION('center_axis',(0.,0.,-1.));
#3333=DIRECTION('ref_axis',(0.,-1.,0.));
#3334=DIRECTION('center_axis',(0.,0.,1.));
#3335=DIRECTION('ref_axis',(0.,-1.,0.));
#3336=DIRECTION('center_axis',(0.,0.,-1.));
#3337=DIRECTION('ref_axis',(0.,-1.,0.));
#3338=DIRECTION('',(0.,0.,-1.));
#3339=DIRECTION('center_axis',(0.,0.,-1.));
#3340=DIRECTION('ref_axis',(0.,-1.,0.));
#3341=DIRECTION('center_axis',(0.,0.,1.));
#3342=DIRECTION('ref_axis',(0.,-1.,0.));
#3343=DIRECTION('center_axis',(0.,0.,-1.));
#3344=DIRECTION('ref_axis',(0.,-1.,0.));
#3345=DIRECTION('',(0.,0.,-1.));
#3346=DIRECTION('center_axis',(0.,0.,-1.));
#3347=DIRECTION('ref_axis',(0.,-1.,0.));
#3348=DIRECTION('center_axis',(0.,0.,1.));
#3349=DIRECTION('ref_axis',(0.,-1.,0.));
#3350=DIRECTION('center_axis',(0.,0.,-1.));
#3351=DIRECTION('ref_axis',(0.,-1.,0.));
#3352=DIRECTION('',(0.,0.,-1.));
#3353=DIRECTION('center_axis',(0.,0.,-1.));
#3354=DIRECTION('ref_axis',(0.,-1.,0.));
#3355=DIRECTION('center_axis',(0.,0.,1.));
#3356=DIRECTION('ref_axis',(0.,-1.,0.));
#3357=DIRECTION('center_axis',(0.,0.,-1.));
#3358=DIRECTION('ref_axis',(0.,-1.,0.));
#3359=DIRECTION('',(0.,0.,-1.));
#3360=DIRECTION('center_axis',(0.,0.,-1.));
#3361=DIRECTION('ref_axis',(0.,-1.,0.));
#3362=DIRECTION('center_axis',(0.,0.,1.));
#3363=DIRECTION('ref_axis',(0.,-1.,0.));
#3364=DIRECTION('center_axis',(0.,0.,-1.));
#3365=DIRECTION('ref_axis',(0.,-1.,0.));
#3366=DIRECTION('',(0.,0.,-1.));
#3367=DIRECTION('center_axis',(0.,0.,-1.));
#3368=DIRECTION('ref_axis',(0.,-1.,0.));
#3369=DIRECTION('center_axis',(0.,0.,1.));
#3370=DIRECTION('ref_axis',(0.,-1.,0.));
#3371=DIRECTION('center_axis',(0.,0.,-1.));
#3372=DIRECTION('ref_axis',(0.,-1.,0.));
#3373=DIRECTION('',(0.,0.,-1.));
#3374=DIRECTION('center_axis',(0.,0.,-1.));
#3375=DIRECTION('ref_axis',(0.,-1.,0.));
#3376=DIRECTION('center_axis',(0.,0.,1.));
#3377=DIRECTION('ref_axis',(0.,-1.,0.));
#3378=DIRECTION('center_axis',(0.,0.,-1.));
#3379=DIRECTION('ref_axis',(0.,-1.,0.));
#3380=DIRECTION('',(0.,0.,-1.));
#3381=DIRECTION('center_axis',(0.,0.,-1.));
#3382=DIRECTION('ref_axis',(0.,-1.,0.));
#3383=DIRECTION('center_axis',(0.,0.,1.));
#3384=DIRECTION('ref_axis',(0.,-1.,0.));
#3385=DIRECTION('center_axis',(0.,0.,-1.));
#3386=DIRECTION('ref_axis',(0.,-1.,0.));
#3387=DIRECTION('',(0.,0.,-1.));
#3388=DIRECTION('center_axis',(0.,0.,-1.));
#3389=DIRECTION('ref_axis',(0.,-1.,0.));
#3390=DIRECTION('center_axis',(0.,0.,1.));
#3391=DIRECTION('ref_axis',(0.,-1.,0.));
#3392=DIRECTION('center_axis',(0.,0.,-1.));
#3393=DIRECTION('ref_axis',(0.,-1.,0.));
#3394=DIRECTION('',(0.,0.,-1.));
#3395=DIRECTION('center_axis',(0.,0.,-1.));
#3396=DIRECTION('ref_axis',(0.,-1.,0.));
#3397=DIRECTION('center_axis',(0.,0.,1.));
#3398=DIRECTION('ref_axis',(0.,-1.,0.));
#3399=DIRECTION('center_axis',(0.,0.,-1.));
#3400=DIRECTION('ref_axis',(0.,-1.,0.));
#3401=DIRECTION('',(0.,0.,-1.));
#3402=DIRECTION('center_axis',(0.,0.,-1.));
#3403=DIRECTION('ref_axis',(0.,-1.,0.));
#3404=DIRECTION('center_axis',(0.,0.,1.));
#3405=DIRECTION('ref_axis',(0.,-1.,0.));
#3406=DIRECTION('center_axis',(0.,0.,-1.));
#3407=DIRECTION('ref_axis',(0.,-1.,0.));
#3408=DIRECTION('',(0.,0.,-1.));
#3409=DIRECTION('center_axis',(0.,0.,-1.));
#3410=DIRECTION('ref_axis',(0.,-1.,0.));
#3411=DIRECTION('center_axis',(0.,0.,1.));
#3412=DIRECTION('ref_axis',(0.,-1.,0.));
#3413=DIRECTION('center_axis',(0.,0.,-1.));
#3414=DIRECTION('ref_axis',(0.,-1.,0.));
#3415=DIRECTION('',(0.,0.,-1.));
#3416=DIRECTION('center_axis',(0.,0.,-1.));
#3417=DIRECTION('ref_axis',(0.,-1.,0.));
#3418=DIRECTION('center_axis',(0.,0.,1.));
#3419=DIRECTION('ref_axis',(0.,-1.,0.));
#3420=DIRECTION('center_axis',(0.,0.,-1.));
#3421=DIRECTION('ref_axis',(0.,-1.,0.));
#3422=DIRECTION('',(0.,0.,-1.));
#3423=DIRECTION('center_axis',(0.,0.,-1.));
#3424=DIRECTION('ref_axis',(0.,-1.,0.));
#3425=DIRECTION('center_axis',(0.,0.,1.));
#3426=DIRECTION('ref_axis',(0.,-1.,0.));
#3427=DIRECTION('center_axis',(0.,0.,-1.));
#3428=DIRECTION('ref_axis',(0.,-1.,0.));
#3429=DIRECTION('',(0.,0.,-1.));
#3430=DIRECTION('center_axis',(0.,0.,-1.));
#3431=DIRECTION('ref_axis',(0.,-1.,0.));
#3432=DIRECTION('center_axis',(0.,0.,1.));
#3433=DIRECTION('ref_axis',(0.,-1.,0.));
#3434=DIRECTION('center_axis',(0.,0.,-1.));
#3435=DIRECTION('ref_axis',(0.,-1.,0.));
#3436=DIRECTION('',(0.,0.,-1.));
#3437=DIRECTION('center_axis',(0.,0.,-1.));
#3438=DIRECTION('ref_axis',(0.,-1.,0.));
#3439=DIRECTION('center_axis',(1.,0.,0.));
#3440=DIRECTION('ref_axis',(0.,1.,0.));
#3441=DIRECTION('',(0.,-1.,0.));
#3442=DIRECTION('',(0.,0.,1.));
#3443=DIRECTION('',(0.,1.,0.));
#3444=DIRECTION('',(0.,0.,1.));
#3445=DIRECTION('center_axis',(0.,0.,1.));
#3446=DIRECTION('ref_axis',(0.999999999999999,-3.254770956238E-8,0.));
#3447=DIRECTION('center_axis',(0.,0.,-1.));
#3448=DIRECTION('ref_axis',(0.999999999999999,-3.254770956238E-8,0.));
#3449=DIRECTION('center_axis',(0.,0.,1.));
#3450=DIRECTION('ref_axis',(0.999999999999999,-3.254770956238E-8,0.));
#3451=DIRECTION('',(0.,0.,1.));
#3452=DIRECTION('center_axis',(0.,-1.,0.));
#3453=DIRECTION('ref_axis',(1.,0.,0.));
#3454=DIRECTION('',(-1.,0.,0.));
#3455=DIRECTION('',(1.,0.,0.));
#3456=DIRECTION('',(0.,0.,1.));
#3457=DIRECTION('center_axis',(0.,0.,1.));
#3458=DIRECTION('ref_axis',(-3.254771105434E-8,-0.999999999999999,0.));
#3459=DIRECTION('center_axis',(0.,0.,-1.));
#3460=DIRECTION('ref_axis',(-3.254771105434E-8,-0.999999999999999,0.));
#3461=DIRECTION('center_axis',(0.,0.,1.));
#3462=DIRECTION('ref_axis',(-3.254771105434E-8,-0.999999999999999,0.));
#3463=DIRECTION('',(0.,0.,1.));
#3464=DIRECTION('center_axis',(-1.,0.,0.));
#3465=DIRECTION('ref_axis',(0.,-1.,0.));
#3466=DIRECTION('',(0.,1.,0.));
#3467=DIRECTION('',(0.,-1.,0.));
#3468=DIRECTION('',(0.,0.,1.));
#3469=DIRECTION('center_axis',(0.,0.,1.));
#3470=DIRECTION('ref_axis',(-0.999999999999999,3.254771329227E-8,0.));
#3471=DIRECTION('center_axis',(0.,0.,-1.));
#3472=DIRECTION('ref_axis',(-0.999999999999999,3.254771329227E-8,0.));
#3473=DIRECTION('center_axis',(0.,0.,1.));
#3474=DIRECTION('ref_axis',(-0.999999999999999,3.254771329227E-8,0.));
#3475=DIRECTION('',(0.,0.,1.));
#3476=DIRECTION('center_axis',(0.,1.,0.));
#3477=DIRECTION('ref_axis',(-1.,0.,0.));
#3478=DIRECTION('',(1.,0.,0.));
#3479=DIRECTION('',(-1.,0.,0.));
#3480=DIRECTION('',(0.,0.,1.));
#3481=DIRECTION('center_axis',(0.,0.,1.));
#3482=DIRECTION('ref_axis',(3.254770807043E-8,0.999999999999999,0.));
#3483=DIRECTION('center_axis',(0.,0.,-1.));
#3484=DIRECTION('ref_axis',(3.254770807043E-8,0.999999999999999,0.));
#3485=DIRECTION('center_axis',(0.,0.,1.));
#3486=DIRECTION('ref_axis',(3.254770807043E-8,0.999999999999999,0.));
#3487=DIRECTION('center_axis',(0.,0.,1.));
#3488=DIRECTION('ref_axis',(1.,0.,0.));
#3489=DIRECTION('center_axis',(0.,0.,1.));
#3490=DIRECTION('ref_axis',(1.,0.,0.));
#3491=CARTESIAN_POINT('',(0.,0.,0.));
#3492=CARTESIAN_POINT('Origin',(157.48625,-62.45875,1.51));
#3493=CARTESIAN_POINT('',(157.48625,-61.85875,1.91));
#3494=CARTESIAN_POINT('Origin',(157.48625,-62.45875,1.91));
#3495=CARTESIAN_POINT('',(157.48625,-61.85875,1.51));
#3496=CARTESIAN_POINT('',(157.48625,-61.85875,1.51));
#3497=CARTESIAN_POINT('Origin',(157.48625,-62.45875,1.51));
#3498=CARTESIAN_POINT('Origin',(152.48625,-60.35875,1.51));
#3499=CARTESIAN_POINT('',(152.48625,-59.75875,1.91));
#3500=CARTESIAN_POINT('Origin',(152.48625,-60.35875,1.91));
#3501=CARTESIAN_POINT('',(152.48625,-59.75875,1.51));
#3502=CARTESIAN_POINT('',(152.48625,-59.75875,1.51));
#3503=CARTESIAN_POINT('Origin',(152.48625,-60.35875,1.51));
#3504=CARTESIAN_POINT('Origin',(157.98625,-66.25875,1.51));
#3505=CARTESIAN_POINT('',(157.98625,-65.30875,1.91));
#3506=CARTESIAN_POINT('Origin',(157.98625,-66.25875,1.91));
#3507=CARTESIAN_POINT('',(157.98625,-65.30875,1.51));
#3508=CARTESIAN_POINT('',(157.98625,-65.30875,1.51));
#3509=CARTESIAN_POINT('Origin',(157.98625,-66.25875,1.51));
#3510=CARTESIAN_POINT('Origin',(152.48625,-66.25875,1.51));
#3511=CARTESIAN_POINT('',(152.48625,-64.53375,1.91));
#3512=CARTESIAN_POINT('Origin',(152.48625,-66.25875,1.91));
#3513=CARTESIAN_POINT('',(152.48625,-64.53375,1.51));
#3514=CARTESIAN_POINT('',(152.48625,-64.53375,1.51));
#3515=CARTESIAN_POINT('Origin',(152.48625,-66.25875,1.51));
#3516=CARTESIAN_POINT('Origin',(146.98625,-66.25875,1.51));
#3517=CARTESIAN_POINT('',(146.98625,-65.30875,1.91));
#3518=CARTESIAN_POINT('Origin',(146.98625,-66.25875,1.91));
#3519=CARTESIAN_POINT('',(146.98625,-65.30875,1.51));
#3520=CARTESIAN_POINT('',(146.98625,-65.30875,1.51));
#3521=CARTESIAN_POINT('Origin',(146.98625,-66.25875,1.51));
#3522=CARTESIAN_POINT('Origin',(152.48625,-75.44875,1.51));
#3523=CARTESIAN_POINT('',(152.48625,-74.84875,1.91));
#3524=CARTESIAN_POINT('Origin',(152.48625,-75.44875,1.91));
#3525=CARTESIAN_POINT('',(152.48625,-74.84875,1.51));
#3526=CARTESIAN_POINT('',(152.48625,-74.84875,1.51));
#3527=CARTESIAN_POINT('Origin',(152.48625,-75.44875,1.51));
#3528=CARTESIAN_POINT('Origin',(142.39625,-62.45875,1.51));
#3529=CARTESIAN_POINT('',(142.39625,-61.85875,1.91));
#3530=CARTESIAN_POINT('Origin',(142.39625,-62.45875,1.91));
#3531=CARTESIAN_POINT('',(142.39625,-61.85875,1.51));
#3532=CARTESIAN_POINT('',(142.39625,-61.85875,1.51));
#3533=CARTESIAN_POINT('Origin',(142.39625,-62.45875,1.51));
#3534=CARTESIAN_POINT('Origin',(137.39625,-60.35875,1.51));
#3535=CARTESIAN_POINT('',(137.39625,-59.75875,1.91));
#3536=CARTESIAN_POINT('Origin',(137.39625,-60.35875,1.91));
#3537=CARTESIAN_POINT('',(137.39625,-59.75875,1.51));
#3538=CARTESIAN_POINT('',(137.39625,-59.75875,1.51));
#3539=CARTESIAN_POINT('Origin',(137.39625,-60.35875,1.51));
#3540=CARTESIAN_POINT('Origin',(142.89625,-66.25875,1.51));
#3541=CARTESIAN_POINT('',(142.89625,-65.30875,1.91));
#3542=CARTESIAN_POINT('Origin',(142.89625,-66.25875,1.91));
#3543=CARTESIAN_POINT('',(142.89625,-65.30875,1.51));
#3544=CARTESIAN_POINT('',(142.89625,-65.30875,1.51));
#3545=CARTESIAN_POINT('Origin',(142.89625,-66.25875,1.51));
#3546=CARTESIAN_POINT('Origin',(137.39625,-66.25875,1.51));
#3547=CARTESIAN_POINT('',(137.39625,-64.53375,1.91));
#3548=CARTESIAN_POINT('Origin',(137.39625,-66.25875,1.91));
#3549=CARTESIAN_POINT('',(137.39625,-64.53375,1.51));
#3550=CARTESIAN_POINT('',(137.39625,-64.53375,1.51));
#3551=CARTESIAN_POINT('Origin',(137.39625,-66.25875,1.51));
#3552=CARTESIAN_POINT('Origin',(131.89625,-66.25875,1.51));
#3553=CARTESIAN_POINT('',(131.89625,-65.30875,1.91));
#3554=CARTESIAN_POINT('Origin',(131.89625,-66.25875,1.91));
#3555=CARTESIAN_POINT('',(131.89625,-65.30875,1.51));
#3556=CARTESIAN_POINT('',(131.89625,-65.30875,1.51));
#3557=CARTESIAN_POINT('Origin',(131.89625,-66.25875,1.51));
#3558=CARTESIAN_POINT('Origin',(127.80625,-66.25875,1.51));
#3559=CARTESIAN_POINT('',(127.80625,-65.30875,1.91));
#3560=CARTESIAN_POINT('Origin',(127.80625,-66.25875,1.91));
#3561=CARTESIAN_POINT('',(127.80625,-65.30875,1.51));
#3562=CARTESIAN_POINT('',(127.80625,-65.30875,1.51));
#3563=CARTESIAN_POINT('Origin',(127.80625,-66.25875,1.51));
#3564=CARTESIAN_POINT('Origin',(137.39625,-75.44875,1.51));
#3565=CARTESIAN_POINT('',(137.39625,-74.84875,1.91));
#3566=CARTESIAN_POINT('Origin',(137.39625,-75.44875,1.91));
#3567=CARTESIAN_POINT('',(137.39625,-74.84875,1.51));
#3568=CARTESIAN_POINT('',(137.39625,-74.84875,1.51));
#3569=CARTESIAN_POINT('Origin',(137.39625,-75.44875,1.51));
#3570=CARTESIAN_POINT('Origin',(112.395,-40.005,1.51));
#3571=CARTESIAN_POINT('',(112.395,-39.505,1.91));
#3572=CARTESIAN_POINT('Origin',(112.395,-40.005,1.91));
#3573=CARTESIAN_POINT('',(112.395,-39.505,1.51));
#3574=CARTESIAN_POINT('',(112.395,-39.505,1.51));
#3575=CARTESIAN_POINT('Origin',(112.395,-40.005,1.51));
#3576=CARTESIAN_POINT('Origin',(112.395,-42.545,1.51));
#3577=CARTESIAN_POINT('',(112.395,-42.045,1.91));
#3578=CARTESIAN_POINT('Origin',(112.395,-42.545,1.91));
#3579=CARTESIAN_POINT('',(112.395,-42.045,1.51));
#3580=CARTESIAN_POINT('',(112.395,-42.045,1.51));
#3581=CARTESIAN_POINT('Origin',(112.395,-42.545,1.51));
#3582=CARTESIAN_POINT('Origin',(119.0625,-47.625,1.51));
#3583=CARTESIAN_POINT('',(119.0625,-47.125,1.91));
#3584=CARTESIAN_POINT('Origin',(119.0625,-47.625,1.91));
#3585=CARTESIAN_POINT('',(119.0625,-47.125,1.51));
#3586=CARTESIAN_POINT('',(119.0625,-47.125,1.51));
#3587=CARTESIAN_POINT('Origin',(119.0625,-47.625,1.51));
#3588=CARTESIAN_POINT('Origin',(112.395,-45.085,1.51));
#3589=CARTESIAN_POINT('',(112.395,-44.585,1.91));
#3590=CARTESIAN_POINT('Origin',(112.395,-45.085,1.91));
#3591=CARTESIAN_POINT('',(112.395,-44.585,1.51));
#3592=CARTESIAN_POINT('',(112.395,-44.585,1.51));
#3593=CARTESIAN_POINT('Origin',(112.395,-45.085,1.51));
#3594=CARTESIAN_POINT('Origin',(112.395,-47.625,1.51));
#3595=CARTESIAN_POINT('',(112.395,-47.125,1.91));
#3596=CARTESIAN_POINT('Origin',(112.395,-47.625,1.91));
#3597=CARTESIAN_POINT('',(112.395,-47.125,1.51));
#3598=CARTESIAN_POINT('',(112.395,-47.125,1.51));
#3599=CARTESIAN_POINT('Origin',(112.395,-47.625,1.51));
#3600=CARTESIAN_POINT('Origin',(119.0625,-50.165,1.51));
#3601=CARTESIAN_POINT('',(119.0625,-49.665,1.91));
#3602=CARTESIAN_POINT('Origin',(119.0625,-50.165,1.91));
#3603=CARTESIAN_POINT('',(119.0625,-49.665,1.51));
#3604=CARTESIAN_POINT('',(119.0625,-49.665,1.51));
#3605=CARTESIAN_POINT('Origin',(119.0625,-50.165,1.51));
#3606=CARTESIAN_POINT('Origin',(119.0625,-52.705,1.51));
#3607=CARTESIAN_POINT('',(119.0625,-52.205,1.91));
#3608=CARTESIAN_POINT('Origin',(119.0625,-52.705,1.91));
#3609=CARTESIAN_POINT('',(119.0625,-52.205,1.51));
#3610=CARTESIAN_POINT('',(119.0625,-52.205,1.51));
#3611=CARTESIAN_POINT('Origin',(119.0625,-52.705,1.51));
#3612=CARTESIAN_POINT('Origin',(112.395,-50.165,1.51));
#3613=CARTESIAN_POINT('',(112.395,-49.665,1.91));
#3614=CARTESIAN_POINT('Origin',(112.395,-50.165,1.91));
#3615=CARTESIAN_POINT('',(112.395,-49.665,1.51));
#3616=CARTESIAN_POINT('',(112.395,-49.665,1.51));
#3617=CARTESIAN_POINT('Origin',(112.395,-50.165,1.51));
#3618=CARTESIAN_POINT('Origin',(112.395,-52.705,1.51));
#3619=CARTESIAN_POINT('',(112.395,-52.205,1.91));
#3620=CARTESIAN_POINT('Origin',(112.395,-52.705,1.91));
#3621=CARTESIAN_POINT('',(112.395,-52.205,1.51));
#3622=CARTESIAN_POINT('',(112.395,-52.205,1.51));
#3623=CARTESIAN_POINT('Origin',(112.395,-52.705,1.51));
#3624=CARTESIAN_POINT('Origin',(119.0625,-55.245,1.51));
#3625=CARTESIAN_POINT('',(119.0625,-54.745,1.91));
#3626=CARTESIAN_POINT('Origin',(119.0625,-55.245,1.91));
#3627=CARTESIAN_POINT('',(119.0625,-54.745,1.51));
#3628=CARTESIAN_POINT('',(119.0625,-54.745,1.51));
#3629=CARTESIAN_POINT('Origin',(119.0625,-55.245,1.51));
#3630=CARTESIAN_POINT('Origin',(112.395,-55.245,1.51));
#3631=CARTESIAN_POINT('',(112.395,-54.745,1.91));
#3632=CARTESIAN_POINT('Origin',(112.395,-55.245,1.91));
#3633=CARTESIAN_POINT('',(112.395,-54.745,1.51));
#3634=CARTESIAN_POINT('',(112.395,-54.745,1.51));
#3635=CARTESIAN_POINT('Origin',(112.395,-55.245,1.51));
#3636=CARTESIAN_POINT('Origin',(97.155,-40.005,1.51));
#3637=CARTESIAN_POINT('',(97.155,-39.505,1.91));
#3638=CARTESIAN_POINT('Origin',(97.155,-40.005,1.91));
#3639=CARTESIAN_POINT('',(97.155,-39.505,1.51));
#3640=CARTESIAN_POINT('',(97.155,-39.505,1.51));
#3641=CARTESIAN_POINT('Origin',(97.155,-40.005,1.51));
#3642=CARTESIAN_POINT('Origin',(97.155,-42.545,1.51));
#3643=CARTESIAN_POINT('',(97.155,-42.045,1.91));
#3644=CARTESIAN_POINT('Origin',(97.155,-42.545,1.91));
#3645=CARTESIAN_POINT('',(97.155,-42.045,1.51));
#3646=CARTESIAN_POINT('',(97.155,-42.045,1.51));
#3647=CARTESIAN_POINT('Origin',(97.155,-42.545,1.51));
#3648=CARTESIAN_POINT('Origin',(97.155,-45.085,1.51));
#3649=CARTESIAN_POINT('',(97.155,-44.585,1.91));
#3650=CARTESIAN_POINT('Origin',(97.155,-45.085,1.91));
#3651=CARTESIAN_POINT('',(97.155,-44.585,1.51));
#3652=CARTESIAN_POINT('',(97.155,-44.585,1.51));
#3653=CARTESIAN_POINT('Origin',(97.155,-45.085,1.51));
#3654=CARTESIAN_POINT('Origin',(97.155,-47.625,1.51));
#3655=CARTESIAN_POINT('',(97.155,-47.125,1.91));
#3656=CARTESIAN_POINT('Origin',(97.155,-47.625,1.91));
#3657=CARTESIAN_POINT('',(97.155,-47.125,1.51));
#3658=CARTESIAN_POINT('',(97.155,-47.125,1.51));
#3659=CARTESIAN_POINT('Origin',(97.155,-47.625,1.51));
#3660=CARTESIAN_POINT('Origin',(97.155,-50.165,1.51));
#3661=CARTESIAN_POINT('',(97.155,-49.665,1.91));
#3662=CARTESIAN_POINT('Origin',(97.155,-50.165,1.91));
#3663=CARTESIAN_POINT('',(97.155,-49.665,1.51));
#3664=CARTESIAN_POINT('',(97.155,-49.665,1.51));
#3665=CARTESIAN_POINT('Origin',(97.155,-50.165,1.51));
#3666=CARTESIAN_POINT('Origin',(97.155,-52.705,1.51));
#3667=CARTESIAN_POINT('',(97.155,-52.205,1.91));
#3668=CARTESIAN_POINT('Origin',(97.155,-52.705,1.91));
#3669=CARTESIAN_POINT('',(97.155,-52.205,1.51));
#3670=CARTESIAN_POINT('',(97.155,-52.205,1.51));
#3671=CARTESIAN_POINT('Origin',(97.155,-52.705,1.51));
#3672=CARTESIAN_POINT('Origin',(97.155,-55.245,1.51));
#3673=CARTESIAN_POINT('',(97.155,-54.745,1.91));
#3674=CARTESIAN_POINT('Origin',(97.155,-55.245,1.91));
#3675=CARTESIAN_POINT('',(97.155,-54.745,1.51));
#3676=CARTESIAN_POINT('',(97.155,-54.745,1.51));
#3677=CARTESIAN_POINT('Origin',(97.155,-55.245,1.51));
#3678=CARTESIAN_POINT('Origin',(127.30625,-62.45875,1.51));
#3679=CARTESIAN_POINT('',(127.30625,-61.85875,1.91));
#3680=CARTESIAN_POINT('Origin',(127.30625,-62.45875,1.91));
#3681=CARTESIAN_POINT('',(127.30625,-61.85875,1.51));
#3682=CARTESIAN_POINT('',(127.30625,-61.85875,1.51));
#3683=CARTESIAN_POINT('Origin',(127.30625,-62.45875,1.51));
#3684=CARTESIAN_POINT('Origin',(122.30625,-60.35875,1.51));
#3685=CARTESIAN_POINT('',(122.30625,-59.75875,1.91));
#3686=CARTESIAN_POINT('Origin',(122.30625,-60.35875,1.91));
#3687=CARTESIAN_POINT('',(122.30625,-59.75875,1.51));
#3688=CARTESIAN_POINT('',(122.30625,-59.75875,1.51));
#3689=CARTESIAN_POINT('Origin',(122.30625,-60.35875,1.51));
#3690=CARTESIAN_POINT('Origin',(122.30625,-66.25875,1.51));
#3691=CARTESIAN_POINT('',(122.30625,-64.53375,1.91));
#3692=CARTESIAN_POINT('Origin',(122.30625,-66.25875,1.91));
#3693=CARTESIAN_POINT('',(122.30625,-64.53375,1.51));
#3694=CARTESIAN_POINT('',(122.30625,-64.53375,1.51));
#3695=CARTESIAN_POINT('Origin',(122.30625,-66.25875,1.51));
#3696=CARTESIAN_POINT('Origin',(116.80625,-66.25875,1.51));
#3697=CARTESIAN_POINT('',(116.80625,-65.30875,1.91));
#3698=CARTESIAN_POINT('Origin',(116.80625,-66.25875,1.91));
#3699=CARTESIAN_POINT('',(116.80625,-65.30875,1.51));
#3700=CARTESIAN_POINT('',(116.80625,-65.30875,1.51));
#3701=CARTESIAN_POINT('Origin',(116.80625,-66.25875,1.51));
#3702=CARTESIAN_POINT('Origin',(112.71625,-66.25875,1.51));
#3703=CARTESIAN_POINT('',(112.71625,-65.30875,1.91));
#3704=CARTESIAN_POINT('Origin',(112.71625,-66.25875,1.91));
#3705=CARTESIAN_POINT('',(112.71625,-65.30875,1.51));
#3706=CARTESIAN_POINT('',(112.71625,-65.30875,1.51));
#3707=CARTESIAN_POINT('Origin',(112.71625,-66.25875,1.51));
#3708=CARTESIAN_POINT('Origin',(122.30625,-75.44875,1.51));
#3709=CARTESIAN_POINT('',(122.30625,-74.84875,1.91));
#3710=CARTESIAN_POINT('Origin',(122.30625,-75.44875,1.91));
#3711=CARTESIAN_POINT('',(122.30625,-74.84875,1.51));
#3712=CARTESIAN_POINT('',(122.30625,-74.84875,1.51));
#3713=CARTESIAN_POINT('Origin',(122.30625,-75.44875,1.51));
#3714=CARTESIAN_POINT('Origin',(112.21625,-62.45875,1.51));
#3715=CARTESIAN_POINT('',(112.21625,-61.85875,1.91));
#3716=CARTESIAN_POINT('Origin',(112.21625,-62.45875,1.91));
#3717=CARTESIAN_POINT('',(112.21625,-61.85875,1.51));
#3718=CARTESIAN_POINT('',(112.21625,-61.85875,1.51));
#3719=CARTESIAN_POINT('Origin',(112.21625,-62.45875,1.51));
#3720=CARTESIAN_POINT('Origin',(107.21625,-60.35875,1.51));
#3721=CARTESIAN_POINT('',(107.21625,-59.75875,1.91));
#3722=CARTESIAN_POINT('Origin',(107.21625,-60.35875,1.91));
#3723=CARTESIAN_POINT('',(107.21625,-59.75875,1.51));
#3724=CARTESIAN_POINT('',(107.21625,-59.75875,1.51));
#3725=CARTESIAN_POINT('Origin',(107.21625,-60.35875,1.51));
#3726=CARTESIAN_POINT('Origin',(107.21625,-66.25875,1.51));
#3727=CARTESIAN_POINT('',(107.21625,-64.53375,1.91));
#3728=CARTESIAN_POINT('Origin',(107.21625,-66.25875,1.91));
#3729=CARTESIAN_POINT('',(107.21625,-64.53375,1.51));
#3730=CARTESIAN_POINT('',(107.21625,-64.53375,1.51));
#3731=CARTESIAN_POINT('Origin',(107.21625,-66.25875,1.51));
#3732=CARTESIAN_POINT('Origin',(101.71625,-66.25875,1.51));
#3733=CARTESIAN_POINT('',(101.71625,-65.30875,1.91));
#3734=CARTESIAN_POINT('Origin',(101.71625,-66.25875,1.91));
#3735=CARTESIAN_POINT('',(101.71625,-65.30875,1.51));
#3736=CARTESIAN_POINT('',(101.71625,-65.30875,1.51));
#3737=CARTESIAN_POINT('Origin',(101.71625,-66.25875,1.51));
#3738=CARTESIAN_POINT('Origin',(107.21625,-75.44875,1.51));
#3739=CARTESIAN_POINT('',(107.21625,-74.84875,1.91));
#3740=CARTESIAN_POINT('Origin',(107.21625,-75.44875,1.91));
#3741=CARTESIAN_POINT('',(107.21625,-74.84875,1.51));
#3742=CARTESIAN_POINT('',(107.21625,-74.84875,1.51));
#3743=CARTESIAN_POINT('Origin',(107.21625,-75.44875,1.51));
#3744=CARTESIAN_POINT('Origin',(157.48625,-77.54875,1.51));
#3745=CARTESIAN_POINT('',(157.48625,-76.94875,1.91));
#3746=CARTESIAN_POINT('Origin',(157.48625,-77.54875,1.91));
#3747=CARTESIAN_POINT('',(157.48625,-76.94875,1.51));
#3748=CARTESIAN_POINT('',(157.48625,-76.94875,1.51));
#3749=CARTESIAN_POINT('Origin',(157.48625,-77.54875,1.51));
#3750=CARTESIAN_POINT('Origin',(157.98625,-81.34875,1.51));
#3751=CARTESIAN_POINT('',(157.98625,-80.39875,1.91));
#3752=CARTESIAN_POINT('Origin',(157.98625,-81.34875,1.91));
#3753=CARTESIAN_POINT('',(157.98625,-80.39875,1.51));
#3754=CARTESIAN_POINT('',(157.98625,-80.39875,1.51));
#3755=CARTESIAN_POINT('Origin',(157.98625,-81.34875,1.51));
#3756=CARTESIAN_POINT('Origin',(152.48625,-81.34875,1.51));
#3757=CARTESIAN_POINT('',(152.48625,-79.62375,1.91));
#3758=CARTESIAN_POINT('Origin',(152.48625,-81.34875,1.91));
#3759=CARTESIAN_POINT('',(152.48625,-79.62375,1.51));
#3760=CARTESIAN_POINT('',(152.48625,-79.62375,1.51));
#3761=CARTESIAN_POINT('Origin',(152.48625,-81.34875,1.51));
#3762=CARTESIAN_POINT('Origin',(146.98625,-81.34875,1.51));
#3763=CARTESIAN_POINT('',(146.98625,-80.39875,1.91));
#3764=CARTESIAN_POINT('Origin',(146.98625,-81.34875,1.91));
#3765=CARTESIAN_POINT('',(146.98625,-80.39875,1.51));
#3766=CARTESIAN_POINT('',(146.98625,-80.39875,1.51));
#3767=CARTESIAN_POINT('Origin',(146.98625,-81.34875,1.51));
#3768=CARTESIAN_POINT('Origin',(157.48625,-92.63875,1.51));
#3769=CARTESIAN_POINT('',(157.48625,-92.03875,1.91));
#3770=CARTESIAN_POINT('Origin',(157.48625,-92.63875,1.91));
#3771=CARTESIAN_POINT('',(157.48625,-92.03875,1.51));
#3772=CARTESIAN_POINT('',(157.48625,-92.03875,1.51));
#3773=CARTESIAN_POINT('Origin',(157.48625,-92.63875,1.51));
#3774=CARTESIAN_POINT('Origin',(152.48625,-90.53875,1.51));
#3775=CARTESIAN_POINT('',(152.48625,-89.93875,1.91));
#3776=CARTESIAN_POINT('Origin',(152.48625,-90.53875,1.91));
#3777=CARTESIAN_POINT('',(152.48625,-89.93875,1.51));
#3778=CARTESIAN_POINT('',(152.48625,-89.93875,1.51));
#3779=CARTESIAN_POINT('Origin',(152.48625,-90.53875,1.51));
#3780=CARTESIAN_POINT('Origin',(142.39625,-77.54875,1.51));
#3781=CARTESIAN_POINT('',(142.39625,-76.94875,1.91));
#3782=CARTESIAN_POINT('Origin',(142.39625,-77.54875,1.91));
#3783=CARTESIAN_POINT('',(142.39625,-76.94875,1.51));
#3784=CARTESIAN_POINT('',(142.39625,-76.94875,1.51));
#3785=CARTESIAN_POINT('Origin',(142.39625,-77.54875,1.51));
#3786=CARTESIAN_POINT('Origin',(142.89625,-81.34875,1.51));
#3787=CARTESIAN_POINT('',(142.89625,-80.39875,1.91));
#3788=CARTESIAN_POINT('Origin',(142.89625,-81.34875,1.91));
#3789=CARTESIAN_POINT('',(142.89625,-80.39875,1.51));
#3790=CARTESIAN_POINT('',(142.89625,-80.39875,1.51));
#3791=CARTESIAN_POINT('Origin',(142.89625,-81.34875,1.51));
#3792=CARTESIAN_POINT('Origin',(137.39625,-81.34875,1.51));
#3793=CARTESIAN_POINT('',(137.39625,-79.62375,1.91));
#3794=CARTESIAN_POINT('Origin',(137.39625,-81.34875,1.91));
#3795=CARTESIAN_POINT('',(137.39625,-79.62375,1.51));
#3796=CARTESIAN_POINT('',(137.39625,-79.62375,1.51));
#3797=CARTESIAN_POINT('Origin',(137.39625,-81.34875,1.51));
#3798=CARTESIAN_POINT('Origin',(131.89625,-81.34875,1.51));
#3799=CARTESIAN_POINT('',(131.89625,-80.39875,1.91));
#3800=CARTESIAN_POINT('Origin',(131.89625,-81.34875,1.91));
#3801=CARTESIAN_POINT('',(131.89625,-80.39875,1.51));
#3802=CARTESIAN_POINT('',(131.89625,-80.39875,1.51));
#3803=CARTESIAN_POINT('Origin',(131.89625,-81.34875,1.51));
#3804=CARTESIAN_POINT('Origin',(127.80625,-81.34875,1.51));
#3805=CARTESIAN_POINT('',(127.80625,-80.39875,1.91));
#3806=CARTESIAN_POINT('Origin',(127.80625,-81.34875,1.91));
#3807=CARTESIAN_POINT('',(127.80625,-80.39875,1.51));
#3808=CARTESIAN_POINT('',(127.80625,-80.39875,1.51));
#3809=CARTESIAN_POINT('Origin',(127.80625,-81.34875,1.51));
#3810=CARTESIAN_POINT('Origin',(142.39625,-92.63875,1.51));
#3811=CARTESIAN_POINT('',(142.39625,-92.03875,1.91));
#3812=CARTESIAN_POINT('Origin',(142.39625,-92.63875,1.91));
#3813=CARTESIAN_POINT('',(142.39625,-92.03875,1.51));
#3814=CARTESIAN_POINT('',(142.39625,-92.03875,1.51));
#3815=CARTESIAN_POINT('Origin',(142.39625,-92.63875,1.51));
#3816=CARTESIAN_POINT('Origin',(137.39625,-90.53875,1.51));
#3817=CARTESIAN_POINT('',(137.39625,-89.93875,1.91));
#3818=CARTESIAN_POINT('Origin',(137.39625,-90.53875,1.91));
#3819=CARTESIAN_POINT('',(137.39625,-89.93875,1.51));
#3820=CARTESIAN_POINT('',(137.39625,-89.93875,1.51));
#3821=CARTESIAN_POINT('Origin',(137.39625,-90.53875,1.51));
#3822=CARTESIAN_POINT('Origin',(157.98625,-96.43875,1.51));
#3823=CARTESIAN_POINT('',(157.98625,-95.48875,1.91));
#3824=CARTESIAN_POINT('Origin',(157.98625,-96.43875,1.91));
#3825=CARTESIAN_POINT('',(157.98625,-95.48875,1.51));
#3826=CARTESIAN_POINT('',(157.98625,-95.48875,1.51));
#3827=CARTESIAN_POINT('Origin',(157.98625,-96.43875,1.51));
#3828=CARTESIAN_POINT('Origin',(152.48625,-96.43875,1.51));
#3829=CARTESIAN_POINT('',(152.48625,-94.71375,1.91));
#3830=CARTESIAN_POINT('Origin',(152.48625,-96.43875,1.91));
#3831=CARTESIAN_POINT('',(152.48625,-94.71375,1.51));
#3832=CARTESIAN_POINT('',(152.48625,-94.71375,1.51));
#3833=CARTESIAN_POINT('Origin',(152.48625,-96.43875,1.51));
#3834=CARTESIAN_POINT('Origin',(146.98625,-96.43875,1.51));
#3835=CARTESIAN_POINT('',(146.98625,-95.48875,1.91));
#3836=CARTESIAN_POINT('Origin',(146.98625,-96.43875,1.91));
#3837=CARTESIAN_POINT('',(146.98625,-95.48875,1.51));
#3838=CARTESIAN_POINT('',(146.98625,-95.48875,1.51));
#3839=CARTESIAN_POINT('Origin',(146.98625,-96.43875,1.51));
#3840=CARTESIAN_POINT('Origin',(157.48625,-107.72875,1.51));
#3841=CARTESIAN_POINT('',(157.48625,-107.12875,1.91));
#3842=CARTESIAN_POINT('Origin',(157.48625,-107.72875,1.91));
#3843=CARTESIAN_POINT('',(157.48625,-107.12875,1.51));
#3844=CARTESIAN_POINT('',(157.48625,-107.12875,1.51));
#3845=CARTESIAN_POINT('Origin',(157.48625,-107.72875,1.51));
#3846=CARTESIAN_POINT('Origin',(152.48625,-105.62875,1.51));
#3847=CARTESIAN_POINT('',(152.48625,-105.02875,1.91));
#3848=CARTESIAN_POINT('Origin',(152.48625,-105.62875,1.91));
#3849=CARTESIAN_POINT('',(152.48625,-105.02875,1.51));
#3850=CARTESIAN_POINT('',(152.48625,-105.02875,1.51));
#3851=CARTESIAN_POINT('Origin',(152.48625,-105.62875,1.51));
#3852=CARTESIAN_POINT('Origin',(157.98625,-111.52875,1.51));
#3853=CARTESIAN_POINT('',(157.98625,-110.57875,1.91));
#3854=CARTESIAN_POINT('Origin',(157.98625,-111.52875,1.91));
#3855=CARTESIAN_POINT('',(157.98625,-110.57875,1.51));
#3856=CARTESIAN_POINT('',(157.98625,-110.57875,1.51));
#3857=CARTESIAN_POINT('Origin',(157.98625,-111.52875,1.51));
#3858=CARTESIAN_POINT('Origin',(152.48625,-111.52875,1.51));
#3859=CARTESIAN_POINT('',(152.48625,-109.80375,1.91));
#3860=CARTESIAN_POINT('Origin',(152.48625,-111.52875,1.91));
#3861=CARTESIAN_POINT('',(152.48625,-109.80375,1.51));
#3862=CARTESIAN_POINT('',(152.48625,-109.80375,1.51));
#3863=CARTESIAN_POINT('Origin',(152.48625,-111.52875,1.51));
#3864=CARTESIAN_POINT('Origin',(146.98625,-111.52875,1.51));
#3865=CARTESIAN_POINT('',(146.98625,-110.57875,1.91));
#3866=CARTESIAN_POINT('Origin',(146.98625,-111.52875,1.91));
#3867=CARTESIAN_POINT('',(146.98625,-110.57875,1.51));
#3868=CARTESIAN_POINT('',(146.98625,-110.57875,1.51));
#3869=CARTESIAN_POINT('Origin',(146.98625,-111.52875,1.51));
#3870=CARTESIAN_POINT('Origin',(142.89625,-96.43875,1.51));
#3871=CARTESIAN_POINT('',(142.89625,-95.48875,1.91));
#3872=CARTESIAN_POINT('Origin',(142.89625,-96.43875,1.91));
#3873=CARTESIAN_POINT('',(142.89625,-95.48875,1.51));
#3874=CARTESIAN_POINT('',(142.89625,-95.48875,1.51));
#3875=CARTESIAN_POINT('Origin',(142.89625,-96.43875,1.51));
#3876=CARTESIAN_POINT('Origin',(137.39625,-96.43875,1.51));
#3877=CARTESIAN_POINT('',(137.39625,-94.71375,1.91));
#3878=CARTESIAN_POINT('Origin',(137.39625,-96.43875,1.91));
#3879=CARTESIAN_POINT('',(137.39625,-94.71375,1.51));
#3880=CARTESIAN_POINT('',(137.39625,-94.71375,1.51));
#3881=CARTESIAN_POINT('Origin',(137.39625,-96.43875,1.51));
#3882=CARTESIAN_POINT('Origin',(131.89625,-96.43875,1.51));
#3883=CARTESIAN_POINT('',(131.89625,-95.48875,1.91));
#3884=CARTESIAN_POINT('Origin',(131.89625,-96.43875,1.91));
#3885=CARTESIAN_POINT('',(131.89625,-95.48875,1.51));
#3886=CARTESIAN_POINT('',(131.89625,-95.48875,1.51));
#3887=CARTESIAN_POINT('Origin',(131.89625,-96.43875,1.51));
#3888=CARTESIAN_POINT('Origin',(127.80625,-96.43875,1.51));
#3889=CARTESIAN_POINT('',(127.80625,-95.48875,1.91));
#3890=CARTESIAN_POINT('Origin',(127.80625,-96.43875,1.91));
#3891=CARTESIAN_POINT('',(127.80625,-95.48875,1.51));
#3892=CARTESIAN_POINT('',(127.80625,-95.48875,1.51));
#3893=CARTESIAN_POINT('Origin',(127.80625,-96.43875,1.51));
#3894=CARTESIAN_POINT('Origin',(142.39625,-107.72875,1.51));
#3895=CARTESIAN_POINT('',(142.39625,-107.12875,1.91));
#3896=CARTESIAN_POINT('Origin',(142.39625,-107.72875,1.91));
#3897=CARTESIAN_POINT('',(142.39625,-107.12875,1.51));
#3898=CARTESIAN_POINT('',(142.39625,-107.12875,1.51));
#3899=CARTESIAN_POINT('Origin',(142.39625,-107.72875,1.51));
#3900=CARTESIAN_POINT('Origin',(137.39625,-105.62875,1.51));
#3901=CARTESIAN_POINT('',(137.39625,-105.02875,1.91));
#3902=CARTESIAN_POINT('Origin',(137.39625,-105.62875,1.91));
#3903=CARTESIAN_POINT('',(137.39625,-105.02875,1.51));
#3904=CARTESIAN_POINT('',(137.39625,-105.02875,1.51));
#3905=CARTESIAN_POINT('Origin',(137.39625,-105.62875,1.51));
#3906=CARTESIAN_POINT('Origin',(142.89625,-111.52875,1.51));
#3907=CARTESIAN_POINT('',(142.89625,-110.57875,1.91));
#3908=CARTESIAN_POINT('Origin',(142.89625,-111.52875,1.91));
#3909=CARTESIAN_POINT('',(142.89625,-110.57875,1.51));
#3910=CARTESIAN_POINT('',(142.89625,-110.57875,1.51));
#3911=CARTESIAN_POINT('Origin',(142.89625,-111.52875,1.51));
#3912=CARTESIAN_POINT('Origin',(137.39625,-111.52875,1.51));
#3913=CARTESIAN_POINT('',(137.39625,-109.80375,1.91));
#3914=CARTESIAN_POINT('Origin',(137.39625,-111.52875,1.91));
#3915=CARTESIAN_POINT('',(137.39625,-109.80375,1.51));
#3916=CARTESIAN_POINT('',(137.39625,-109.80375,1.51));
#3917=CARTESIAN_POINT('Origin',(137.39625,-111.52875,1.51));
#3918=CARTESIAN_POINT('Origin',(131.89625,-111.52875,1.51));
#3919=CARTESIAN_POINT('',(131.89625,-110.57875,1.91));
#3920=CARTESIAN_POINT('Origin',(131.89625,-111.52875,1.91));
#3921=CARTESIAN_POINT('',(131.89625,-110.57875,1.51));
#3922=CARTESIAN_POINT('',(131.89625,-110.57875,1.51));
#3923=CARTESIAN_POINT('Origin',(131.89625,-111.52875,1.51));
#3924=CARTESIAN_POINT('Origin',(127.80625,-111.52875,1.51));
#3925=CARTESIAN_POINT('',(127.80625,-110.57875,1.91));
#3926=CARTESIAN_POINT('Origin',(127.80625,-111.52875,1.91));
#3927=CARTESIAN_POINT('',(127.80625,-110.57875,1.51));
#3928=CARTESIAN_POINT('',(127.80625,-110.57875,1.51));
#3929=CARTESIAN_POINT('Origin',(127.80625,-111.52875,1.51));
#3930=CARTESIAN_POINT('Origin',(127.30625,-77.54875,1.51));
#3931=CARTESIAN_POINT('',(127.30625,-76.94875,1.91));
#3932=CARTESIAN_POINT('Origin',(127.30625,-77.54875,1.91));
#3933=CARTESIAN_POINT('',(127.30625,-76.94875,1.51));
#3934=CARTESIAN_POINT('',(127.30625,-76.94875,1.51));
#3935=CARTESIAN_POINT('Origin',(127.30625,-77.54875,1.51));
#3936=CARTESIAN_POINT('Origin',(122.30625,-81.34875,1.51));
#3937=CARTESIAN_POINT('',(122.30625,-79.62375,1.91));
#3938=CARTESIAN_POINT('Origin',(122.30625,-81.34875,1.91));
#3939=CARTESIAN_POINT('',(122.30625,-79.62375,1.51));
#3940=CARTESIAN_POINT('',(122.30625,-79.62375,1.51));
#3941=CARTESIAN_POINT('Origin',(122.30625,-81.34875,1.51));
#3942=CARTESIAN_POINT('Origin',(116.80625,-81.34875,1.51));
#3943=CARTESIAN_POINT('',(116.80625,-80.39875,1.91));
#3944=CARTESIAN_POINT('Origin',(116.80625,-81.34875,1.91));
#3945=CARTESIAN_POINT('',(116.80625,-80.39875,1.51));
#3946=CARTESIAN_POINT('',(116.80625,-80.39875,1.51));
#3947=CARTESIAN_POINT('Origin',(116.80625,-81.34875,1.51));
#3948=CARTESIAN_POINT('Origin',(112.71625,-81.34875,1.51));
#3949=CARTESIAN_POINT('',(112.71625,-80.39875,1.91));
#3950=CARTESIAN_POINT('Origin',(112.71625,-81.34875,1.91));
#3951=CARTESIAN_POINT('',(112.71625,-80.39875,1.51));
#3952=CARTESIAN_POINT('',(112.71625,-80.39875,1.51));
#3953=CARTESIAN_POINT('Origin',(112.71625,-81.34875,1.51));
#3954=CARTESIAN_POINT('Origin',(127.30625,-92.63875,1.51));
#3955=CARTESIAN_POINT('',(127.30625,-92.03875,1.91));
#3956=CARTESIAN_POINT('Origin',(127.30625,-92.63875,1.91));
#3957=CARTESIAN_POINT('',(127.30625,-92.03875,1.51));
#3958=CARTESIAN_POINT('',(127.30625,-92.03875,1.51));
#3959=CARTESIAN_POINT('Origin',(127.30625,-92.63875,1.51));
#3960=CARTESIAN_POINT('Origin',(122.30625,-90.53875,1.51));
#3961=CARTESIAN_POINT('',(122.30625,-89.93875,1.91));
#3962=CARTESIAN_POINT('Origin',(122.30625,-90.53875,1.91));
#3963=CARTESIAN_POINT('',(122.30625,-89.93875,1.51));
#3964=CARTESIAN_POINT('',(122.30625,-89.93875,1.51));
#3965=CARTESIAN_POINT('Origin',(122.30625,-90.53875,1.51));
#3966=CARTESIAN_POINT('Origin',(112.21625,-77.54875,1.51));
#3967=CARTESIAN_POINT('',(112.21625,-76.94875,1.91));
#3968=CARTESIAN_POINT('Origin',(112.21625,-77.54875,1.91));
#3969=CARTESIAN_POINT('',(112.21625,-76.94875,1.51));
#3970=CARTESIAN_POINT('',(112.21625,-76.94875,1.51));
#3971=CARTESIAN_POINT('Origin',(112.21625,-77.54875,1.51));
#3972=CARTESIAN_POINT('Origin',(107.21625,-81.34875,1.51));
#3973=CARTESIAN_POINT('',(107.21625,-79.62375,1.91));
#3974=CARTESIAN_POINT('Origin',(107.21625,-81.34875,1.91));
#3975=CARTESIAN_POINT('',(107.21625,-79.62375,1.51));
#3976=CARTESIAN_POINT('',(107.21625,-79.62375,1.51));
#3977=CARTESIAN_POINT('Origin',(107.21625,-81.34875,1.51));
#3978=CARTESIAN_POINT('Origin',(101.71625,-81.34875,1.51));
#3979=CARTESIAN_POINT('',(101.71625,-80.39875,1.91));
#3980=CARTESIAN_POINT('Origin',(101.71625,-81.34875,1.91));
#3981=CARTESIAN_POINT('',(101.71625,-80.39875,1.51));
#3982=CARTESIAN_POINT('',(101.71625,-80.39875,1.51));
#3983=CARTESIAN_POINT('Origin',(101.71625,-81.34875,1.51));
#3984=CARTESIAN_POINT('Origin',(112.21625,-92.63875,1.51));
#3985=CARTESIAN_POINT('',(112.21625,-92.03875,1.91));
#3986=CARTESIAN_POINT('Origin',(112.21625,-92.63875,1.91));
#3987=CARTESIAN_POINT('',(112.21625,-92.03875,1.51));
#3988=CARTESIAN_POINT('',(112.21625,-92.03875,1.51));
#3989=CARTESIAN_POINT('Origin',(112.21625,-92.63875,1.51));
#3990=CARTESIAN_POINT('Origin',(107.21625,-90.53875,1.51));
#3991=CARTESIAN_POINT('',(107.21625,-89.93875,1.91));
#3992=CARTESIAN_POINT('Origin',(107.21625,-90.53875,1.91));
#3993=CARTESIAN_POINT('',(107.21625,-89.93875,1.51));
#3994=CARTESIAN_POINT('',(107.21625,-89.93875,1.51));
#3995=CARTESIAN_POINT('Origin',(107.21625,-90.53875,1.51));
#3996=CARTESIAN_POINT('Origin',(122.30625,-96.43875,1.51));
#3997=CARTESIAN_POINT('',(122.30625,-94.71375,1.91));
#3998=CARTESIAN_POINT('Origin',(122.30625,-96.43875,1.91));
#3999=CARTESIAN_POINT('',(122.30625,-94.71375,1.51));
#4000=CARTESIAN_POINT('',(122.30625,-94.71375,1.51));
#4001=CARTESIAN_POINT('Origin',(122.30625,-96.43875,1.51));
#4002=CARTESIAN_POINT('Origin',(116.80625,-96.43875,1.51));
#4003=CARTESIAN_POINT('',(116.80625,-95.48875,1.91));
#4004=CARTESIAN_POINT('Origin',(116.80625,-96.43875,1.91));
#4005=CARTESIAN_POINT('',(116.80625,-95.48875,1.51));
#4006=CARTESIAN_POINT('',(116.80625,-95.48875,1.51));
#4007=CARTESIAN_POINT('Origin',(116.80625,-96.43875,1.51));
#4008=CARTESIAN_POINT('Origin',(112.71625,-96.43875,1.51));
#4009=CARTESIAN_POINT('',(112.71625,-95.48875,1.91));
#4010=CARTESIAN_POINT('Origin',(112.71625,-96.43875,1.91));
#4011=CARTESIAN_POINT('',(112.71625,-95.48875,1.51));
#4012=CARTESIAN_POINT('',(112.71625,-95.48875,1.51));
#4013=CARTESIAN_POINT('Origin',(112.71625,-96.43875,1.51));
#4014=CARTESIAN_POINT('Origin',(127.30625,-107.72875,1.51));
#4015=CARTESIAN_POINT('',(127.30625,-107.12875,1.91));
#4016=CARTESIAN_POINT('Origin',(127.30625,-107.72875,1.91));
#4017=CARTESIAN_POINT('',(127.30625,-107.12875,1.51));
#4018=CARTESIAN_POINT('',(127.30625,-107.12875,1.51));
#4019=CARTESIAN_POINT('Origin',(127.30625,-107.72875,1.51));
#4020=CARTESIAN_POINT('Origin',(122.30625,-105.62875,1.51));
#4021=CARTESIAN_POINT('',(122.30625,-105.02875,1.91));
#4022=CARTESIAN_POINT('Origin',(122.30625,-105.62875,1.91));
#4023=CARTESIAN_POINT('',(122.30625,-105.02875,1.51));
#4024=CARTESIAN_POINT('',(122.30625,-105.02875,1.51));
#4025=CARTESIAN_POINT('Origin',(122.30625,-105.62875,1.51));
#4026=CARTESIAN_POINT('Origin',(122.30625,-111.52875,1.51));
#4027=CARTESIAN_POINT('',(122.30625,-109.80375,1.91));
#4028=CARTESIAN_POINT('Origin',(122.30625,-111.52875,1.91));
#4029=CARTESIAN_POINT('',(122.30625,-109.80375,1.51));
#4030=CARTESIAN_POINT('',(122.30625,-109.80375,1.51));
#4031=CARTESIAN_POINT('Origin',(122.30625,-111.52875,1.51));
#4032=CARTESIAN_POINT('Origin',(116.80625,-111.52875,1.51));
#4033=CARTESIAN_POINT('',(116.80625,-110.57875,1.91));
#4034=CARTESIAN_POINT('Origin',(116.80625,-111.52875,1.91));
#4035=CARTESIAN_POINT('',(116.80625,-110.57875,1.51));
#4036=CARTESIAN_POINT('',(116.80625,-110.57875,1.51));
#4037=CARTESIAN_POINT('Origin',(116.80625,-111.52875,1.51));
#4038=CARTESIAN_POINT('Origin',(112.71625,-111.52875,1.51));
#4039=CARTESIAN_POINT('',(112.71625,-110.57875,1.91));
#4040=CARTESIAN_POINT('Origin',(112.71625,-111.52875,1.91));
#4041=CARTESIAN_POINT('',(112.71625,-110.57875,1.51));
#4042=CARTESIAN_POINT('',(112.71625,-110.57875,1.51));
#4043=CARTESIAN_POINT('Origin',(112.71625,-111.52875,1.51));
#4044=CARTESIAN_POINT('Origin',(107.21625,-96.43875,1.51));
#4045=CARTESIAN_POINT('',(107.21625,-94.71375,1.91));
#4046=CARTESIAN_POINT('Origin',(107.21625,-96.43875,1.91));
#4047=CARTESIAN_POINT('',(107.21625,-94.71375,1.51));
#4048=CARTESIAN_POINT('',(107.21625,-94.71375,1.51));
#4049=CARTESIAN_POINT('Origin',(107.21625,-96.43875,1.51));
#4050=CARTESIAN_POINT('Origin',(101.71625,-96.43875,1.51));
#4051=CARTESIAN_POINT('',(101.71625,-95.48875,1.91));
#4052=CARTESIAN_POINT('Origin',(101.71625,-96.43875,1.91));
#4053=CARTESIAN_POINT('',(101.71625,-95.48875,1.51));
#4054=CARTESIAN_POINT('',(101.71625,-95.48875,1.51));
#4055=CARTESIAN_POINT('Origin',(101.71625,-96.43875,1.51));
#4056=CARTESIAN_POINT('Origin',(112.21625,-107.72875,1.51));
#4057=CARTESIAN_POINT('',(112.21625,-107.12875,1.91));
#4058=CARTESIAN_POINT('Origin',(112.21625,-107.72875,1.91));
#4059=CARTESIAN_POINT('',(112.21625,-107.12875,1.51));
#4060=CARTESIAN_POINT('',(112.21625,-107.12875,1.51));
#4061=CARTESIAN_POINT('Origin',(112.21625,-107.72875,1.51));
#4062=CARTESIAN_POINT('Origin',(107.21625,-105.62875,1.51));
#4063=CARTESIAN_POINT('',(107.21625,-105.02875,1.91));
#4064=CARTESIAN_POINT('Origin',(107.21625,-105.62875,1.91));
#4065=CARTESIAN_POINT('',(107.21625,-105.02875,1.51));
#4066=CARTESIAN_POINT('',(107.21625,-105.02875,1.51));
#4067=CARTESIAN_POINT('Origin',(107.21625,-105.62875,1.51));
#4068=CARTESIAN_POINT('Origin',(107.21625,-111.52875,1.51));
#4069=CARTESIAN_POINT('',(107.21625,-109.80375,1.91));
#4070=CARTESIAN_POINT('Origin',(107.21625,-111.52875,1.91));
#4071=CARTESIAN_POINT('',(107.21625,-109.80375,1.51));
#4072=CARTESIAN_POINT('',(107.21625,-109.80375,1.51));
#4073=CARTESIAN_POINT('Origin',(107.21625,-111.52875,1.51));
#4074=CARTESIAN_POINT('Origin',(101.71625,-111.52875,1.51));
#4075=CARTESIAN_POINT('',(101.71625,-110.57875,1.91));
#4076=CARTESIAN_POINT('Origin',(101.71625,-111.52875,1.91));
#4077=CARTESIAN_POINT('',(101.71625,-110.57875,1.51));
#4078=CARTESIAN_POINT('',(101.71625,-110.57875,1.51));
#4079=CARTESIAN_POINT('Origin',(101.71625,-111.52875,1.51));
#4080=CARTESIAN_POINT('Origin',(166.6875,-123.825,1.51));
#4081=CARTESIAN_POINT('',(166.6875,-38.1,1.51));
#4082=CARTESIAN_POINT('',(166.6875,-123.825,1.51));
#4083=CARTESIAN_POINT('',(166.6875,-38.1,1.51));
#4084=CARTESIAN_POINT('',(166.6875,-38.1,1.91));
#4085=CARTESIAN_POINT('',(166.6875,-38.1,1.51));
#4086=CARTESIAN_POINT('',(166.6875,-123.825,1.91));
#4087=CARTESIAN_POINT('',(166.6875,-38.1,1.91));
#4088=CARTESIAN_POINT('',(166.6875,-123.825,1.51));
#4089=CARTESIAN_POINT('Origin',(157.16249968998,-123.8249996899,1.51));
#4090=CARTESIAN_POINT('',(157.1625,-133.35,1.51));
#4091=CARTESIAN_POINT('Origin',(157.16249968998,-123.8249996899,1.51));
#4092=CARTESIAN_POINT('',(157.1625,-133.35,1.91));
#4093=CARTESIAN_POINT('Origin',(157.16249968998,-123.8249996899,1.91));
#4094=CARTESIAN_POINT('',(157.1625,-133.35,1.51));
#4095=CARTESIAN_POINT('Origin',(100.0125,-133.35,1.51));
#4096=CARTESIAN_POINT('',(100.0125,-133.35,1.51));
#4097=CARTESIAN_POINT('',(157.1625,-133.35,1.51));
#4098=CARTESIAN_POINT('',(100.0125,-133.35,1.91));
#4099=CARTESIAN_POINT('',(157.1625,-133.35,1.91));
#4100=CARTESIAN_POINT('',(100.0125,-133.35,1.51));
#4101=CARTESIAN_POINT('Origin',(100.01250031001,-123.8249996899,1.51));
#4102=CARTESIAN_POINT('',(90.4875,-123.825,1.51));
#4103=CARTESIAN_POINT('Origin',(100.01250031001,-123.8249996899,1.51));
#4104=CARTESIAN_POINT('',(90.4875,-123.825,1.91));
#4105=CARTESIAN_POINT('Origin',(100.01250031001,-123.8249996899,1.91));
#4106=CARTESIAN_POINT('',(90.4875,-123.825,1.51));
#4107=CARTESIAN_POINT('Origin',(90.4875,-38.1,1.51));
#4108=CARTESIAN_POINT('',(90.4875,-38.1,1.51));
#4109=CARTESIAN_POINT('',(90.4875,-123.825,1.51));
#4110=CARTESIAN_POINT('',(90.4875,-38.1,1.91));
#4111=CARTESIAN_POINT('',(90.4875,-123.825,1.91));
#4112=CARTESIAN_POINT('',(90.4875,-38.1,1.51));
#4113=CARTESIAN_POINT('Origin',(100.01250031001,-38.10000031001,1.51));
#4114=CARTESIAN_POINT('',(100.0125,-28.575,1.51));
#4115=CARTESIAN_POINT('Origin',(100.01250031001,-38.10000031001,1.51));
#4116=CARTESIAN_POINT('',(100.0125,-28.575,1.91));
#4117=CARTESIAN_POINT('Origin',(100.01250031001,-38.10000031001,1.91));
#4118=CARTESIAN_POINT('',(100.0125,-28.575,1.51));
#4119=CARTESIAN_POINT('Origin',(157.1625,-28.575,1.51));
#4120=CARTESIAN_POINT('',(157.1625,-28.575,1.51));
#4121=CARTESIAN_POINT('',(100.0125,-28.575,1.51));
#4122=CARTESIAN_POINT('',(157.1625,-28.575,1.91));
#4123=CARTESIAN_POINT('',(100.0125,-28.575,1.91));
#4124=CARTESIAN_POINT('',(157.1625,-28.575,1.51));
#4125=CARTESIAN_POINT('Origin',(157.16249968998,-38.10000031001,1.51));
#4126=CARTESIAN_POINT('Origin',(157.16249968998,-38.10000031001,1.51));
#4127=CARTESIAN_POINT('Origin',(157.16249968998,-38.10000031001,1.91));
#4128=CARTESIAN_POINT('Origin',(0.,0.,1.91));
#4129=CARTESIAN_POINT('Origin',(0.,0.,1.51));
#4130=UNCERTAINTY_MEASURE_WITH_UNIT(LENGTH_MEASURE(0.01),#4134,
'DISTANCE_ACCURACY_VALUE',
'Maximum model space distance between geometric entities at asserted c
onnectivities');
#4131=UNCERTAINTY_MEASURE_WITH_UNIT(LENGTH_MEASURE(0.01),#4134,
'DISTANCE_ACCURACY_VALUE',
'Maximum model space distance between geometric entities at asserted c
onnectivities');
#4132=(
GEOMETRIC_REPRESENTATION_CONTEXT(3)
GLOBAL_UNCERTAINTY_ASSIGNED_CONTEXT((#4130))
GLOBAL_UNIT_ASSIGNED_CONTEXT((#4134,#4135,#4136))
REPRESENTATION_CONTEXT('','3D')
);
#4133=(
GEOMETRIC_REPRESENTATION_CONTEXT(3)
GLOBAL_UNCERTAINTY_ASSIGNED_CONTEXT((#4131))
GLOBAL_UNIT_ASSIGNED_CONTEXT((#4134,#4135,#4136))
REPRESENTATION_CONTEXT('','3D')
);
#4134=(
LENGTH_UNIT()
NAMED_UNIT(*)
SI_UNIT(.MILLI.,.METRE.)
);
#4135=(
NAMED_UNIT(*)
PLANE_ANGLE_UNIT()
SI_UNIT($,.RADIAN.)
);
#4136=(
NAMED_UNIT(*)
SI_UNIT($,.STERADIAN.)
SOLID_ANGLE_UNIT()
);
#4137=SHAPE_DEFINITION_REPRESENTATION(#4138,#4139);
#4138=PRODUCT_DEFINITION_SHAPE('',$,#4141);
#4139=SHAPE_REPRESENTATION('',(#2438),#4132);
#4140=PRODUCT_DEFINITION_CONTEXT('part definition',#4145,'design');
#4141=PRODUCT_DEFINITION('Calculator 1','Calculator',#4142,#4140);
#4142=PRODUCT_DEFINITION_FORMATION('',$,#4147);
#4143=PRODUCT_RELATED_PRODUCT_CATEGORY('Calculator','Calculator',(#4147));
#4144=APPLICATION_PROTOCOL_DEFINITION('international standard',
'automotive_design',2009,#4145);
#4145=APPLICATION_CONTEXT(
'Core Data for Automotive Mechanical Design Process');
#4146=PRODUCT_CONTEXT('part definition',#4145,'mechanical');
#4147=PRODUCT('Calculator 1','Calculator','KiCad electronic assembly',(#4146));
#4148=PRESENTATION_STYLE_ASSIGNMENT((#4151));
#4149=PRESENTATION_STYLE_ASSIGNMENT((#4152));
#4150=PRESENTATION_STYLE_ASSIGNMENT((#4153));
#4151=SURFACE_STYLE_USAGE(.BOTH.,#4154);
#4152=SURFACE_STYLE_USAGE(.BOTH.,#4155);
#4153=SURFACE_STYLE_USAGE(.BOTH.,#4156);
#4154=SURFACE_SIDE_STYLE('',(#4157));
#4155=SURFACE_SIDE_STYLE('',(#4158));
#4156=SURFACE_SIDE_STYLE('',(#4159));
#4157=SURFACE_STYLE_FILL_AREA(#4160);
#4158=SURFACE_STYLE_FILL_AREA(#4161);
#4159=SURFACE_STYLE_FILL_AREA(#4162);
#4160=FILL_AREA_STYLE('Steel - Satin',(#4163));
#4161=FILL_AREA_STYLE('Opaque(211,212,213)',(#4164));
#4162=FILL_AREA_STYLE('ABS (White)',(#4165));
#4163=FILL_AREA_STYLE_COLOUR('Steel - Satin',#4166);
#4164=FILL_AREA_STYLE_COLOUR('Opaque(211,212,213)',#4167);
#4165=FILL_AREA_STYLE_COLOUR('ABS (White)',#4168);
#4166=COLOUR_RGB('Steel - Satin',0.627450980392157,0.627450980392157,0.627450980392157);
#4167=COLOUR_RGB('Opaque(211,212,213)',0.827450980392157,0.831372549019608,
0.835294117647059);
#4168=COLOUR_RGB('ABS (White)',0.796078431372549,0.443137254901961,0.172549019607843);
ENDSEC;
END-ISO-10303-21;
