ISO-10303-21;
HEADER;
/* Generated by software containing ST-Developer
 * from STEP Tools, Inc. (www.steptools.com) 
 */

FILE_DESCRIPTION(
/* description */ ('KiCad electronic assembly'),
/* implementation_level */ '2;1');

FILE_NAME(
/* name */ 'Calculator top.step',
/* time_stamp */ '2026-08-28T12:07:56-07:00',
/* author */ (''),
/* organization */ (''),
/* preprocessor_version */ 'ST-DEVELOPER v20.1',
/* originating_system */ 'Autodesk Translation Framework v15.8.0.0',
/* authorisation */ '');

FILE_SCHEMA (('AUTOMOTIVE_DESIGN { 1 0 10303 214 3 1 1 }'));
ENDSEC;

DATA;
#10=MECHANICAL_DESIGN_GEOMETRIC_PRESENTATION_REPRESENTATION('',(#17),#1855);
#11=ITEM_DEFINED_TRANSFORMATION($,$,#1017,#1100);
#12=(
REPRESENTATION_RELATIONSHIP($,$,#1866,#1865)
REPRESENTATION_RELATIONSHIP_WITH_TRANSFORMATION(#11)
SHAPE_REPRESENTATION_RELATIONSHIP()
);
#13=CONTEXT_DEPENDENT_SHAPE_REPRESENTATION(#12,#1864);
#14=NEXT_ASSEMBLY_USAGE_OCCURRENCE('Top:1','Top:1','Top:1',#1868,#1869,
'Top:1');
#15=SHAPE_REPRESENTATION_RELATIONSHIP('SRR','None',#1866,#16);
#16=ADVANCED_BREP_SHAPE_REPRESENTATION('',(#18),#1854);
#17=STYLED_ITEM('',(#1882),#18);
#18=MANIFOLD_SOLID_BREP('Top',#1003);
#19=ELLIPSE('',#1084,8.99353433533524,8.62500031001699);
#20=ELLIPSE('',#1091,8.99353433532796,8.62500031001001);
#21=CONICAL_SURFACE('',#1026,11.625000310017,0.785398163397454);
#22=CONICAL_SURFACE('',#1030,11.625000310017,0.785398163397448);
#23=CONICAL_SURFACE('',#1034,11.62500031001,0.785398163397451);
#24=CONICAL_SURFACE('',#1038,11.625000310017,0.785398163397442);
#25=CONICAL_SURFACE('',#1059,99.5,0.78539816339741);
#26=CONICAL_SURFACE('',#1062,11.625000310017,0.78539816339744);
#27=CONICAL_SURFACE('',#1065,11.625000310017,0.785398163397448);
#28=CONICAL_SURFACE('',#1068,99.5,0.785398163401652);
#29=CYLINDRICAL_SURFACE('',#1021,3.00000000000001);
#30=CYLINDRICAL_SURFACE('',#1024,3.00000000000001);
#31=CYLINDRICAL_SURFACE('',#1044,12.125000310017);
#32=CYLINDRICAL_SURFACE('',#1047,12.125000310017);
#33=CYLINDRICAL_SURFACE('',#1052,12.125000310017);
#34=CYLINDRICAL_SURFACE('',#1053,12.12500031001);
#35=CYLINDRICAL_SURFACE('',#1071,9.625000310017);
#36=CYLINDRICAL_SURFACE('',#1074,9.62500031001703);
#37=CYLINDRICAL_SURFACE('',#1083,8.62500031001698);
#38=CYLINDRICAL_SURFACE('',#1087,8.62500031001704);
#39=CYLINDRICAL_SURFACE('',#1089,100.);
#40=CYLINDRICAL_SURFACE('',#1094,100.);
#41=CYLINDRICAL_SURFACE('',#1098,8.62500031001);
#42=CYLINDRICAL_SURFACE('',#1099,8.625000310017);
#43=FACE_BOUND('',#165,.T.);
#44=FACE_BOUND('',#182,.T.);
#45=FACE_BOUND('',#185,.T.);
#46=FACE_BOUND('',#190,.T.);
#47=FACE_BOUND('',#208,.T.);
#48=FACE_BOUND('',#212,.T.);
#49=CIRCLE('',#1019,3.00000000000001);
#50=CIRCLE('',#1022,3.00000000000001);
#51=CIRCLE('',#1023,3.00000000000001);
#52=CIRCLE('',#1025,3.00000000000001);
#53=CIRCLE('',#1027,11.125000310017);
#54=CIRCLE('',#1028,12.125000310017);
#55=CIRCLE('',#1031,11.125000310017);
#56=CIRCLE('',#1032,12.125000310017);
#57=CIRCLE('',#1035,11.12500031001);
#58=CIRCLE('',#1036,12.12500031001);
#59=CIRCLE('',#1039,11.125000310017);
#60=CIRCLE('',#1040,12.125000310017);
#61=CIRCLE('',#1043,99.);
#62=CIRCLE('',#1045,12.125000310017);
#63=CIRCLE('',#1048,12.125000310017);
#64=CIRCLE('',#1050,9.625000310017);
#65=CIRCLE('',#1051,9.62500031001703);
#66=CIRCLE('',#1055,99.);
#67=CIRCLE('',#1060,100.);
#68=CIRCLE('',#1063,11.125000310017);
#69=CIRCLE('',#1066,11.125000310017);
#70=CIRCLE('',#1069,100.);
#71=CIRCLE('',#1072,9.625000310017);
#72=CIRCLE('',#1075,9.62500031001703);
#73=CIRCLE('',#1078,8.62500031001704);
#74=CIRCLE('',#1079,8.62500031001698);
#75=CIRCLE('',#1080,8.62500031001);
#76=CIRCLE('',#1081,8.625000310017);
#77=CIRCLE('',#1086,100.);
#78=CIRCLE('',#1088,8.62500031001704);
#79=CIRCLE('',#1093,8.625000310017);
#80=CIRCLE('',#1095,100.);
#81=PLANE('',#1018);
#82=PLANE('',#1020);
#83=PLANE('',#1029);
#84=PLANE('',#1033);
#85=PLANE('',#1037);
#86=PLANE('',#1041);
#87=PLANE('',#1042);
#88=PLANE('',#1046);
#89=PLANE('',#1049);
#90=PLANE('',#1054);
#91=PLANE('',#1056);
#92=PLANE('',#1057);
#93=PLANE('',#1058);
#94=PLANE('',#1061);
#95=PLANE('',#1064);
#96=PLANE('',#1067);
#97=PLANE('',#1070);
#98=PLANE('',#1073);
#99=PLANE('',#1076);
#100=PLANE('',#1077);
#101=PLANE('',#1082);
#102=PLANE('',#1085);
#103=PLANE('',#1090);
#104=PLANE('',#1092);
#105=PLANE('',#1096);
#106=PLANE('',#1097);
#107=FACE_OUTER_BOUND('',#163,.T.);
#108=FACE_OUTER_BOUND('',#164,.T.);
#109=FACE_OUTER_BOUND('',#166,.T.);
#110=FACE_OUTER_BOUND('',#167,.T.);
#111=FACE_OUTER_BOUND('',#168,.T.);
#112=FACE_OUTER_BOUND('',#169,.T.);
#113=FACE_OUTER_BOUND('',#170,.T.);
#114=FACE_OUTER_BOUND('',#171,.T.);
#115=FACE_OUTER_BOUND('',#172,.T.);
#116=FACE_OUTER_BOUND('',#173,.T.);
#117=FACE_OUTER_BOUND('',#174,.T.);
#118=FACE_OUTER_BOUND('',#175,.T.);
#119=FACE_OUTER_BOUND('',#176,.T.);
#120=FACE_OUTER_BOUND('',#177,.T.);
#121=FACE_OUTER_BOUND('',#178,.T.);
#122=FACE_OUTER_BOUND('',#179,.T.);
#123=FACE_OUTER_BOUND('',#180,.T.);
#124=FACE_OUTER_BOUND('',#181,.T.);
#125=FACE_OUTER_BOUND('',#183,.T.);
#126=FACE_OUTER_BOUND('',#184,.T.);
#127=FACE_OUTER_BOUND('',#186,.T.);
#128=FACE_OUTER_BOUND('',#187,.T.);
#129=FACE_OUTER_BOUND('',#188,.T.);
#130=FACE_OUTER_BOUND('',#189,.T.);
#131=FACE_OUTER_BOUND('',#191,.T.);
#132=FACE_OUTER_BOUND('',#192,.T.);
#133=FACE_OUTER_BOUND('',#193,.T.);
#134=FACE_OUTER_BOUND('',#194,.T.);
#135=FACE_OUTER_BOUND('',#195,.T.);
#136=FACE_OUTER_BOUND('',#196,.T.);
#137=FACE_OUTER_BOUND('',#197,.T.);
#138=FACE_OUTER_BOUND('',#198,.T.);
#139=FACE_OUTER_BOUND('',#199,.T.);
#140=FACE_OUTER_BOUND('',#200,.T.);
#141=FACE_OUTER_BOUND('',#201,.T.);
#142=FACE_OUTER_BOUND('',#202,.T.);
#143=FACE_OUTER_BOUND('',#203,.T.);
#144=FACE_OUTER_BOUND('',#204,.T.);
#145=FACE_OUTER_BOUND('',#205,.T.);
#146=FACE_OUTER_BOUND('',#206,.T.);
#147=FACE_OUTER_BOUND('',#207,.T.);
#148=FACE_OUTER_BOUND('',#209,.T.);
#149=FACE_OUTER_BOUND('',#210,.T.);
#150=FACE_OUTER_BOUND('',#211,.T.);
#151=FACE_OUTER_BOUND('',#213,.T.);
#152=FACE_OUTER_BOUND('',#214,.T.);
#153=FACE_OUTER_BOUND('',#215,.T.);
#154=FACE_OUTER_BOUND('',#216,.T.);
#155=FACE_OUTER_BOUND('',#217,.T.);
#156=FACE_OUTER_BOUND('',#218,.T.);
#157=FACE_OUTER_BOUND('',#219,.T.);
#158=FACE_OUTER_BOUND('',#220,.T.);
#159=FACE_OUTER_BOUND('',#221,.T.);
#160=FACE_OUTER_BOUND('',#222,.T.);
#161=FACE_OUTER_BOUND('',#223,.T.);
#162=FACE_OUTER_BOUND('',#224,.T.);
#163=EDGE_LOOP('',(#655,#656,#657,#658));
#164=EDGE_LOOP('',(#659,#660,#661,#662));
#165=EDGE_LOOP('',(#663));
#166=EDGE_LOOP('',(#664,#665,#666,#667));
#167=EDGE_LOOP('',(#668,#669,#670,#671));
#168=EDGE_LOOP('',(#672,#673,#674,#675));
#169=EDGE_LOOP('',(#676,#677,#678,#679));
#170=EDGE_LOOP('',(#680,#681,#682,#683));
#171=EDGE_LOOP('',(#684,#685,#686,#687));
#172=EDGE_LOOP('',(#688,#689,#690,#691));
#173=EDGE_LOOP('',(#692,#693,#694,#695));
#174=EDGE_LOOP('',(#696,#697,#698,#699));
#175=EDGE_LOOP('',(#700,#701,#702,#703));
#176=EDGE_LOOP('',(#704,#705,#706,#707));
#177=EDGE_LOOP('',(#708,#709,#710,#711));
#178=EDGE_LOOP('',(#712,#713,#714,#715));
#179=EDGE_LOOP('',(#716,#717,#718,#719,#720,#721,#722));
#180=EDGE_LOOP('',(#723,#724,#725,#726));
#181=EDGE_LOOP('',(#727,#728,#729,#730));
#182=EDGE_LOOP('',(#731));
#183=EDGE_LOOP('',(#732,#733,#734,#735));
#184=EDGE_LOOP('',(#736,#737,#738,#739,#740,#741,#742,#743));
#185=EDGE_LOOP('',(#744,#745,#746,#747,#748,#749,#750,#751,#752,#753));
#186=EDGE_LOOP('',(#754,#755,#756,#757));
#187=EDGE_LOOP('',(#758,#759,#760,#761));
#188=EDGE_LOOP('',(#762,#763,#764,#765,#766,#767,#768));
#189=EDGE_LOOP('',(#769,#770,#771,#772));
#190=EDGE_LOOP('',(#773));
#191=EDGE_LOOP('',(#774,#775,#776,#777));
#192=EDGE_LOOP('',(#778,#779,#780,#781));
#193=EDGE_LOOP('',(#782,#783,#784,#785));
#194=EDGE_LOOP('',(#786,#787,#788,#789));
#195=EDGE_LOOP('',(#790,#791,#792,#793));
#196=EDGE_LOOP('',(#794,#795,#796,#797));
#197=EDGE_LOOP('',(#798,#799,#800,#801));
#198=EDGE_LOOP('',(#802,#803,#804,#805));
#199=EDGE_LOOP('',(#806,#807,#808,#809));
#200=EDGE_LOOP('',(#810,#811,#812,#813));
#201=EDGE_LOOP('',(#814,#815,#816,#817));
#202=EDGE_LOOP('',(#818,#819,#820,#821));
#203=EDGE_LOOP('',(#822,#823,#824,#825));
#204=EDGE_LOOP('',(#826,#827,#828,#829));
#205=EDGE_LOOP('',(#830,#831,#832,#833));
#206=EDGE_LOOP('',(#834,#835,#836,#837));
#207=EDGE_LOOP('',(#838,#839,#840,#841));
#208=EDGE_LOOP('',(#842));
#209=EDGE_LOOP('',(#843,#844,#845,#846));
#210=EDGE_LOOP('',(#847,#848,#849,#850));
#211=EDGE_LOOP('',(#851,#852,#853,#854,#855,#856,#857,#858,#859,#860));
#212=EDGE_LOOP('',(#861,#862,#863,#864,#865,#866,#867,#868));
#213=EDGE_LOOP('',(#869,#870,#871,#872));
#214=EDGE_LOOP('',(#873,#874,#875,#876));
#215=EDGE_LOOP('',(#877,#878,#879,#880,#881,#882));
#216=EDGE_LOOP('',(#883,#884,#885,#886));
#217=EDGE_LOOP('',(#887,#888,#889,#890));
#218=EDGE_LOOP('',(#891,#892,#893,#894,#895,#896,#897,#898,#899,#900,#901,
#902,#903,#904));
#219=EDGE_LOOP('',(#905,#906,#907,#908,#909,#910,#911,#912,#913,#914,#915,
#916));
#220=EDGE_LOOP('',(#917,#918,#919,#920));
#221=EDGE_LOOP('',(#921,#922,#923,#924,#925,#926));
#222=EDGE_LOOP('',(#927,#928,#929,#930));
#223=EDGE_LOOP('',(#931,#932,#933,#934));
#224=EDGE_LOOP('',(#935,#936,#937,#938));
#225=LINE('',#1389,#317);
#226=LINE('',#1398,#318);
#227=LINE('',#1401,#319);
#228=LINE('',#1403,#320);
#229=LINE('',#1404,#321);
#230=LINE('',#1430,#322);
#231=LINE('',#1454,#323);
#232=LINE('',#1463,#324);
#233=LINE('',#1465,#325);
#234=LINE('',#1466,#326);
#235=LINE('',#1471,#327);
#236=LINE('',#1476,#328);
#237=LINE('',#1480,#329);
#238=LINE('',#1484,#330);
#239=LINE('',#1489,#331);
#240=LINE('',#1490,#332);
#241=LINE('',#1491,#333);
#242=LINE('',#1495,#334);
#243=LINE('',#1501,#335);
#244=LINE('',#1502,#336);
#245=LINE('',#1503,#337);
#246=LINE('',#1507,#338);
#247=LINE('',#1513,#339);
#248=LINE('',#1514,#340);
#249=LINE('',#1515,#341);
#250=LINE('',#1519,#342);
#251=LINE('',#1523,#343);
#252=LINE('',#1524,#344);
#253=LINE('',#1527,#345);
#254=LINE('',#1529,#346);
#255=LINE('',#1533,#347);
#256=LINE('',#1539,#348);
#257=LINE('',#1542,#349);
#258=LINE('',#1546,#350);
#259=LINE('',#1547,#351);
#260=LINE('',#1550,#352);
#261=LINE('',#1556,#353);
#262=LINE('',#1560,#354);
#263=LINE('',#1569,#355);
#264=LINE('',#1578,#356);
#265=LINE('',#1587,#357);
#266=LINE('',#1595,#358);
#267=LINE('',#1598,#359);
#268=LINE('',#1600,#360);
#269=LINE('',#1616,#361);
#270=LINE('',#1642,#362);
#271=LINE('',#1650,#363);
#272=LINE('',#1653,#364);
#273=LINE('',#1654,#365);
#274=LINE('',#1684,#366);
#275=LINE('',#1694,#367);
#276=LINE('',#1696,#368);
#277=LINE('',#1697,#369);
#278=LINE('',#1701,#370);
#279=LINE('',#1704,#371);
#280=LINE('',#1705,#372);
#281=LINE('',#1709,#373);
#282=LINE('',#1712,#374);
#283=LINE('',#1713,#375);
#284=LINE('',#1717,#376);
#285=LINE('',#1720,#377);
#286=LINE('',#1721,#378);
#287=LINE('',#1725,#379);
#288=LINE('',#1728,#380);
#289=LINE('',#1729,#381);
#290=LINE('',#1773,#382);
#291=LINE('',#1776,#383);
#292=LINE('',#1777,#384);
#293=LINE('',#1781,#385);
#294=LINE('',#1783,#386);
#295=LINE('',#1787,#387);
#296=LINE('',#1791,#388);
#297=LINE('',#1795,#389);
#298=LINE('',#1799,#390);
#299=LINE('',#1803,#391);
#300=LINE('',#1805,#392);
#301=LINE('',#1806,#393);
#302=LINE('',#1809,#394);
#303=LINE('',#1813,#395);
#304=LINE('',#1815,#396);
#305=LINE('',#1818,#397);
#306=LINE('',#1821,#398);
#307=LINE('',#1824,#399);
#308=LINE('',#1825,#400);
#309=LINE('',#1828,#401);
#310=LINE('',#1830,#402);
#311=LINE('',#1834,#403);
#312=LINE('',#1838,#404);
#313=LINE('',#1839,#405);
#314=LINE('',#1843,#406);
#315=LINE('',#1844,#407);
#316=LINE('',#1846,#408);
#317=VECTOR('',#1105,10.);
#318=VECTOR('',#1106,10.);
#319=VECTOR('',#1109,10.);
#320=VECTOR('',#1110,10.);
#321=VECTOR('',#1111,10.);
#322=VECTOR('',#1114,10.);
#323=VECTOR('',#1115,10.);
#324=VECTOR('',#1118,10.);
#325=VECTOR('',#1119,10.);
#326=VECTOR('',#1120,10.);
#327=VECTOR('',#1125,3.00000000000001);
#328=VECTOR('',#1132,3.00000000000001);
#329=VECTOR('',#1135,10.);
#330=VECTOR('',#1138,10.);
#331=VECTOR('',#1143,10.);
#332=VECTOR('',#1144,10.);
#333=VECTOR('',#1145,10.);
#334=VECTOR('',#1148,10.);
#335=VECTOR('',#1155,10.);
#336=VECTOR('',#1156,10.);
#337=VECTOR('',#1157,10.);
#338=VECTOR('',#1160,10.);
#339=VECTOR('',#1167,10.);
#340=VECTOR('',#1168,10.);
#341=VECTOR('',#1169,10.);
#342=VECTOR('',#1172,10.);
#343=VECTOR('',#1179,10.);
#344=VECTOR('',#1180,10.);
#345=VECTOR('',#1183,10.);
#346=VECTOR('',#1184,10.);
#347=VECTOR('',#1187,10.);
#348=VECTOR('',#1188,10.);
#349=VECTOR('',#1191,10.);
#350=VECTOR('',#1196,10.);
#351=VECTOR('',#1197,10.);
#352=VECTOR('',#1200,10.);
#353=VECTOR('',#1207,10.);
#354=VECTOR('',#1210,10.);
#355=VECTOR('',#1213,10.);
#356=VECTOR('',#1214,14.625000310017);
#357=VECTOR('',#1217,14.62500031001);
#358=VECTOR('',#1220,10.);
#359=VECTOR('',#1223,10.);
#360=VECTOR('',#1226,10.);
#361=VECTOR('',#1227,10.);
#362=VECTOR('',#1228,10.);
#363=VECTOR('',#1229,10.);
#364=VECTOR('',#1232,10.);
#365=VECTOR('',#1233,10.);
#366=VECTOR('',#1234,10.);
#367=VECTOR('',#1237,10.);
#368=VECTOR('',#1238,10.);
#369=VECTOR('',#1239,10.);
#370=VECTOR('',#1244,10.);
#371=VECTOR('',#1247,10.);
#372=VECTOR('',#1248,10.);
#373=VECTOR('',#1253,10.);
#374=VECTOR('',#1256,10.);
#375=VECTOR('',#1257,10.);
#376=VECTOR('',#1262,10.);
#377=VECTOR('',#1265,10.);
#378=VECTOR('',#1266,10.);
#379=VECTOR('',#1271,10.);
#380=VECTOR('',#1274,10.);
#381=VECTOR('',#1275,10.);
#382=VECTOR('',#1280,10.);
#383=VECTOR('',#1283,10.);
#384=VECTOR('',#1284,10.);
#385=VECTOR('',#1289,10.);
#386=VECTOR('',#1292,10.);
#387=VECTOR('',#1295,10.);
#388=VECTOR('',#1298,10.);
#389=VECTOR('',#1301,10.);
#390=VECTOR('',#1304,10.);
#391=VECTOR('',#1309,10.);
#392=VECTOR('',#1310,10.);
#393=VECTOR('',#1311,10.);
#394=VECTOR('',#1314,10.);
#395=VECTOR('',#1319,10.);
#396=VECTOR('',#1320,10.);
#397=VECTOR('',#1323,10.);
#398=VECTOR('',#1326,10.);
#399=VECTOR('',#1331,10.);
#400=VECTOR('',#1332,10.);
#401=VECTOR('',#1335,10.);
#402=VECTOR('',#1336,10.);
#403=VECTOR('',#1341,10.);
#404=VECTOR('',#1344,10.);
#405=VECTOR('',#1345,10.);
#406=VECTOR('',#1352,10.);
#407=VECTOR('',#1353,10.);
#408=VECTOR('',#1356,10.);
#409=B_SPLINE_CURVE_WITH_KNOTS('',3,(#1381,#1382,#1383,#1384,#1385,#1386,
#1387),.UNSPECIFIED.,.F.,.F.,(4,3,4),(-1.49694219207679,-0.748471096038396,
0.),.UNSPECIFIED.);
#410=B_SPLINE_CURVE_WITH_KNOTS('',3,(#1391,#1392,#1393,#1394,#1395,#1396,
#1397),.UNSPECIFIED.,.F.,.F.,(4,3,4),(-1.49694219207679,-0.748471096038396,
0.),.UNSPECIFIED.);
#411=B_SPLINE_CURVE_WITH_KNOTS('',3,(#1422,#1423,#1424,#1425,#1426,#1427,
#1428),.UNSPECIFIED.,.F.,.F.,(4,3,4),(-1.49720460650446,-0.748602303252229,
0.),.UNSPECIFIED.);
#412=B_SPLINE_CURVE_WITH_KNOTS('',3,(#1431,#1432,#1433,#1434,#1435,#1436,
#1437),.UNSPECIFIED.,.F.,.F.,(4,3,4),(-1.49720460650446,-0.748602303252229,
0.),.UNSPECIFIED.);
#413=B_SPLINE_CURVE_WITH_KNOTS('',3,(#1447,#1448,#1449,#1450,#1451,#1452),
 .UNSPECIFIED.,.F.,.F.,(4,2,4),(-0.0226750496892798,-0.0113375424975678,
-3.1277201273384E-8),.UNSPECIFIED.);
#414=B_SPLINE_CURVE_WITH_KNOTS('',3,(#1455,#1456,#1457,#1458,#1459,#1460),
 .UNSPECIFIED.,.F.,.F.,(4,2,4),(-0.0226750496892798,-0.0113375424975678,
0.),.UNSPECIFIED.);
#415=B_SPLINE_CURVE_WITH_KNOTS('',3,(#1535,#1536,#1537,#1538),
 .UNSPECIFIED.,.F.,.F.,(4,4),(1.54743273168505,1.57079634615089),
 .UNSPECIFIED.);
#416=B_SPLINE_CURVE_WITH_KNOTS('',3,(#1561,#1562,#1563,#1564,#1565,#1566),
 .UNSPECIFIED.,.F.,.F.,(4,2,4),(-0.0226750200173213,-0.0113374923552459,
0.),.UNSPECIFIED.);
#417=B_SPLINE_CURVE_WITH_KNOTS('',3,(#1571,#1572,#1573,#1574,#1575,#1576,
#1577),.UNSPECIFIED.,.F.,.F.,(4,1,1,1,4),(-1.54743267478351,-1.10530905450337,
-0.66318543422323,-0.331592719013125,-3.80301991287357E-9),
 .UNSPECIFIED.);
#418=B_SPLINE_CURVE_WITH_KNOTS('',3,(#1581,#1582,#1583,#1584,#1585,#1586),
 .UNSPECIFIED.,.F.,.F.,(4,1,1,4),(5.94806987516672E-8,0.442123680110515,
0.884247300740331,1.54743273168505),.UNSPECIFIED.);
#419=B_SPLINE_CURVE_WITH_KNOTS('',3,(#1590,#1591,#1592,#1593),
 .UNSPECIFIED.,.F.,.F.,(4,4),(-1.57079626804098,-1.54743267478351),
 .UNSPECIFIED.);
#420=B_SPLINE_CURVE_WITH_KNOTS('',3,(#1610,#1611,#1612,#1613,#1614,#1615),
 .UNSPECIFIED.,.F.,.F.,(4,2,4),(-0.022675020017321,-0.0113374923552459,
0.),.UNSPECIFIED.);
#421=B_SPLINE_CURVE_WITH_KNOTS('',3,(#1644,#1645,#1646,#1647,#1648,#1649),
 .UNSPECIFIED.,.F.,.F.,(4,1,1,4),(-1.54743273168505,-0.884247300740331,
-0.442123680110515,-5.94806987516672E-8),.UNSPECIFIED.);
#422=B_SPLINE_CURVE_WITH_KNOTS('',3,(#1685,#1686,#1687,#1688,#1689,#1690,
#1691),.UNSPECIFIED.,.F.,.F.,(4,1,1,1,4),(9.42973669017876E-9,0.331592719013125,
0.66318543422323,1.10530905450337,1.54743267478351),.UNSPECIFIED.);
#423=B_SPLINE_CURVE_WITH_KNOTS('',3,(#1746,#1747,#1748,#1749),
 .UNSPECIFIED.,.F.,.F.,(4,4),(1.54743267478351,1.5707962649584),
 .UNSPECIFIED.);
#424=B_SPLINE_CURVE_WITH_KNOTS('',3,(#1766,#1767,#1768,#1769),
 .UNSPECIFIED.,.F.,.F.,(4,4),(-1.57079634615089,-1.54743273168505),
 .UNSPECIFIED.);
#425=VERTEX_POINT('',#1379);
#426=VERTEX_POINT('',#1380);
#427=VERTEX_POINT('',#1388);
#428=VERTEX_POINT('',#1390);
#429=VERTEX_POINT('',#1400);
#430=VERTEX_POINT('',#1402);
#431=VERTEX_POINT('',#1405);
#432=VERTEX_POINT('',#1421);
#433=VERTEX_POINT('',#1429);
#434=VERTEX_POINT('',#1446);
#435=VERTEX_POINT('',#1453);
#436=VERTEX_POINT('',#1462);
#437=VERTEX_POINT('',#1464);
#438=VERTEX_POINT('',#1468);
#439=VERTEX_POINT('',#1470);
#440=VERTEX_POINT('',#1474);
#441=VERTEX_POINT('',#1478);
#442=VERTEX_POINT('',#1479);
#443=VERTEX_POINT('',#1481);
#444=VERTEX_POINT('',#1483);
#445=VERTEX_POINT('',#1487);
#446=VERTEX_POINT('',#1488);
#447=VERTEX_POINT('',#1493);
#448=VERTEX_POINT('',#1494);
#449=VERTEX_POINT('',#1499);
#450=VERTEX_POINT('',#1500);
#451=VERTEX_POINT('',#1505);
#452=VERTEX_POINT('',#1506);
#453=VERTEX_POINT('',#1511);
#454=VERTEX_POINT('',#1512);
#455=VERTEX_POINT('',#1517);
#456=VERTEX_POINT('',#1518);
#457=VERTEX_POINT('',#1526);
#458=VERTEX_POINT('',#1528);
#459=VERTEX_POINT('',#1530);
#460=VERTEX_POINT('',#1532);
#461=VERTEX_POINT('',#1534);
#462=VERTEX_POINT('',#1541);
#463=VERTEX_POINT('',#1545);
#464=VERTEX_POINT('',#1549);
#465=VERTEX_POINT('',#1553);
#466=VERTEX_POINT('',#1555);
#467=VERTEX_POINT('',#1557);
#468=VERTEX_POINT('',#1559);
#469=VERTEX_POINT('',#1568);
#470=VERTEX_POINT('',#1570);
#471=VERTEX_POINT('',#1580);
#472=VERTEX_POINT('',#1589);
#473=VERTEX_POINT('',#1594);
#474=VERTEX_POINT('',#1596);
#475=VERTEX_POINT('',#1609);
#476=VERTEX_POINT('',#1641);
#477=VERTEX_POINT('',#1643);
#478=VERTEX_POINT('',#1652);
#479=VERTEX_POINT('',#1683);
#480=VERTEX_POINT('',#1693);
#481=VERTEX_POINT('',#1695);
#482=VERTEX_POINT('',#1699);
#483=VERTEX_POINT('',#1703);
#484=VERTEX_POINT('',#1707);
#485=VERTEX_POINT('',#1711);
#486=VERTEX_POINT('',#1715);
#487=VERTEX_POINT('',#1719);
#488=VERTEX_POINT('',#1723);
#489=VERTEX_POINT('',#1727);
#490=VERTEX_POINT('',#1771);
#491=VERTEX_POINT('',#1775);
#492=VERTEX_POINT('',#1779);
#493=VERTEX_POINT('',#1785);
#494=VERTEX_POINT('',#1786);
#495=VERTEX_POINT('',#1788);
#496=VERTEX_POINT('',#1790);
#497=VERTEX_POINT('',#1792);
#498=VERTEX_POINT('',#1794);
#499=VERTEX_POINT('',#1796);
#500=VERTEX_POINT('',#1798);
#501=VERTEX_POINT('',#1802);
#502=VERTEX_POINT('',#1804);
#503=VERTEX_POINT('',#1808);
#504=VERTEX_POINT('',#1812);
#505=VERTEX_POINT('',#1814);
#506=VERTEX_POINT('',#1816);
#507=VERTEX_POINT('',#1820);
#508=VERTEX_POINT('',#1827);
#509=VERTEX_POINT('',#1829);
#510=VERTEX_POINT('',#1833);
#511=VERTEX_POINT('',#1835);
#512=VERTEX_POINT('',#1837);
#513=EDGE_CURVE('',#425,#426,#409,.T.);
#514=EDGE_CURVE('',#426,#427,#225,.T.);
#515=EDGE_CURVE('',#427,#428,#410,.F.);
#516=EDGE_CURVE('',#425,#428,#226,.T.);
#517=EDGE_CURVE('',#426,#429,#227,.T.);
#518=EDGE_CURVE('',#429,#430,#228,.T.);
#519=EDGE_CURVE('',#430,#427,#229,.F.);
#520=EDGE_CURVE('',#431,#431,#49,.T.);
#521=EDGE_CURVE('',#429,#432,#411,.T.);
#522=EDGE_CURVE('',#432,#433,#230,.T.);
#523=EDGE_CURVE('',#433,#430,#412,.F.);
#524=EDGE_CURVE('',#432,#434,#413,.T.);
#525=EDGE_CURVE('',#434,#435,#231,.T.);
#526=EDGE_CURVE('',#435,#433,#414,.F.);
#527=EDGE_CURVE('',#434,#436,#232,.T.);
#528=EDGE_CURVE('',#436,#437,#233,.T.);
#529=EDGE_CURVE('',#437,#435,#234,.F.);
#530=EDGE_CURVE('',#438,#438,#50,.T.);
#531=EDGE_CURVE('',#438,#439,#235,.T.);
#532=EDGE_CURVE('',#439,#439,#51,.T.);
#533=EDGE_CURVE('',#440,#440,#52,.T.);
#534=EDGE_CURVE('',#440,#431,#236,.T.);
#535=EDGE_CURVE('',#441,#442,#237,.T.);
#536=EDGE_CURVE('',#442,#443,#53,.T.);
#537=EDGE_CURVE('',#443,#444,#238,.T.);
#538=EDGE_CURVE('',#444,#441,#54,.T.);
#539=EDGE_CURVE('',#445,#446,#239,.T.);
#540=EDGE_CURVE('',#446,#442,#240,.T.);
#541=EDGE_CURVE('',#441,#445,#241,.T.);
#542=EDGE_CURVE('',#447,#448,#242,.T.);
#543=EDGE_CURVE('',#448,#446,#55,.T.);
#544=EDGE_CURVE('',#445,#447,#56,.T.);
#545=EDGE_CURVE('',#449,#450,#243,.T.);
#546=EDGE_CURVE('',#450,#448,#244,.T.);
#547=EDGE_CURVE('',#447,#449,#245,.T.);
#548=EDGE_CURVE('',#451,#452,#246,.T.);
#549=EDGE_CURVE('',#452,#450,#57,.T.);
#550=EDGE_CURVE('',#449,#451,#58,.T.);
#551=EDGE_CURVE('',#453,#454,#247,.T.);
#552=EDGE_CURVE('',#454,#452,#248,.T.);
#553=EDGE_CURVE('',#451,#453,#249,.T.);
#554=EDGE_CURVE('',#455,#456,#250,.T.);
#555=EDGE_CURVE('',#456,#454,#59,.T.);
#556=EDGE_CURVE('',#453,#455,#60,.T.);
#557=EDGE_CURVE('',#443,#456,#251,.T.);
#558=EDGE_CURVE('',#455,#444,#252,.T.);
#559=EDGE_CURVE('',#457,#447,#253,.T.);
#560=EDGE_CURVE('',#458,#457,#254,.T.);
#561=EDGE_CURVE('',#459,#458,#61,.T.);
#562=EDGE_CURVE('',#460,#459,#255,.T.);
#563=EDGE_CURVE('',#461,#460,#415,.T.);
#564=EDGE_CURVE('',#461,#449,#256,.T.);
#565=EDGE_CURVE('',#462,#445,#257,.T.);
#566=EDGE_CURVE('',#457,#462,#62,.T.);
#567=EDGE_CURVE('',#463,#441,#258,.T.);
#568=EDGE_CURVE('',#462,#463,#259,.T.);
#569=EDGE_CURVE('',#444,#464,#260,.T.);
#570=EDGE_CURVE('',#463,#464,#63,.T.);
#571=EDGE_CURVE('',#465,#437,#64,.F.);
#572=EDGE_CURVE('',#466,#465,#261,.F.);
#573=EDGE_CURVE('',#467,#466,#65,.F.);
#574=EDGE_CURVE('',#468,#467,#262,.F.);
#575=EDGE_CURVE('',#428,#468,#416,.F.);
#576=EDGE_CURVE('',#469,#453,#263,.T.);
#577=EDGE_CURVE('',#470,#469,#417,.T.);
#578=EDGE_CURVE('',#470,#455,#264,.T.);
#579=EDGE_CURVE('',#471,#461,#418,.T.);
#580=EDGE_CURVE('',#471,#451,#265,.T.);
#581=EDGE_CURVE('',#472,#470,#419,.T.);
#582=EDGE_CURVE('',#473,#472,#266,.T.);
#583=EDGE_CURVE('',#474,#473,#66,.T.);
#584=EDGE_CURVE('',#464,#474,#267,.T.);
#585=EDGE_CURVE('',#469,#471,#268,.T.);
#586=EDGE_CURVE('',#475,#425,#420,.T.);
#587=EDGE_CURVE('',#475,#468,#269,.T.);
#588=EDGE_CURVE('',#461,#476,#270,.T.);
#589=EDGE_CURVE('',#476,#477,#421,.T.);
#590=EDGE_CURVE('',#477,#471,#271,.T.);
#591=EDGE_CURVE('',#478,#469,#272,.T.);
#592=EDGE_CURVE('',#477,#478,#273,.T.);
#593=EDGE_CURVE('',#479,#470,#274,.T.);
#594=EDGE_CURVE('',#478,#479,#422,.T.);
#595=EDGE_CURVE('',#480,#473,#275,.T.);
#596=EDGE_CURVE('',#472,#481,#276,.T.);
#597=EDGE_CURVE('',#481,#480,#277,.T.);
#598=EDGE_CURVE('',#480,#482,#67,.T.);
#599=EDGE_CURVE('',#482,#474,#278,.T.);
#600=EDGE_CURVE('',#482,#483,#279,.T.);
#601=EDGE_CURVE('',#483,#464,#280,.T.);
#602=EDGE_CURVE('',#483,#484,#68,.T.);
#603=EDGE_CURVE('',#484,#463,#281,.T.);
#604=EDGE_CURVE('',#484,#485,#282,.T.);
#605=EDGE_CURVE('',#485,#462,#283,.T.);
#606=EDGE_CURVE('',#485,#486,#69,.T.);
#607=EDGE_CURVE('',#486,#457,#284,.T.);
#608=EDGE_CURVE('',#486,#487,#285,.T.);
#609=EDGE_CURVE('',#487,#458,#286,.T.);
#610=EDGE_CURVE('',#487,#488,#70,.T.);
#611=EDGE_CURVE('',#488,#459,#287,.T.);
#612=EDGE_CURVE('',#489,#460,#288,.T.);
#613=EDGE_CURVE('',#488,#489,#289,.T.);
#614=EDGE_CURVE('',#479,#481,#423,.T.);
#615=EDGE_CURVE('',#489,#476,#424,.T.);
#616=EDGE_CURVE('',#436,#490,#71,.T.);
#617=EDGE_CURVE('',#490,#465,#290,.T.);
#618=EDGE_CURVE('',#490,#491,#291,.T.);
#619=EDGE_CURVE('',#491,#466,#292,.T.);
#620=EDGE_CURVE('',#491,#492,#72,.T.);
#621=EDGE_CURVE('',#492,#467,#293,.T.);
#622=EDGE_CURVE('',#492,#475,#294,.T.);
#623=EDGE_CURVE('',#493,#494,#295,.T.);
#624=EDGE_CURVE('',#495,#493,#73,.T.);
#625=EDGE_CURVE('',#496,#495,#296,.T.);
#626=EDGE_CURVE('',#497,#496,#74,.T.);
#627=EDGE_CURVE('',#498,#497,#297,.T.);
#628=EDGE_CURVE('',#499,#498,#75,.T.);
#629=EDGE_CURVE('',#500,#499,#298,.T.);
#630=EDGE_CURVE('',#494,#500,#76,.T.);
#631=EDGE_CURVE('',#497,#501,#299,.T.);
#632=EDGE_CURVE('',#501,#502,#300,.T.);
#633=EDGE_CURVE('',#498,#502,#301,.T.);
#634=EDGE_CURVE('',#496,#503,#302,.T.);
#635=EDGE_CURVE('',#503,#501,#19,.T.);
#636=EDGE_CURVE('',#495,#504,#303,.T.);
#637=EDGE_CURVE('',#505,#504,#304,.T.);
#638=EDGE_CURVE('',#506,#505,#77,.T.);
#639=EDGE_CURVE('',#506,#503,#305,.T.);
#640=EDGE_CURVE('',#493,#507,#306,.T.);
#641=EDGE_CURVE('',#504,#507,#78,.T.);
#642=EDGE_CURVE('',#480,#506,#307,.T.);
#643=EDGE_CURVE('',#505,#482,#308,.T.);
#644=EDGE_CURVE('',#508,#488,#309,.T.);
#645=EDGE_CURVE('',#509,#508,#310,.T.);
#646=EDGE_CURVE('',#502,#509,#20,.T.);
#647=EDGE_CURVE('',#507,#510,#311,.T.);
#648=EDGE_CURVE('',#510,#511,#79,.T.);
#649=EDGE_CURVE('',#511,#512,#312,.T.);
#650=EDGE_CURVE('',#487,#512,#313,.T.);
#651=EDGE_CURVE('',#512,#508,#80,.T.);
#652=EDGE_CURVE('',#499,#509,#314,.T.);
#653=EDGE_CURVE('',#500,#511,#315,.T.);
#654=EDGE_CURVE('',#494,#510,#316,.T.);
#655=ORIENTED_EDGE('',*,*,#513,.T.);
#656=ORIENTED_EDGE('',*,*,#514,.T.);
#657=ORIENTED_EDGE('',*,*,#515,.T.);
#658=ORIENTED_EDGE('',*,*,#516,.F.);
#659=ORIENTED_EDGE('',*,*,#517,.T.);
#660=ORIENTED_EDGE('',*,*,#518,.T.);
#661=ORIENTED_EDGE('',*,*,#519,.T.);
#662=ORIENTED_EDGE('',*,*,#514,.F.);
#663=ORIENTED_EDGE('',*,*,#520,.T.);
#664=ORIENTED_EDGE('',*,*,#521,.T.);
#665=ORIENTED_EDGE('',*,*,#522,.T.);
#666=ORIENTED_EDGE('',*,*,#523,.T.);
#667=ORIENTED_EDGE('',*,*,#518,.F.);
#668=ORIENTED_EDGE('',*,*,#524,.T.);
#669=ORIENTED_EDGE('',*,*,#525,.T.);
#670=ORIENTED_EDGE('',*,*,#526,.T.);
#671=ORIENTED_EDGE('',*,*,#522,.F.);
#672=ORIENTED_EDGE('',*,*,#527,.T.);
#673=ORIENTED_EDGE('',*,*,#528,.T.);
#674=ORIENTED_EDGE('',*,*,#529,.T.);
#675=ORIENTED_EDGE('',*,*,#525,.F.);
#676=ORIENTED_EDGE('',*,*,#530,.F.);
#677=ORIENTED_EDGE('',*,*,#531,.T.);
#678=ORIENTED_EDGE('',*,*,#532,.F.);
#679=ORIENTED_EDGE('',*,*,#531,.F.);
#680=ORIENTED_EDGE('',*,*,#533,.F.);
#681=ORIENTED_EDGE('',*,*,#534,.T.);
#682=ORIENTED_EDGE('',*,*,#520,.F.);
#683=ORIENTED_EDGE('',*,*,#534,.F.);
#684=ORIENTED_EDGE('',*,*,#535,.T.);
#685=ORIENTED_EDGE('',*,*,#536,.T.);
#686=ORIENTED_EDGE('',*,*,#537,.T.);
#687=ORIENTED_EDGE('',*,*,#538,.T.);
#688=ORIENTED_EDGE('',*,*,#539,.T.);
#689=ORIENTED_EDGE('',*,*,#540,.T.);
#690=ORIENTED_EDGE('',*,*,#535,.F.);
#691=ORIENTED_EDGE('',*,*,#541,.T.);
#692=ORIENTED_EDGE('',*,*,#542,.T.);
#693=ORIENTED_EDGE('',*,*,#543,.T.);
#694=ORIENTED_EDGE('',*,*,#539,.F.);
#695=ORIENTED_EDGE('',*,*,#544,.T.);
#696=ORIENTED_EDGE('',*,*,#545,.T.);
#697=ORIENTED_EDGE('',*,*,#546,.T.);
#698=ORIENTED_EDGE('',*,*,#542,.F.);
#699=ORIENTED_EDGE('',*,*,#547,.T.);
#700=ORIENTED_EDGE('',*,*,#548,.T.);
#701=ORIENTED_EDGE('',*,*,#549,.T.);
#702=ORIENTED_EDGE('',*,*,#545,.F.);
#703=ORIENTED_EDGE('',*,*,#550,.T.);
#704=ORIENTED_EDGE('',*,*,#551,.T.);
#705=ORIENTED_EDGE('',*,*,#552,.T.);
#706=ORIENTED_EDGE('',*,*,#548,.F.);
#707=ORIENTED_EDGE('',*,*,#553,.T.);
#708=ORIENTED_EDGE('',*,*,#554,.T.);
#709=ORIENTED_EDGE('',*,*,#555,.T.);
#710=ORIENTED_EDGE('',*,*,#551,.F.);
#711=ORIENTED_EDGE('',*,*,#556,.T.);
#712=ORIENTED_EDGE('',*,*,#537,.F.);
#713=ORIENTED_EDGE('',*,*,#557,.T.);
#714=ORIENTED_EDGE('',*,*,#554,.F.);
#715=ORIENTED_EDGE('',*,*,#558,.T.);
#716=ORIENTED_EDGE('',*,*,#547,.F.);
#717=ORIENTED_EDGE('',*,*,#559,.F.);
#718=ORIENTED_EDGE('',*,*,#560,.F.);
#719=ORIENTED_EDGE('',*,*,#561,.F.);
#720=ORIENTED_EDGE('',*,*,#562,.F.);
#721=ORIENTED_EDGE('',*,*,#563,.F.);
#722=ORIENTED_EDGE('',*,*,#564,.T.);
#723=ORIENTED_EDGE('',*,*,#544,.F.);
#724=ORIENTED_EDGE('',*,*,#565,.F.);
#725=ORIENTED_EDGE('',*,*,#566,.F.);
#726=ORIENTED_EDGE('',*,*,#559,.T.);
#727=ORIENTED_EDGE('',*,*,#541,.F.);
#728=ORIENTED_EDGE('',*,*,#567,.F.);
#729=ORIENTED_EDGE('',*,*,#568,.F.);
#730=ORIENTED_EDGE('',*,*,#565,.T.);
#731=ORIENTED_EDGE('',*,*,#532,.T.);
#732=ORIENTED_EDGE('',*,*,#538,.F.);
#733=ORIENTED_EDGE('',*,*,#569,.T.);
#734=ORIENTED_EDGE('',*,*,#570,.F.);
#735=ORIENTED_EDGE('',*,*,#567,.T.);
#736=ORIENTED_EDGE('',*,*,#536,.F.);
#737=ORIENTED_EDGE('',*,*,#540,.F.);
#738=ORIENTED_EDGE('',*,*,#543,.F.);
#739=ORIENTED_EDGE('',*,*,#546,.F.);
#740=ORIENTED_EDGE('',*,*,#549,.F.);
#741=ORIENTED_EDGE('',*,*,#552,.F.);
#742=ORIENTED_EDGE('',*,*,#555,.F.);
#743=ORIENTED_EDGE('',*,*,#557,.F.);
#744=ORIENTED_EDGE('',*,*,#526,.F.);
#745=ORIENTED_EDGE('',*,*,#529,.F.);
#746=ORIENTED_EDGE('',*,*,#571,.F.);
#747=ORIENTED_EDGE('',*,*,#572,.F.);
#748=ORIENTED_EDGE('',*,*,#573,.F.);
#749=ORIENTED_EDGE('',*,*,#574,.F.);
#750=ORIENTED_EDGE('',*,*,#575,.F.);
#751=ORIENTED_EDGE('',*,*,#515,.F.);
#752=ORIENTED_EDGE('',*,*,#519,.F.);
#753=ORIENTED_EDGE('',*,*,#523,.F.);
#754=ORIENTED_EDGE('',*,*,#556,.F.);
#755=ORIENTED_EDGE('',*,*,#576,.F.);
#756=ORIENTED_EDGE('',*,*,#577,.F.);
#757=ORIENTED_EDGE('',*,*,#578,.T.);
#758=ORIENTED_EDGE('',*,*,#550,.F.);
#759=ORIENTED_EDGE('',*,*,#564,.F.);
#760=ORIENTED_EDGE('',*,*,#579,.F.);
#761=ORIENTED_EDGE('',*,*,#580,.T.);
#762=ORIENTED_EDGE('',*,*,#558,.F.);
#763=ORIENTED_EDGE('',*,*,#578,.F.);
#764=ORIENTED_EDGE('',*,*,#581,.F.);
#765=ORIENTED_EDGE('',*,*,#582,.F.);
#766=ORIENTED_EDGE('',*,*,#583,.F.);
#767=ORIENTED_EDGE('',*,*,#584,.F.);
#768=ORIENTED_EDGE('',*,*,#569,.F.);
#769=ORIENTED_EDGE('',*,*,#553,.F.);
#770=ORIENTED_EDGE('',*,*,#580,.F.);
#771=ORIENTED_EDGE('',*,*,#585,.F.);
#772=ORIENTED_EDGE('',*,*,#576,.T.);
#773=ORIENTED_EDGE('',*,*,#533,.T.);
#774=ORIENTED_EDGE('',*,*,#586,.T.);
#775=ORIENTED_EDGE('',*,*,#516,.T.);
#776=ORIENTED_EDGE('',*,*,#575,.T.);
#777=ORIENTED_EDGE('',*,*,#587,.F.);
#778=ORIENTED_EDGE('',*,*,#588,.T.);
#779=ORIENTED_EDGE('',*,*,#589,.T.);
#780=ORIENTED_EDGE('',*,*,#590,.T.);
#781=ORIENTED_EDGE('',*,*,#579,.T.);
#782=ORIENTED_EDGE('',*,*,#591,.T.);
#783=ORIENTED_EDGE('',*,*,#585,.T.);
#784=ORIENTED_EDGE('',*,*,#590,.F.);
#785=ORIENTED_EDGE('',*,*,#592,.T.);
#786=ORIENTED_EDGE('',*,*,#593,.T.);
#787=ORIENTED_EDGE('',*,*,#577,.T.);
#788=ORIENTED_EDGE('',*,*,#591,.F.);
#789=ORIENTED_EDGE('',*,*,#594,.T.);
#790=ORIENTED_EDGE('',*,*,#595,.T.);
#791=ORIENTED_EDGE('',*,*,#582,.T.);
#792=ORIENTED_EDGE('',*,*,#596,.T.);
#793=ORIENTED_EDGE('',*,*,#597,.T.);
#794=ORIENTED_EDGE('',*,*,#595,.F.);
#795=ORIENTED_EDGE('',*,*,#598,.T.);
#796=ORIENTED_EDGE('',*,*,#599,.T.);
#797=ORIENTED_EDGE('',*,*,#583,.T.);
#798=ORIENTED_EDGE('',*,*,#599,.F.);
#799=ORIENTED_EDGE('',*,*,#600,.T.);
#800=ORIENTED_EDGE('',*,*,#601,.T.);
#801=ORIENTED_EDGE('',*,*,#584,.T.);
#802=ORIENTED_EDGE('',*,*,#601,.F.);
#803=ORIENTED_EDGE('',*,*,#602,.T.);
#804=ORIENTED_EDGE('',*,*,#603,.T.);
#805=ORIENTED_EDGE('',*,*,#570,.T.);
#806=ORIENTED_EDGE('',*,*,#603,.F.);
#807=ORIENTED_EDGE('',*,*,#604,.T.);
#808=ORIENTED_EDGE('',*,*,#605,.T.);
#809=ORIENTED_EDGE('',*,*,#568,.T.);
#810=ORIENTED_EDGE('',*,*,#605,.F.);
#811=ORIENTED_EDGE('',*,*,#606,.T.);
#812=ORIENTED_EDGE('',*,*,#607,.T.);
#813=ORIENTED_EDGE('',*,*,#566,.T.);
#814=ORIENTED_EDGE('',*,*,#607,.F.);
#815=ORIENTED_EDGE('',*,*,#608,.T.);
#816=ORIENTED_EDGE('',*,*,#609,.T.);
#817=ORIENTED_EDGE('',*,*,#560,.T.);
#818=ORIENTED_EDGE('',*,*,#609,.F.);
#819=ORIENTED_EDGE('',*,*,#610,.T.);
#820=ORIENTED_EDGE('',*,*,#611,.T.);
#821=ORIENTED_EDGE('',*,*,#561,.T.);
#822=ORIENTED_EDGE('',*,*,#612,.T.);
#823=ORIENTED_EDGE('',*,*,#562,.T.);
#824=ORIENTED_EDGE('',*,*,#611,.F.);
#825=ORIENTED_EDGE('',*,*,#613,.T.);
#826=ORIENTED_EDGE('',*,*,#596,.F.);
#827=ORIENTED_EDGE('',*,*,#581,.T.);
#828=ORIENTED_EDGE('',*,*,#593,.F.);
#829=ORIENTED_EDGE('',*,*,#614,.T.);
#830=ORIENTED_EDGE('',*,*,#588,.F.);
#831=ORIENTED_EDGE('',*,*,#563,.T.);
#832=ORIENTED_EDGE('',*,*,#612,.F.);
#833=ORIENTED_EDGE('',*,*,#615,.T.);
#834=ORIENTED_EDGE('',*,*,#616,.T.);
#835=ORIENTED_EDGE('',*,*,#617,.T.);
#836=ORIENTED_EDGE('',*,*,#571,.T.);
#837=ORIENTED_EDGE('',*,*,#528,.F.);
#838=ORIENTED_EDGE('',*,*,#618,.T.);
#839=ORIENTED_EDGE('',*,*,#619,.T.);
#840=ORIENTED_EDGE('',*,*,#572,.T.);
#841=ORIENTED_EDGE('',*,*,#617,.F.);
#842=ORIENTED_EDGE('',*,*,#530,.T.);
#843=ORIENTED_EDGE('',*,*,#620,.T.);
#844=ORIENTED_EDGE('',*,*,#621,.T.);
#845=ORIENTED_EDGE('',*,*,#573,.T.);
#846=ORIENTED_EDGE('',*,*,#619,.F.);
#847=ORIENTED_EDGE('',*,*,#622,.T.);
#848=ORIENTED_EDGE('',*,*,#587,.T.);
#849=ORIENTED_EDGE('',*,*,#574,.T.);
#850=ORIENTED_EDGE('',*,*,#621,.F.);
#851=ORIENTED_EDGE('',*,*,#527,.F.);
#852=ORIENTED_EDGE('',*,*,#524,.F.);
#853=ORIENTED_EDGE('',*,*,#521,.F.);
#854=ORIENTED_EDGE('',*,*,#517,.F.);
#855=ORIENTED_EDGE('',*,*,#513,.F.);
#856=ORIENTED_EDGE('',*,*,#586,.F.);
#857=ORIENTED_EDGE('',*,*,#622,.F.);
#858=ORIENTED_EDGE('',*,*,#620,.F.);
#859=ORIENTED_EDGE('',*,*,#618,.F.);
#860=ORIENTED_EDGE('',*,*,#616,.F.);
#861=ORIENTED_EDGE('',*,*,#623,.F.);
#862=ORIENTED_EDGE('',*,*,#624,.F.);
#863=ORIENTED_EDGE('',*,*,#625,.F.);
#864=ORIENTED_EDGE('',*,*,#626,.F.);
#865=ORIENTED_EDGE('',*,*,#627,.F.);
#866=ORIENTED_EDGE('',*,*,#628,.F.);
#867=ORIENTED_EDGE('',*,*,#629,.F.);
#868=ORIENTED_EDGE('',*,*,#630,.F.);
#869=ORIENTED_EDGE('',*,*,#627,.T.);
#870=ORIENTED_EDGE('',*,*,#631,.T.);
#871=ORIENTED_EDGE('',*,*,#632,.T.);
#872=ORIENTED_EDGE('',*,*,#633,.F.);
#873=ORIENTED_EDGE('',*,*,#626,.T.);
#874=ORIENTED_EDGE('',*,*,#634,.T.);
#875=ORIENTED_EDGE('',*,*,#635,.T.);
#876=ORIENTED_EDGE('',*,*,#631,.F.);
#877=ORIENTED_EDGE('',*,*,#625,.T.);
#878=ORIENTED_EDGE('',*,*,#636,.T.);
#879=ORIENTED_EDGE('',*,*,#637,.F.);
#880=ORIENTED_EDGE('',*,*,#638,.F.);
#881=ORIENTED_EDGE('',*,*,#639,.T.);
#882=ORIENTED_EDGE('',*,*,#634,.F.);
#883=ORIENTED_EDGE('',*,*,#624,.T.);
#884=ORIENTED_EDGE('',*,*,#640,.T.);
#885=ORIENTED_EDGE('',*,*,#641,.F.);
#886=ORIENTED_EDGE('',*,*,#636,.F.);
#887=ORIENTED_EDGE('',*,*,#642,.T.);
#888=ORIENTED_EDGE('',*,*,#638,.T.);
#889=ORIENTED_EDGE('',*,*,#643,.T.);
#890=ORIENTED_EDGE('',*,*,#598,.F.);
#891=ORIENTED_EDGE('',*,*,#642,.F.);
#892=ORIENTED_EDGE('',*,*,#597,.F.);
#893=ORIENTED_EDGE('',*,*,#614,.F.);
#894=ORIENTED_EDGE('',*,*,#594,.F.);
#895=ORIENTED_EDGE('',*,*,#592,.F.);
#896=ORIENTED_EDGE('',*,*,#589,.F.);
#897=ORIENTED_EDGE('',*,*,#615,.F.);
#898=ORIENTED_EDGE('',*,*,#613,.F.);
#899=ORIENTED_EDGE('',*,*,#644,.F.);
#900=ORIENTED_EDGE('',*,*,#645,.F.);
#901=ORIENTED_EDGE('',*,*,#646,.F.);
#902=ORIENTED_EDGE('',*,*,#632,.F.);
#903=ORIENTED_EDGE('',*,*,#635,.F.);
#904=ORIENTED_EDGE('',*,*,#639,.F.);
#905=ORIENTED_EDGE('',*,*,#643,.F.);
#906=ORIENTED_EDGE('',*,*,#637,.T.);
#907=ORIENTED_EDGE('',*,*,#641,.T.);
#908=ORIENTED_EDGE('',*,*,#647,.T.);
#909=ORIENTED_EDGE('',*,*,#648,.T.);
#910=ORIENTED_EDGE('',*,*,#649,.T.);
#911=ORIENTED_EDGE('',*,*,#650,.F.);
#912=ORIENTED_EDGE('',*,*,#608,.F.);
#913=ORIENTED_EDGE('',*,*,#606,.F.);
#914=ORIENTED_EDGE('',*,*,#604,.F.);
#915=ORIENTED_EDGE('',*,*,#602,.F.);
#916=ORIENTED_EDGE('',*,*,#600,.F.);
#917=ORIENTED_EDGE('',*,*,#650,.T.);
#918=ORIENTED_EDGE('',*,*,#651,.T.);
#919=ORIENTED_EDGE('',*,*,#644,.T.);
#920=ORIENTED_EDGE('',*,*,#610,.F.);
#921=ORIENTED_EDGE('',*,*,#629,.T.);
#922=ORIENTED_EDGE('',*,*,#652,.T.);
#923=ORIENTED_EDGE('',*,*,#645,.T.);
#924=ORIENTED_EDGE('',*,*,#651,.F.);
#925=ORIENTED_EDGE('',*,*,#649,.F.);
#926=ORIENTED_EDGE('',*,*,#653,.F.);
#927=ORIENTED_EDGE('',*,*,#623,.T.);
#928=ORIENTED_EDGE('',*,*,#654,.T.);
#929=ORIENTED_EDGE('',*,*,#647,.F.);
#930=ORIENTED_EDGE('',*,*,#640,.F.);
#931=ORIENTED_EDGE('',*,*,#628,.T.);
#932=ORIENTED_EDGE('',*,*,#633,.T.);
#933=ORIENTED_EDGE('',*,*,#646,.T.);
#934=ORIENTED_EDGE('',*,*,#652,.F.);
#935=ORIENTED_EDGE('',*,*,#630,.T.);
#936=ORIENTED_EDGE('',*,*,#653,.T.);
#937=ORIENTED_EDGE('',*,*,#648,.F.);
#938=ORIENTED_EDGE('',*,*,#654,.F.);
#939=B_SPLINE_SURFACE_WITH_KNOTS('',3,1,((#1365,#1366),(#1367,#1368),(#1369,
#1370),(#1371,#1372),(#1373,#1374),(#1375,#1376),(#1377,#1378)),
 .UNSPECIFIED.,.F.,.F.,.F.,(4,3,4),(2,2),(-1.54743267478351,-0.773716340699944,
-6.61637829920952E-9),(0.,3.5),.UNSPECIFIED.);
#940=B_SPLINE_SURFACE_WITH_KNOTS('',3,1,((#1407,#1408),(#1409,#1410),(#1411,
#1412),(#1413,#1414),(#1415,#1416),(#1417,#1418),(#1419,#1420)),
 .UNSPECIFIED.,.F.,.F.,.F.,(4,3,4),(2,2),(6.57399066472616E-8,0.773716398712477,
1.54743273168505),(0.,3.5),.UNSPECIFIED.);
#941=B_SPLINE_SURFACE_WITH_KNOTS('',3,1,((#1438,#1439),(#1440,#1441),(#1442,
#1443),(#1444,#1445)),.UNSPECIFIED.,.F.,.F.,.F.,(4,4),(2,2),(1.54743273168505,
1.57079634615089),(0.,3.5),.UNSPECIFIED.);
#942=B_SPLINE_SURFACE_WITH_KNOTS('',3,1,((#1601,#1602),(#1603,#1604),(#1605,
#1606),(#1607,#1608)),.UNSPECIFIED.,.F.,.F.,.F.,(4,4),(2,2),(-1.5707962586775,
-1.54743267478351),(0.,3.5),.UNSPECIFIED.);
#943=B_SPLINE_SURFACE_WITH_KNOTS('',3,3,((#1617,#1618,#1619,#1620,#1621,
#1622),(#1623,#1624,#1625,#1626,#1627,#1628),(#1629,#1630,#1631,#1632,#1633,
#1634),(#1635,#1636,#1637,#1638,#1639,#1640)),.UNSPECIFIED.,.F.,.F.,.F.,
(4,4),(4,1,1,4),(0.,1.),(-1.54743273168505,-0.884247300740331,-0.442123680110515,
-5.94806987516672E-8),.UNSPECIFIED.);
#944=B_SPLINE_SURFACE_WITH_KNOTS('',3,3,((#1655,#1656,#1657,#1658,#1659,
#1660,#1661),(#1662,#1663,#1664,#1665,#1666,#1667,#1668),(#1669,#1670,#1671,
#1672,#1673,#1674,#1675),(#1676,#1677,#1678,#1679,#1680,#1681,#1682)),
 .UNSPECIFIED.,.F.,.F.,.F.,(4,4),(4,1,1,1,4),(0.,1.),(3.80301991287357E-9,
0.331592719013125,0.66318543422323,1.10530905450337,1.54743267478351),
 .UNSPECIFIED.);
#945=B_SPLINE_SURFACE_WITH_KNOTS('',3,3,((#1730,#1731,#1732,#1733),(#1734,
#1735,#1736,#1737),(#1738,#1739,#1740,#1741),(#1742,#1743,#1744,#1745)),
 .UNSPECIFIED.,.F.,.F.,.F.,(4,4),(4,4),(0.,1.),(1.54743267478351,1.57079626804098),
 .UNSPECIFIED.);
#946=B_SPLINE_SURFACE_WITH_KNOTS('',3,3,((#1750,#1751,#1752,#1753),(#1754,
#1755,#1756,#1757),(#1758,#1759,#1760,#1761),(#1762,#1763,#1764,#1765)),
 .UNSPECIFIED.,.F.,.F.,.F.,(4,4),(4,4),(0.,1.),(-1.57079634615089,-1.54743273168505),
 .UNSPECIFIED.);
#947=ADVANCED_FACE('',(#107),#939,.T.);
#948=ADVANCED_FACE('',(#108,#43),#81,.T.);
#949=ADVANCED_FACE('',(#109),#940,.T.);
#950=ADVANCED_FACE('',(#110),#941,.T.);
#951=ADVANCED_FACE('',(#111),#82,.T.);
#952=ADVANCED_FACE('',(#112),#29,.F.);
#953=ADVANCED_FACE('',(#113),#30,.F.);
#954=ADVANCED_FACE('',(#114),#21,.T.);
#955=ADVANCED_FACE('',(#115),#83,.T.);
#956=ADVANCED_FACE('',(#116),#22,.T.);
#957=ADVANCED_FACE('',(#117),#84,.T.);
#958=ADVANCED_FACE('',(#118),#23,.T.);
#959=ADVANCED_FACE('',(#119),#85,.T.);
#960=ADVANCED_FACE('',(#120),#24,.T.);
#961=ADVANCED_FACE('',(#121),#86,.T.);
#962=ADVANCED_FACE('',(#122),#87,.T.);
#963=ADVANCED_FACE('',(#123),#31,.T.);
#964=ADVANCED_FACE('',(#124,#44),#88,.T.);
#965=ADVANCED_FACE('',(#125),#32,.T.);
#966=ADVANCED_FACE('',(#126,#45),#89,.T.);
#967=ADVANCED_FACE('',(#127),#33,.T.);
#968=ADVANCED_FACE('',(#128),#34,.T.);
#969=ADVANCED_FACE('',(#129),#90,.T.);
#970=ADVANCED_FACE('',(#130,#46),#91,.T.);
#971=ADVANCED_FACE('',(#131),#942,.T.);
#972=ADVANCED_FACE('',(#132),#943,.T.);
#973=ADVANCED_FACE('',(#133),#92,.T.);
#974=ADVANCED_FACE('',(#134),#944,.T.);
#975=ADVANCED_FACE('',(#135),#93,.T.);
#976=ADVANCED_FACE('',(#136),#25,.T.);
#977=ADVANCED_FACE('',(#137),#94,.T.);
#978=ADVANCED_FACE('',(#138),#26,.T.);
#979=ADVANCED_FACE('',(#139),#95,.T.);
#980=ADVANCED_FACE('',(#140),#27,.T.);
#981=ADVANCED_FACE('',(#141),#96,.T.);
#982=ADVANCED_FACE('',(#142),#28,.T.);
#983=ADVANCED_FACE('',(#143),#97,.T.);
#984=ADVANCED_FACE('',(#144),#945,.T.);
#985=ADVANCED_FACE('',(#145),#946,.T.);
#986=ADVANCED_FACE('',(#146),#35,.F.);
#987=ADVANCED_FACE('',(#147,#47),#98,.T.);
#988=ADVANCED_FACE('',(#148),#36,.F.);
#989=ADVANCED_FACE('',(#149),#99,.T.);
#990=ADVANCED_FACE('',(#150,#48),#100,.F.);
#991=ADVANCED_FACE('',(#151),#101,.T.);
#992=ADVANCED_FACE('',(#152),#37,.F.);
#993=ADVANCED_FACE('',(#153),#102,.T.);
#994=ADVANCED_FACE('',(#154),#38,.F.);
#995=ADVANCED_FACE('',(#155),#39,.T.);
#996=ADVANCED_FACE('',(#156),#103,.F.);
#997=ADVANCED_FACE('',(#157),#104,.T.);
#998=ADVANCED_FACE('',(#158),#40,.T.);
#999=ADVANCED_FACE('',(#159),#105,.T.);
#1000=ADVANCED_FACE('',(#160),#106,.T.);
#1001=ADVANCED_FACE('',(#161),#41,.F.);
#1002=ADVANCED_FACE('',(#162),#42,.F.);
#1003=CLOSED_SHELL('',(#947,#948,#949,#950,#951,#952,#953,#954,#955,#956,
#957,#958,#959,#960,#961,#962,#963,#964,#965,#966,#967,#968,#969,#970,#971,
#972,#973,#974,#975,#976,#977,#978,#979,#980,#981,#982,#983,#984,#985,#986,
#987,#988,#989,#990,#991,#992,#993,#994,#995,#996,#997,#998,#999,#1000,
#1001,#1002));
#1004=DERIVED_UNIT_ELEMENT(#1006,1.);
#1005=DERIVED_UNIT_ELEMENT(#1857,-3.);
#1006=(
MASS_UNIT()
NAMED_UNIT(*)
SI_UNIT(.KILO.,.GRAM.)
);
#1007=DERIVED_UNIT((#1004,#1005));
#1008=MEASURE_REPRESENTATION_ITEM('density measure',
POSITIVE_RATIO_MEASURE(7850.),#1007);
#1009=PROPERTY_DEFINITION_REPRESENTATION(#1014,#1011);
#1010=PROPERTY_DEFINITION_REPRESENTATION(#1015,#1012);
#1011=REPRESENTATION('material name',(#1013),#1854);
#1012=REPRESENTATION('density',(#1008),#1854);
#1013=DESCRIPTIVE_REPRESENTATION_ITEM('Steel','Steel');
#1014=PROPERTY_DEFINITION('material property','material name',#1869);
#1015=PROPERTY_DEFINITION('material property','density of part',#1869);
#1016=AXIS2_PLACEMENT_3D('',#1363,#1101,#1102);
#1017=AXIS2_PLACEMENT_3D('',#1364,#1103,#1104);
#1018=AXIS2_PLACEMENT_3D('',#1399,#1107,#1108);
#1019=AXIS2_PLACEMENT_3D('',#1406,#1112,#1113);
#1020=AXIS2_PLACEMENT_3D('',#1461,#1116,#1117);
#1021=AXIS2_PLACEMENT_3D('',#1467,#1121,#1122);
#1022=AXIS2_PLACEMENT_3D('',#1469,#1123,#1124);
#1023=AXIS2_PLACEMENT_3D('',#1472,#1126,#1127);
#1024=AXIS2_PLACEMENT_3D('',#1473,#1128,#1129);
#1025=AXIS2_PLACEMENT_3D('',#1475,#1130,#1131);
#1026=AXIS2_PLACEMENT_3D('',#1477,#1133,#1134);
#1027=AXIS2_PLACEMENT_3D('',#1482,#1136,#1137);
#1028=AXIS2_PLACEMENT_3D('',#1485,#1139,#1140);
#1029=AXIS2_PLACEMENT_3D('',#1486,#1141,#1142);
#1030=AXIS2_PLACEMENT_3D('',#1492,#1146,#1147);
#1031=AXIS2_PLACEMENT_3D('',#1496,#1149,#1150);
#1032=AXIS2_PLACEMENT_3D('',#1497,#1151,#1152);
#1033=AXIS2_PLACEMENT_3D('',#1498,#1153,#1154);
#1034=AXIS2_PLACEMENT_3D('',#1504,#1158,#1159);
#1035=AXIS2_PLACEMENT_3D('',#1508,#1161,#1162);
#1036=AXIS2_PLACEMENT_3D('',#1509,#1163,#1164);
#1037=AXIS2_PLACEMENT_3D('',#1510,#1165,#1166);
#1038=AXIS2_PLACEMENT_3D('',#1516,#1170,#1171);
#1039=AXIS2_PLACEMENT_3D('',#1520,#1173,#1174);
#1040=AXIS2_PLACEMENT_3D('',#1521,#1175,#1176);
#1041=AXIS2_PLACEMENT_3D('',#1522,#1177,#1178);
#1042=AXIS2_PLACEMENT_3D('',#1525,#1181,#1182);
#1043=AXIS2_PLACEMENT_3D('',#1531,#1185,#1186);
#1044=AXIS2_PLACEMENT_3D('',#1540,#1189,#1190);
#1045=AXIS2_PLACEMENT_3D('',#1543,#1192,#1193);
#1046=AXIS2_PLACEMENT_3D('',#1544,#1194,#1195);
#1047=AXIS2_PLACEMENT_3D('',#1548,#1198,#1199);
#1048=AXIS2_PLACEMENT_3D('',#1551,#1201,#1202);
#1049=AXIS2_PLACEMENT_3D('',#1552,#1203,#1204);
#1050=AXIS2_PLACEMENT_3D('',#1554,#1205,#1206);
#1051=AXIS2_PLACEMENT_3D('',#1558,#1208,#1209);
#1052=AXIS2_PLACEMENT_3D('',#1567,#1211,#1212);
#1053=AXIS2_PLACEMENT_3D('',#1579,#1215,#1216);
#1054=AXIS2_PLACEMENT_3D('',#1588,#1218,#1219);
#1055=AXIS2_PLACEMENT_3D('',#1597,#1221,#1222);
#1056=AXIS2_PLACEMENT_3D('',#1599,#1224,#1225);
#1057=AXIS2_PLACEMENT_3D('',#1651,#1230,#1231);
#1058=AXIS2_PLACEMENT_3D('',#1692,#1235,#1236);
#1059=AXIS2_PLACEMENT_3D('',#1698,#1240,#1241);
#1060=AXIS2_PLACEMENT_3D('',#1700,#1242,#1243);
#1061=AXIS2_PLACEMENT_3D('',#1702,#1245,#1246);
#1062=AXIS2_PLACEMENT_3D('',#1706,#1249,#1250);
#1063=AXIS2_PLACEMENT_3D('',#1708,#1251,#1252);
#1064=AXIS2_PLACEMENT_3D('',#1710,#1254,#1255);
#1065=AXIS2_PLACEMENT_3D('',#1714,#1258,#1259);
#1066=AXIS2_PLACEMENT_3D('',#1716,#1260,#1261);
#1067=AXIS2_PLACEMENT_3D('',#1718,#1263,#1264);
#1068=AXIS2_PLACEMENT_3D('',#1722,#1267,#1268);
#1069=AXIS2_PLACEMENT_3D('',#1724,#1269,#1270);
#1070=AXIS2_PLACEMENT_3D('',#1726,#1272,#1273);
#1071=AXIS2_PLACEMENT_3D('',#1770,#1276,#1277);
#1072=AXIS2_PLACEMENT_3D('',#1772,#1278,#1279);
#1073=AXIS2_PLACEMENT_3D('',#1774,#1281,#1282);
#1074=AXIS2_PLACEMENT_3D('',#1778,#1285,#1286);
#1075=AXIS2_PLACEMENT_3D('',#1780,#1287,#1288);
#1076=AXIS2_PLACEMENT_3D('',#1782,#1290,#1291);
#1077=AXIS2_PLACEMENT_3D('',#1784,#1293,#1294);
#1078=AXIS2_PLACEMENT_3D('',#1789,#1296,#1297);
#1079=AXIS2_PLACEMENT_3D('',#1793,#1299,#1300);
#1080=AXIS2_PLACEMENT_3D('',#1797,#1302,#1303);
#1081=AXIS2_PLACEMENT_3D('',#1800,#1305,#1306);
#1082=AXIS2_PLACEMENT_3D('',#1801,#1307,#1308);
#1083=AXIS2_PLACEMENT_3D('',#1807,#1312,#1313);
#1084=AXIS2_PLACEMENT_3D('',#1810,#1315,#1316);
#1085=AXIS2_PLACEMENT_3D('',#1811,#1317,#1318);
#1086=AXIS2_PLACEMENT_3D('',#1817,#1321,#1322);
#1087=AXIS2_PLACEMENT_3D('',#1819,#1324,#1325);
#1088=AXIS2_PLACEMENT_3D('',#1822,#1327,#1328);
#1089=AXIS2_PLACEMENT_3D('',#1823,#1329,#1330);
#1090=AXIS2_PLACEMENT_3D('',#1826,#1333,#1334);
#1091=AXIS2_PLACEMENT_3D('',#1831,#1337,#1338);
#1092=AXIS2_PLACEMENT_3D('',#1832,#1339,#1340);
#1093=AXIS2_PLACEMENT_3D('',#1836,#1342,#1343);
#1094=AXIS2_PLACEMENT_3D('',#1840,#1346,#1347);
#1095=AXIS2_PLACEMENT_3D('',#1841,#1348,#1349);
#1096=AXIS2_PLACEMENT_3D('',#1842,#1350,#1351);
#1097=AXIS2_PLACEMENT_3D('',#1845,#1354,#1355);
#1098=AXIS2_PLACEMENT_3D('',#1847,#1357,#1358);
#1099=AXIS2_PLACEMENT_3D('',#1848,#1359,#1360);
#1100=AXIS2_PLACEMENT_3D('',#1849,#1361,#1362);
#1101=DIRECTION('axis',(0.,0.,1.));
#1102=DIRECTION('refdir',(1.,0.,0.));
#1103=DIRECTION('axis',(0.,0.,1.));
#1104=DIRECTION('refdir',(1.,0.,0.));
#1105=DIRECTION('',(0.,0.,-1.));
#1106=DIRECTION('',(0.,0.,-1.));
#1107=DIRECTION('center_axis',(1.22542201755931E-13,-1.,0.));
#1108=DIRECTION('ref_axis',(-1.,-1.22542201755931E-13,0.));
#1109=DIRECTION('',(-1.,-1.22542201755931E-13,0.));
#1110=DIRECTION('',(0.,0.,-1.));
#1111=DIRECTION('',(-1.,-1.22542201755931E-13,0.));
#1112=DIRECTION('center_axis',(-1.22542201755931E-13,1.,0.));
#1113=DIRECTION('ref_axis',(1.,0.,0.));
#1114=DIRECTION('',(0.,0.,-1.));
#1115=DIRECTION('',(0.,0.,-1.));
#1116=DIRECTION('center_axis',(1.,-8.16429973399963E-14,0.));
#1117=DIRECTION('ref_axis',(-8.16429973399963E-14,-1.,0.));
#1118=DIRECTION('',(-8.16429973399963E-14,-1.,0.));
#1119=DIRECTION('',(0.,0.,-1.));
#1120=DIRECTION('',(-8.16429973399963E-14,-1.,0.));
#1121=DIRECTION('center_axis',(0.,-1.,0.));
#1122=DIRECTION('ref_axis',(1.,0.,0.));
#1123=DIRECTION('center_axis',(-3.10823593928098E-16,-1.,0.));
#1124=DIRECTION('ref_axis',(1.,0.,0.));
#1125=DIRECTION('',(0.,-1.,0.));
#1126=DIRECTION('center_axis',(6.21647186085995E-16,1.,0.));
#1127=DIRECTION('ref_axis',(1.,0.,0.));
#1128=DIRECTION('center_axis',(0.,-1.,0.));
#1129=DIRECTION('ref_axis',(1.,0.,0.));
#1130=DIRECTION('center_axis',(1.22619907455475E-13,-1.,0.));
#1131=DIRECTION('ref_axis',(1.,0.,0.));
#1132=DIRECTION('',(0.,-1.,0.));
#1133=DIRECTION('center_axis',(0.,0.,1.));
#1134=DIRECTION('ref_axis',(1.,-2.12034182864284E-8,0.));
#1135=DIRECTION('',(-2.30149428104525E-8,0.707106781186559,-0.707106781186536));
#1136=DIRECTION('center_axis',(0.,0.,1.));
#1137=DIRECTION('ref_axis',(1.,-2.12034182864284E-8,0.));
#1138=DIRECTION('',(0.707106781186565,-1.49930766635041E-8,0.70710678118653));
#1139=DIRECTION('center_axis',(0.,0.,-1.));
#1140=DIRECTION('ref_axis',(1.,-2.12034182864284E-8,0.));
#1141=DIRECTION('center_axis',(-4.39570940786947E-16,-0.707106781186555,
-0.70710678118654));
#1142=DIRECTION('ref_axis',(-1.,0.,6.21647186086008E-16));
#1143=DIRECTION('',(0.,0.707106781186534,-0.707106781186561));
#1144=DIRECTION('',(1.,-6.21647186085995E-16,0.));
#1145=DIRECTION('',(-1.,6.21647186085995E-16,0.));
#1146=DIRECTION('center_axis',(0.,0.,1.));
#1147=DIRECTION('ref_axis',(-2.11972736101481E-8,-1.,0.));
#1148=DIRECTION('',(0.707106781186547,2.30208840403166E-8,-0.707106781186548));
#1149=DIRECTION('center_axis',(0.,0.,1.));
#1150=DIRECTION('ref_axis',(-2.11972736101481E-8,-1.,0.));
#1151=DIRECTION('center_axis',(0.,0.,-1.));
#1152=DIRECTION('ref_axis',(-2.11972736101481E-8,-1.,0.));
#1153=DIRECTION('center_axis',(-0.707106781186555,5.77303169458836E-14,
-0.70710678118654));
#1154=DIRECTION('ref_axis',(-0.70710678118654,0.,0.707106781186555));
#1155=DIRECTION('',(0.707106781186534,-6.28036983473523E-14,-0.707106781186561));
#1156=DIRECTION('',(-8.16429971849651E-14,-1.,0.));
#1157=DIRECTION('',(8.16429971849651E-14,1.,0.));
#1158=DIRECTION('center_axis',(0.,0.,1.));
#1159=DIRECTION('ref_axis',(-1.,2.11972924365038E-8,0.));
#1160=DIRECTION('',(2.77593728376654E-8,-0.707106781186549,-0.707106781186545));
#1161=DIRECTION('center_axis',(0.,0.,1.));
#1162=DIRECTION('ref_axis',(-1.,2.11972924365038E-8,0.));
#1163=DIRECTION('center_axis',(0.,0.,-1.));
#1164=DIRECTION('ref_axis',(-1.,2.11972924365038E-8,0.));
#1165=DIRECTION('center_axis',(-8.67053680702338E-14,0.707106781186549,
-0.707106781186546));
#1166=DIRECTION('ref_axis',(-1.,0.,1.22619907455476E-13));
#1167=DIRECTION('',(8.79251776862914E-14,-0.707106781186548,-0.707106781186547));
#1168=DIRECTION('',(-1.,-1.22619907455475E-13,0.));
#1169=DIRECTION('',(1.,1.22619907455475E-13,0.));
#1170=DIRECTION('center_axis',(0.,0.,1.));
#1171=DIRECTION('ref_axis',(2.11979064182806E-8,1.,0.));
#1172=DIRECTION('',(-0.70710678118654,-2.77593822582205E-8,-0.707106781186555));
#1173=DIRECTION('center_axis',(0.,0.,1.));
#1174=DIRECTION('ref_axis',(2.11979064182806E-8,1.,0.));
#1175=DIRECTION('center_axis',(0.,0.,-1.));
#1176=DIRECTION('ref_axis',(2.11979064182806E-8,1.,0.));
#1177=DIRECTION('center_axis',(0.707106781186542,2.93047294141702E-16,-0.707106781186553));
#1178=DIRECTION('ref_axis',(-0.707106781186553,0.,-0.707106781186542));
#1179=DIRECTION('',(-4.14431457791936E-16,1.,0.));
#1180=DIRECTION('',(4.14431457791936E-16,-1.,0.));
#1181=DIRECTION('center_axis',(-1.,8.16429971849651E-14,0.));
#1182=DIRECTION('ref_axis',(8.16429971849651E-14,1.,0.));
#1183=DIRECTION('',(0.,0.,-1.));
#1184=DIRECTION('',(-8.16429971849651E-14,-1.,0.));
#1185=DIRECTION('center_axis',(1.,-8.16429971849651E-14,0.));
#1186=DIRECTION('ref_axis',(1.16863136634338E-14,0.143139204418942,0.98970256550052));
#1187=DIRECTION('',(-7.82974579042168E-14,-0.959022336316625,0.283330475674261));
#1188=DIRECTION('',(0.,0.,-1.));
#1189=DIRECTION('center_axis',(0.,0.,-1.));
#1190=DIRECTION('ref_axis',(-2.11972736101481E-8,-1.,0.));
#1191=DIRECTION('',(0.,0.,-1.));
#1192=DIRECTION('center_axis',(0.,0.,1.));
#1193=DIRECTION('ref_axis',(-2.11972736101481E-8,-1.,0.));
#1194=DIRECTION('center_axis',(-6.21647186085995E-16,-1.,0.));
#1195=DIRECTION('ref_axis',(-1.,6.21647186085995E-16,0.));
#1196=DIRECTION('',(0.,0.,-1.));
#1197=DIRECTION('',(1.,-6.21647186085995E-16,0.));
#1198=DIRECTION('center_axis',(0.,0.,-1.));
#1199=DIRECTION('ref_axis',(1.,-2.12034182864284E-8,0.));
#1200=DIRECTION('',(0.,0.,1.));
#1201=DIRECTION('center_axis',(0.,0.,1.));
#1202=DIRECTION('ref_axis',(1.,-2.12034182864284E-8,0.));
#1203=DIRECTION('center_axis',(0.,0.,-1.));
#1204=DIRECTION('ref_axis',(1.,0.,0.));
#1205=DIRECTION('center_axis',(0.,0.,1.));
#1206=DIRECTION('ref_axis',(-3.22088439620407E-8,-0.999999999999999,0.));
#1207=DIRECTION('',(1.,-3.10823593928098E-16,0.));
#1208=DIRECTION('center_axis',(0.,0.,1.));
#1209=DIRECTION('ref_axis',(0.999999999999999,-3.22181806778443E-8,0.));
#1210=DIRECTION('',(-4.14431458578666E-16,1.,0.));
#1211=DIRECTION('center_axis',(0.,0.,-1.));
#1212=DIRECTION('ref_axis',(2.11979064182806E-8,1.,0.));
#1213=DIRECTION('',(0.,0.,-1.));
#1214=DIRECTION('',(0.,0.,-1.));
#1215=DIRECTION('center_axis',(0.,0.,-1.));
#1216=DIRECTION('ref_axis',(-1.,2.11972924365038E-8,0.));
#1217=DIRECTION('',(0.,0.,-1.));
#1218=DIRECTION('center_axis',(1.,4.14431457791936E-16,0.));
#1219=DIRECTION('ref_axis',(4.14431457791936E-16,-1.,0.));
#1220=DIRECTION('',(-3.97449024894727E-16,0.959022336316625,-0.283330475674261));
#1221=DIRECTION('center_axis',(-1.,-4.14431457791936E-16,0.));
#1222=DIRECTION('ref_axis',(-5.932138915452E-17,0.143139204418942,0.98970256550052));
#1223=DIRECTION('',(-4.14431457791936E-16,1.,0.));
#1224=DIRECTION('center_axis',(-1.22619907455475E-13,1.,0.));
#1225=DIRECTION('ref_axis',(1.,1.22619907455475E-13,0.));
#1226=DIRECTION('',(-1.,-1.22619907455475E-13,3.66574983831054E-14));
#1227=DIRECTION('',(0.,0.,-1.));
#1228=DIRECTION('',(0.708098273587369,0.184794620990896,0.681504059412282));
#1229=DIRECTION('',(-3.33982055067083E-8,0.598610693324859,-0.801040097521423));
#1230=DIRECTION('center_axis',(-7.62798921035358E-14,0.80104009752142,0.598610693324864));
#1231=DIRECTION('ref_axis',(1.,0.,1.2742821495529E-13));
#1232=DIRECTION('',(-9.97903326192396E-14,0.598610693324864,-0.80104009752142));
#1233=DIRECTION('',(1.,1.22619907455475E-13,-3.66574983831054E-14));
#1234=DIRECTION('',(0.708098270075705,-0.18479461254773,-0.681504065350404));
#1235=DIRECTION('center_axis',(0.707106781186544,0.200344900666081,0.678131197318855));
#1236=DIRECTION('ref_axis',(0.692164534715112,0.,-0.721739743177977));
#1237=DIRECTION('',(0.707106781186543,-0.200344900666084,-0.678131197318855));
#1238=DIRECTION('',(-0.707106781186551,0.20034490066608,0.678131197318847));
#1239=DIRECTION('',(3.97449024894727E-16,-0.959022336316625,0.283330475674261));
#1240=DIRECTION('center_axis',(-1.,0.,0.));
#1241=DIRECTION('ref_axis',(6.0681272593238E-17,0.143139204418942,0.989702565500521));
#1242=DIRECTION('center_axis',(1.,4.14431457791936E-16,0.));
#1243=DIRECTION('ref_axis',(1.79483907723519E-16,0.143139204418942,0.989702565500521));
#1244=DIRECTION('',(0.707106781186566,0.,-0.707106781186529));
#1245=DIRECTION('center_axis',(0.707106781186542,2.93047294141702E-16,0.707106781186553));
#1246=DIRECTION('ref_axis',(0.707106781186553,0.,-0.707106781186542));
#1247=DIRECTION('',(4.14431457791936E-16,-1.,0.));
#1248=DIRECTION('',(0.707106781186565,0.,-0.70710678118653));
#1249=DIRECTION('center_axis',(0.,0.,-1.));
#1250=DIRECTION('ref_axis',(1.,-2.12034182864284E-8,0.));
#1251=DIRECTION('center_axis',(0.,0.,-1.));
#1252=DIRECTION('ref_axis',(1.,-2.12034182864284E-8,0.));
#1253=DIRECTION('',(2.30149428104529E-8,-0.707106781186546,-0.707106781186549));
#1254=DIRECTION('center_axis',(-4.39570940786947E-16,-0.707106781186555,
0.70710678118654));
#1255=DIRECTION('ref_axis',(1.,0.,6.21647186086008E-16));
#1256=DIRECTION('',(-1.,6.21647186085995E-16,0.));
#1257=DIRECTION('',(0.,-0.707106781186533,-0.707106781186562));
#1258=DIRECTION('center_axis',(0.,0.,-1.));
#1259=DIRECTION('ref_axis',(-2.11972736101481E-8,-1.,0.));
#1260=DIRECTION('center_axis',(0.,0.,-1.));
#1261=DIRECTION('ref_axis',(-2.11972736101481E-8,-1.,0.));
#1262=DIRECTION('',(-0.707106781186546,-2.30208840403166E-8,-0.707106781186549));
#1263=DIRECTION('center_axis',(-0.707106781186542,5.77303169458826E-14,
0.707106781186553));
#1264=DIRECTION('ref_axis',(0.707106781186553,0.,0.707106781186542));
#1265=DIRECTION('',(8.16429971849651E-14,1.,0.));
#1266=DIRECTION('',(-0.70710678118655,6.28036983473503E-14,-0.707106781186546));
#1267=DIRECTION('center_axis',(1.,-7.99360577737755E-14,0.));
#1268=DIRECTION('ref_axis',(5.90398715302663E-15,0.143139204418942,0.989702565500521));
#1269=DIRECTION('center_axis',(-1.,8.16429971849651E-14,0.));
#1270=DIRECTION('ref_axis',(1.79483907723519E-16,0.143139204418942,0.989702565500521));
#1271=DIRECTION('',(-0.707106781183175,-0.200344900666985,-0.6781311973221));
#1272=DIRECTION('center_axis',(-0.707106781186541,0.200344900666135,0.678131197318842));
#1273=DIRECTION('ref_axis',(0.692164534715107,0.,0.721739743177982));
#1274=DIRECTION('',(-0.707106781186554,-0.200344900666025,-0.67813119731886));
#1275=DIRECTION('',(7.82974579042168E-14,0.959022336316625,-0.283330475674261));
#1276=DIRECTION('center_axis',(0.,0.,-1.));
#1277=DIRECTION('ref_axis',(-3.22088439620407E-8,-0.999999999999999,0.));
#1278=DIRECTION('center_axis',(0.,0.,1.));
#1279=DIRECTION('ref_axis',(-3.22088439620407E-8,-0.999999999999999,0.));
#1280=DIRECTION('',(0.,0.,-1.));
#1281=DIRECTION('center_axis',(3.10823593928098E-16,1.,0.));
#1282=DIRECTION('ref_axis',(1.,-3.10823593928098E-16,0.));
#1283=DIRECTION('',(1.,-3.10823593928098E-16,0.));
#1284=DIRECTION('',(0.,0.,-1.));
#1285=DIRECTION('center_axis',(0.,0.,-1.));
#1286=DIRECTION('ref_axis',(0.999999999999999,-3.22181806778443E-8,0.));
#1287=DIRECTION('center_axis',(0.,0.,1.));
#1288=DIRECTION('ref_axis',(0.999999999999999,-3.22181806778443E-8,0.));
#1289=DIRECTION('',(0.,0.,-1.));
#1290=DIRECTION('center_axis',(-1.,-4.14431458578666E-16,0.));
#1291=DIRECTION('ref_axis',(-4.14431458578666E-16,1.,0.));
#1292=DIRECTION('',(-4.14431458578666E-16,1.,0.));
#1293=DIRECTION('center_axis',(0.,0.,1.));
#1294=DIRECTION('ref_axis',(-1.,0.,0.));
#1295=DIRECTION('',(-1.,6.21647188206546E-16,0.));
#1296=DIRECTION('center_axis',(0.,0.,-1.));
#1297=DIRECTION('ref_axis',(3.63217179177322E-8,-0.999999999999999,0.));
#1298=DIRECTION('',(4.14431458734423E-16,-1.,0.));
#1299=DIRECTION('center_axis',(0.,0.,-1.));
#1300=DIRECTION('ref_axis',(0.999999999999999,3.63205429478304E-8,0.));
#1301=DIRECTION('',(1.,1.22464496076693E-13,0.));
#1302=DIRECTION('center_axis',(0.,0.,-1.));
#1303=DIRECTION('ref_axis',(-3.63205316203673E-8,0.999999999999999,0.));
#1304=DIRECTION('',(8.16429973706714E-14,1.,0.));
#1305=DIRECTION('center_axis',(0.,0.,-1.));
#1306=DIRECTION('ref_axis',(-0.999999999999999,-3.63310991410513E-8,0.));
#1307=DIRECTION('center_axis',(1.22464496076693E-13,-1.,0.));
#1308=DIRECTION('ref_axis',(1.,1.22464496076693E-13,0.));
#1309=DIRECTION('',(0.,0.,1.));
#1310=DIRECTION('',(-1.,-1.22464496076693E-13,3.66115841450233E-14));
#1311=DIRECTION('',(0.,0.,1.));
#1312=DIRECTION('center_axis',(0.,0.,1.));
#1313=DIRECTION('ref_axis',(0.999999999999999,3.63205429478304E-8,0.));
#1314=DIRECTION('',(0.,0.,1.));
#1315=DIRECTION('center_axis',(4.13403036395001E-16,0.283330475674261,0.959022336316625));
#1316=DIRECTION('ref_axis',(-3.48322119541166E-8,0.959022336316624,-0.28333047567426));
#1317=DIRECTION('center_axis',(-1.,-4.14431458734423E-16,0.));
#1318=DIRECTION('ref_axis',(4.14431458734423E-16,-1.,0.));
#1319=DIRECTION('',(0.,0.,1.));
#1320=DIRECTION('',(4.14431458734423E-16,-1.,0.));
#1321=DIRECTION('center_axis',(1.,4.14431458734423E-16,0.));
#1322=DIRECTION('ref_axis',(1.79483907723519E-16,0.143139204418942,0.989702565500521));
#1323=DIRECTION('',(-3.97449025798593E-16,0.959022336316625,-0.283330475674261));
#1324=DIRECTION('center_axis',(0.,0.,1.));
#1325=DIRECTION('ref_axis',(3.63217179177322E-8,-0.999999999999999,0.));
#1326=DIRECTION('',(0.,0.,1.));
#1327=DIRECTION('center_axis',(0.,0.,-1.));
#1328=DIRECTION('ref_axis',(3.63217179177322E-8,-0.999999999999999,0.));
#1329=DIRECTION('center_axis',(-1.,1.4590842563307E-15,0.));
#1330=DIRECTION('ref_axis',(1.79483907723519E-16,0.143139204418942,0.989702565500521));
#1331=DIRECTION('',(-1.,1.4590842563307E-15,0.));
#1332=DIRECTION('',(1.,-1.4590842563307E-15,0.));
#1333=DIRECTION('center_axis',(-4.13403036395001E-16,-0.283330475674261,
-0.959022336316625));
#1334=DIRECTION('ref_axis',(3.34328583616045E-17,0.959022336316625,-0.283330475674261));
#1335=DIRECTION('',(-1.,1.4590842563307E-15,0.));
#1336=DIRECTION('',(-7.82974580823133E-14,-0.959022336316625,0.283330475674261));
#1337=DIRECTION('center_axis',(4.13403036395001E-16,0.283330475674261,0.959022336316625));
#1338=DIRECTION('ref_axis',(-3.48322010908265E-8,0.959022336316624,-0.28333047567426));
#1339=DIRECTION('center_axis',(0.,0.,1.));
#1340=DIRECTION('ref_axis',(-1.,0.,0.));
#1341=DIRECTION('',(-1.,6.21647188206546E-16,0.));
#1342=DIRECTION('center_axis',(0.,0.,-1.));
#1343=DIRECTION('ref_axis',(-0.999999999999999,-3.63310991410513E-8,0.));
#1344=DIRECTION('',(8.16429973706714E-14,1.,0.));
#1345=DIRECTION('',(1.,-1.4590842563307E-15,0.));
#1346=DIRECTION('center_axis',(-1.,1.4590842563307E-15,0.));
#1347=DIRECTION('ref_axis',(1.79483907723519E-16,0.143139204418942,0.989702565500521));
#1348=DIRECTION('center_axis',(-1.,8.16429973706714E-14,0.));
#1349=DIRECTION('ref_axis',(1.79483907723519E-16,0.143139204418942,0.989702565500521));
#1350=DIRECTION('center_axis',(1.,-8.16429973706714E-14,0.));
#1351=DIRECTION('ref_axis',(8.16429973706714E-14,1.,0.));
#1352=DIRECTION('',(0.,0.,1.));
#1353=DIRECTION('',(0.,0.,1.));
#1354=DIRECTION('center_axis',(6.21647188206546E-16,1.,0.));
#1355=DIRECTION('ref_axis',(-1.,6.21647188206546E-16,0.));
#1356=DIRECTION('',(0.,0.,1.));
#1357=DIRECTION('center_axis',(0.,0.,1.));
#1358=DIRECTION('ref_axis',(-3.63205316203673E-8,0.999999999999999,0.));
#1359=DIRECTION('center_axis',(0.,0.,1.));
#1360=DIRECTION('ref_axis',(-0.999999999999999,-3.63310991410513E-8,0.));
#1361=DIRECTION('',(0.,0.,1.));
#1362=DIRECTION('',(1.,0.,0.));
#1363=CARTESIAN_POINT('',(0.,0.,0.));
#1364=CARTESIAN_POINT('',(0.,0.,0.));
#1365=CARTESIAN_POINT('Ctrl Pts',(166.784851271294,-37.8732708921312,10.606));
#1366=CARTESIAN_POINT('Ctrl Pts',(166.784851271294,-37.8732708921312,-24.394));
#1367=CARTESIAN_POINT('Ctrl Pts',(166.726381737753,-35.3711386291429,10.606));
#1368=CARTESIAN_POINT('Ctrl Pts',(166.726381737753,-35.3711386291429,-24.394));
#1369=CARTESIAN_POINT('Ctrl Pts',(165.653057244165,-32.9099146380673,10.606));
#1370=CARTESIAN_POINT('Ctrl Pts',(165.653057244165,-32.9099146380673,-24.394));
#1371=CARTESIAN_POINT('Ctrl Pts',(163.873625815128,-31.1715786438148,10.606));
#1372=CARTESIAN_POINT('Ctrl Pts',(163.873625815128,-31.1715786438148,-24.394));
#1373=CARTESIAN_POINT('Ctrl Pts',(162.094194386091,-29.4332426495623,10.606));
#1374=CARTESIAN_POINT('Ctrl Pts',(162.094194386091,-29.4332426495623,-24.394));
#1375=CARTESIAN_POINT('Ctrl Pts',(159.633820012256,-28.4340224008422,10.606));
#1376=CARTESIAN_POINT('Ctrl Pts',(159.633820012256,-28.4340224008422,-24.394));
#1377=CARTESIAN_POINT('Ctrl Pts',(157.162499960831,-28.4340223363096,10.606));
#1378=CARTESIAN_POINT('Ctrl Pts',(157.162499960831,-28.4340223363096,-24.394));
#1379=CARTESIAN_POINT('',(166.784851271294,-37.8732708921312,1.9));
#1380=CARTESIAN_POINT('',(157.162499960831,-28.4340223363096,1.9));
#1381=CARTESIAN_POINT('Ctrl Pts',(166.784851271294,-37.8732708921312,1.9));
#1382=CARTESIAN_POINT('Ctrl Pts',(166.726381737753,-35.3711386291429,1.9));
#1383=CARTESIAN_POINT('Ctrl Pts',(165.653057244165,-32.9099146380673,1.9));
#1384=CARTESIAN_POINT('Ctrl Pts',(163.873625815128,-31.1715786438148,1.9));
#1385=CARTESIAN_POINT('Ctrl Pts',(162.094194386091,-29.4332426495623,1.9));
#1386=CARTESIAN_POINT('Ctrl Pts',(159.633820012256,-28.4340224008422,1.9));
#1387=CARTESIAN_POINT('Ctrl Pts',(157.162499960831,-28.4340223363096,1.9));
#1388=CARTESIAN_POINT('',(157.162499960831,-28.4340223363096,-9.1));
#1389=CARTESIAN_POINT('',(157.162499960831,-28.4340223363096,10.606));
#1390=CARTESIAN_POINT('',(166.784851271294,-37.8732708921312,-9.1));
#1391=CARTESIAN_POINT('Ctrl Pts',(166.784851271294,-37.8732708921312,-9.1));
#1392=CARTESIAN_POINT('Ctrl Pts',(166.726381737753,-35.3711386291429,-9.1));
#1393=CARTESIAN_POINT('Ctrl Pts',(165.653057244165,-32.9099146380673,-9.1));
#1394=CARTESIAN_POINT('Ctrl Pts',(163.873625815128,-31.1715786438148,-9.1));
#1395=CARTESIAN_POINT('Ctrl Pts',(162.094194386091,-29.4332426495623,-9.1));
#1396=CARTESIAN_POINT('Ctrl Pts',(159.633820012256,-28.4340224008422,-9.1));
#1397=CARTESIAN_POINT('Ctrl Pts',(157.162499960831,-28.4340223363096,-9.1));
#1398=CARTESIAN_POINT('',(166.784851271294,-37.8732708921312,10.606));
#1399=CARTESIAN_POINT('Origin',(157.162499960831,-28.4340223363096,10.606));
#1400=CARTESIAN_POINT('',(100.012499887517,-28.4340223363166,1.9));
#1401=CARTESIAN_POINT('',(147.138077648375,-28.4340223363109,1.9));
#1402=CARTESIAN_POINT('',(100.012499887517,-28.4340223363166,-9.1));
#1403=CARTESIAN_POINT('',(100.012499887517,-28.4340223363166,10.606));
#1404=CARTESIAN_POINT('',(142.87499998041,-28.4340223363114,-9.1));
#1405=CARTESIAN_POINT('',(125.587500042312,-28.4340223363096,-4.6));
#1406=CARTESIAN_POINT('Origin',(128.587500042312,-28.4340223363096,-4.6));
#1407=CARTESIAN_POINT('Ctrl Pts',(100.012499887517,-28.4340223363166,10.606));
#1408=CARTESIAN_POINT('Ctrl Pts',(100.012499887517,-28.4340223363166,-24.394));
#1409=CARTESIAN_POINT('Ctrl Pts',(97.541179829644,-28.434022450601,10.606));
#1410=CARTESIAN_POINT('Ctrl Pts',(97.541179829644,-28.434022450601,-24.394));
#1411=CARTESIAN_POINT('Ctrl Pts',(95.0808055164129,-29.4332427241595,10.606));
#1412=CARTESIAN_POINT('Ctrl Pts',(95.0808055164129,-29.4332427241595,-24.394));
#1413=CARTESIAN_POINT('Ctrl Pts',(93.3013741017943,-31.1715787538102,10.606));
#1414=CARTESIAN_POINT('Ctrl Pts',(93.3013741017943,-31.1715787538102,-24.394));
#1415=CARTESIAN_POINT('Ctrl Pts',(91.5219426871756,-32.9099147834609,10.606));
#1416=CARTESIAN_POINT('Ctrl Pts',(91.5219426871756,-32.9099147834609,-24.394));
#1417=CARTESIAN_POINT('Ctrl Pts',(90.4486226915405,-35.3709475696131,10.606));
#1418=CARTESIAN_POINT('Ctrl Pts',(90.4486226915405,-35.3709475696131,-24.394));
#1419=CARTESIAN_POINT('Ctrl Pts',(90.3901487254146,-37.8732710741297,10.606));
#1420=CARTESIAN_POINT('Ctrl Pts',(90.3901487254146,-37.8732710741297,-24.394));
#1421=CARTESIAN_POINT('',(90.3901487254146,-37.8732710741297,1.9));
#1422=CARTESIAN_POINT('Ctrl Pts',(100.012499887517,-28.4340223363166,1.9));
#1423=CARTESIAN_POINT('Ctrl Pts',(97.541179829644,-28.434022450601,1.9));
#1424=CARTESIAN_POINT('Ctrl Pts',(95.0808055164129,-29.4332427241595,1.9));
#1425=CARTESIAN_POINT('Ctrl Pts',(93.3013741017943,-31.1715787538102,1.9));
#1426=CARTESIAN_POINT('Ctrl Pts',(91.5219426871756,-32.9099147834609,1.9));
#1427=CARTESIAN_POINT('Ctrl Pts',(90.4486226915405,-35.3709475696131,1.9));
#1428=CARTESIAN_POINT('Ctrl Pts',(90.3901487254146,-37.8732710741297,1.9));
#1429=CARTESIAN_POINT('',(90.3901487254146,-37.8732710741297,-9.1));
#1430=CARTESIAN_POINT('',(90.3901487254146,-37.8732710741297,10.606));
#1431=CARTESIAN_POINT('Ctrl Pts',(100.012499887517,-28.4340223363166,-9.1));
#1432=CARTESIAN_POINT('Ctrl Pts',(97.541179829644,-28.434022450601,-9.1));
#1433=CARTESIAN_POINT('Ctrl Pts',(95.0808055164129,-29.4332427241595,-9.1));
#1434=CARTESIAN_POINT('Ctrl Pts',(93.3013741017943,-31.1715787538102,-9.1));
#1435=CARTESIAN_POINT('Ctrl Pts',(91.5219426871756,-32.9099147834609,-9.1));
#1436=CARTESIAN_POINT('Ctrl Pts',(90.4486226915405,-35.3709475696131,-9.1));
#1437=CARTESIAN_POINT('Ctrl Pts',(90.3901487254146,-37.8732710741297,-9.1));
#1438=CARTESIAN_POINT('Ctrl Pts',(90.3901487254146,-37.8732710741297,10.606));
#1439=CARTESIAN_POINT('Ctrl Pts',(90.3901487254146,-37.8732710741297,-24.394));
#1440=CARTESIAN_POINT('Ctrl Pts',(90.3883829944337,-37.9488334214261,10.606));
#1441=CARTESIAN_POINT('Ctrl Pts',(90.3883829944337,-37.9488334214261,-24.394));
#1442=CARTESIAN_POINT('Ctrl Pts',(90.3875000001392,-38.0244168668742,10.606));
#1443=CARTESIAN_POINT('Ctrl Pts',(90.3875000001392,-38.0244168668742,-24.394));
#1444=CARTESIAN_POINT('Ctrl Pts',(90.3875,-38.100000312772,10.606));
#1445=CARTESIAN_POINT('Ctrl Pts',(90.3875,-38.100000312772,-24.394));
#1446=CARTESIAN_POINT('',(90.3875,-38.1,1.9));
#1447=CARTESIAN_POINT('Ctrl Pts',(90.3901487254146,-37.8732710741297,1.9));
#1448=CARTESIAN_POINT('Ctrl Pts',(90.3892658551805,-37.9110524507773,1.9));
#1449=CARTESIAN_POINT('Ctrl Pts',(90.3886036708699,-37.9488386693193,1.9));
#1450=CARTESIAN_POINT('Ctrl Pts',(90.3877207401657,-38.0244169068481,1.9));
#1451=CARTESIAN_POINT('Ctrl Pts',(90.3875000012875,-38.0622082959339,1.9));
#1452=CARTESIAN_POINT('Ctrl Pts',(90.3875,-38.1,1.9));
#1453=CARTESIAN_POINT('',(90.3875,-38.1,-9.1));
#1454=CARTESIAN_POINT('',(90.3875,-38.1,0.));
#1455=CARTESIAN_POINT('Ctrl Pts',(90.3901487254146,-37.8732710741297,-9.1));
#1456=CARTESIAN_POINT('Ctrl Pts',(90.3892658551805,-37.9110524507773,-9.1));
#1457=CARTESIAN_POINT('Ctrl Pts',(90.3886036708699,-37.9488386693193,-9.1));
#1458=CARTESIAN_POINT('Ctrl Pts',(90.3877207389478,-38.0244170110983,-9.1));
#1459=CARTESIAN_POINT('Ctrl Pts',(90.3875000000696,-38.0622085044468,-9.1));
#1460=CARTESIAN_POINT('Ctrl Pts',(90.3875,-38.100000312772,-9.1));
#1461=CARTESIAN_POINT('Origin',(90.3875,-38.1,0.));
#1462=CARTESIAN_POINT('',(90.387499999993,-123.825000003256,1.9));
#1463=CARTESIAN_POINT('',(90.3874999999985,-56.8481351075509,1.9));
#1464=CARTESIAN_POINT('',(90.387499999993,-123.825000003256,-9.1));
#1465=CARTESIAN_POINT('',(90.387499999993,-123.825000003256,0.));
#1466=CARTESIAN_POINT('',(90.3874999999983,-59.5312499999759,-9.1));
#1467=CARTESIAN_POINT('Origin',(128.587500042312,-130.449999999917,-4.6));
#1468=CARTESIAN_POINT('',(125.587500042312,-133.449999999917,-4.6));
#1469=CARTESIAN_POINT('Origin',(128.587500042312,-133.449999999917,-4.6));
#1470=CARTESIAN_POINT('',(125.587500042312,-135.949999999917,-4.6));
#1471=CARTESIAN_POINT('',(125.587500042312,-130.449999999917,-4.6));
#1472=CARTESIAN_POINT('Origin',(128.587500042312,-135.949999999917,-4.6));
#1473=CARTESIAN_POINT('Origin',(128.587500042312,-130.449999999917,-4.6));
#1474=CARTESIAN_POINT('',(125.587500042312,-25.975,-4.6));
#1475=CARTESIAN_POINT('Origin',(128.587500042312,-25.975,-4.6));
#1476=CARTESIAN_POINT('',(125.587500042312,-130.449999999917,-4.6));
#1477=CARTESIAN_POINT('Origin',(157.16249968998,-123.8249996899,-8.6));
#1478=CARTESIAN_POINT('',(157.162500084625,-135.949999999917,-8.1));
#1479=CARTESIAN_POINT('',(157.162500052077,-134.949999999917,-9.1));
#1480=CARTESIAN_POINT('',(157.162500084625,-135.949999999917,-8.1));
#1481=CARTESIAN_POINT('',(168.287499999997,-123.824999925788,-9.1));
#1482=CARTESIAN_POINT('Origin',(157.16249968998,-123.8249996899,-9.1));
#1483=CARTESIAN_POINT('',(169.287499999997,-123.824999946991,-8.1));
#1484=CARTESIAN_POINT('',(168.287499999997,-123.824999925788,-9.1));
#1485=CARTESIAN_POINT('Origin',(157.16249968998,-123.8249996899,-8.1));
#1486=CARTESIAN_POINT('Origin',(142.875000082995,-135.449999999917,-8.6));
#1487=CARTESIAN_POINT('',(100.0125,-135.949999999917,-8.1));
#1488=CARTESIAN_POINT('',(100.0125,-134.949999999917,-9.1));
#1489=CARTESIAN_POINT('',(100.0125,-135.949999999917,-8.1));
#1490=CARTESIAN_POINT('',(142.875000082995,-134.949999999917,-9.1));
#1491=CARTESIAN_POINT('',(142.875000082995,-135.949999999917,-8.1));
#1492=CARTESIAN_POINT('Origin',(100.01250031001,-123.8249996899,-8.6));
#1493=CARTESIAN_POINT('',(87.887499999993,-123.825000084647,-8.1));
#1494=CARTESIAN_POINT('',(88.887499999993,-123.82500005209,-9.1));
#1495=CARTESIAN_POINT('',(87.887499999993,-123.825000084647,-8.1));
#1496=CARTESIAN_POINT('Origin',(100.01250031001,-123.8249996899,-9.1));
#1497=CARTESIAN_POINT('Origin',(100.01250031001,-123.8249996899,-8.1));
#1498=CARTESIAN_POINT('Origin',(88.3874999999947,-102.393750082995,-8.6));
#1499=CARTESIAN_POINT('',(87.8875,-38.0999999999998,-8.1));
#1500=CARTESIAN_POINT('',(88.8875,-38.0999999999999,-9.1));
#1501=CARTESIAN_POINT('',(87.8875,-38.0999999999998,-8.1));
#1502=CARTESIAN_POINT('',(88.8874999999947,-102.393750082995,-9.1));
#1503=CARTESIAN_POINT('',(87.8874999999947,-102.393750082995,-8.1));
#1504=CARTESIAN_POINT('Origin',(100.01250031001,-38.10000031001,-8.6));
#1505=CARTESIAN_POINT('',(100.012499834011,-25.975,-8.1));
#1506=CARTESIAN_POINT('',(100.012499873268,-26.975,-9.1));
#1507=CARTESIAN_POINT('',(100.012499834011,-25.975,-8.1));
#1508=CARTESIAN_POINT('Origin',(100.01250031001,-38.10000031001,-9.1));
#1509=CARTESIAN_POINT('Origin',(100.01250031001,-38.10000031001,-8.1));
#1510=CARTESIAN_POINT('Origin',(114.299999917,-26.4749999999983,-8.6));
#1511=CARTESIAN_POINT('',(157.1625,-25.974999999993,-8.1));
#1512=CARTESIAN_POINT('',(157.1625,-26.974999999993,-9.1));
#1513=CARTESIAN_POINT('',(157.1625,-25.974999999993,-8.1));
#1514=CARTESIAN_POINT('',(114.299999917,-26.9749999999983,-9.1));
#1515=CARTESIAN_POINT('',(114.299999916999,-25.9749999999983,-8.1));
#1516=CARTESIAN_POINT('Origin',(157.16249968998,-38.10000031001,-8.6));
#1517=CARTESIAN_POINT('',(169.287499999997,-38.0999998340104,-8.1));
#1518=CARTESIAN_POINT('',(168.287499999997,-38.0999998732681,-9.1));
#1519=CARTESIAN_POINT('',(169.287499999997,-38.0999998340104,-8.1));
#1520=CARTESIAN_POINT('Origin',(157.16249968998,-38.10000031001,-9.1));
#1521=CARTESIAN_POINT('Origin',(157.16249968998,-38.10000031001,-8.1));
#1522=CARTESIAN_POINT('Origin',(168.787499999997,-59.5312499169827,-8.6));
#1523=CARTESIAN_POINT('',(168.287499999997,-59.5312499169827,-9.1));
#1524=CARTESIAN_POINT('',(169.287499999997,-59.5312499169827,-8.1));
#1525=CARTESIAN_POINT('Origin',(87.887499999993,-123.825000166038,0.));
#1526=CARTESIAN_POINT('',(87.887499999993,-123.825000084647,9.606));
#1527=CARTESIAN_POINT('',(87.887499999993,-123.825000084647,-0.0999999999999995));
#1528=CARTESIAN_POINT('',(87.8874999999973,-71.3466006996406,9.606));
#1529=CARTESIAN_POINT('',(87.8874999999947,-102.393750082995,9.606));
#1530=CARTESIAN_POINT('',(87.8874999999996,-43.2968836078888,5.54921129534586));
#1531=CARTESIAN_POINT('Origin',(87.8874999999973,-71.3466006996406,-89.394));
#1532=CARTESIAN_POINT('',(87.8875,-38.3833307856843,4.09756704719124));
#1533=CARTESIAN_POINT('',(87.8874999999961,-86.5098798454063,18.3159199690045));
#1534=CARTESIAN_POINT('',(87.8875,-38.1000000474362,4.01386645079044));
#1535=CARTESIAN_POINT('Ctrl Pts',(87.8875,-38.1000000512423,4.01386643790397));
#1536=CARTESIAN_POINT('Ctrl Pts',(87.8875,-38.1944754202814,4.04177031965722));
#1537=CARTESIAN_POINT('Ctrl Pts',(87.8875,-38.2889028397771,4.06966955844912));
#1538=CARTESIAN_POINT('Ctrl Pts',(87.8875,-38.3833307839908,4.09756704669093));
#1539=CARTESIAN_POINT('',(87.8875,-38.0999999999998,-0.0999999999999995));
#1540=CARTESIAN_POINT('Origin',(100.01250031001,-123.8249996899,0.));
#1541=CARTESIAN_POINT('',(100.0125,-135.949999999917,9.606));
#1542=CARTESIAN_POINT('',(100.0125,-135.949999999917,-0.0999999999999995));
#1543=CARTESIAN_POINT('Origin',(100.01250031001,-123.8249996899,9.606));
#1544=CARTESIAN_POINT('Origin',(157.162500165995,-135.949999999917,0.));
#1545=CARTESIAN_POINT('',(157.162500084625,-135.949999999917,9.606));
#1546=CARTESIAN_POINT('',(157.162500084625,-135.949999999917,-0.0999999999999995));
#1547=CARTESIAN_POINT('',(142.875000082995,-135.949999999917,9.606));
#1548=CARTESIAN_POINT('Origin',(157.16249968998,-123.8249996899,0.));
#1549=CARTESIAN_POINT('',(169.287499999997,-123.824999946991,9.606));
#1550=CARTESIAN_POINT('',(169.287499999997,-123.824999946991,1.61));
#1551=CARTESIAN_POINT('Origin',(157.16249968998,-123.8249996899,9.606));
#1552=CARTESIAN_POINT('Origin',(128.587499999995,-80.962499999955,-9.1));
#1553=CARTESIAN_POINT('',(100.0125,-133.449999999917,-9.1));
#1554=CARTESIAN_POINT('Origin',(100.01250031001,-123.8249996899,-9.1));
#1555=CARTESIAN_POINT('',(157.162500052077,-133.449999999917,-9.1));
#1556=CARTESIAN_POINT('',(114.299999999997,-133.449999999917,-9.1));
#1557=CARTESIAN_POINT('',(166.787499999997,-123.824999912327,-9.1));
#1558=CARTESIAN_POINT('Origin',(157.16249968998,-123.8249996899,-9.1));
#1559=CARTESIAN_POINT('',(166.787499999997,-38.0999998340104,-9.1));
#1560=CARTESIAN_POINT('',(166.787499999997,-102.393749999978,-9.1));
#1561=CARTESIAN_POINT('Ctrl Pts',(166.787499999997,-38.0999998340104,-9.1));
#1562=CARTESIAN_POINT('Ctrl Pts',(166.787499998224,-38.0622080751297,-9.1));
#1563=CARTESIAN_POINT('Ctrl Pts',(166.78727925822,-38.0244166312475,-9.1));
#1564=CARTESIAN_POINT('Ctrl Pts',(166.786396325201,-37.9488383884065,-9.1));
#1565=CARTESIAN_POINT('Ctrl Pts',(166.785734140921,-37.9110522193262,-9.1));
#1566=CARTESIAN_POINT('Ctrl Pts',(166.784851271294,-37.8732708921312,-9.1));
#1567=CARTESIAN_POINT('Origin',(157.16249968998,-38.10000031001,0.));
#1568=CARTESIAN_POINT('',(157.1625,-25.974999999993,0.474418275187088));
#1569=CARTESIAN_POINT('',(157.1625,-25.974999999993,0.));
#1570=CARTESIAN_POINT('',(169.287499999997,-38.0999998340104,4.01386637373983));
#1571=CARTESIAN_POINT('Ctrl Pts',(169.287499999997,-38.0999998340104,4.01386637373983));
#1572=CARTESIAN_POINT('Ctrl Pts',(169.287499929812,-36.3121860419921,3.48582456607933));
#1573=CARTESIAN_POINT('Ctrl Pts',(168.482980487025,-32.7186830359555,2.43028506906305));
#1574=CARTESIAN_POINT('Ctrl Pts',(165.322126656214,-28.7017986233936,1.26218363953493));
#1575=CARTESIAN_POINT('Ctrl Pts',(161.279940660275,-26.4468028588158,0.610399156847258));
#1576=CARTESIAN_POINT('Ctrl Pts',(158.535342153465,-25.9750000350947,0.474418284636979));
#1577=CARTESIAN_POINT('Ctrl Pts',(157.1625,-25.974999999993,0.474418275187086));
#1578=CARTESIAN_POINT('',(169.287499999997,-38.0999998340104,0.));
#1579=CARTESIAN_POINT('Origin',(100.01250031001,-38.10000031001,0.));
#1580=CARTESIAN_POINT('',(100.012499834011,-25.975,0.47441827518918));
#1581=CARTESIAN_POINT('Ctrl Pts',(100.012499834011,-25.975,0.47441827518918));
#1582=CARTESIAN_POINT('Ctrl Pts',(98.182043627944,-25.9750000718595,0.474418296812457));
#1583=CARTESIAN_POINT('Ctrl Pts',(94.528058904867,-26.8211056384618,0.718229820349799));
#1584=CARTESIAN_POINT('Ctrl Pts',(89.4335501960696,-30.9243806325455,1.90619867687896));
#1585=CARTESIAN_POINT('Ctrl Pts',(87.8875000572324,-35.4182793615137,3.22180372567375));
#1586=CARTESIAN_POINT('Ctrl Pts',(87.8875,-38.1000000512424,4.01386643790399));
#1587=CARTESIAN_POINT('',(100.012499834011,-25.975,0.));
#1588=CARTESIAN_POINT('Origin',(169.287499999997,-38.0999998340104,0.));
#1589=CARTESIAN_POINT('',(169.287499999997,-38.3833303096847,4.09756690656341));
#1590=CARTESIAN_POINT('Ctrl Pts',(169.287499999997,-38.3833303096847,4.09756690656341));
#1591=CARTESIAN_POINT('Ctrl Pts',(169.287499999997,-38.288902451188,4.06966944364559));
#1592=CARTESIAN_POINT('Ctrl Pts',(169.287499999997,-38.1944751173421,4.04177023016466));
#1593=CARTESIAN_POINT('Ctrl Pts',(169.287499999997,-38.0999998340104,4.01386637373982));
#1594=CARTESIAN_POINT('',(169.287499999997,-43.296883607889,5.54921129534587));
#1595=CARTESIAN_POINT('',(169.287499999997,-47.0882165341027,6.66931050549498));
#1596=CARTESIAN_POINT('',(169.287499999997,-71.3466006996408,9.60600000000001));
#1597=CARTESIAN_POINT('Origin',(169.287499999997,-71.3466006996408,-89.394));
#1598=CARTESIAN_POINT('',(169.287499999997,-59.5312499169827,9.606));
#1599=CARTESIAN_POINT('Origin',(100.012499834011,-25.975,0.));
#1600=CARTESIAN_POINT('',(93.9499999170015,-25.9750000000008,0.474418275189405));
#1601=CARTESIAN_POINT('Ctrl Pts',(166.787499999997,-38.0999998340104,10.606));
#1602=CARTESIAN_POINT('Ctrl Pts',(166.787499999997,-38.0999998340104,-24.394));
#1603=CARTESIAN_POINT('Ctrl Pts',(166.787499996451,-38.024416466696,10.606));
#1604=CARTESIAN_POINT('Ctrl Pts',(166.787499996451,-38.024416466696,-24.394));
#1605=CARTESIAN_POINT('Ctrl Pts',(166.786617001535,-37.9488331608295,10.606));
#1606=CARTESIAN_POINT('Ctrl Pts',(166.786617001535,-37.9488331608295,-24.394));
#1607=CARTESIAN_POINT('Ctrl Pts',(166.784851271294,-37.8732708921312,10.606));
#1608=CARTESIAN_POINT('Ctrl Pts',(166.784851271294,-37.8732708921312,-24.394));
#1609=CARTESIAN_POINT('',(166.787499999997,-38.0999998340104,1.9));
#1610=CARTESIAN_POINT('Ctrl Pts',(166.787499999997,-38.0999998340104,1.9));
#1611=CARTESIAN_POINT('Ctrl Pts',(166.787499998224,-38.0622080751296,1.9));
#1612=CARTESIAN_POINT('Ctrl Pts',(166.78727925822,-38.0244166312475,1.9));
#1613=CARTESIAN_POINT('Ctrl Pts',(166.786396325201,-37.9488383884065,1.9));
#1614=CARTESIAN_POINT('Ctrl Pts',(166.785734140921,-37.9110522193262,1.9));
#1615=CARTESIAN_POINT('Ctrl Pts',(166.784851271294,-37.8732708921312,1.9));
#1616=CARTESIAN_POINT('',(166.787499999997,-38.0999998340104,10.606));
#1617=CARTESIAN_POINT('Ctrl Pts',(87.8875,-38.1000000512424,4.01386643790399));
#1618=CARTESIAN_POINT('Ctrl Pts',(87.8875000572324,-35.4182793615137,3.22180372567375));
#1619=CARTESIAN_POINT('Ctrl Pts',(89.4335501960696,-30.9243806325455,1.90619867687896));
#1620=CARTESIAN_POINT('Ctrl Pts',(94.528058904867,-26.8211056384618,0.718229820349799));
#1621=CARTESIAN_POINT('Ctrl Pts',(98.182043627944,-25.9750000718595,0.474418296812457));
#1622=CARTESIAN_POINT('Ctrl Pts',(100.012499834011,-25.975,0.47441827518918));
#1623=CARTESIAN_POINT('Ctrl Pts',(88.2218527002392,-38.0127429801252,4.33566177907279));
#1624=CARTESIAN_POINT('Ctrl Pts',(88.2411418957168,-35.3994727497107,3.56374977503197));
#1625=CARTESIAN_POINT('Ctrl Pts',(89.7791999785636,-31.044579827023,2.28519284029495));
#1626=CARTESIAN_POINT('Ctrl Pts',(94.7246993486531,-27.103656789317,1.13709221870386));
#1627=CARTESIAN_POINT('Ctrl Pts',(98.2477808142923,-26.2946741817803,0.902195121260654));
#1628=CARTESIAN_POINT('Ctrl Pts',(100.012499851846,-26.2946741121056,0.902195100413934));
#1629=CARTESIAN_POINT('Ctrl Pts',(88.5562054004783,-37.9254859090081,4.65745712024159));
#1630=CARTESIAN_POINT('Ctrl Pts',(88.5947837342011,-35.3806661379076,3.9056958243902));
#1631=CARTESIAN_POINT('Ctrl Pts',(90.1248497610576,-31.1647790215004,2.66418700371095));
#1632=CARTESIAN_POINT('Ctrl Pts',(94.9213397924392,-27.3862079401721,1.55595461705792));
#1633=CARTESIAN_POINT('Ctrl Pts',(98.3135180006406,-26.6143482917012,1.32997194570885));
#1634=CARTESIAN_POINT('Ctrl Pts',(100.012499869682,-26.6143482242111,1.32997192563869));
#1635=CARTESIAN_POINT('Ctrl Pts',(88.8905581007175,-37.8382288378909,4.97925246141039));
#1636=CARTESIAN_POINT('Ctrl Pts',(88.9484255726855,-35.3618595261046,4.24764187374842));
#1637=CARTESIAN_POINT('Ctrl Pts',(90.4704995435515,-31.2849782159779,3.04318116712694));
#1638=CARTESIAN_POINT('Ctrl Pts',(95.1179802362254,-27.6687590910273,1.97481701541198));
#1639=CARTESIAN_POINT('Ctrl Pts',(98.379255186989,-26.934022401622,1.75774877015705));
#1640=CARTESIAN_POINT('Ctrl Pts',(100.012499887517,-26.9340223363166,1.75774875086344));
#1641=CARTESIAN_POINT('',(88.8905581007175,-37.8382288378908,4.97925246141037));
#1642=CARTESIAN_POINT('',(87.8875,-38.1000000474362,4.01386645079044));
#1643=CARTESIAN_POINT('',(100.012499887517,-26.9340223363166,1.75774875086344));
#1644=CARTESIAN_POINT('Ctrl Pts',(88.8905581007175,-37.8382288378909,4.97925246141039));
#1645=CARTESIAN_POINT('Ctrl Pts',(88.9484255726855,-35.3618595261046,4.24764187374842));
#1646=CARTESIAN_POINT('Ctrl Pts',(90.4704995435515,-31.2849782159779,3.04318116712694));
#1647=CARTESIAN_POINT('Ctrl Pts',(95.1179802362254,-27.6687590910273,1.97481701541198));
#1648=CARTESIAN_POINT('Ctrl Pts',(98.379255186989,-26.934022401622,1.75774877015705));
#1649=CARTESIAN_POINT('Ctrl Pts',(100.012499887517,-26.9340223363166,1.75774875086344));
#1650=CARTESIAN_POINT('',(100.012499887517,-26.9340223363166,1.75774875086344));
#1651=CARTESIAN_POINT('Origin',(93.9499999170016,-26.4545111681591,1.11608351302654));
#1652=CARTESIAN_POINT('',(157.1625,-26.9340223363096,1.75774875086135));
#1653=CARTESIAN_POINT('',(157.1625,-26.9340223363096,1.75774875086135));
#1654=CARTESIAN_POINT('',(93.9499999170016,-26.9340223363174,1.75774875086367));
#1655=CARTESIAN_POINT('Ctrl Pts',(157.1625,-25.974999999993,0.474418275187086));
#1656=CARTESIAN_POINT('Ctrl Pts',(158.535342153465,-25.9750000350947,0.474418284636979));
#1657=CARTESIAN_POINT('Ctrl Pts',(161.279940660275,-26.4468028588158,0.610399156847258));
#1658=CARTESIAN_POINT('Ctrl Pts',(165.322126656214,-28.7017986233936,1.26218363953493));
#1659=CARTESIAN_POINT('Ctrl Pts',(168.482980487025,-32.7186830359555,2.43028506906305));
#1660=CARTESIAN_POINT('Ctrl Pts',(169.287499929812,-36.3121860419921,3.48582456607933));
#1661=CARTESIAN_POINT('Ctrl Pts',(169.287499999997,-38.0999998340104,4.01386637373983));
#1662=CARTESIAN_POINT('Ctrl Pts',(157.162499989607,-26.2946741120986,0.90219510041184));
#1663=CARTESIAN_POINT('Ctrl Pts',(158.486039266726,-26.294674145013,0.902195109522359));
#1664=CARTESIAN_POINT('Ctrl Pts',(161.132167215581,-26.7459131929634,1.03323636497701));
#1665=CARTESIAN_POINT('Ctrl Pts',(165.043511451591,-28.9082956694123,1.66246754755841));
#1666=CARTESIAN_POINT('Ctrl Pts',(168.130510789039,-32.7805832236006,2.79406107500207));
#1667=CARTESIAN_POINT('Ctrl Pts',(168.940287805514,-36.2705626152117,3.82105371406669));
#1668=CARTESIAN_POINT('Ctrl Pts',(168.953147298492,-38.0127427673856,4.33566171623111));
#1669=CARTESIAN_POINT('Ctrl Pts',(157.162499979214,-26.6143482242041,1.32997192563659));
#1670=CARTESIAN_POINT('Ctrl Pts',(158.436736379988,-26.6143482549313,1.32997193440774));
#1671=CARTESIAN_POINT('Ctrl Pts',(160.984393770888,-27.0450235271109,1.45607357310676));
#1672=CARTESIAN_POINT('Ctrl Pts',(164.764896246967,-29.114792715431,2.06275145558188));
#1673=CARTESIAN_POINT('Ctrl Pts',(167.778041091053,-32.8424834112457,3.1578370809411));
#1674=CARTESIAN_POINT('Ctrl Pts',(168.593075681217,-36.2289391884312,4.15628286205405));
#1675=CARTESIAN_POINT('Ctrl Pts',(168.618794596987,-37.9254857007608,4.65745705872239));
#1676=CARTESIAN_POINT('Ctrl Pts',(157.162499968821,-26.9340223363096,1.75774875086135));
#1677=CARTESIAN_POINT('Ctrl Pts',(158.38743349325,-26.9340223648497,1.75774875929312));
#1678=CARTESIAN_POINT('Ctrl Pts',(160.836620326195,-27.3441338612585,1.87891078123652));
#1679=CARTESIAN_POINT('Ctrl Pts',(164.486281042344,-29.3212897614497,2.46303536360536));
#1680=CARTESIAN_POINT('Ctrl Pts',(167.425571393067,-32.9043835988908,3.52161308688013));
#1681=CARTESIAN_POINT('Ctrl Pts',(168.24586355692,-36.1873157616508,4.49151201004142));
#1682=CARTESIAN_POINT('Ctrl Pts',(168.284441895482,-37.8382286341361,4.97925240121368));
#1683=CARTESIAN_POINT('',(168.284441895482,-37.8382286341361,4.97925240121367));
#1684=CARTESIAN_POINT('',(168.284441895482,-37.8382286341361,4.97925240121367));
#1685=CARTESIAN_POINT('Ctrl Pts',(157.162500031178,-26.9340223363096,1.75774875086135));
#1686=CARTESIAN_POINT('Ctrl Pts',(158.387433534809,-26.9340223718087,1.75774876134909));
#1687=CARTESIAN_POINT('Ctrl Pts',(160.836620344774,-27.3441338713235,1.87891078421008));
#1688=CARTESIAN_POINT('Ctrl Pts',(164.486281042344,-29.3212897614497,2.46303536360536));
#1689=CARTESIAN_POINT('Ctrl Pts',(167.425571393067,-32.9043835988908,3.52161308688013));
#1690=CARTESIAN_POINT('Ctrl Pts',(168.24586355692,-36.1873157616508,4.49151201004142));
#1691=CARTESIAN_POINT('Ctrl Pts',(168.284441895482,-37.8382286341361,4.97925240121368));
#1692=CARTESIAN_POINT('Origin',(168.787499999997,-46.9465512962656,7.14882167365329));
#1693=CARTESIAN_POINT('',(168.287499999997,-43.0135531322148,6.50823363166252));
#1694=CARTESIAN_POINT('',(168.287499999997,-43.0135531322148,6.50823363166252));
#1695=CARTESIAN_POINT('',(168.287499999997,-38.0999998340104,5.05658924288003));
#1696=CARTESIAN_POINT('',(169.287499999997,-38.3833303096847,4.09756690656341));
#1697=CARTESIAN_POINT('',(168.287499999997,-46.8048860584285,7.62833284181161));
#1698=CARTESIAN_POINT('Origin',(168.787499999997,-71.3466006996408,-89.394));
#1699=CARTESIAN_POINT('',(168.287499999997,-71.3466006996408,10.606));
#1700=CARTESIAN_POINT('Origin',(168.287499999997,-71.3466006996408,-89.394));
#1701=CARTESIAN_POINT('',(168.287499999997,-71.3466006996408,10.606));
#1702=CARTESIAN_POINT('Origin',(168.787499999997,-59.5312499169827,10.106));
#1703=CARTESIAN_POINT('',(168.287499999997,-123.824999946991,10.606));
#1704=CARTESIAN_POINT('',(168.287499999997,-59.5312499169827,10.606));
#1705=CARTESIAN_POINT('',(168.287499999997,-123.824999946991,10.606));
#1706=CARTESIAN_POINT('Origin',(157.16249968998,-123.8249996899,10.106));
#1707=CARTESIAN_POINT('',(157.162500052077,-134.949999999917,10.606));
#1708=CARTESIAN_POINT('Origin',(157.16249968998,-123.8249996899,10.606));
#1709=CARTESIAN_POINT('',(157.162500052077,-134.949999999917,10.606));
#1710=CARTESIAN_POINT('Origin',(142.875000082995,-135.449999999917,10.106));
#1711=CARTESIAN_POINT('',(100.0125,-134.949999999917,10.606));
#1712=CARTESIAN_POINT('',(142.875000082995,-134.949999999917,10.606));
#1713=CARTESIAN_POINT('',(100.0125,-134.949999999917,10.606));
#1714=CARTESIAN_POINT('Origin',(100.01250031001,-123.8249996899,10.106));
#1715=CARTESIAN_POINT('',(88.887499999993,-123.82500005209,10.606));
#1716=CARTESIAN_POINT('Origin',(100.01250031001,-123.8249996899,10.606));
#1717=CARTESIAN_POINT('',(88.887499999993,-123.82500005209,10.606));
#1718=CARTESIAN_POINT('Origin',(88.3874999999948,-102.393750082995,10.106));
#1719=CARTESIAN_POINT('',(88.8874999999973,-71.3466006996407,10.606));
#1720=CARTESIAN_POINT('',(88.8874999999948,-102.393750082995,10.606));
#1721=CARTESIAN_POINT('',(88.8874999999973,-71.3466006996407,10.606));
#1722=CARTESIAN_POINT('Origin',(88.3874999999925,-71.3466006996407,-89.394));
#1723=CARTESIAN_POINT('',(88.88749999999,-43.0135531322146,6.50823363166252));
#1724=CARTESIAN_POINT('Origin',(88.8874999999877,-71.3466006996407,-89.394));
#1725=CARTESIAN_POINT('',(88.88749999999,-43.0135531322146,6.50823363166252));
#1726=CARTESIAN_POINT('Origin',(88.3874999999961,-86.3682146075692,18.7954311371629));
#1727=CARTESIAN_POINT('',(88.8875,-38.1000003100101,5.05658938350788));
#1728=CARTESIAN_POINT('',(88.8875,-38.1000003100101,5.05658938350788));
#1729=CARTESIAN_POINT('',(88.8874999999961,-86.2265493697321,19.2749423053212));
#1730=CARTESIAN_POINT('Ctrl Pts',(169.287499999997,-38.0999998340104,4.01386637373982));
#1731=CARTESIAN_POINT('Ctrl Pts',(169.287499999997,-38.1944751173421,4.04177023016466));
#1732=CARTESIAN_POINT('Ctrl Pts',(169.287499999997,-38.288902451188,4.06966944364559));
#1733=CARTESIAN_POINT('Ctrl Pts',(169.287499999997,-38.3833303096847,4.09756690656341));
#1734=CARTESIAN_POINT('Ctrl Pts',(168.953147298492,-38.0127427673856,4.33566171623111));
#1735=CARTESIAN_POINT('Ctrl Pts',(168.953826843435,-38.1048065853182,4.36285567624949));
#1736=CARTESIAN_POINT('Ctrl Pts',(168.954166665571,-38.1968465323374,4.39004893265396));
#1737=CARTESIAN_POINT('Ctrl Pts',(168.954166666664,-38.288886829307,4.41724102207053));
#1738=CARTESIAN_POINT('Ctrl Pts',(168.618794596987,-37.9254857007608,4.65745705872239));
#1739=CARTESIAN_POINT('Ctrl Pts',(168.620153686873,-38.0151380532943,4.68394112233431));
#1740=CARTESIAN_POINT('Ctrl Pts',(168.620833331145,-38.1047906134867,4.71042842166234));
#1741=CARTESIAN_POINT('Ctrl Pts',(168.62083333333,-38.1944433489293,4.73691513757764));
#1742=CARTESIAN_POINT('Ctrl Pts',(168.284441895482,-37.8382286341361,4.97925240121367));
#1743=CARTESIAN_POINT('Ctrl Pts',(168.286480530311,-37.9254695212704,5.00502656841914));
#1744=CARTESIAN_POINT('Ctrl Pts',(168.28749999672,-38.012734694636,5.03080791067072));
#1745=CARTESIAN_POINT('Ctrl Pts',(168.287499999997,-38.0999998685516,5.05658925308476));
#1746=CARTESIAN_POINT('Ctrl Pts',(168.284441895482,-37.8382286341361,4.97925240121367));
#1747=CARTESIAN_POINT('Ctrl Pts',(168.286480530042,-37.9254695097598,5.00502656501851));
#1748=CARTESIAN_POINT('Ctrl Pts',(168.287499996451,-38.0127346716086,5.03080790386757));
#1749=CARTESIAN_POINT('Ctrl Pts',(168.287499999997,-38.0999998340104,5.05658924288003));
#1750=CARTESIAN_POINT('Ctrl Pts',(87.8875,-38.3833307839908,4.09756704669093));
#1751=CARTESIAN_POINT('Ctrl Pts',(87.8875,-38.2889028397771,4.06966955844912));
#1752=CARTESIAN_POINT('Ctrl Pts',(87.8875,-38.1944754202814,4.04177031965722));
#1753=CARTESIAN_POINT('Ctrl Pts',(87.8875,-38.1000000512423,4.01386643790397));
#1754=CARTESIAN_POINT('Ctrl Pts',(88.2208333333333,-38.2888872926639,4.41724115896325));
#1755=CARTESIAN_POINT('Ctrl Pts',(88.2208333333869,-38.1968469121445,4.390049044863));
#1756=CARTESIAN_POINT('Ctrl Pts',(88.2211731551014,-38.1048068816066,4.36285576377943));
#1757=CARTESIAN_POINT('Ctrl Pts',(88.2218527002392,-38.0127429801252,4.33566177907277));
#1758=CARTESIAN_POINT('Ctrl Pts',(88.5541666666667,-38.194443801337,4.73691527123556));
#1759=CARTESIAN_POINT('Ctrl Pts',(88.5541666667738,-38.1047909845119,4.71042853127688));
#1760=CARTESIAN_POINT('Ctrl Pts',(88.5548463102027,-38.0151383429319,4.68394120790165));
#1761=CARTESIAN_POINT('Ctrl Pts',(88.5562054004783,-37.925485909008,4.65745712024157));
#1762=CARTESIAN_POINT('Ctrl Pts',(88.8875,-38.1000003100101,5.05658938350788));
#1763=CARTESIAN_POINT('Ctrl Pts',(88.8875000001607,-38.0127350568794,5.03080801769077));
#1764=CARTESIAN_POINT('Ctrl Pts',(88.8885194653041,-37.9254698042571,5.00502665202386));
#1765=CARTESIAN_POINT('Ctrl Pts',(88.8905581007175,-37.8382288378909,4.97925246141037));
#1766=CARTESIAN_POINT('Ctrl Pts',(88.8875,-38.1000003100101,5.05658938350788));
#1767=CARTESIAN_POINT('Ctrl Pts',(88.8875000001607,-38.0127350568794,5.03080801769077));
#1768=CARTESIAN_POINT('Ctrl Pts',(88.8885194653041,-37.9254698042571,5.00502665202386));
#1769=CARTESIAN_POINT('Ctrl Pts',(88.8905581007175,-37.8382288378909,4.97925246141037));
#1770=CARTESIAN_POINT('Origin',(100.01250031001,-123.8249996899,0.));
#1771=CARTESIAN_POINT('',(100.0125,-133.449999999917,1.9));
#1772=CARTESIAN_POINT('Origin',(100.01250031001,-123.8249996899,1.9));
#1773=CARTESIAN_POINT('',(100.0125,-133.449999999917,0.));
#1774=CARTESIAN_POINT('Origin',(100.0125,-133.449999999917,0.));
#1775=CARTESIAN_POINT('',(157.162500052077,-133.449999999917,1.9));
#1776=CARTESIAN_POINT('',(118.563077667963,-133.449999999917,1.9));
#1777=CARTESIAN_POINT('',(157.162500052077,-133.449999999917,10.606));
#1778=CARTESIAN_POINT('Origin',(157.16249968998,-123.8249996899,0.));
#1779=CARTESIAN_POINT('',(166.787499999997,-123.824999912327,1.9));
#1780=CARTESIAN_POINT('Origin',(157.16249968998,-123.8249996899,1.9));
#1781=CARTESIAN_POINT('',(166.787499999997,-123.824999912327,10.606));
#1782=CARTESIAN_POINT('Origin',(166.787499999997,-123.825,0.));
#1783=CARTESIAN_POINT('',(166.787499999997,-99.7106351075528,1.9));
#1784=CARTESIAN_POINT('Origin',(137.113655335925,-75.5962702151056,1.9));
#1785=CARTESIAN_POINT('',(157.162500003255,-132.449999999917,1.9));
#1786=CARTESIAN_POINT('',(100.012500032209,-132.449999999917,1.9));
#1787=CARTESIAN_POINT('',(147.13807766959,-132.449999999917,1.9));
#1788=CARTESIAN_POINT('',(165.787499999997,-123.824999967782,1.9));
#1789=CARTESIAN_POINT('Origin',(157.16249968998,-123.8249996899,1.9));
#1790=CARTESIAN_POINT('',(165.787499999997,-38.0999999967453,1.9));
#1791=CARTESIAN_POINT('',(165.787499999997,-56.8481351059255,1.9));
#1792=CARTESIAN_POINT('',(157.16249996779,-29.474999999993,1.9));
#1793=CARTESIAN_POINT('Origin',(157.16249968998,-38.10000031001,1.9));
#1794=CARTESIAN_POINT('',(100.012499996745,-29.475,1.9));
#1795=CARTESIAN_POINT('',(118.563077666333,-29.4749999999977,1.9));
#1796=CARTESIAN_POINT('',(91.3875,-38.1000000322088,1.9));
#1797=CARTESIAN_POINT('Origin',(100.01250031001,-38.10000031001,1.9));
#1798=CARTESIAN_POINT('',(91.387499999993,-123.825000003256,1.9));
#1799=CARTESIAN_POINT('',(91.387499999995,-99.7106351091788,1.9));
#1800=CARTESIAN_POINT('Origin',(100.01250031001,-123.8249996899,1.9));
#1801=CARTESIAN_POINT('Origin',(100.012499996745,-29.475,1.61));
#1802=CARTESIAN_POINT('',(157.16249996779,-29.474999999993,2.5084470222845));
#1803=CARTESIAN_POINT('',(157.16249996779,-29.474999999993,1.61));
#1804=CARTESIAN_POINT('',(100.012499996745,-29.475,2.50844702228659));
#1805=CARTESIAN_POINT('',(93.9499999983691,-29.4750000000007,2.50844702228681));
#1806=CARTESIAN_POINT('',(100.012499996745,-29.475,1.61));
#1807=CARTESIAN_POINT('Origin',(157.16249968998,-38.10000031001,1.61));
#1808=CARTESIAN_POINT('',(165.787499999997,-38.0999999967453,5.05658929095791));
#1809=CARTESIAN_POINT('',(165.787499999997,-38.0999999967453,1.61));
#1810=CARTESIAN_POINT('Origin',(157.16249968998,-38.10000031001,5.05658938350783));
#1811=CARTESIAN_POINT('Origin',(165.787499999997,-38.0999999967453,1.61));
#1812=CARTESIAN_POINT('',(165.787499999997,-123.824999967782,10.606));
#1813=CARTESIAN_POINT('',(165.787499999997,-123.824999967782,1.61));
#1814=CARTESIAN_POINT('',(165.787499999997,-71.3466006996408,10.606));
#1815=CARTESIAN_POINT('',(165.787499999997,-38.0999999967453,10.606));
#1816=CARTESIAN_POINT('',(165.787499999997,-43.0135531322148,6.50823363166249));
#1817=CARTESIAN_POINT('Origin',(165.787499999997,-71.3466006996408,-89.394));
#1818=CARTESIAN_POINT('',(165.787499999997,-47.0236209383224,7.69295517146966));
#1819=CARTESIAN_POINT('Origin',(157.16249968998,-123.8249996899,1.61));
#1820=CARTESIAN_POINT('',(157.162500003255,-132.449999999917,10.606));
#1821=CARTESIAN_POINT('',(157.162500003255,-132.449999999917,1.61));
#1822=CARTESIAN_POINT('Origin',(157.16249968998,-123.8249996899,10.606));
#1823=CARTESIAN_POINT('Origin',(108.237499999996,-71.3466006996407,-89.394));
#1824=CARTESIAN_POINT('',(108.237499999996,-43.0135531322147,6.50823363166252));
#1825=CARTESIAN_POINT('',(108.237499999996,-71.3466006996407,10.606));
#1826=CARTESIAN_POINT('Origin',(87.8874999999965,-56.8837499999911,10.606));
#1827=CARTESIAN_POINT('',(91.3874999999996,-43.0135531322146,6.50823363166249));
#1828=CARTESIAN_POINT('',(108.237499999996,-43.0135531322147,6.50823363166252));
#1829=CARTESIAN_POINT('',(91.3875,-38.1000000322088,5.05658930143517));
#1830=CARTESIAN_POINT('',(91.3874999999961,-86.4452840999332,19.3395645907544));
#1831=CARTESIAN_POINT('Origin',(100.01250031001,-38.10000031001,5.05658938350785));
#1832=CARTESIAN_POINT('Origin',(128.587499999995,-80.962499999955,10.606));
#1833=CARTESIAN_POINT('',(100.012500032209,-132.449999999917,10.606));
#1834=CARTESIAN_POINT('',(157.162500003255,-132.449999999917,10.606));
#1835=CARTESIAN_POINT('',(91.387499999993,-123.825000003256,10.606));
#1836=CARTESIAN_POINT('Origin',(100.01250031001,-123.8249996899,10.606));
#1837=CARTESIAN_POINT('',(91.3874999999973,-71.3466006996407,10.606));
#1838=CARTESIAN_POINT('',(91.387499999993,-123.825000003256,10.606));
#1839=CARTESIAN_POINT('',(108.237499999996,-71.3466006996407,10.606));
#1840=CARTESIAN_POINT('Origin',(108.237499999996,-71.3466006996407,-89.394));
#1841=CARTESIAN_POINT('Origin',(91.3874999999931,-71.3466006996407,-89.394));
#1842=CARTESIAN_POINT('Origin',(91.387499999993,-123.825000003256,1.61));
#1843=CARTESIAN_POINT('',(91.3875,-38.1000000322088,1.61));
#1844=CARTESIAN_POINT('',(91.387499999993,-123.825000003256,1.61));
#1845=CARTESIAN_POINT('Origin',(157.162500003255,-132.449999999917,1.61));
#1846=CARTESIAN_POINT('',(100.012500032209,-132.449999999917,1.61));
#1847=CARTESIAN_POINT('Origin',(100.01250031001,-38.10000031001,1.61));
#1848=CARTESIAN_POINT('Origin',(100.01250031001,-123.8249996899,1.61));
#1849=CARTESIAN_POINT('',(0.,0.,0.));
#1850=UNCERTAINTY_MEASURE_WITH_UNIT(LENGTH_MEASURE(0.01),#1856,
'DISTANCE_ACCURACY_VALUE',
'Maximum model space distance between geometric entities at asserted c
onnectivities');
#1851=UNCERTAINTY_MEASURE_WITH_UNIT(LENGTH_MEASURE(0.01),#1856,
'DISTANCE_ACCURACY_VALUE',
'Maximum model space distance between geometric entities at asserted c
onnectivities');
#1852=UNCERTAINTY_MEASURE_WITH_UNIT(LENGTH_MEASURE(0.01),#1856,
'DISTANCE_ACCURACY_VALUE',
'Maximum model space distance between geometric entities at asserted c
onnectivities');
#1853=(
GEOMETRIC_REPRESENTATION_CONTEXT(3)
GLOBAL_UNCERTAINTY_ASSIGNED_CONTEXT((#1850))
GLOBAL_UNIT_ASSIGNED_CONTEXT((#1856,#1858,#1859))
REPRESENTATION_CONTEXT('','3D')
);
#1854=(
GEOMETRIC_REPRESENTATION_CONTEXT(3)
GLOBAL_UNCERTAINTY_ASSIGNED_CONTEXT((#1851))
GLOBAL_UNIT_ASSIGNED_CONTEXT((#1856,#1858,#1859))
REPRESENTATION_CONTEXT('','3D')
);
#1855=(
GEOMETRIC_REPRESENTATION_CONTEXT(3)
GLOBAL_UNCERTAINTY_ASSIGNED_CONTEXT((#1852))
GLOBAL_UNIT_ASSIGNED_CONTEXT((#1856,#1858,#1859))
REPRESENTATION_CONTEXT('','3D')
);
#1856=(
LENGTH_UNIT()
NAMED_UNIT(*)
SI_UNIT(.MILLI.,.METRE.)
);
#1857=(
LENGTH_UNIT()
NAMED_UNIT(*)
SI_UNIT($,.METRE.)
);
#1858=(
NAMED_UNIT(*)
PLANE_ANGLE_UNIT()
SI_UNIT($,.RADIAN.)
);
#1859=(
NAMED_UNIT(*)
SI_UNIT($,.STERADIAN.)
SOLID_ANGLE_UNIT()
);
#1860=SHAPE_DEFINITION_REPRESENTATION(#1862,#1865);
#1861=SHAPE_DEFINITION_REPRESENTATION(#1863,#1866);
#1862=PRODUCT_DEFINITION_SHAPE('',$,#1868);
#1863=PRODUCT_DEFINITION_SHAPE('',$,#1869);
#1864=PRODUCT_DEFINITION_SHAPE($,$,#14);
#1865=SHAPE_REPRESENTATION('',(#1016,#1100),#1853);
#1866=SHAPE_REPRESENTATION('',(#1017),#1854);
#1867=PRODUCT_DEFINITION_CONTEXT('part definition',#1875,'design');
#1868=PRODUCT_DEFINITION('Calculator 1','Calculator',#1870,#1867);
#1869=PRODUCT_DEFINITION('Top','Top',#1871,#1867);
#1870=PRODUCT_DEFINITION_FORMATION('',$,#1877);
#1871=PRODUCT_DEFINITION_FORMATION('',$,#1878);
#1872=PRODUCT_RELATED_PRODUCT_CATEGORY('Calculator','Calculator',(#1877));
#1873=PRODUCT_RELATED_PRODUCT_CATEGORY('Top','Top',(#1878));
#1874=APPLICATION_PROTOCOL_DEFINITION('international standard',
'automotive_design',2009,#1875);
#1875=APPLICATION_CONTEXT(
'Core Data for Automotive Mechanical Design Process');
#1876=PRODUCT_CONTEXT('part definition',#1875,'mechanical');
#1877=PRODUCT('Calculator 1','Calculator','KiCad electronic assembly',(#1876));
#1878=PRODUCT('Top','Top',$,(#1876));
#1879=PRESENTATION_STYLE_ASSIGNMENT((#1883));
#1880=PRESENTATION_STYLE_ASSIGNMENT((#1884));
#1881=PRESENTATION_STYLE_ASSIGNMENT((#1885));
#1882=PRESENTATION_STYLE_ASSIGNMENT((#1886));
#1883=SURFACE_STYLE_USAGE(.BOTH.,#1887);
#1884=SURFACE_STYLE_USAGE(.BOTH.,#1888);
#1885=SURFACE_STYLE_USAGE(.BOTH.,#1889);
#1886=SURFACE_STYLE_USAGE(.BOTH.,#1890);
#1887=SURFACE_SIDE_STYLE('',(#1891));
#1888=SURFACE_SIDE_STYLE('',(#1892));
#1889=SURFACE_SIDE_STYLE('',(#1893));
#1890=SURFACE_SIDE_STYLE('',(#1894));
#1891=SURFACE_STYLE_FILL_AREA(#1895);
#1892=SURFACE_STYLE_FILL_AREA(#1896);
#1893=SURFACE_STYLE_FILL_AREA(#1897);
#1894=SURFACE_STYLE_FILL_AREA(#1898);
#1895=FILL_AREA_STYLE('Steel - Satin',(#1899));
#1896=FILL_AREA_STYLE('Opaque(211,212,213)',(#1900));
#1897=FILL_AREA_STYLE('ABS (White)',(#1901));
#1898=FILL_AREA_STYLE('ABS (White)',(#1902));
#1899=FILL_AREA_STYLE_COLOUR('Steel - Satin',#1903);
#1900=FILL_AREA_STYLE_COLOUR('Opaque(211,212,213)',#1904);
#1901=FILL_AREA_STYLE_COLOUR('ABS (White)',#1905);
#1902=FILL_AREA_STYLE_COLOUR('ABS (White)',#1906);
#1903=COLOUR_RGB('Steel - Satin',0.627450980392157,0.627450980392157,0.627450980392157);
#1904=COLOUR_RGB('Opaque(211,212,213)',0.827450980392157,0.831372549019608,
0.835294117647059);
#1905=COLOUR_RGB('ABS (White)',0.796078431372549,0.443137254901961,0.172549019607843);
#1906=COLOUR_RGB('ABS (White)',0.898039215686275,0.729411764705882,0.301960784313725);
ENDSEC;
END-ISO-10303-21;
