solid ASCII
  facet normal 1.479431e-11 -1.698914e-10 -1.000000e+00
    outer loop
      vertex   1.461835e+02 -1.192787e+02 7.505804e+00
      vertex   1.592680e+02 -1.187628e+02 7.505804e+00
      vertex   1.592890e+02 -1.192787e+02 7.505804e+00
    endloop
  endfacet
  facet normal 1.182779e-09 -1.224391e-10 -1.000000e+00
    outer loop
      vertex   1.592890e+02 -1.192787e+02 7.505804e+00
      vertex   1.592680e+02 -1.187628e+02 7.505804e+00
      vertex   1.594094e+02 -1.187497e+02 7.505804e+00
    endloop
  endfacet
  facet normal 2.765103e-10 8.386261e-11 -1.000000e+00
    outer loop
      vertex   1.592890e+02 -1.192787e+02 7.505804e+00
      vertex   1.594094e+02 -1.187497e+02 7.505804e+00
      vertex   1.595610e+02 -1.192494e+02 7.505804e+00
    endloop
  endfacet
  facet normal 0.000000e+00 0.000000e+00 -1.000000e+00
    outer loop
      vertex   1.595610e+02 -1.192494e+02 7.505804e+00
      vertex   1.594094e+02 -1.187497e+02 7.505804e+00
      vertex   1.595430e+02 -1.187109e+02 7.505804e+00
    endloop
  endfacet
  facet normal 0.000000e+00 0.000000e+00 -1.000000e+00
    outer loop
      vertex   1.595610e+02 -1.192494e+02 7.505804e+00
      vertex   1.595430e+02 -1.187109e+02 7.505804e+00
      vertex   1.598158e+02 -1.191626e+02 7.505804e+00
    endloop
  endfacet
  facet normal 0.000000e+00 0.000000e+00 -1.000000e+00
    outer loop
      vertex   1.598158e+02 -1.191626e+02 7.505804e+00
      vertex   1.595430e+02 -1.187109e+02 7.505804e+00
      vertex   1.596643e+02 -1.186477e+02 7.505804e+00
    endloop
  endfacet
  facet normal 0.000000e+00 0.000000e+00 -1.000000e+00
    outer loop
      vertex   1.598158e+02 -1.191626e+02 7.505804e+00
      vertex   1.596643e+02 -1.186477e+02 7.505804e+00
      vertex   1.600422e+02 -1.190222e+02 7.505804e+00
    endloop
  endfacet
  facet normal 0.000000e+00 0.000000e+00 -1.000000e+00
    outer loop
      vertex   1.600422e+02 -1.190222e+02 7.505804e+00
      vertex   1.596643e+02 -1.186477e+02 7.505804e+00
      vertex   1.597695e+02 -1.185620e+02 7.505804e+00
    endloop
  endfacet
  facet normal 0.000000e+00 0.000000e+00 -1.000000e+00
    outer loop
      vertex   1.600422e+02 -1.190222e+02 7.505804e+00
      vertex   1.597695e+02 -1.185620e+02 7.505804e+00
      vertex   1.602297e+02 -1.188347e+02 7.505804e+00
    endloop
  endfacet
  facet normal 0.000000e+00 0.000000e+00 -1.000000e+00
    outer loop
      vertex   1.602297e+02 -1.188347e+02 7.505804e+00
      vertex   1.597695e+02 -1.185620e+02 7.505804e+00
      vertex   1.598552e+02 -1.184568e+02 7.505804e+00
    endloop
  endfacet
  facet normal 0.000000e+00 0.000000e+00 -1.000000e+00
    outer loop
      vertex   1.602297e+02 -1.188347e+02 7.505804e+00
      vertex   1.598552e+02 -1.184568e+02 7.505804e+00
      vertex   1.603701e+02 -1.186083e+02 7.505804e+00
    endloop
  endfacet
  facet normal 0.000000e+00 0.000000e+00 -1.000000e+00
    outer loop
      vertex   1.603701e+02 -1.186083e+02 7.505804e+00
      vertex   1.598552e+02 -1.184568e+02 7.505804e+00
      vertex   1.599184e+02 -1.183355e+02 7.505804e+00
    endloop
  endfacet
  facet normal 0.000000e+00 0.000000e+00 -1.000000e+00
    outer loop
      vertex   1.603701e+02 -1.186083e+02 7.505804e+00
      vertex   1.599184e+02 -1.183355e+02 7.505804e+00
      vertex   1.604569e+02 -1.183535e+02 7.505804e+00
    endloop
  endfacet
  facet normal 0.000000e+00 0.000000e+00 -1.000000e+00
    outer loop
      vertex   1.604569e+02 -1.183535e+02 7.505804e+00
      vertex   1.599184e+02 -1.183355e+02 7.505804e+00
      vertex   1.599572e+02 -1.182019e+02 7.505804e+00
    endloop
  endfacet
  facet normal -2.931979e-10 -9.667267e-10 -1.000000e+00
    outer loop
      vertex   1.604569e+02 -1.183535e+02 7.505804e+00
      vertex   1.599572e+02 -1.182019e+02 7.505804e+00
      vertex   1.604862e+02 -1.180815e+02 7.505804e+00
    endloop
  endfacet
  facet normal -2.504861e-10 -1.154357e-09 -1.000000e+00
    outer loop
      vertex   1.604862e+02 -1.180815e+02 7.505804e+00
      vertex   1.599572e+02 -1.182019e+02 7.505804e+00
      vertex   1.599703e+02 -1.180605e+02 7.505804e+00
    endloop
  endfacet
  facet normal -2.035663e-10 5.210698e-13 -1.000000e+00
    outer loop
      vertex   1.604862e+02 -1.180815e+02 7.505804e+00
      vertex   1.599703e+02 -1.180605e+02 7.505804e+00
      vertex   1.599703e+02 -1.049970e+02 7.505804e+00
    endloop
  endfacet
  facet normal -9.667456e-10 2.932036e-10 -1.000000e+00
    outer loop
      vertex   1.459115e+02 -1.192494e+02 7.505804e+00
      vertex   1.460631e+02 -1.187497e+02 7.505804e+00
      vertex   1.461835e+02 -1.192787e+02 7.505804e+00
    endloop
  endfacet
  facet normal 4.846456e-11 5.243045e-10 -1.000000e+00
    outer loop
      vertex   1.461835e+02 -1.192787e+02 7.505804e+00
      vertex   1.460631e+02 -1.187497e+02 7.505804e+00
      vertex   1.462045e+02 -1.187628e+02 7.505804e+00
    endloop
  endfacet
  facet normal -1.268000e-11 5.267887e-10 -1.000000e+00
    outer loop
      vertex   1.461835e+02 -1.192787e+02 7.505804e+00
      vertex   1.462045e+02 -1.187628e+02 7.505804e+00
      vertex   1.592680e+02 -1.187628e+02 7.505804e+00
    endloop
  endfacet
  facet normal -0.000000e+00 0.000000e+00 -1.000000e+00
    outer loop
      vertex   1.460631e+02 -1.187497e+02 7.505804e+00
      vertex   1.459115e+02 -1.192494e+02 7.505804e+00
      vertex   1.459295e+02 -1.187109e+02 7.505804e+00
    endloop
  endfacet
  facet normal 0.000000e+00 0.000000e+00 -1.000000e+00
    outer loop
      vertex   1.459295e+02 -1.187109e+02 7.505804e+00
      vertex   1.459115e+02 -1.192494e+02 7.505804e+00
      vertex   1.456567e+02 -1.191626e+02 7.505804e+00
    endloop
  endfacet
  facet normal -0.000000e+00 0.000000e+00 -1.000000e+00
    outer loop
      vertex   1.459295e+02 -1.187109e+02 7.505804e+00
      vertex   1.456567e+02 -1.191626e+02 7.505804e+00
      vertex   1.458082e+02 -1.186477e+02 7.505804e+00
    endloop
  endfacet
  facet normal 0.000000e+00 0.000000e+00 -1.000000e+00
    outer loop
      vertex   1.458082e+02 -1.186477e+02 7.505804e+00
      vertex   1.456567e+02 -1.191626e+02 7.505804e+00
      vertex   1.454303e+02 -1.190222e+02 7.505804e+00
    endloop
  endfacet
  facet normal -0.000000e+00 0.000000e+00 -1.000000e+00
    outer loop
      vertex   1.458082e+02 -1.186477e+02 7.505804e+00
      vertex   1.454303e+02 -1.190222e+02 7.505804e+00
      vertex   1.457030e+02 -1.185620e+02 7.505804e+00
    endloop
  endfacet
  facet normal 0.000000e+00 0.000000e+00 -1.000000e+00
    outer loop
      vertex   1.457030e+02 -1.185620e+02 7.505804e+00
      vertex   1.454303e+02 -1.190222e+02 7.505804e+00
      vertex   1.452428e+02 -1.188347e+02 7.505804e+00
    endloop
  endfacet
  facet normal -0.000000e+00 0.000000e+00 -1.000000e+00
    outer loop
      vertex   1.457030e+02 -1.185620e+02 7.505804e+00
      vertex   1.452428e+02 -1.188347e+02 7.505804e+00
      vertex   1.456173e+02 -1.184568e+02 7.505804e+00
    endloop
  endfacet
  facet normal 0.000000e+00 0.000000e+00 -1.000000e+00
    outer loop
      vertex   1.456173e+02 -1.184568e+02 7.505804e+00
      vertex   1.452428e+02 -1.188347e+02 7.505804e+00
      vertex   1.451024e+02 -1.186083e+02 7.505804e+00
    endloop
  endfacet
  facet normal -0.000000e+00 0.000000e+00 -1.000000e+00
    outer loop
      vertex   1.456173e+02 -1.184568e+02 7.505804e+00
      vertex   1.451024e+02 -1.186083e+02 7.505804e+00
      vertex   1.455541e+02 -1.183355e+02 7.505804e+00
    endloop
  endfacet
  facet normal 0.000000e+00 0.000000e+00 -1.000000e+00
    outer loop
      vertex   1.455541e+02 -1.183355e+02 7.505804e+00
      vertex   1.451024e+02 -1.186083e+02 7.505804e+00
      vertex   1.450156e+02 -1.183535e+02 7.505804e+00
    endloop
  endfacet
  facet normal -0.000000e+00 0.000000e+00 -1.000000e+00
    outer loop
      vertex   1.455541e+02 -1.183355e+02 7.505804e+00
      vertex   1.450156e+02 -1.183535e+02 7.505804e+00
      vertex   1.455153e+02 -1.182019e+02 7.505804e+00
    endloop
  endfacet
  facet normal -6.936287e-12 2.287020e-11 -1.000000e+00
    outer loop
      vertex   1.455153e+02 -1.182019e+02 7.505804e+00
      vertex   1.450156e+02 -1.183535e+02 7.505804e+00
      vertex   1.449862e+02 -1.180815e+02 7.505804e+00
    endloop
  endfacet
  facet normal -6.103549e-11 -2.147839e-10 -1.000000e+00
    outer loop
      vertex   1.455153e+02 -1.182019e+02 7.505804e+00
      vertex   1.449862e+02 -1.180815e+02 7.505804e+00
      vertex   1.455022e+02 -1.180605e+02 7.505804e+00
    endloop
  endfacet
  facet normal -6.961265e-11 -3.666798e-12 -1.000000e+00
    outer loop
      vertex   1.455022e+02 -1.180605e+02 7.505804e+00
      vertex   1.449862e+02 -1.180815e+02 7.505804e+00
      vertex   1.455022e+02 -1.049970e+02 7.505804e+00
    endloop
  endfacet
  facet normal 3.752579e-10 -2.121073e-11 -1.000000e+00
    outer loop
      vertex   1.455022e+02 -1.049970e+02 7.505804e+00
      vertex   1.449862e+02 -1.180815e+02 7.505804e+00
      vertex   1.449863e+02 -1.049760e+02 7.505804e+00
    endloop
  endfacet
  facet normal 3.968892e-10 5.112180e-10 -1.000000e+00
    outer loop
      vertex   1.455022e+02 -1.049970e+02 7.505804e+00
      vertex   1.449863e+02 -1.049760e+02 7.505804e+00
      vertex   1.455153e+02 -1.048556e+02 7.505804e+00
    endloop
  endfacet
  facet normal 2.931979e-10 9.667267e-10 -1.000000e+00
    outer loop
      vertex   1.455153e+02 -1.048556e+02 7.505804e+00
      vertex   1.449863e+02 -1.049760e+02 7.505804e+00
      vertex   1.450156e+02 -1.047040e+02 7.505804e+00
    endloop
  endfacet
  facet normal 0.000000e+00 0.000000e+00 -1.000000e+00
    outer loop
      vertex   1.455153e+02 -1.048556e+02 7.505804e+00
      vertex   1.450156e+02 -1.047040e+02 7.505804e+00
      vertex   1.455541e+02 -1.047220e+02 7.505804e+00
    endloop
  endfacet
  facet normal 0.000000e+00 0.000000e+00 -1.000000e+00
    outer loop
      vertex   1.455541e+02 -1.047220e+02 7.505804e+00
      vertex   1.450156e+02 -1.047040e+02 7.505804e+00
      vertex   1.451024e+02 -1.044492e+02 7.505804e+00
    endloop
  endfacet
  facet normal 0.000000e+00 0.000000e+00 -1.000000e+00
    outer loop
      vertex   1.455541e+02 -1.047220e+02 7.505804e+00
      vertex   1.451024e+02 -1.044492e+02 7.505804e+00
      vertex   1.456173e+02 -1.046007e+02 7.505804e+00
    endloop
  endfacet
  facet normal 0.000000e+00 0.000000e+00 -1.000000e+00
    outer loop
      vertex   1.456173e+02 -1.046007e+02 7.505804e+00
      vertex   1.451024e+02 -1.044492e+02 7.505804e+00
      vertex   1.452428e+02 -1.042228e+02 7.505804e+00
    endloop
  endfacet
  facet normal 0.000000e+00 0.000000e+00 -1.000000e+00
    outer loop
      vertex   1.456173e+02 -1.046007e+02 7.505804e+00
      vertex   1.452428e+02 -1.042228e+02 7.505804e+00
      vertex   1.457030e+02 -1.044955e+02 7.505804e+00
    endloop
  endfacet
  facet normal 0.000000e+00 0.000000e+00 -1.000000e+00
    outer loop
      vertex   1.457030e+02 -1.044955e+02 7.505804e+00
      vertex   1.452428e+02 -1.042228e+02 7.505804e+00
      vertex   1.454303e+02 -1.040353e+02 7.505804e+00
    endloop
  endfacet
  facet normal 0.000000e+00 0.000000e+00 -1.000000e+00
    outer loop
      vertex   1.457030e+02 -1.044955e+02 7.505804e+00
      vertex   1.454303e+02 -1.040353e+02 7.505804e+00
      vertex   1.458082e+02 -1.044098e+02 7.505804e+00
    endloop
  endfacet
  facet normal 0.000000e+00 0.000000e+00 -1.000000e+00
    outer loop
      vertex   1.458082e+02 -1.044098e+02 7.505804e+00
      vertex   1.454303e+02 -1.040353e+02 7.505804e+00
      vertex   1.456567e+02 -1.038949e+02 7.505804e+00
    endloop
  endfacet
  facet normal 0.000000e+00 0.000000e+00 -1.000000e+00
    outer loop
      vertex   1.458082e+02 -1.044098e+02 7.505804e+00
      vertex   1.456567e+02 -1.038949e+02 7.505804e+00
      vertex   1.459295e+02 -1.043466e+02 7.505804e+00
    endloop
  endfacet
  facet normal 0.000000e+00 0.000000e+00 -1.000000e+00
    outer loop
      vertex   1.459295e+02 -1.043466e+02 7.505804e+00
      vertex   1.456567e+02 -1.038949e+02 7.505804e+00
      vertex   1.459115e+02 -1.038081e+02 7.505804e+00
    endloop
  endfacet
  facet normal 0.000000e+00 0.000000e+00 -1.000000e+00
    outer loop
      vertex   1.459295e+02 -1.043466e+02 7.505804e+00
      vertex   1.459115e+02 -1.038081e+02 7.505804e+00
      vertex   1.460631e+02 -1.043078e+02 7.505804e+00
    endloop
  endfacet
  facet normal -2.764976e-10 -8.385878e-11 -1.000000e+00
    outer loop
      vertex   1.460631e+02 -1.043078e+02 7.505804e+00
      vertex   1.459115e+02 -1.038081e+02 7.505804e+00
      vertex   1.461835e+02 -1.037788e+02 7.505804e+00
    endloop
  endfacet
  facet normal -1.182799e-09 1.224503e-10 -1.000000e+00
    outer loop
      vertex   1.460631e+02 -1.043078e+02 7.505804e+00
      vertex   1.461835e+02 -1.037788e+02 7.505804e+00
      vertex   1.462045e+02 -1.042947e+02 7.505804e+00
    endloop
  endfacet
  facet normal -1.479417e-11 1.699035e-10 -1.000000e+00
    outer loop
      vertex   1.462045e+02 -1.042947e+02 7.505804e+00
      vertex   1.461835e+02 -1.037788e+02 7.505804e+00
      vertex   1.592890e+02 -1.037788e+02 7.505804e+00
    endloop
  endfacet
  facet normal 1.268034e-11 -5.267818e-10 -1.000000e+00
    outer loop
      vertex   1.462045e+02 -1.042947e+02 7.505804e+00
      vertex   1.592890e+02 -1.037788e+02 7.505804e+00
      vertex   1.592680e+02 -1.042947e+02 7.505804e+00
    endloop
  endfacet
  facet normal -4.847644e-11 -5.242971e-10 -1.000000e+00
    outer loop
      vertex   1.592680e+02 -1.042947e+02 7.505804e+00
      vertex   1.592890e+02 -1.037788e+02 7.505804e+00
      vertex   1.594094e+02 -1.043078e+02 7.505804e+00
    endloop
  endfacet
  facet normal 9.667267e-10 -2.931979e-10 -1.000000e+00
    outer loop
      vertex   1.594094e+02 -1.043078e+02 7.505804e+00
      vertex   1.592890e+02 -1.037788e+02 7.505804e+00
      vertex   1.595610e+02 -1.038081e+02 7.505804e+00
    endloop
  endfacet
  facet normal 0.000000e+00 0.000000e+00 -1.000000e+00
    outer loop
      vertex   1.594094e+02 -1.043078e+02 7.505804e+00
      vertex   1.595610e+02 -1.038081e+02 7.505804e+00
      vertex   1.595430e+02 -1.043466e+02 7.505804e+00
    endloop
  endfacet
  facet normal 0.000000e+00 0.000000e+00 -1.000000e+00
    outer loop
      vertex   1.595430e+02 -1.043466e+02 7.505804e+00
      vertex   1.595610e+02 -1.038081e+02 7.505804e+00
      vertex   1.598158e+02 -1.038949e+02 7.505804e+00
    endloop
  endfacet
  facet normal 0.000000e+00 0.000000e+00 -1.000000e+00
    outer loop
      vertex   1.595430e+02 -1.043466e+02 7.505804e+00
      vertex   1.598158e+02 -1.038949e+02 7.505804e+00
      vertex   1.596643e+02 -1.044098e+02 7.505804e+00
    endloop
  endfacet
  facet normal 0.000000e+00 0.000000e+00 -1.000000e+00
    outer loop
      vertex   1.596643e+02 -1.044098e+02 7.505804e+00
      vertex   1.598158e+02 -1.038949e+02 7.505804e+00
      vertex   1.600422e+02 -1.040353e+02 7.505804e+00
    endloop
  endfacet
  facet normal 0.000000e+00 0.000000e+00 -1.000000e+00
    outer loop
      vertex   1.596643e+02 -1.044098e+02 7.505804e+00
      vertex   1.600422e+02 -1.040353e+02 7.505804e+00
      vertex   1.597695e+02 -1.044955e+02 7.505804e+00
    endloop
  endfacet
  facet normal 0.000000e+00 0.000000e+00 -1.000000e+00
    outer loop
      vertex   1.597695e+02 -1.044955e+02 7.505804e+00
      vertex   1.600422e+02 -1.040353e+02 7.505804e+00
      vertex   1.602297e+02 -1.042228e+02 7.505804e+00
    endloop
  endfacet
  facet normal 0.000000e+00 0.000000e+00 -1.000000e+00
    outer loop
      vertex   1.597695e+02 -1.044955e+02 7.505804e+00
      vertex   1.602297e+02 -1.042228e+02 7.505804e+00
      vertex   1.598552e+02 -1.046007e+02 7.505804e+00
    endloop
  endfacet
  facet normal 0.000000e+00 0.000000e+00 -1.000000e+00
    outer loop
      vertex   1.598552e+02 -1.046007e+02 7.505804e+00
      vertex   1.602297e+02 -1.042228e+02 7.505804e+00
      vertex   1.603701e+02 -1.044492e+02 7.505804e+00
    endloop
  endfacet
  facet normal 0.000000e+00 0.000000e+00 -1.000000e+00
    outer loop
      vertex   1.598552e+02 -1.046007e+02 7.505804e+00
      vertex   1.603701e+02 -1.044492e+02 7.505804e+00
      vertex   1.599184e+02 -1.047220e+02 7.505804e+00
    endloop
  endfacet
  facet normal 0.000000e+00 0.000000e+00 -1.000000e+00
    outer loop
      vertex   1.599184e+02 -1.047220e+02 7.505804e+00
      vertex   1.603701e+02 -1.044492e+02 7.505804e+00
      vertex   1.604569e+02 -1.047040e+02 7.505804e+00
    endloop
  endfacet
  facet normal 0.000000e+00 0.000000e+00 -1.000000e+00
    outer loop
      vertex   1.599184e+02 -1.047220e+02 7.505804e+00
      vertex   1.604569e+02 -1.047040e+02 7.505804e+00
      vertex   1.599572e+02 -1.048556e+02 7.505804e+00
    endloop
  endfacet
  facet normal 6.936287e-12 -2.287020e-11 -1.000000e+00
    outer loop
      vertex   1.599572e+02 -1.048556e+02 7.505804e+00
      vertex   1.604569e+02 -1.047040e+02 7.505804e+00
      vertex   1.604863e+02 -1.049760e+02 7.505804e+00
    endloop
  endfacet
  facet normal 2.750175e-10 1.154792e-09 -1.000000e+00
    outer loop
      vertex   1.599572e+02 -1.048556e+02 7.505804e+00
      vertex   1.604863e+02 -1.049760e+02 7.505804e+00
      vertex   1.599703e+02 -1.049970e+02 7.505804e+00
    endloop
  endfacet
  facet normal 3.210721e-10 2.121073e-11 -1.000000e+00
    outer loop
      vertex   1.599703e+02 -1.049970e+02 7.505804e+00
      vertex   1.604863e+02 -1.049760e+02 7.505804e+00
      vertex   1.604862e+02 -1.180815e+02 7.505804e+00
    endloop
  endfacet
  facet normal 3.931540e-10 9.578263e-01 2.873479e-01
    outer loop
      vertex   1.474278e+02 -1.050230e+02 1.165337e+01
      vertex   1.487549e+02 -1.049894e+02 1.154119e+01
      vertex   1.461835e+02 -1.037788e+02 7.505804e+00
    endloop
  endfacet
  facet normal 2.400287e-11 9.578263e-01 2.873479e-01
    outer loop
      vertex   1.461835e+02 -1.037788e+02 7.505804e+00
      vertex   1.487549e+02 -1.049894e+02 1.154119e+01
      vertex   1.500820e+02 -1.049653e+02 1.146107e+01
    endloop
  endfacet
  facet normal -2.935934e-11 9.578263e-01 2.873479e-01
    outer loop
      vertex   1.461835e+02 -1.037788e+02 7.505804e+00
      vertex   1.500820e+02 -1.049653e+02 1.146107e+01
      vertex   1.514091e+02 -1.049509e+02 1.141299e+01
    endloop
  endfacet
  facet normal -6.003669e-11 9.578263e-01 2.873479e-01
    outer loop
      vertex   1.514091e+02 -1.049509e+02 1.141299e+01
      vertex   1.527363e+02 -1.049461e+02 1.139697e+01
      vertex   1.461835e+02 -1.037788e+02 7.505804e+00
    endloop
  endfacet
  facet normal 3.287952e-11 9.578263e-01 2.873479e-01
    outer loop
      vertex   1.461835e+02 -1.037788e+02 7.505804e+00
      vertex   1.527363e+02 -1.049461e+02 1.139697e+01
      vertex   1.592890e+02 -1.037788e+02 7.505804e+00
    endloop
  endfacet
  facet normal -6.299729e-11 9.578263e-01 2.873479e-01
    outer loop
      vertex   1.592890e+02 -1.037788e+02 7.505804e+00
      vertex   1.527363e+02 -1.049461e+02 1.139697e+01
      vertex   1.540634e+02 -1.049509e+02 1.141299e+01
    endloop
  endfacet
  facet normal -3.793750e-11 9.578263e-01 2.873479e-01
    outer loop
      vertex   1.592890e+02 -1.037788e+02 7.505804e+00
      vertex   1.540634e+02 -1.049509e+02 1.141299e+01
      vertex   1.553905e+02 -1.049653e+02 1.146107e+01
    endloop
  endfacet
  facet normal 1.003564e-11 9.578263e-01 2.873479e-01
    outer loop
      vertex   1.553905e+02 -1.049653e+02 1.146107e+01
      vertex   1.567176e+02 -1.049894e+02 1.154119e+01
      vertex   1.592890e+02 -1.037788e+02 7.505804e+00
    endloop
  endfacet
  facet normal 3.320313e-10 9.578263e-01 2.873479e-01
    outer loop
      vertex   1.592890e+02 -1.037788e+02 7.505804e+00
      vertex   1.567176e+02 -1.049894e+02 1.154119e+01
      vertex   1.580447e+02 -1.050230e+02 1.165337e+01
    endloop
  endfacet
  facet normal -9.578263e-01 1.968848e-10 2.873479e-01
    outer loop
      vertex   1.462305e+02 -1.168372e+02 1.165337e+01
      vertex   1.461969e+02 -1.155101e+02 1.154119e+01
      vertex   1.449862e+02 -1.180815e+02 7.505804e+00
    endloop
  endfacet
  facet normal -9.578263e-01 -6.943096e-11 2.873479e-01
    outer loop
      vertex   1.449862e+02 -1.180815e+02 7.505804e+00
      vertex   1.461969e+02 -1.155101e+02 1.154119e+01
      vertex   1.461728e+02 -1.141830e+02 1.146107e+01
    endloop
  endfacet
  facet normal -9.578263e-01 -4.258469e-11 2.873479e-01
    outer loop
      vertex   1.449862e+02 -1.180815e+02 7.505804e+00
      vertex   1.461728e+02 -1.141830e+02 1.146107e+01
      vertex   1.461584e+02 -1.128559e+02 1.141299e+01
    endloop
  endfacet
  facet normal -9.578263e-01 -1.465270e-11 2.873479e-01
    outer loop
      vertex   1.461584e+02 -1.128559e+02 1.141299e+01
      vertex   1.461536e+02 -1.115287e+02 1.139697e+01
      vertex   1.449862e+02 -1.180815e+02 7.505804e+00
    endloop
  endfacet
  facet normal -9.578263e-01 5.521522e-11 2.873479e-01
    outer loop
      vertex   1.449862e+02 -1.180815e+02 7.505804e+00
      vertex   1.461536e+02 -1.115287e+02 1.139697e+01
      vertex   1.449863e+02 -1.049760e+02 7.505804e+00
    endloop
  endfacet
  facet normal -9.578263e-01 1.685354e-11 2.873479e-01
    outer loop
      vertex   1.449863e+02 -1.049760e+02 7.505804e+00
      vertex   1.461536e+02 -1.115287e+02 1.139697e+01
      vertex   1.461584e+02 -1.102016e+02 1.141299e+01
    endloop
  endfacet
  facet normal -9.578263e-01 4.898370e-11 2.873479e-01
    outer loop
      vertex   1.449863e+02 -1.049760e+02 7.505804e+00
      vertex   1.461584e+02 -1.102016e+02 1.141299e+01
      vertex   1.461728e+02 -1.088745e+02 1.146107e+01
    endloop
  endfacet
  facet normal -9.578263e-01 7.985628e-11 2.873479e-01
    outer loop
      vertex   1.461728e+02 -1.088745e+02 1.146107e+01
      vertex   1.461969e+02 -1.075474e+02 1.154119e+01
      vertex   1.449863e+02 -1.049760e+02 7.505804e+00
    endloop
  endfacet
  facet normal -9.578263e-01 1.101207e-10 2.873479e-01
    outer loop
      vertex   1.449863e+02 -1.049760e+02 7.505804e+00
      vertex   1.461969e+02 -1.075474e+02 1.154119e+01
      vertex   1.462305e+02 -1.062203e+02 1.165337e+01
    endloop
  endfacet
  facet normal -1.910503e-10 -9.578263e-01 2.873479e-01
    outer loop
      vertex   1.580447e+02 -1.180345e+02 1.165337e+01
      vertex   1.567176e+02 -1.180681e+02 1.154119e+01
      vertex   1.592890e+02 -1.192787e+02 7.505804e+00
    endloop
  endfacet
  facet normal 7.362696e-11 -9.578263e-01 2.873479e-01
    outer loop
      vertex   1.592890e+02 -1.192787e+02 7.505804e+00
      vertex   1.567176e+02 -1.180681e+02 1.154119e+01
      vertex   1.553905e+02 -1.180922e+02 1.146107e+01
    endloop
  endfacet
  facet normal 4.519190e-11 -9.578263e-01 2.873479e-01
    outer loop
      vertex   1.592890e+02 -1.192787e+02 7.505804e+00
      vertex   1.553905e+02 -1.180922e+02 1.146107e+01
      vertex   1.540634e+02 -1.181066e+02 1.141299e+01
    endloop
  endfacet
  facet normal 1.553254e-11 -9.578263e-01 2.873479e-01
    outer loop
      vertex   1.540634e+02 -1.181066e+02 1.141299e+01
      vertex   1.527363e+02 -1.181114e+02 1.139697e+01
      vertex   1.592890e+02 -1.192787e+02 7.505804e+00
    endloop
  endfacet
  facet normal -3.288579e-11 -9.578263e-01 2.873479e-01
    outer loop
      vertex   1.592890e+02 -1.192787e+02 7.505804e+00
      vertex   1.527363e+02 -1.181114e+02 1.139697e+01
      vertex   1.461835e+02 -1.192787e+02 7.505804e+00
    endloop
  endfacet
  facet normal -1.684337e-11 -9.578263e-01 2.873479e-01
    outer loop
      vertex   1.461835e+02 -1.192787e+02 7.505804e+00
      vertex   1.527363e+02 -1.181114e+02 1.139697e+01
      vertex   1.514091e+02 -1.181066e+02 1.141299e+01
    endloop
  endfacet
  facet normal -4.900303e-11 -9.578263e-01 2.873479e-01
    outer loop
      vertex   1.461835e+02 -1.192787e+02 7.505804e+00
      vertex   1.514091e+02 -1.181066e+02 1.141299e+01
      vertex   1.500820e+02 -1.180922e+02 1.146107e+01
    endloop
  endfacet
  facet normal -7.983616e-11 -9.578263e-01 2.873479e-01
    outer loop
      vertex   1.500820e+02 -1.180922e+02 1.146107e+01
      vertex   1.487549e+02 -1.180681e+02 1.154119e+01
      vertex   1.461835e+02 -1.192787e+02 7.505804e+00
    endloop
  endfacet
  facet normal -3.608987e-10 -9.578263e-01 2.873479e-01
    outer loop
      vertex   1.461835e+02 -1.192787e+02 7.505804e+00
      vertex   1.487549e+02 -1.180681e+02 1.154119e+01
      vertex   1.474278e+02 -1.180345e+02 1.165337e+01
    endloop
  endfacet
  facet normal 9.578263e-01 -2.257336e-10 2.873479e-01
    outer loop
      vertex   1.592420e+02 -1.062203e+02 1.165337e+01
      vertex   1.592756e+02 -1.075474e+02 1.154119e+01
      vertex   1.604863e+02 -1.049760e+02 7.505804e+00
    endloop
  endfacet
  facet normal 9.578263e-01 -3.891899e-13 2.873479e-01
    outer loop
      vertex   1.604863e+02 -1.049760e+02 7.505804e+00
      vertex   1.592756e+02 -1.075474e+02 1.154119e+01
      vertex   1.592997e+02 -1.088745e+02 1.146107e+01
    endloop
  endfacet
  facet normal 9.578263e-01 -4.434618e-11 2.873479e-01
    outer loop
      vertex   1.604863e+02 -1.049760e+02 7.505804e+00
      vertex   1.592997e+02 -1.088745e+02 1.146107e+01
      vertex   1.593141e+02 -1.102016e+02 1.141299e+01
    endloop
  endfacet
  facet normal 9.578263e-01 -6.516776e-11 2.873479e-01
    outer loop
      vertex   1.593141e+02 -1.102016e+02 1.141299e+01
      vertex   1.593189e+02 -1.115287e+02 1.139697e+01
      vertex   1.604863e+02 -1.049760e+02 7.505804e+00
    endloop
  endfacet
  facet normal 9.578263e-01 -5.521730e-11 2.873479e-01
    outer loop
      vertex   1.604863e+02 -1.049760e+02 7.505804e+00
      vertex   1.593189e+02 -1.115287e+02 1.139697e+01
      vertex   1.604862e+02 -1.180815e+02 7.505804e+00
    endloop
  endfacet
  facet normal 9.578263e-01 -6.135745e-11 2.873479e-01
    outer loop
      vertex   1.604862e+02 -1.180815e+02 7.505804e+00
      vertex   1.593189e+02 -1.115287e+02 1.139697e+01
      vertex   1.593141e+02 -1.128559e+02 1.141299e+01
    endloop
  endfacet
  facet normal 9.578263e-01 -3.319000e-11 2.873479e-01
    outer loop
      vertex   1.604862e+02 -1.180815e+02 7.505804e+00
      vertex   1.593141e+02 -1.128559e+02 1.141299e+01
      vertex   1.592997e+02 -1.141830e+02 1.146107e+01
    endloop
  endfacet
  facet normal 9.578263e-01 1.781361e-11 2.873479e-01
    outer loop
      vertex   1.592997e+02 -1.141830e+02 1.146107e+01
      vertex   1.592756e+02 -1.155101e+02 1.154119e+01
      vertex   1.604862e+02 -1.180815e+02 7.505804e+00
    endloop
  endfacet
  facet normal 9.578263e-01 9.193707e-11 2.873479e-01
    outer loop
      vertex   1.604862e+02 -1.180815e+02 7.505804e+00
      vertex   1.592756e+02 -1.155101e+02 1.154119e+01
      vertex   1.592420e+02 -1.168372e+02 1.165337e+01
    endloop
  endfacet
  facet normal -3.283928e-11 1.389731e-11 -1.000000e+00
    outer loop
      vertex   1.462522e+02 -1.057470e+02 9.505804e+00
      vertex   1.493363e+02 -1.103787e+02 9.505804e+00
      vertex   1.462522e+02 -1.173105e+02 9.505804e+00
    endloop
  endfacet
  facet normal -1.602983e-12 9.252978e-29 -1.000000e+00
    outer loop
      vertex   1.462522e+02 -1.173105e+02 9.505804e+00
      vertex   1.493363e+02 -1.103787e+02 9.505804e+00
      vertex   1.493363e+02 -1.126788e+02 9.505804e+00
    endloop
  endfacet
  facet normal -1.338358e-12 -1.761981e-13 -1.000000e+00
    outer loop
      vertex   1.462522e+02 -1.173105e+02 9.505804e+00
      vertex   1.493363e+02 -1.126788e+02 9.505804e+00
      vertex   1.493465e+02 -1.127564e+02 9.505804e+00
    endloop
  endfacet
  facet normal 1.292088e-09 -1.290897e-09 -1.000000e+00
    outer loop
      vertex   1.462653e+02 -1.056056e+02 9.505804e+00
      vertex   1.469545e+02 -1.050447e+02 9.505804e+00
      vertex   1.462522e+02 -1.057470e+02 9.505804e+00
    endloop
  endfacet
  facet normal -2.098134e-11 2.217275e-11 -1.000000e+00
    outer loop
      vertex   1.462522e+02 -1.057470e+02 9.505804e+00
      vertex   1.469545e+02 -1.050447e+02 9.505804e+00
      vertex   1.495586e+02 -1.100890e+02 9.505804e+00
    endloop
  endfacet
  facet normal -1.201302e-11 2.900200e-11 -1.000000e+00
    outer loop
      vertex   1.462522e+02 -1.057470e+02 9.505804e+00
      vertex   1.495586e+02 -1.100890e+02 9.505804e+00
      vertex   1.494863e+02 -1.101189e+02 9.505804e+00
    endloop
  endfacet
  facet normal 1.297295e-09 -1.297295e-09 -1.000000e+00
    outer loop
      vertex   1.469545e+02 -1.050447e+02 9.505804e+00
      vertex   1.462653e+02 -1.056056e+02 9.505804e+00
      vertex   1.468131e+02 -1.050578e+02 9.505804e+00
    endloop
  endfacet
  facet normal 0.000000e+00 0.000000e+00 -1.000000e+00
    outer loop
      vertex   1.468131e+02 -1.050578e+02 9.505804e+00
      vertex   1.462653e+02 -1.056056e+02 9.505804e+00
      vertex   1.463041e+02 -1.054720e+02 9.505804e+00
    endloop
  endfacet
  facet normal 0.000000e+00 0.000000e+00 -1.000000e+00
    outer loop
      vertex   1.468131e+02 -1.050578e+02 9.505804e+00
      vertex   1.463041e+02 -1.054720e+02 9.505804e+00
      vertex   1.466795e+02 -1.050966e+02 9.505804e+00
    endloop
  endfacet
  facet normal 0.000000e+00 0.000000e+00 -1.000000e+00
    outer loop
      vertex   1.466795e+02 -1.050966e+02 9.505804e+00
      vertex   1.463041e+02 -1.054720e+02 9.505804e+00
      vertex   1.463673e+02 -1.053507e+02 9.505804e+00
    endloop
  endfacet
  facet normal 0.000000e+00 0.000000e+00 -1.000000e+00
    outer loop
      vertex   1.466795e+02 -1.050966e+02 9.505804e+00
      vertex   1.463673e+02 -1.053507e+02 9.505804e+00
      vertex   1.465582e+02 -1.051598e+02 9.505804e+00
    endloop
  endfacet
  facet normal 0.000000e+00 0.000000e+00 -1.000000e+00
    outer loop
      vertex   1.465582e+02 -1.051598e+02 9.505804e+00
      vertex   1.463673e+02 -1.053507e+02 9.505804e+00
      vertex   1.464530e+02 -1.052455e+02 9.505804e+00
    endloop
  endfacet
  facet normal -7.220022e-14 3.276214e-11 -1.000000e+00
    outer loop
      vertex   1.585180e+02 -1.050447e+02 9.505804e+00
      vertex   1.502863e+02 -1.101189e+02 9.505804e+00
      vertex   1.469545e+02 -1.050447e+02 9.505804e+00
    endloop
  endfacet
  facet normal 1.866718e-11 4.506655e-11 -1.000000e+00
    outer loop
      vertex   1.469545e+02 -1.050447e+02 9.505804e+00
      vertex   1.502863e+02 -1.101189e+02 9.505804e+00
      vertex   1.502139e+02 -1.100890e+02 9.505804e+00
    endloop
  endfacet
  facet normal 4.749127e-12 3.607320e-11 -1.000000e+00
    outer loop
      vertex   1.469545e+02 -1.050447e+02 9.505804e+00
      vertex   1.502139e+02 -1.100890e+02 9.505804e+00
      vertex   1.501363e+02 -1.100787e+02 9.505804e+00
    endloop
  endfacet
  facet normal -1.248609e-09 -8.344716e-10 -1.000000e+00
    outer loop
      vertex   1.586594e+02 -1.050578e+02 9.505804e+00
      vertex   1.592203e+02 -1.057470e+02 9.505804e+00
      vertex   1.585180e+02 -1.050447e+02 9.505804e+00
    endloop
  endfacet
  facet normal -2.514739e-10 1.626638e-10 -1.000000e+00
    outer loop
      vertex   1.585180e+02 -1.050447e+02 9.505804e+00
      vertex   1.592203e+02 -1.057470e+02 9.505804e+00
      vertex   1.559139e+02 -1.100890e+02 9.505804e+00
    endloop
  endfacet
  facet normal 4.048191e-12 3.074907e-11 -1.000000e+00
    outer loop
      vertex   1.585180e+02 -1.050447e+02 9.505804e+00
      vertex   1.559139e+02 -1.100890e+02 9.505804e+00
      vertex   1.558363e+02 -1.100787e+02 9.505804e+00
    endloop
  endfacet
  facet normal -0.000000e+00 -0.000000e+00 -1.000000e+00
    outer loop
      vertex   1.587930e+02 -1.050966e+02 9.505804e+00
      vertex   1.591684e+02 -1.054720e+02 9.505804e+00
      vertex   1.586594e+02 -1.050578e+02 9.505804e+00
    endloop
  endfacet
  facet normal 0.000000e+00 0.000000e+00 -1.000000e+00
    outer loop
      vertex   1.586594e+02 -1.050578e+02 9.505804e+00
      vertex   1.591684e+02 -1.054720e+02 9.505804e+00
      vertex   1.592072e+02 -1.056056e+02 9.505804e+00
    endloop
  endfacet
  facet normal 9.754526e-10 9.754526e-10 -1.000000e+00
    outer loop
      vertex   1.586594e+02 -1.050578e+02 9.505804e+00
      vertex   1.592072e+02 -1.056056e+02 9.505804e+00
      vertex   1.592203e+02 -1.057470e+02 9.505804e+00
    endloop
  endfacet
  facet normal 0.000000e+00 0.000000e+00 -1.000000e+00
    outer loop
      vertex   1.591684e+02 -1.054720e+02 9.505804e+00
      vertex   1.587930e+02 -1.050966e+02 9.505804e+00
      vertex   1.591052e+02 -1.053507e+02 9.505804e+00
    endloop
  endfacet
  facet normal 0.000000e+00 0.000000e+00 -1.000000e+00
    outer loop
      vertex   1.591052e+02 -1.053507e+02 9.505804e+00
      vertex   1.587930e+02 -1.050966e+02 9.505804e+00
      vertex   1.589143e+02 -1.051598e+02 9.505804e+00
    endloop
  endfacet
  facet normal 0.000000e+00 0.000000e+00 -1.000000e+00
    outer loop
      vertex   1.591052e+02 -1.053507e+02 9.505804e+00
      vertex   1.589143e+02 -1.051598e+02 9.505804e+00
      vertex   1.590195e+02 -1.052455e+02 9.505804e+00
    endloop
  endfacet
  facet normal -2.817567e-12 -2.515041e-11 -1.000000e+00
    outer loop
      vertex   1.592203e+02 -1.173105e+02 9.505804e+00
      vertex   1.561363e+02 -1.103787e+02 9.505804e+00
      vertex   1.592203e+02 -1.057470e+02 9.505804e+00
    endloop
  endfacet
  facet normal -3.388935e-11 -4.461617e-12 -1.000000e+00
    outer loop
      vertex   1.592203e+02 -1.057470e+02 9.505804e+00
      vertex   1.561363e+02 -1.103787e+02 9.505804e+00
      vertex   1.561260e+02 -1.103011e+02 9.505804e+00
    endloop
  endfacet
  facet normal -2.513351e-11 -1.041064e-11 -1.000000e+00
    outer loop
      vertex   1.592203e+02 -1.057470e+02 9.505804e+00
      vertex   1.561260e+02 -1.103011e+02 9.505804e+00
      vertex   1.560961e+02 -1.102287e+02 9.505804e+00
    endloop
  endfacet
  facet normal -1.030883e-09 1.266765e-09 -1.000000e+00
    outer loop
      vertex   1.592072e+02 -1.174519e+02 9.505804e+00
      vertex   1.585180e+02 -1.180128e+02 9.505804e+00
      vertex   1.592203e+02 -1.173105e+02 9.505804e+00
    endloop
  endfacet
  facet normal 1.555684e-10 8.031306e-11 -1.000000e+00
    outer loop
      vertex   1.592203e+02 -1.173105e+02 9.505804e+00
      vertex   1.585180e+02 -1.180128e+02 9.505804e+00
      vertex   1.559139e+02 -1.129685e+02 9.505804e+00
    endloop
  endfacet
  facet normal 1.201315e-11 -2.900231e-11 -1.000000e+00
    outer loop
      vertex   1.592203e+02 -1.173105e+02 9.505804e+00
      vertex   1.559139e+02 -1.129685e+02 9.505804e+00
      vertex   1.559863e+02 -1.129386e+02 9.505804e+00
    endloop
  endfacet
  facet normal -0.000000e+00 0.000000e+00 -1.000000e+00
    outer loop
      vertex   1.591684e+02 -1.175855e+02 9.505804e+00
      vertex   1.587930e+02 -1.179609e+02 9.505804e+00
      vertex   1.592072e+02 -1.174519e+02 9.505804e+00
    endloop
  endfacet
  facet normal 0.000000e+00 0.000000e+00 -1.000000e+00
    outer loop
      vertex   1.592072e+02 -1.174519e+02 9.505804e+00
      vertex   1.587930e+02 -1.179609e+02 9.505804e+00
      vertex   1.586594e+02 -1.179997e+02 9.505804e+00
    endloop
  endfacet
  facet normal 0.000000e+00 0.000000e+00 -1.000000e+00
    outer loop
      vertex   1.592072e+02 -1.174519e+02 9.505804e+00
      vertex   1.586594e+02 -1.179997e+02 9.505804e+00
      vertex   1.585180e+02 -1.180128e+02 9.505804e+00
    endloop
  endfacet
  facet normal 0.000000e+00 0.000000e+00 -1.000000e+00
    outer loop
      vertex   1.587930e+02 -1.179609e+02 9.505804e+00
      vertex   1.591684e+02 -1.175855e+02 9.505804e+00
      vertex   1.589143e+02 -1.178977e+02 9.505804e+00
    endloop
  endfacet
  facet normal 0.000000e+00 0.000000e+00 -1.000000e+00
    outer loop
      vertex   1.589143e+02 -1.178977e+02 9.505804e+00
      vertex   1.591684e+02 -1.175855e+02 9.505804e+00
      vertex   1.591052e+02 -1.177068e+02 9.505804e+00
    endloop
  endfacet
  facet normal 0.000000e+00 0.000000e+00 -1.000000e+00
    outer loop
      vertex   1.589143e+02 -1.178977e+02 9.505804e+00
      vertex   1.591052e+02 -1.177068e+02 9.505804e+00
      vertex   1.590195e+02 -1.178120e+02 9.505804e+00
    endloop
  endfacet
  facet normal -1.853979e-11 -1.217336e-11 -1.000000e+00
    outer loop
      vertex   1.469545e+02 -1.180128e+02 9.505804e+00
      vertex   1.551863e+02 -1.129386e+02 9.505804e+00
      vertex   1.585180e+02 -1.180128e+02 9.505804e+00
    endloop
  endfacet
  facet normal 0.000000e+00 0.000000e+00 -1.000000e+00
    outer loop
      vertex   1.585180e+02 -1.180128e+02 9.505804e+00
      vertex   1.551863e+02 -1.129386e+02 9.505804e+00
      vertex   1.552586e+02 -1.129685e+02 9.505804e+00
    endloop
  endfacet
  facet normal 0.000000e+00 0.000000e+00 -1.000000e+00
    outer loop
      vertex   1.585180e+02 -1.180128e+02 9.505804e+00
      vertex   1.552586e+02 -1.129685e+02 9.505804e+00
      vertex   1.553363e+02 -1.129787e+02 9.505804e+00
    endloop
  endfacet
  facet normal 1.640199e-09 1.341954e-09 -1.000000e+00
    outer loop
      vertex   1.468131e+02 -1.179997e+02 9.505804e+00
      vertex   1.462522e+02 -1.173105e+02 9.505804e+00
      vertex   1.469545e+02 -1.180128e+02 9.505804e+00
    endloop
  endfacet
  facet normal 1.686678e-10 -1.295768e-10 -1.000000e+00
    outer loop
      vertex   1.469545e+02 -1.180128e+02 9.505804e+00
      vertex   1.462522e+02 -1.173105e+02 9.505804e+00
      vertex   1.495586e+02 -1.129685e+02 9.505804e+00
    endloop
  endfacet
  facet normal -5.239280e-12 -3.979628e-11 -1.000000e+00
    outer loop
      vertex   1.469545e+02 -1.180128e+02 9.505804e+00
      vertex   1.495586e+02 -1.129685e+02 9.505804e+00
      vertex   1.496363e+02 -1.129787e+02 9.505804e+00
    endloop
  endfacet
  facet normal 3.852256e-11 3.852256e-11 -1.000000e+00
    outer loop
      vertex   1.462522e+02 -1.173105e+02 9.505804e+00
      vertex   1.468131e+02 -1.179997e+02 9.505804e+00
      vertex   1.462653e+02 -1.174519e+02 9.505804e+00
    endloop
  endfacet
  facet normal 0.000000e+00 0.000000e+00 -1.000000e+00
    outer loop
      vertex   1.462653e+02 -1.174519e+02 9.505804e+00
      vertex   1.468131e+02 -1.179997e+02 9.505804e+00
      vertex   1.466795e+02 -1.179609e+02 9.505804e+00
    endloop
  endfacet
  facet normal 0.000000e+00 0.000000e+00 -1.000000e+00
    outer loop
      vertex   1.462653e+02 -1.174519e+02 9.505804e+00
      vertex   1.466795e+02 -1.179609e+02 9.505804e+00
      vertex   1.463041e+02 -1.175855e+02 9.505804e+00
    endloop
  endfacet
  facet normal 0.000000e+00 0.000000e+00 -1.000000e+00
    outer loop
      vertex   1.463041e+02 -1.175855e+02 9.505804e+00
      vertex   1.466795e+02 -1.179609e+02 9.505804e+00
      vertex   1.465582e+02 -1.178977e+02 9.505804e+00
    endloop
  endfacet
  facet normal 0.000000e+00 0.000000e+00 -1.000000e+00
    outer loop
      vertex   1.463041e+02 -1.175855e+02 9.505804e+00
      vertex   1.465582e+02 -1.178977e+02 9.505804e+00
      vertex   1.463673e+02 -1.177068e+02 9.505804e+00
    endloop
  endfacet
  facet normal 0.000000e+00 0.000000e+00 -1.000000e+00
    outer loop
      vertex   1.463673e+02 -1.177068e+02 9.505804e+00
      vertex   1.465582e+02 -1.178977e+02 9.505804e+00
      vertex   1.464530e+02 -1.178120e+02 9.505804e+00
    endloop
  endfacet
  facet normal -9.925723e-13 -4.111369e-13 -1.000000e+00
    outer loop
      vertex   1.493465e+02 -1.127564e+02 9.505804e+00
      vertex   1.493764e+02 -1.128288e+02 9.505804e+00
      vertex   1.462522e+02 -1.173105e+02 9.505804e+00
    endloop
  endfacet
  facet normal -7.532346e-13 -5.779772e-13 -1.000000e+00
    outer loop
      vertex   1.462522e+02 -1.173105e+02 9.505804e+00
      vertex   1.493764e+02 -1.128288e+02 9.505804e+00
      vertex   1.494241e+02 -1.128909e+02 9.505804e+00
    endloop
  endfacet
  facet normal -5.534937e-13 -7.213270e-13 -1.000000e+00
    outer loop
      vertex   1.462522e+02 -1.173105e+02 9.505804e+00
      vertex   1.494241e+02 -1.128909e+02 9.505804e+00
      vertex   1.494863e+02 -1.129386e+02 9.505804e+00
    endloop
  endfacet
  facet normal -3.585227e-13 -8.655503e-13 -1.000000e+00
    outer loop
      vertex   1.494863e+02 -1.129386e+02 9.505804e+00
      vertex   1.495586e+02 -1.129685e+02 9.505804e+00
      vertex   1.462522e+02 -1.173105e+02 9.505804e+00
    endloop
  endfacet
  facet normal 0.000000e+00 -4.258739e-11 -1.000000e+00
    outer loop
      vertex   1.496363e+02 -1.129787e+02 9.505804e+00
      vertex   1.501363e+02 -1.129787e+02 9.505804e+00
      vertex   1.469545e+02 -1.180128e+02 9.505804e+00
    endloop
  endfacet
  facet normal 6.115626e-12 -4.645279e-11 -1.000000e+00
    outer loop
      vertex   1.469545e+02 -1.180128e+02 9.505804e+00
      vertex   1.501363e+02 -1.129787e+02 9.505804e+00
      vertex   1.502139e+02 -1.129685e+02 9.505804e+00
    endloop
  endfacet
  facet normal 2.403842e-11 -5.803387e-11 -1.000000e+00
    outer loop
      vertex   1.469545e+02 -1.180128e+02 9.505804e+00
      vertex   1.502139e+02 -1.129685e+02 9.505804e+00
      vertex   1.502863e+02 -1.129386e+02 9.505804e+00
    endloop
  endfacet
  facet normal 0.000000e+00 -0.000000e+00 -1.000000e+00
    outer loop
      vertex   1.503484e+02 -1.128909e+02 9.505804e+00
      vertex   1.551241e+02 -1.128909e+02 9.505804e+00
      vertex   1.502863e+02 -1.129386e+02 9.505804e+00
    endloop
  endfacet
  facet normal 0.000000e+00 0.000000e+00 -1.000000e+00
    outer loop
      vertex   1.502863e+02 -1.129386e+02 9.505804e+00
      vertex   1.551241e+02 -1.128909e+02 9.505804e+00
      vertex   1.551863e+02 -1.129386e+02 9.505804e+00
    endloop
  endfacet
  facet normal 0.000000e+00 -4.225006e-11 -1.000000e+00
    outer loop
      vertex   1.502863e+02 -1.129386e+02 9.505804e+00
      vertex   1.551863e+02 -1.129386e+02 9.505804e+00
      vertex   1.469545e+02 -1.180128e+02 9.505804e+00
    endloop
  endfacet
  facet normal 0.000000e+00 0.000000e+00 -1.000000e+00
    outer loop
      vertex   1.551241e+02 -1.128909e+02 9.505804e+00
      vertex   1.503484e+02 -1.128909e+02 9.505804e+00
      vertex   1.550764e+02 -1.128288e+02 9.505804e+00
    endloop
  endfacet
  facet normal -0.000000e+00 0.000000e+00 -1.000000e+00
    outer loop
      vertex   1.550764e+02 -1.128288e+02 9.505804e+00
      vertex   1.503484e+02 -1.128909e+02 9.505804e+00
      vertex   1.503961e+02 -1.128288e+02 9.505804e+00
    endloop
  endfacet
  facet normal 0.000000e+00 0.000000e+00 -1.000000e+00
    outer loop
      vertex   1.550764e+02 -1.128288e+02 9.505804e+00
      vertex   1.503961e+02 -1.128288e+02 9.505804e+00
      vertex   1.550465e+02 -1.127564e+02 9.505804e+00
    endloop
  endfacet
  facet normal -0.000000e+00 0.000000e+00 -1.000000e+00
    outer loop
      vertex   1.550465e+02 -1.127564e+02 9.505804e+00
      vertex   1.503961e+02 -1.128288e+02 9.505804e+00
      vertex   1.504260e+02 -1.127564e+02 9.505804e+00
    endloop
  endfacet
  facet normal 0.000000e+00 0.000000e+00 -1.000000e+00
    outer loop
      vertex   1.550465e+02 -1.127564e+02 9.505804e+00
      vertex   1.504260e+02 -1.127564e+02 9.505804e+00
      vertex   1.550363e+02 -1.126788e+02 9.505804e+00
    endloop
  endfacet
  facet normal -0.000000e+00 0.000000e+00 -1.000000e+00
    outer loop
      vertex   1.550363e+02 -1.126788e+02 9.505804e+00
      vertex   1.504260e+02 -1.127564e+02 9.505804e+00
      vertex   1.504363e+02 -1.126788e+02 9.505804e+00
    endloop
  endfacet
  facet normal 0.000000e+00 0.000000e+00 -1.000000e+00
    outer loop
      vertex   1.550363e+02 -1.126788e+02 9.505804e+00
      vertex   1.504363e+02 -1.126788e+02 9.505804e+00
      vertex   1.550363e+02 -1.103787e+02 9.505804e+00
    endloop
  endfacet
  facet normal -0.000000e+00 0.000000e+00 -1.000000e+00
    outer loop
      vertex   1.550363e+02 -1.103787e+02 9.505804e+00
      vertex   1.504363e+02 -1.126788e+02 9.505804e+00
      vertex   1.504363e+02 -1.103787e+02 9.505804e+00
    endloop
  endfacet
  facet normal 0.000000e+00 0.000000e+00 -1.000000e+00
    outer loop
      vertex   1.550363e+02 -1.103787e+02 9.505804e+00
      vertex   1.504363e+02 -1.103787e+02 9.505804e+00
      vertex   1.550465e+02 -1.103011e+02 9.505804e+00
    endloop
  endfacet
  facet normal -0.000000e+00 0.000000e+00 -1.000000e+00
    outer loop
      vertex   1.550465e+02 -1.103011e+02 9.505804e+00
      vertex   1.504363e+02 -1.103787e+02 9.505804e+00
      vertex   1.504260e+02 -1.103011e+02 9.505804e+00
    endloop
  endfacet
  facet normal 0.000000e+00 0.000000e+00 -1.000000e+00
    outer loop
      vertex   1.550465e+02 -1.103011e+02 9.505804e+00
      vertex   1.504260e+02 -1.103011e+02 9.505804e+00
      vertex   1.550764e+02 -1.102287e+02 9.505804e+00
    endloop
  endfacet
  facet normal -0.000000e+00 0.000000e+00 -1.000000e+00
    outer loop
      vertex   1.550764e+02 -1.102287e+02 9.505804e+00
      vertex   1.504260e+02 -1.103011e+02 9.505804e+00
      vertex   1.503961e+02 -1.102287e+02 9.505804e+00
    endloop
  endfacet
  facet normal 0.000000e+00 0.000000e+00 -1.000000e+00
    outer loop
      vertex   1.550764e+02 -1.102287e+02 9.505804e+00
      vertex   1.503961e+02 -1.102287e+02 9.505804e+00
      vertex   1.551241e+02 -1.101666e+02 9.505804e+00
    endloop
  endfacet
  facet normal -0.000000e+00 0.000000e+00 -1.000000e+00
    outer loop
      vertex   1.551241e+02 -1.101666e+02 9.505804e+00
      vertex   1.503961e+02 -1.102287e+02 9.505804e+00
      vertex   1.503484e+02 -1.101666e+02 9.505804e+00
    endloop
  endfacet
  facet normal 0.000000e+00 0.000000e+00 -1.000000e+00
    outer loop
      vertex   1.551241e+02 -1.101666e+02 9.505804e+00
      vertex   1.503484e+02 -1.101666e+02 9.505804e+00
      vertex   1.551863e+02 -1.101189e+02 9.505804e+00
    endloop
  endfacet
  facet normal -0.000000e+00 0.000000e+00 -1.000000e+00
    outer loop
      vertex   1.551863e+02 -1.101189e+02 9.505804e+00
      vertex   1.503484e+02 -1.101666e+02 9.505804e+00
      vertex   1.502863e+02 -1.101189e+02 9.505804e+00
    endloop
  endfacet
  facet normal 0.000000e+00 3.264501e-11 -1.000000e+00
    outer loop
      vertex   1.551863e+02 -1.101189e+02 9.505804e+00
      vertex   1.502863e+02 -1.101189e+02 9.505804e+00
      vertex   1.585180e+02 -1.050447e+02 9.505804e+00
    endloop
  endfacet
  facet normal 0.000000e+00 3.307150e-11 -1.000000e+00
    outer loop
      vertex   1.501363e+02 -1.100787e+02 9.505804e+00
      vertex   1.496363e+02 -1.100787e+02 9.505804e+00
      vertex   1.469545e+02 -1.050447e+02 9.505804e+00
    endloop
  endfacet
  facet normal -4.068595e-12 3.090405e-11 -1.000000e+00
    outer loop
      vertex   1.469545e+02 -1.050447e+02 9.505804e+00
      vertex   1.496363e+02 -1.100787e+02 9.505804e+00
      vertex   1.495586e+02 -1.100890e+02 9.505804e+00
    endloop
  endfacet
  facet normal -1.854592e-11 2.416951e-11 -1.000000e+00
    outer loop
      vertex   1.494863e+02 -1.101189e+02 9.505804e+00
      vertex   1.494241e+02 -1.101666e+02 9.505804e+00
      vertex   1.462522e+02 -1.057470e+02 9.505804e+00
    endloop
  endfacet
  facet normal -2.523864e-11 1.936629e-11 -1.000000e+00
    outer loop
      vertex   1.462522e+02 -1.057470e+02 9.505804e+00
      vertex   1.494241e+02 -1.101666e+02 9.505804e+00
      vertex   1.493764e+02 -1.102287e+02 9.505804e+00
    endloop
  endfacet
  facet normal -3.325813e-11 1.377597e-11 -1.000000e+00
    outer loop
      vertex   1.462522e+02 -1.057470e+02 9.505804e+00
      vertex   1.493764e+02 -1.102287e+02 9.505804e+00
      vertex   1.493465e+02 -1.103011e+02 9.505804e+00
    endloop
  endfacet
  facet normal -4.484435e-11 5.903871e-12 -1.000000e+00
    outer loop
      vertex   1.493465e+02 -1.103011e+02 9.505804e+00
      vertex   1.493363e+02 -1.103787e+02 9.505804e+00
      vertex   1.462522e+02 -1.057470e+02 9.505804e+00
    endloop
  endfacet
  facet normal 4.484484e-11 -5.903935e-12 -1.000000e+00
    outer loop
      vertex   1.561260e+02 -1.127564e+02 9.505804e+00
      vertex   1.561363e+02 -1.126788e+02 9.505804e+00
      vertex   1.592203e+02 -1.173105e+02 9.505804e+00
    endloop
  endfacet
  facet normal 5.371175e-11 -6.000200e-27 -1.000000e+00
    outer loop
      vertex   1.592203e+02 -1.173105e+02 9.505804e+00
      vertex   1.561363e+02 -1.126788e+02 9.505804e+00
      vertex   1.561363e+02 -1.103787e+02 9.505804e+00
    endloop
  endfacet
  facet normal -1.907310e-11 -1.463530e-11 -1.000000e+00
    outer loop
      vertex   1.560961e+02 -1.102287e+02 9.505804e+00
      vertex   1.560484e+02 -1.101666e+02 9.505804e+00
      vertex   1.592203e+02 -1.057470e+02 9.505804e+00
    endloop
  endfacet
  facet normal -1.401534e-11 -1.826515e-11 -1.000000e+00
    outer loop
      vertex   1.592203e+02 -1.057470e+02 9.505804e+00
      vertex   1.560484e+02 -1.101666e+02 9.505804e+00
      vertex   1.559863e+02 -1.101189e+02 9.505804e+00
    endloop
  endfacet
  facet normal -9.078366e-12 -2.191711e-11 -1.000000e+00
    outer loop
      vertex   1.592203e+02 -1.057470e+02 9.505804e+00
      vertex   1.559863e+02 -1.101189e+02 9.505804e+00
      vertex   1.559139e+02 -1.100890e+02 9.505804e+00
    endloop
  endfacet
  facet normal 0.000000e+00 3.290565e-11 -1.000000e+00
    outer loop
      vertex   1.558363e+02 -1.100787e+02 9.505804e+00
      vertex   1.553363e+02 -1.100787e+02 9.505804e+00
      vertex   1.585180e+02 -1.050447e+02 9.505804e+00
    endloop
  endfacet
  facet normal -4.725310e-12 3.589230e-11 -1.000000e+00
    outer loop
      vertex   1.585180e+02 -1.050447e+02 9.505804e+00
      vertex   1.553363e+02 -1.100787e+02 9.505804e+00
      vertex   1.552586e+02 -1.100890e+02 9.505804e+00
    endloop
  endfacet
  facet normal -1.857356e-11 4.484055e-11 -1.000000e+00
    outer loop
      vertex   1.585180e+02 -1.050447e+02 9.505804e+00
      vertex   1.552586e+02 -1.100890e+02 9.505804e+00
      vertex   1.551863e+02 -1.101189e+02 9.505804e+00
    endloop
  endfacet
  facet normal 0.000000e+00 0.000000e+00 -1.000000e+00
    outer loop
      vertex   1.553363e+02 -1.129787e+02 9.505804e+00
      vertex   1.558363e+02 -1.129787e+02 9.505804e+00
      vertex   1.585180e+02 -1.180128e+02 9.505804e+00
    endloop
  endfacet
  facet normal 0.000000e+00 0.000000e+00 -1.000000e+00
    outer loop
      vertex   1.585180e+02 -1.180128e+02 9.505804e+00
      vertex   1.558363e+02 -1.129787e+02 9.505804e+00
      vertex   1.559139e+02 -1.129685e+02 9.505804e+00
    endloop
  endfacet
  facet normal 1.854611e-11 -2.416977e-11 -1.000000e+00
    outer loop
      vertex   1.559863e+02 -1.129386e+02 9.505804e+00
      vertex   1.560484e+02 -1.128909e+02 9.505804e+00
      vertex   1.592203e+02 -1.173105e+02 9.505804e+00
    endloop
  endfacet
  facet normal 2.523891e-11 -1.936649e-11 -1.000000e+00
    outer loop
      vertex   1.592203e+02 -1.173105e+02 9.505804e+00
      vertex   1.560484e+02 -1.128909e+02 9.505804e+00
      vertex   1.560961e+02 -1.128288e+02 9.505804e+00
    endloop
  endfacet
  facet normal 3.325848e-11 -1.377611e-11 -1.000000e+00
    outer loop
      vertex   1.592203e+02 -1.173105e+02 9.505804e+00
      vertex   1.560961e+02 -1.128288e+02 9.505804e+00
      vertex   1.561260e+02 -1.127564e+02 9.505804e+00
    endloop
  endfacet
  facet normal 9.363292e-01 -1.044237e-11 -3.511234e-01
    outer loop
      vertex   1.455022e+02 -1.049970e+02 7.505804e+00
      vertex   1.462522e+02 -1.057470e+02 9.505804e+00
      vertex   1.455022e+02 -1.180605e+02 7.505804e+00
    endloop
  endfacet
  facet normal 9.363292e-01 2.931577e-11 -3.511234e-01
    outer loop
      vertex   1.455022e+02 -1.180605e+02 7.505804e+00
      vertex   1.462522e+02 -1.057470e+02 9.505804e+00
      vertex   1.462522e+02 -1.173105e+02 9.505804e+00
    endloop
  endfacet
  facet normal -4.518452e-11 9.363292e-01 -3.511234e-01
    outer loop
      vertex   1.469545e+02 -1.180128e+02 9.505804e+00
      vertex   1.585180e+02 -1.180128e+02 9.505804e+00
      vertex   1.462045e+02 -1.187628e+02 7.505804e+00
    endloop
  endfacet
  facet normal -1.353785e-11 9.363292e-01 -3.511234e-01
    outer loop
      vertex   1.462045e+02 -1.187628e+02 7.505804e+00
      vertex   1.585180e+02 -1.180128e+02 9.505804e+00
      vertex   1.592680e+02 -1.187628e+02 7.505804e+00
    endloop
  endfacet
  facet normal -9.363292e-01 -6.136460e-11 -3.511234e-01
    outer loop
      vertex   1.592203e+02 -1.173105e+02 9.505804e+00
      vertex   1.592203e+02 -1.057470e+02 9.505804e+00
      vertex   1.599703e+02 -1.180605e+02 7.505804e+00
    endloop
  endfacet
  facet normal -9.363292e-01 1.484687e-12 -3.511234e-01
    outer loop
      vertex   1.599703e+02 -1.180605e+02 7.505804e+00
      vertex   1.592203e+02 -1.057470e+02 9.505804e+00
      vertex   1.599703e+02 -1.049970e+02 7.505804e+00
    endloop
  endfacet
  facet normal -1.047364e-11 -9.363292e-01 -3.511234e-01
    outer loop
      vertex   1.469545e+02 -1.050447e+02 9.505804e+00
      vertex   1.462045e+02 -1.042947e+02 7.505804e+00
      vertex   1.585180e+02 -1.050447e+02 9.505804e+00
    endloop
  endfacet
  facet normal 2.028393e-11 -9.363292e-01 -3.511234e-01
    outer loop
      vertex   1.585180e+02 -1.050447e+02 9.505804e+00
      vertex   1.462045e+02 -1.042947e+02 7.505804e+00
      vertex   1.592680e+02 -1.042947e+02 7.505804e+00
    endloop
  endfacet
  facet normal -1.000000e+00 -0.000000e+00 -0.000000e+00
    outer loop
      vertex   1.550363e+02 -1.103787e+02 9.505804e+00
      vertex   1.550363e+02 -1.103787e+02 6.305804e+00
      vertex   1.550363e+02 -1.126788e+02 9.505804e+00
    endloop
  endfacet
  facet normal -1.000000e+00 0.000000e+00 0.000000e+00
    outer loop
      vertex   1.550363e+02 -1.126788e+02 9.505804e+00
      vertex   1.550363e+02 -1.103787e+02 6.305804e+00
      vertex   1.550363e+02 -1.126788e+02 6.305804e+00
    endloop
  endfacet
  facet normal 0.000000e+00 1.000000e+00 0.000000e+00
    outer loop
      vertex   1.558363e+02 -1.100787e+02 9.505804e+00
      vertex   1.558363e+02 -1.100787e+02 6.305804e+00
      vertex   1.553363e+02 -1.100787e+02 9.505804e+00
    endloop
  endfacet
  facet normal 0.000000e+00 1.000000e+00 0.000000e+00
    outer loop
      vertex   1.553363e+02 -1.100787e+02 9.505804e+00
      vertex   1.558363e+02 -1.100787e+02 6.305804e+00
      vertex   1.553363e+02 -1.100787e+02 6.305804e+00
    endloop
  endfacet
  facet normal 1.000000e+00 0.000000e+00 0.000000e+00
    outer loop
      vertex   1.561363e+02 -1.126788e+02 6.305804e+00
      vertex   1.561363e+02 -1.103787e+02 6.305804e+00
      vertex   1.561363e+02 -1.126788e+02 9.505804e+00
    endloop
  endfacet
  facet normal 1.000000e+00 -0.000000e+00 0.000000e+00
    outer loop
      vertex   1.561363e+02 -1.126788e+02 9.505804e+00
      vertex   1.561363e+02 -1.103787e+02 6.305804e+00
      vertex   1.561363e+02 -1.103787e+02 9.505804e+00
    endloop
  endfacet
  facet normal 0.000000e+00 -1.000000e+00 0.000000e+00
    outer loop
      vertex   1.553363e+02 -1.129787e+02 6.305804e+00
      vertex   1.558363e+02 -1.129787e+02 6.305804e+00
      vertex   1.553363e+02 -1.129787e+02 9.505804e+00
    endloop
  endfacet
  facet normal 0.000000e+00 -1.000000e+00 0.000000e+00
    outer loop
      vertex   1.553363e+02 -1.129787e+02 9.505804e+00
      vertex   1.558363e+02 -1.129787e+02 6.305804e+00
      vertex   1.558363e+02 -1.129787e+02 9.505804e+00
    endloop
  endfacet
  facet normal 0.000000e+00 0.000000e+00 -1.000000e+00
    outer loop
      vertex   1.558363e+02 -1.126788e+02 6.005804e+00
      vertex   1.553363e+02 -1.126788e+02 6.005804e+00
      vertex   1.558363e+02 -1.103787e+02 6.005804e+00
    endloop
  endfacet
  facet normal -0.000000e+00 0.000000e+00 -1.000000e+00
    outer loop
      vertex   1.558363e+02 -1.103787e+02 6.005804e+00
      vertex   1.553363e+02 -1.126788e+02 6.005804e+00
      vertex   1.553363e+02 -1.103787e+02 6.005804e+00
    endloop
  endfacet
  facet normal 1.000000e+00 0.000000e+00 -0.000000e+00
    outer loop
      vertex   1.504363e+02 -1.103787e+02 6.305804e+00
      vertex   1.504363e+02 -1.103787e+02 9.505804e+00
      vertex   1.504363e+02 -1.126788e+02 6.305804e+00
    endloop
  endfacet
  facet normal 1.000000e+00 0.000000e+00 0.000000e+00
    outer loop
      vertex   1.504363e+02 -1.126788e+02 6.305804e+00
      vertex   1.504363e+02 -1.103787e+02 9.505804e+00
      vertex   1.504363e+02 -1.126788e+02 9.505804e+00
    endloop
  endfacet
  facet normal 0.000000e+00 -1.000000e+00 0.000000e+00
    outer loop
      vertex   1.501363e+02 -1.129787e+02 6.305804e+00
      vertex   1.501363e+02 -1.129787e+02 9.505804e+00
      vertex   1.496363e+02 -1.129787e+02 6.305804e+00
    endloop
  endfacet
  facet normal 0.000000e+00 -1.000000e+00 0.000000e+00
    outer loop
      vertex   1.496363e+02 -1.129787e+02 6.305804e+00
      vertex   1.501363e+02 -1.129787e+02 9.505804e+00
      vertex   1.496363e+02 -1.129787e+02 9.505804e+00
    endloop
  endfacet
  facet normal -1.000000e+00 0.000000e+00 0.000000e+00
    outer loop
      vertex   1.493363e+02 -1.126788e+02 6.305804e+00
      vertex   1.493363e+02 -1.126788e+02 9.505804e+00
      vertex   1.493363e+02 -1.103787e+02 6.305804e+00
    endloop
  endfacet
  facet normal -1.000000e+00 0.000000e+00 0.000000e+00
    outer loop
      vertex   1.493363e+02 -1.103787e+02 6.305804e+00
      vertex   1.493363e+02 -1.126788e+02 9.505804e+00
      vertex   1.493363e+02 -1.103787e+02 9.505804e+00
    endloop
  endfacet
  facet normal 0.000000e+00 1.000000e+00 0.000000e+00
    outer loop
      vertex   1.501363e+02 -1.100787e+02 9.505804e+00
      vertex   1.501363e+02 -1.100787e+02 6.305804e+00
      vertex   1.496363e+02 -1.100787e+02 9.505804e+00
    endloop
  endfacet
  facet normal 0.000000e+00 1.000000e+00 0.000000e+00
    outer loop
      vertex   1.496363e+02 -1.100787e+02 9.505804e+00
      vertex   1.501363e+02 -1.100787e+02 6.305804e+00
      vertex   1.496363e+02 -1.100787e+02 6.305804e+00
    endloop
  endfacet
  facet normal 0.000000e+00 0.000000e+00 -1.000000e+00
    outer loop
      vertex   1.496363e+02 -1.103787e+02 6.005804e+00
      vertex   1.501363e+02 -1.103787e+02 6.005804e+00
      vertex   1.496363e+02 -1.126788e+02 6.005804e+00
    endloop
  endfacet
  facet normal 0.000000e+00 0.000000e+00 -1.000000e+00
    outer loop
      vertex   1.496363e+02 -1.126788e+02 6.005804e+00
      vertex   1.501363e+02 -1.103787e+02 6.005804e+00
      vertex   1.501363e+02 -1.126788e+02 6.005804e+00
    endloop
  endfacet
  facet normal 9.914449e-01 -1.305262e-01 0.000000e+00
    outer loop
      vertex   1.504260e+02 -1.127564e+02 6.305804e+00
      vertex   1.504363e+02 -1.126788e+02 6.305804e+00
      vertex   1.504260e+02 -1.127564e+02 7.905804e+00
    endloop
  endfacet
  facet normal 9.914449e-01 -1.305262e-01 1.276444e-19
    outer loop
      vertex   1.504260e+02 -1.127564e+02 7.905804e+00
      vertex   1.504363e+02 -1.126788e+02 6.305804e+00
      vertex   1.504363e+02 -1.126788e+02 9.505804e+00
    endloop
  endfacet
  facet normal 9.914449e-01 -1.305262e-01 0.000000e+00
    outer loop
      vertex   1.504260e+02 -1.127564e+02 7.905804e+00
      vertex   1.504363e+02 -1.126788e+02 9.505804e+00
      vertex   1.504260e+02 -1.127564e+02 9.505804e+00
    endloop
  endfacet
  facet normal 9.238795e-01 -3.826834e-01 0.000000e+00
    outer loop
      vertex   1.504260e+02 -1.127564e+02 7.905804e+00
      vertex   1.504260e+02 -1.127564e+02 9.505804e+00
      vertex   1.503961e+02 -1.128288e+02 7.905804e+00
    endloop
  endfacet
  facet normal 9.238795e-01 -3.826834e-01 0.000000e+00
    outer loop
      vertex   1.503961e+02 -1.128288e+02 7.905804e+00
      vertex   1.504260e+02 -1.127564e+02 9.505804e+00
      vertex   1.503961e+02 -1.128288e+02 9.505804e+00
    endloop
  endfacet
  facet normal 7.933533e-01 -6.087614e-01 0.000000e+00
    outer loop
      vertex   1.503961e+02 -1.128288e+02 7.905804e+00
      vertex   1.503961e+02 -1.128288e+02 9.505804e+00
      vertex   1.503484e+02 -1.128909e+02 7.905804e+00
    endloop
  endfacet
  facet normal 7.933533e-01 -6.087614e-01 0.000000e+00
    outer loop
      vertex   1.503484e+02 -1.128909e+02 7.905804e+00
      vertex   1.503961e+02 -1.128288e+02 9.505804e+00
      vertex   1.503484e+02 -1.128909e+02 9.505804e+00
    endloop
  endfacet
  facet normal 6.087614e-01 -7.933533e-01 0.000000e+00
    outer loop
      vertex   1.503484e+02 -1.128909e+02 7.905804e+00
      vertex   1.503484e+02 -1.128909e+02 9.505804e+00
      vertex   1.502863e+02 -1.129386e+02 7.905804e+00
    endloop
  endfacet
  facet normal 6.087614e-01 -7.933533e-01 0.000000e+00
    outer loop
      vertex   1.502863e+02 -1.129386e+02 7.905804e+00
      vertex   1.503484e+02 -1.128909e+02 9.505804e+00
      vertex   1.502863e+02 -1.129386e+02 9.505804e+00
    endloop
  endfacet
  facet normal 3.826834e-01 -9.238795e-01 0.000000e+00
    outer loop
      vertex   1.502863e+02 -1.129386e+02 7.905804e+00
      vertex   1.502863e+02 -1.129386e+02 9.505804e+00
      vertex   1.502139e+02 -1.129685e+02 7.905804e+00
    endloop
  endfacet
  facet normal 3.826834e-01 -9.238795e-01 0.000000e+00
    outer loop
      vertex   1.502139e+02 -1.129685e+02 7.905804e+00
      vertex   1.502863e+02 -1.129386e+02 9.505804e+00
      vertex   1.502139e+02 -1.129685e+02 9.505804e+00
    endloop
  endfacet
  facet normal 1.305262e-01 -9.914449e-01 0.000000e+00
    outer loop
      vertex   1.502139e+02 -1.129685e+02 7.905804e+00
      vertex   1.502139e+02 -1.129685e+02 9.505804e+00
      vertex   1.501363e+02 -1.129787e+02 9.505804e+00
    endloop
  endfacet
  facet normal 1.305262e-01 -9.914449e-01 0.000000e+00
    outer loop
      vertex   1.501363e+02 -1.129787e+02 9.505804e+00
      vertex   1.501363e+02 -1.129787e+02 6.305804e+00
      vertex   1.502139e+02 -1.129685e+02 7.905804e+00
    endloop
  endfacet
  facet normal 1.305262e-01 -9.914449e-01 0.000000e+00
    outer loop
      vertex   1.502139e+02 -1.129685e+02 7.905804e+00
      vertex   1.501363e+02 -1.129787e+02 6.305804e+00
      vertex   1.502139e+02 -1.129685e+02 6.305804e+00
    endloop
  endfacet
  facet normal 3.826834e-01 -9.238795e-01 0.000000e+00
    outer loop
      vertex   1.502139e+02 -1.129685e+02 7.905804e+00
      vertex   1.502139e+02 -1.129685e+02 6.305804e+00
      vertex   1.502863e+02 -1.129386e+02 7.905804e+00
    endloop
  endfacet
  facet normal 3.826834e-01 -9.238795e-01 0.000000e+00
    outer loop
      vertex   1.502863e+02 -1.129386e+02 7.905804e+00
      vertex   1.502139e+02 -1.129685e+02 6.305804e+00
      vertex   1.502863e+02 -1.129386e+02 6.305804e+00
    endloop
  endfacet
  facet normal 6.087614e-01 -7.933533e-01 0.000000e+00
    outer loop
      vertex   1.502863e+02 -1.129386e+02 7.905804e+00
      vertex   1.502863e+02 -1.129386e+02 6.305804e+00
      vertex   1.503484e+02 -1.128909e+02 7.905804e+00
    endloop
  endfacet
  facet normal 6.087614e-01 -7.933533e-01 0.000000e+00
    outer loop
      vertex   1.503484e+02 -1.128909e+02 7.905804e+00
      vertex   1.502863e+02 -1.129386e+02 6.305804e+00
      vertex   1.503484e+02 -1.128909e+02 6.305804e+00
    endloop
  endfacet
  facet normal 7.933533e-01 -6.087614e-01 0.000000e+00
    outer loop
      vertex   1.503484e+02 -1.128909e+02 7.905804e+00
      vertex   1.503484e+02 -1.128909e+02 6.305804e+00
      vertex   1.503961e+02 -1.128288e+02 7.905804e+00
    endloop
  endfacet
  facet normal 7.933533e-01 -6.087614e-01 0.000000e+00
    outer loop
      vertex   1.503961e+02 -1.128288e+02 7.905804e+00
      vertex   1.503484e+02 -1.128909e+02 6.305804e+00
      vertex   1.503961e+02 -1.128288e+02 6.305804e+00
    endloop
  endfacet
  facet normal 9.238795e-01 -3.826834e-01 0.000000e+00
    outer loop
      vertex   1.503961e+02 -1.128288e+02 7.905804e+00
      vertex   1.503961e+02 -1.128288e+02 6.305804e+00
      vertex   1.504260e+02 -1.127564e+02 7.905804e+00
    endloop
  endfacet
  facet normal 9.238795e-01 -3.826834e-01 0.000000e+00
    outer loop
      vertex   1.504260e+02 -1.127564e+02 7.905804e+00
      vertex   1.503961e+02 -1.128288e+02 6.305804e+00
      vertex   1.504260e+02 -1.127564e+02 6.305804e+00
    endloop
  endfacet
  facet normal -1.305262e-01 -9.914449e-01 0.000000e+00
    outer loop
      vertex   1.495586e+02 -1.129685e+02 6.305804e+00
      vertex   1.496363e+02 -1.129787e+02 6.305804e+00
      vertex   1.495586e+02 -1.129685e+02 7.905804e+00
    endloop
  endfacet
  facet normal -1.305262e-01 -9.914449e-01 1.690768e-19
    outer loop
      vertex   1.495586e+02 -1.129685e+02 7.905804e+00
      vertex   1.496363e+02 -1.129787e+02 6.305804e+00
      vertex   1.496363e+02 -1.129787e+02 9.505804e+00
    endloop
  endfacet
  facet normal -1.305262e-01 -9.914449e-01 0.000000e+00
    outer loop
      vertex   1.495586e+02 -1.129685e+02 7.905804e+00
      vertex   1.496363e+02 -1.129787e+02 9.505804e+00
      vertex   1.495586e+02 -1.129685e+02 9.505804e+00
    endloop
  endfacet
  facet normal -3.826834e-01 -9.238795e-01 0.000000e+00
    outer loop
      vertex   1.495586e+02 -1.129685e+02 7.905804e+00
      vertex   1.495586e+02 -1.129685e+02 9.505804e+00
      vertex   1.494863e+02 -1.129386e+02 7.905804e+00
    endloop
  endfacet
  facet normal -3.826834e-01 -9.238795e-01 0.000000e+00
    outer loop
      vertex   1.494863e+02 -1.129386e+02 7.905804e+00
      vertex   1.495586e+02 -1.129685e+02 9.505804e+00
      vertex   1.494863e+02 -1.129386e+02 9.505804e+00
    endloop
  endfacet
  facet normal -6.087614e-01 -7.933533e-01 0.000000e+00
    outer loop
      vertex   1.494863e+02 -1.129386e+02 7.905804e+00
      vertex   1.494863e+02 -1.129386e+02 9.505804e+00
      vertex   1.494241e+02 -1.128909e+02 7.905804e+00
    endloop
  endfacet
  facet normal -6.087614e-01 -7.933533e-01 0.000000e+00
    outer loop
      vertex   1.494241e+02 -1.128909e+02 7.905804e+00
      vertex   1.494863e+02 -1.129386e+02 9.505804e+00
      vertex   1.494241e+02 -1.128909e+02 9.505804e+00
    endloop
  endfacet
  facet normal -7.933533e-01 -6.087614e-01 0.000000e+00
    outer loop
      vertex   1.494241e+02 -1.128909e+02 7.905804e+00
      vertex   1.494241e+02 -1.128909e+02 9.505804e+00
      vertex   1.493764e+02 -1.128288e+02 7.905804e+00
    endloop
  endfacet
  facet normal -7.933533e-01 -6.087614e-01 0.000000e+00
    outer loop
      vertex   1.493764e+02 -1.128288e+02 7.905804e+00
      vertex   1.494241e+02 -1.128909e+02 9.505804e+00
      vertex   1.493764e+02 -1.128288e+02 9.505804e+00
    endloop
  endfacet
  facet normal -9.238795e-01 -3.826834e-01 0.000000e+00
    outer loop
      vertex   1.493764e+02 -1.128288e+02 7.905804e+00
      vertex   1.493764e+02 -1.128288e+02 9.505804e+00
      vertex   1.493465e+02 -1.127564e+02 7.905804e+00
    endloop
  endfacet
  facet normal -9.238795e-01 -3.826834e-01 0.000000e+00
    outer loop
      vertex   1.493465e+02 -1.127564e+02 7.905804e+00
      vertex   1.493764e+02 -1.128288e+02 9.505804e+00
      vertex   1.493465e+02 -1.127564e+02 9.505804e+00
    endloop
  endfacet
  facet normal -9.914449e-01 -1.305262e-01 0.000000e+00
    outer loop
      vertex   1.493465e+02 -1.127564e+02 7.905804e+00
      vertex   1.493465e+02 -1.127564e+02 9.505804e+00
      vertex   1.493363e+02 -1.126788e+02 9.505804e+00
    endloop
  endfacet
  facet normal -9.914449e-01 -1.305262e-01 -0.000000e+00
    outer loop
      vertex   1.493363e+02 -1.126788e+02 9.505804e+00
      vertex   1.493363e+02 -1.126788e+02 6.305804e+00
      vertex   1.493465e+02 -1.127564e+02 7.905804e+00
    endloop
  endfacet
  facet normal -9.914449e-01 -1.305262e-01 -0.000000e+00
    outer loop
      vertex   1.493465e+02 -1.127564e+02 7.905804e+00
      vertex   1.493363e+02 -1.126788e+02 6.305804e+00
      vertex   1.493465e+02 -1.127564e+02 6.305804e+00
    endloop
  endfacet
  facet normal -9.238795e-01 -3.826834e-01 -0.000000e+00
    outer loop
      vertex   1.493465e+02 -1.127564e+02 7.905804e+00
      vertex   1.493465e+02 -1.127564e+02 6.305804e+00
      vertex   1.493764e+02 -1.128288e+02 7.905804e+00
    endloop
  endfacet
  facet normal -9.238795e-01 -3.826834e-01 -0.000000e+00
    outer loop
      vertex   1.493764e+02 -1.128288e+02 7.905804e+00
      vertex   1.493465e+02 -1.127564e+02 6.305804e+00
      vertex   1.493764e+02 -1.128288e+02 6.305804e+00
    endloop
  endfacet
  facet normal -7.933533e-01 -6.087614e-01 -0.000000e+00
    outer loop
      vertex   1.493764e+02 -1.128288e+02 7.905804e+00
      vertex   1.493764e+02 -1.128288e+02 6.305804e+00
      vertex   1.494241e+02 -1.128909e+02 7.905804e+00
    endloop
  endfacet
  facet normal -7.933533e-01 -6.087614e-01 -0.000000e+00
    outer loop
      vertex   1.494241e+02 -1.128909e+02 7.905804e+00
      vertex   1.493764e+02 -1.128288e+02 6.305804e+00
      vertex   1.494241e+02 -1.128909e+02 6.305804e+00
    endloop
  endfacet
  facet normal -6.087614e-01 -7.933533e-01 -0.000000e+00
    outer loop
      vertex   1.494241e+02 -1.128909e+02 7.905804e+00
      vertex   1.494241e+02 -1.128909e+02 6.305804e+00
      vertex   1.494863e+02 -1.129386e+02 7.905804e+00
    endloop
  endfacet
  facet normal -6.087614e-01 -7.933533e-01 -0.000000e+00
    outer loop
      vertex   1.494863e+02 -1.129386e+02 7.905804e+00
      vertex   1.494241e+02 -1.128909e+02 6.305804e+00
      vertex   1.494863e+02 -1.129386e+02 6.305804e+00
    endloop
  endfacet
  facet normal -3.826834e-01 -9.238795e-01 -0.000000e+00
    outer loop
      vertex   1.494863e+02 -1.129386e+02 7.905804e+00
      vertex   1.494863e+02 -1.129386e+02 6.305804e+00
      vertex   1.495586e+02 -1.129685e+02 7.905804e+00
    endloop
  endfacet
  facet normal -3.826834e-01 -9.238795e-01 -0.000000e+00
    outer loop
      vertex   1.495586e+02 -1.129685e+02 7.905804e+00
      vertex   1.494863e+02 -1.129386e+02 6.305804e+00
      vertex   1.495586e+02 -1.129685e+02 6.305804e+00
    endloop
  endfacet
  facet normal -9.914449e-01 1.305262e-01 0.000000e+00
    outer loop
      vertex   1.493465e+02 -1.103011e+02 6.305804e+00
      vertex   1.493363e+02 -1.103787e+02 6.305804e+00
      vertex   1.493465e+02 -1.103011e+02 7.905804e+00
    endloop
  endfacet
  facet normal -9.914449e-01 1.305262e-01 -9.165260e-20
    outer loop
      vertex   1.493465e+02 -1.103011e+02 7.905804e+00
      vertex   1.493363e+02 -1.103787e+02 6.305804e+00
      vertex   1.493363e+02 -1.103787e+02 9.505804e+00
    endloop
  endfacet
  facet normal -9.914449e-01 1.305262e-01 0.000000e+00
    outer loop
      vertex   1.493465e+02 -1.103011e+02 7.905804e+00
      vertex   1.493363e+02 -1.103787e+02 9.505804e+00
      vertex   1.493465e+02 -1.103011e+02 9.505804e+00
    endloop
  endfacet
  facet normal -9.238795e-01 3.826834e-01 0.000000e+00
    outer loop
      vertex   1.493465e+02 -1.103011e+02 7.905804e+00
      vertex   1.493465e+02 -1.103011e+02 9.505804e+00
      vertex   1.493764e+02 -1.102287e+02 7.905804e+00
    endloop
  endfacet
  facet normal -9.238795e-01 3.826834e-01 0.000000e+00
    outer loop
      vertex   1.493764e+02 -1.102287e+02 7.905804e+00
      vertex   1.493465e+02 -1.103011e+02 9.505804e+00
      vertex   1.493764e+02 -1.102287e+02 9.505804e+00
    endloop
  endfacet
  facet normal -7.933533e-01 6.087614e-01 0.000000e+00
    outer loop
      vertex   1.493764e+02 -1.102287e+02 7.905804e+00
      vertex   1.493764e+02 -1.102287e+02 9.505804e+00
      vertex   1.494241e+02 -1.101666e+02 7.905804e+00
    endloop
  endfacet
  facet normal -7.933533e-01 6.087614e-01 0.000000e+00
    outer loop
      vertex   1.494241e+02 -1.101666e+02 7.905804e+00
      vertex   1.493764e+02 -1.102287e+02 9.505804e+00
      vertex   1.494241e+02 -1.101666e+02 9.505804e+00
    endloop
  endfacet
  facet normal -6.087614e-01 7.933533e-01 0.000000e+00
    outer loop
      vertex   1.494241e+02 -1.101666e+02 7.905804e+00
      vertex   1.494241e+02 -1.101666e+02 9.505804e+00
      vertex   1.494863e+02 -1.101189e+02 7.905804e+00
    endloop
  endfacet
  facet normal -6.087614e-01 7.933533e-01 0.000000e+00
    outer loop
      vertex   1.494863e+02 -1.101189e+02 7.905804e+00
      vertex   1.494241e+02 -1.101666e+02 9.505804e+00
      vertex   1.494863e+02 -1.101189e+02 9.505804e+00
    endloop
  endfacet
  facet normal -3.826834e-01 9.238795e-01 0.000000e+00
    outer loop
      vertex   1.494863e+02 -1.101189e+02 7.905804e+00
      vertex   1.494863e+02 -1.101189e+02 9.505804e+00
      vertex   1.495586e+02 -1.100890e+02 7.905804e+00
    endloop
  endfacet
  facet normal -3.826834e-01 9.238795e-01 0.000000e+00
    outer loop
      vertex   1.495586e+02 -1.100890e+02 7.905804e+00
      vertex   1.494863e+02 -1.101189e+02 9.505804e+00
      vertex   1.495586e+02 -1.100890e+02 9.505804e+00
    endloop
  endfacet
  facet normal -1.305262e-01 9.914449e-01 0.000000e+00
    outer loop
      vertex   1.495586e+02 -1.100890e+02 7.905804e+00
      vertex   1.495586e+02 -1.100890e+02 9.505804e+00
      vertex   1.496363e+02 -1.100787e+02 9.505804e+00
    endloop
  endfacet
  facet normal -1.305262e-01 9.914449e-01 0.000000e+00
    outer loop
      vertex   1.496363e+02 -1.100787e+02 9.505804e+00
      vertex   1.496363e+02 -1.100787e+02 6.305804e+00
      vertex   1.495586e+02 -1.100890e+02 7.905804e+00
    endloop
  endfacet
  facet normal -1.305262e-01 9.914449e-01 0.000000e+00
    outer loop
      vertex   1.495586e+02 -1.100890e+02 7.905804e+00
      vertex   1.496363e+02 -1.100787e+02 6.305804e+00
      vertex   1.495586e+02 -1.100890e+02 6.305804e+00
    endloop
  endfacet
  facet normal -3.826834e-01 9.238795e-01 0.000000e+00
    outer loop
      vertex   1.495586e+02 -1.100890e+02 7.905804e+00
      vertex   1.495586e+02 -1.100890e+02 6.305804e+00
      vertex   1.494863e+02 -1.101189e+02 7.905804e+00
    endloop
  endfacet
  facet normal -3.826834e-01 9.238795e-01 0.000000e+00
    outer loop
      vertex   1.494863e+02 -1.101189e+02 7.905804e+00
      vertex   1.495586e+02 -1.100890e+02 6.305804e+00
      vertex   1.494863e+02 -1.101189e+02 6.305804e+00
    endloop
  endfacet
  facet normal -6.087614e-01 7.933533e-01 0.000000e+00
    outer loop
      vertex   1.494863e+02 -1.101189e+02 7.905804e+00
      vertex   1.494863e+02 -1.101189e+02 6.305804e+00
      vertex   1.494241e+02 -1.101666e+02 7.905804e+00
    endloop
  endfacet
  facet normal -6.087614e-01 7.933533e-01 0.000000e+00
    outer loop
      vertex   1.494241e+02 -1.101666e+02 7.905804e+00
      vertex   1.494863e+02 -1.101189e+02 6.305804e+00
      vertex   1.494241e+02 -1.101666e+02 6.305804e+00
    endloop
  endfacet
  facet normal -7.933533e-01 6.087614e-01 0.000000e+00
    outer loop
      vertex   1.494241e+02 -1.101666e+02 7.905804e+00
      vertex   1.494241e+02 -1.101666e+02 6.305804e+00
      vertex   1.493764e+02 -1.102287e+02 7.905804e+00
    endloop
  endfacet
  facet normal -7.933533e-01 6.087614e-01 0.000000e+00
    outer loop
      vertex   1.493764e+02 -1.102287e+02 7.905804e+00
      vertex   1.494241e+02 -1.101666e+02 6.305804e+00
      vertex   1.493764e+02 -1.102287e+02 6.305804e+00
    endloop
  endfacet
  facet normal -9.238795e-01 3.826834e-01 0.000000e+00
    outer loop
      vertex   1.493764e+02 -1.102287e+02 7.905804e+00
      vertex   1.493764e+02 -1.102287e+02 6.305804e+00
      vertex   1.493465e+02 -1.103011e+02 7.905804e+00
    endloop
  endfacet
  facet normal -9.238795e-01 3.826834e-01 0.000000e+00
    outer loop
      vertex   1.493465e+02 -1.103011e+02 7.905804e+00
      vertex   1.493764e+02 -1.102287e+02 6.305804e+00
      vertex   1.493465e+02 -1.103011e+02 6.305804e+00
    endloop
  endfacet
  facet normal 1.305262e-01 9.914449e-01 -0.000000e+00
    outer loop
      vertex   1.502139e+02 -1.100890e+02 6.305804e+00
      vertex   1.501363e+02 -1.100787e+02 6.305804e+00
      vertex   1.502139e+02 -1.100890e+02 7.905804e+00
    endloop
  endfacet
  facet normal 1.305262e-01 9.914449e-01 -1.920929e-19
    outer loop
      vertex   1.502139e+02 -1.100890e+02 7.905804e+00
      vertex   1.501363e+02 -1.100787e+02 6.305804e+00
      vertex   1.501363e+02 -1.100787e+02 9.505804e+00
    endloop
  endfacet
  facet normal 1.305262e-01 9.914449e-01 -0.000000e+00
    outer loop
      vertex   1.502139e+02 -1.100890e+02 7.905804e+00
      vertex   1.501363e+02 -1.100787e+02 9.505804e+00
      vertex   1.502139e+02 -1.100890e+02 9.505804e+00
    endloop
  endfacet
  facet normal 3.826834e-01 9.238795e-01 -0.000000e+00
    outer loop
      vertex   1.502139e+02 -1.100890e+02 7.905804e+00
      vertex   1.502139e+02 -1.100890e+02 9.505804e+00
      vertex   1.502863e+02 -1.101189e+02 7.905804e+00
    endloop
  endfacet
  facet normal 3.826834e-01 9.238795e-01 -0.000000e+00
    outer loop
      vertex   1.502863e+02 -1.101189e+02 7.905804e+00
      vertex   1.502139e+02 -1.100890e+02 9.505804e+00
      vertex   1.502863e+02 -1.101189e+02 9.505804e+00
    endloop
  endfacet
  facet normal 6.087614e-01 7.933533e-01 -0.000000e+00
    outer loop
      vertex   1.502863e+02 -1.101189e+02 7.905804e+00
      vertex   1.502863e+02 -1.101189e+02 9.505804e+00
      vertex   1.503484e+02 -1.101666e+02 7.905804e+00
    endloop
  endfacet
  facet normal 6.087614e-01 7.933533e-01 -0.000000e+00
    outer loop
      vertex   1.503484e+02 -1.101666e+02 7.905804e+00
      vertex   1.502863e+02 -1.101189e+02 9.505804e+00
      vertex   1.503484e+02 -1.101666e+02 9.505804e+00
    endloop
  endfacet
  facet normal 7.933533e-01 6.087614e-01 -0.000000e+00
    outer loop
      vertex   1.503484e+02 -1.101666e+02 7.905804e+00
      vertex   1.503484e+02 -1.101666e+02 9.505804e+00
      vertex   1.503961e+02 -1.102287e+02 7.905804e+00
    endloop
  endfacet
  facet normal 7.933533e-01 6.087614e-01 -0.000000e+00
    outer loop
      vertex   1.503961e+02 -1.102287e+02 7.905804e+00
      vertex   1.503484e+02 -1.101666e+02 9.505804e+00
      vertex   1.503961e+02 -1.102287e+02 9.505804e+00
    endloop
  endfacet
  facet normal 9.238795e-01 3.826834e-01 -0.000000e+00
    outer loop
      vertex   1.503961e+02 -1.102287e+02 7.905804e+00
      vertex   1.503961e+02 -1.102287e+02 9.505804e+00
      vertex   1.504260e+02 -1.103011e+02 7.905804e+00
    endloop
  endfacet
  facet normal 9.238795e-01 3.826834e-01 -0.000000e+00
    outer loop
      vertex   1.504260e+02 -1.103011e+02 7.905804e+00
      vertex   1.503961e+02 -1.102287e+02 9.505804e+00
      vertex   1.504260e+02 -1.103011e+02 9.505804e+00
    endloop
  endfacet
  facet normal 9.914449e-01 1.305262e-01 -0.000000e+00
    outer loop
      vertex   1.504260e+02 -1.103011e+02 7.905804e+00
      vertex   1.504260e+02 -1.103011e+02 9.505804e+00
      vertex   1.504363e+02 -1.103787e+02 9.505804e+00
    endloop
  endfacet
  facet normal 9.914449e-01 1.305262e-01 0.000000e+00
    outer loop
      vertex   1.504363e+02 -1.103787e+02 9.505804e+00
      vertex   1.504363e+02 -1.103787e+02 6.305804e+00
      vertex   1.504260e+02 -1.103011e+02 7.905804e+00
    endloop
  endfacet
  facet normal 9.914449e-01 1.305262e-01 0.000000e+00
    outer loop
      vertex   1.504260e+02 -1.103011e+02 7.905804e+00
      vertex   1.504363e+02 -1.103787e+02 6.305804e+00
      vertex   1.504260e+02 -1.103011e+02 6.305804e+00
    endloop
  endfacet
  facet normal 9.238795e-01 3.826834e-01 0.000000e+00
    outer loop
      vertex   1.504260e+02 -1.103011e+02 7.905804e+00
      vertex   1.504260e+02 -1.103011e+02 6.305804e+00
      vertex   1.503961e+02 -1.102287e+02 7.905804e+00
    endloop
  endfacet
  facet normal 9.238795e-01 3.826834e-01 0.000000e+00
    outer loop
      vertex   1.503961e+02 -1.102287e+02 7.905804e+00
      vertex   1.504260e+02 -1.103011e+02 6.305804e+00
      vertex   1.503961e+02 -1.102287e+02 6.305804e+00
    endloop
  endfacet
  facet normal 7.933533e-01 6.087614e-01 0.000000e+00
    outer loop
      vertex   1.503961e+02 -1.102287e+02 7.905804e+00
      vertex   1.503961e+02 -1.102287e+02 6.305804e+00
      vertex   1.503484e+02 -1.101666e+02 7.905804e+00
    endloop
  endfacet
  facet normal 7.933533e-01 6.087614e-01 0.000000e+00
    outer loop
      vertex   1.503484e+02 -1.101666e+02 7.905804e+00
      vertex   1.503961e+02 -1.102287e+02 6.305804e+00
      vertex   1.503484e+02 -1.101666e+02 6.305804e+00
    endloop
  endfacet
  facet normal 6.087614e-01 7.933533e-01 0.000000e+00
    outer loop
      vertex   1.503484e+02 -1.101666e+02 7.905804e+00
      vertex   1.503484e+02 -1.101666e+02 6.305804e+00
      vertex   1.502863e+02 -1.101189e+02 7.905804e+00
    endloop
  endfacet
  facet normal 6.087614e-01 7.933533e-01 0.000000e+00
    outer loop
      vertex   1.502863e+02 -1.101189e+02 7.905804e+00
      vertex   1.503484e+02 -1.101666e+02 6.305804e+00
      vertex   1.502863e+02 -1.101189e+02 6.305804e+00
    endloop
  endfacet
  facet normal 3.826834e-01 9.238795e-01 0.000000e+00
    outer loop
      vertex   1.502863e+02 -1.101189e+02 7.905804e+00
      vertex   1.502863e+02 -1.101189e+02 6.305804e+00
      vertex   1.502139e+02 -1.100890e+02 7.905804e+00
    endloop
  endfacet
  facet normal 3.826834e-01 9.238795e-01 0.000000e+00
    outer loop
      vertex   1.502139e+02 -1.100890e+02 7.905804e+00
      vertex   1.502863e+02 -1.101189e+02 6.305804e+00
      vertex   1.502139e+02 -1.100890e+02 6.305804e+00
    endloop
  endfacet
  facet normal -1.305262e-01 9.914449e-01 0.000000e+00
    outer loop
      vertex   1.552586e+02 -1.100890e+02 9.505804e+00
      vertex   1.553363e+02 -1.100787e+02 9.505804e+00
      vertex   1.552586e+02 -1.100890e+02 7.905804e+00
    endloop
  endfacet
  facet normal -1.305262e-01 9.914449e-01 6.319583e-20
    outer loop
      vertex   1.552586e+02 -1.100890e+02 7.905804e+00
      vertex   1.553363e+02 -1.100787e+02 9.505804e+00
      vertex   1.553363e+02 -1.100787e+02 6.305804e+00
    endloop
  endfacet
  facet normal -1.305262e-01 9.914449e-01 0.000000e+00
    outer loop
      vertex   1.552586e+02 -1.100890e+02 7.905804e+00
      vertex   1.553363e+02 -1.100787e+02 6.305804e+00
      vertex   1.552586e+02 -1.100890e+02 6.305804e+00
    endloop
  endfacet
  facet normal -3.826834e-01 9.238795e-01 0.000000e+00
    outer loop
      vertex   1.552586e+02 -1.100890e+02 7.905804e+00
      vertex   1.552586e+02 -1.100890e+02 6.305804e+00
      vertex   1.551863e+02 -1.101189e+02 7.905804e+00
    endloop
  endfacet
  facet normal -3.826834e-01 9.238795e-01 0.000000e+00
    outer loop
      vertex   1.551863e+02 -1.101189e+02 7.905804e+00
      vertex   1.552586e+02 -1.100890e+02 6.305804e+00
      vertex   1.551863e+02 -1.101189e+02 6.305804e+00
    endloop
  endfacet
  facet normal -6.087614e-01 7.933533e-01 0.000000e+00
    outer loop
      vertex   1.551863e+02 -1.101189e+02 7.905804e+00
      vertex   1.551863e+02 -1.101189e+02 6.305804e+00
      vertex   1.551241e+02 -1.101666e+02 7.905804e+00
    endloop
  endfacet
  facet normal -6.087614e-01 7.933533e-01 0.000000e+00
    outer loop
      vertex   1.551241e+02 -1.101666e+02 7.905804e+00
      vertex   1.551863e+02 -1.101189e+02 6.305804e+00
      vertex   1.551241e+02 -1.101666e+02 6.305804e+00
    endloop
  endfacet
  facet normal -7.933533e-01 6.087614e-01 0.000000e+00
    outer loop
      vertex   1.551241e+02 -1.101666e+02 7.905804e+00
      vertex   1.551241e+02 -1.101666e+02 6.305804e+00
      vertex   1.550764e+02 -1.102287e+02 7.905804e+00
    endloop
  endfacet
  facet normal -7.933533e-01 6.087614e-01 0.000000e+00
    outer loop
      vertex   1.550764e+02 -1.102287e+02 7.905804e+00
      vertex   1.551241e+02 -1.101666e+02 6.305804e+00
      vertex   1.550764e+02 -1.102287e+02 6.305804e+00
    endloop
  endfacet
  facet normal -9.238795e-01 3.826834e-01 0.000000e+00
    outer loop
      vertex   1.550764e+02 -1.102287e+02 7.905804e+00
      vertex   1.550764e+02 -1.102287e+02 6.305804e+00
      vertex   1.550465e+02 -1.103011e+02 7.905804e+00
    endloop
  endfacet
  facet normal -9.238795e-01 3.826834e-01 0.000000e+00
    outer loop
      vertex   1.550465e+02 -1.103011e+02 7.905804e+00
      vertex   1.550764e+02 -1.102287e+02 6.305804e+00
      vertex   1.550465e+02 -1.103011e+02 6.305804e+00
    endloop
  endfacet
  facet normal -9.914449e-01 1.305262e-01 0.000000e+00
    outer loop
      vertex   1.550465e+02 -1.103011e+02 7.905804e+00
      vertex   1.550465e+02 -1.103011e+02 6.305804e+00
      vertex   1.550363e+02 -1.103787e+02 6.305804e+00
    endloop
  endfacet
  facet normal -9.914449e-01 1.305262e-01 0.000000e+00
    outer loop
      vertex   1.550363e+02 -1.103787e+02 6.305804e+00
      vertex   1.550363e+02 -1.103787e+02 9.505804e+00
      vertex   1.550465e+02 -1.103011e+02 7.905804e+00
    endloop
  endfacet
  facet normal -9.914449e-01 1.305262e-01 0.000000e+00
    outer loop
      vertex   1.550465e+02 -1.103011e+02 7.905804e+00
      vertex   1.550363e+02 -1.103787e+02 9.505804e+00
      vertex   1.550465e+02 -1.103011e+02 9.505804e+00
    endloop
  endfacet
  facet normal -9.238795e-01 3.826834e-01 0.000000e+00
    outer loop
      vertex   1.550465e+02 -1.103011e+02 7.905804e+00
      vertex   1.550465e+02 -1.103011e+02 9.505804e+00
      vertex   1.550764e+02 -1.102287e+02 7.905804e+00
    endloop
  endfacet
  facet normal -9.238795e-01 3.826834e-01 0.000000e+00
    outer loop
      vertex   1.550764e+02 -1.102287e+02 7.905804e+00
      vertex   1.550465e+02 -1.103011e+02 9.505804e+00
      vertex   1.550764e+02 -1.102287e+02 9.505804e+00
    endloop
  endfacet
  facet normal -7.933533e-01 6.087614e-01 0.000000e+00
    outer loop
      vertex   1.550764e+02 -1.102287e+02 7.905804e+00
      vertex   1.550764e+02 -1.102287e+02 9.505804e+00
      vertex   1.551241e+02 -1.101666e+02 7.905804e+00
    endloop
  endfacet
  facet normal -7.933533e-01 6.087614e-01 0.000000e+00
    outer loop
      vertex   1.551241e+02 -1.101666e+02 7.905804e+00
      vertex   1.550764e+02 -1.102287e+02 9.505804e+00
      vertex   1.551241e+02 -1.101666e+02 9.505804e+00
    endloop
  endfacet
  facet normal -6.087614e-01 7.933533e-01 0.000000e+00
    outer loop
      vertex   1.551241e+02 -1.101666e+02 7.905804e+00
      vertex   1.551241e+02 -1.101666e+02 9.505804e+00
      vertex   1.551863e+02 -1.101189e+02 7.905804e+00
    endloop
  endfacet
  facet normal -6.087614e-01 7.933533e-01 0.000000e+00
    outer loop
      vertex   1.551863e+02 -1.101189e+02 7.905804e+00
      vertex   1.551241e+02 -1.101666e+02 9.505804e+00
      vertex   1.551863e+02 -1.101189e+02 9.505804e+00
    endloop
  endfacet
  facet normal -3.826834e-01 9.238795e-01 0.000000e+00
    outer loop
      vertex   1.551863e+02 -1.101189e+02 7.905804e+00
      vertex   1.551863e+02 -1.101189e+02 9.505804e+00
      vertex   1.552586e+02 -1.100890e+02 7.905804e+00
    endloop
  endfacet
  facet normal -3.826834e-01 9.238795e-01 0.000000e+00
    outer loop
      vertex   1.552586e+02 -1.100890e+02 7.905804e+00
      vertex   1.551863e+02 -1.101189e+02 9.505804e+00
      vertex   1.552586e+02 -1.100890e+02 9.505804e+00
    endloop
  endfacet
  facet normal 9.914449e-01 1.305262e-01 0.000000e+00
    outer loop
      vertex   1.561260e+02 -1.103011e+02 9.505804e+00
      vertex   1.561363e+02 -1.103787e+02 9.505804e+00
      vertex   1.561260e+02 -1.103011e+02 7.905804e+00
    endloop
  endfacet
  facet normal 9.914449e-01 1.305262e-01 -6.319583e-20
    outer loop
      vertex   1.561260e+02 -1.103011e+02 7.905804e+00
      vertex   1.561363e+02 -1.103787e+02 9.505804e+00
      vertex   1.561363e+02 -1.103787e+02 6.305804e+00
    endloop
  endfacet
  facet normal 9.914449e-01 1.305262e-01 0.000000e+00
    outer loop
      vertex   1.561260e+02 -1.103011e+02 7.905804e+00
      vertex   1.561363e+02 -1.103787e+02 6.305804e+00
      vertex   1.561260e+02 -1.103011e+02 6.305804e+00
    endloop
  endfacet
  facet normal 9.238795e-01 3.826834e-01 0.000000e+00
    outer loop
      vertex   1.561260e+02 -1.103011e+02 7.905804e+00
      vertex   1.561260e+02 -1.103011e+02 6.305804e+00
      vertex   1.560961e+02 -1.102287e+02 7.905804e+00
    endloop
  endfacet
  facet normal 9.238795e-01 3.826834e-01 0.000000e+00
    outer loop
      vertex   1.560961e+02 -1.102287e+02 7.905804e+00
      vertex   1.561260e+02 -1.103011e+02 6.305804e+00
      vertex   1.560961e+02 -1.102287e+02 6.305804e+00
    endloop
  endfacet
  facet normal 7.933533e-01 6.087614e-01 0.000000e+00
    outer loop
      vertex   1.560961e+02 -1.102287e+02 7.905804e+00
      vertex   1.560961e+02 -1.102287e+02 6.305804e+00
      vertex   1.560484e+02 -1.101666e+02 7.905804e+00
    endloop
  endfacet
  facet normal 7.933533e-01 6.087614e-01 0.000000e+00
    outer loop
      vertex   1.560484e+02 -1.101666e+02 7.905804e+00
      vertex   1.560961e+02 -1.102287e+02 6.305804e+00
      vertex   1.560484e+02 -1.101666e+02 6.305804e+00
    endloop
  endfacet
  facet normal 6.087614e-01 7.933533e-01 0.000000e+00
    outer loop
      vertex   1.560484e+02 -1.101666e+02 7.905804e+00
      vertex   1.560484e+02 -1.101666e+02 6.305804e+00
      vertex   1.559863e+02 -1.101189e+02 7.905804e+00
    endloop
  endfacet
  facet normal 6.087614e-01 7.933533e-01 0.000000e+00
    outer loop
      vertex   1.559863e+02 -1.101189e+02 7.905804e+00
      vertex   1.560484e+02 -1.101666e+02 6.305804e+00
      vertex   1.559863e+02 -1.101189e+02 6.305804e+00
    endloop
  endfacet
  facet normal 3.826834e-01 9.238795e-01 0.000000e+00
    outer loop
      vertex   1.559863e+02 -1.101189e+02 7.905804e+00
      vertex   1.559863e+02 -1.101189e+02 6.305804e+00
      vertex   1.559139e+02 -1.100890e+02 7.905804e+00
    endloop
  endfacet
  facet normal 3.826834e-01 9.238795e-01 0.000000e+00
    outer loop
      vertex   1.559139e+02 -1.100890e+02 7.905804e+00
      vertex   1.559863e+02 -1.101189e+02 6.305804e+00
      vertex   1.559139e+02 -1.100890e+02 6.305804e+00
    endloop
  endfacet
  facet normal 1.305262e-01 9.914449e-01 0.000000e+00
    outer loop
      vertex   1.559139e+02 -1.100890e+02 7.905804e+00
      vertex   1.559139e+02 -1.100890e+02 6.305804e+00
      vertex   1.558363e+02 -1.100787e+02 6.305804e+00
    endloop
  endfacet
  facet normal 1.305262e-01 9.914449e-01 -0.000000e+00
    outer loop
      vertex   1.558363e+02 -1.100787e+02 6.305804e+00
      vertex   1.558363e+02 -1.100787e+02 9.505804e+00
      vertex   1.559139e+02 -1.100890e+02 7.905804e+00
    endloop
  endfacet
  facet normal 1.305262e-01 9.914449e-01 -0.000000e+00
    outer loop
      vertex   1.559139e+02 -1.100890e+02 7.905804e+00
      vertex   1.558363e+02 -1.100787e+02 9.505804e+00
      vertex   1.559139e+02 -1.100890e+02 9.505804e+00
    endloop
  endfacet
  facet normal 3.826834e-01 9.238795e-01 -0.000000e+00
    outer loop
      vertex   1.559139e+02 -1.100890e+02 7.905804e+00
      vertex   1.559139e+02 -1.100890e+02 9.505804e+00
      vertex   1.559863e+02 -1.101189e+02 7.905804e+00
    endloop
  endfacet
  facet normal 3.826834e-01 9.238795e-01 -0.000000e+00
    outer loop
      vertex   1.559863e+02 -1.101189e+02 7.905804e+00
      vertex   1.559139e+02 -1.100890e+02 9.505804e+00
      vertex   1.559863e+02 -1.101189e+02 9.505804e+00
    endloop
  endfacet
  facet normal 6.087614e-01 7.933533e-01 -0.000000e+00
    outer loop
      vertex   1.559863e+02 -1.101189e+02 7.905804e+00
      vertex   1.559863e+02 -1.101189e+02 9.505804e+00
      vertex   1.560484e+02 -1.101666e+02 7.905804e+00
    endloop
  endfacet
  facet normal 6.087614e-01 7.933533e-01 -0.000000e+00
    outer loop
      vertex   1.560484e+02 -1.101666e+02 7.905804e+00
      vertex   1.559863e+02 -1.101189e+02 9.505804e+00
      vertex   1.560484e+02 -1.101666e+02 9.505804e+00
    endloop
  endfacet
  facet normal 7.933533e-01 6.087614e-01 -0.000000e+00
    outer loop
      vertex   1.560484e+02 -1.101666e+02 7.905804e+00
      vertex   1.560484e+02 -1.101666e+02 9.505804e+00
      vertex   1.560961e+02 -1.102287e+02 7.905804e+00
    endloop
  endfacet
  facet normal 7.933533e-01 6.087614e-01 -0.000000e+00
    outer loop
      vertex   1.560961e+02 -1.102287e+02 7.905804e+00
      vertex   1.560484e+02 -1.101666e+02 9.505804e+00
      vertex   1.560961e+02 -1.102287e+02 9.505804e+00
    endloop
  endfacet
  facet normal 9.238795e-01 3.826834e-01 -0.000000e+00
    outer loop
      vertex   1.560961e+02 -1.102287e+02 7.905804e+00
      vertex   1.560961e+02 -1.102287e+02 9.505804e+00
      vertex   1.561260e+02 -1.103011e+02 7.905804e+00
    endloop
  endfacet
  facet normal 9.238795e-01 3.826834e-01 -0.000000e+00
    outer loop
      vertex   1.561260e+02 -1.103011e+02 7.905804e+00
      vertex   1.560961e+02 -1.102287e+02 9.505804e+00
      vertex   1.561260e+02 -1.103011e+02 9.505804e+00
    endloop
  endfacet
  facet normal 1.305262e-01 -9.914449e-01 0.000000e+00
    outer loop
      vertex   1.559139e+02 -1.129685e+02 9.505804e+00
      vertex   1.558363e+02 -1.129787e+02 9.505804e+00
      vertex   1.559139e+02 -1.129685e+02 7.905804e+00
    endloop
  endfacet
  facet normal 1.305262e-01 -9.914449e-01 -1.690768e-19
    outer loop
      vertex   1.559139e+02 -1.129685e+02 7.905804e+00
      vertex   1.558363e+02 -1.129787e+02 9.505804e+00
      vertex   1.558363e+02 -1.129787e+02 6.305804e+00
    endloop
  endfacet
  facet normal 1.305262e-01 -9.914449e-01 0.000000e+00
    outer loop
      vertex   1.559139e+02 -1.129685e+02 7.905804e+00
      vertex   1.558363e+02 -1.129787e+02 6.305804e+00
      vertex   1.559139e+02 -1.129685e+02 6.305804e+00
    endloop
  endfacet
  facet normal 3.826834e-01 -9.238795e-01 0.000000e+00
    outer loop
      vertex   1.559139e+02 -1.129685e+02 7.905804e+00
      vertex   1.559139e+02 -1.129685e+02 6.305804e+00
      vertex   1.559863e+02 -1.129386e+02 7.905804e+00
    endloop
  endfacet
  facet normal 3.826834e-01 -9.238795e-01 0.000000e+00
    outer loop
      vertex   1.559863e+02 -1.129386e+02 7.905804e+00
      vertex   1.559139e+02 -1.129685e+02 6.305804e+00
      vertex   1.559863e+02 -1.129386e+02 6.305804e+00
    endloop
  endfacet
  facet normal 6.087614e-01 -7.933533e-01 0.000000e+00
    outer loop
      vertex   1.559863e+02 -1.129386e+02 7.905804e+00
      vertex   1.559863e+02 -1.129386e+02 6.305804e+00
      vertex   1.560484e+02 -1.128909e+02 7.905804e+00
    endloop
  endfacet
  facet normal 6.087614e-01 -7.933533e-01 0.000000e+00
    outer loop
      vertex   1.560484e+02 -1.128909e+02 7.905804e+00
      vertex   1.559863e+02 -1.129386e+02 6.305804e+00
      vertex   1.560484e+02 -1.128909e+02 6.305804e+00
    endloop
  endfacet
  facet normal 7.933533e-01 -6.087614e-01 0.000000e+00
    outer loop
      vertex   1.560484e+02 -1.128909e+02 7.905804e+00
      vertex   1.560484e+02 -1.128909e+02 6.305804e+00
      vertex   1.560961e+02 -1.128288e+02 7.905804e+00
    endloop
  endfacet
  facet normal 7.933533e-01 -6.087614e-01 0.000000e+00
    outer loop
      vertex   1.560961e+02 -1.128288e+02 7.905804e+00
      vertex   1.560484e+02 -1.128909e+02 6.305804e+00
      vertex   1.560961e+02 -1.128288e+02 6.305804e+00
    endloop
  endfacet
  facet normal 9.238795e-01 -3.826834e-01 0.000000e+00
    outer loop
      vertex   1.560961e+02 -1.128288e+02 7.905804e+00
      vertex   1.560961e+02 -1.128288e+02 6.305804e+00
      vertex   1.561260e+02 -1.127564e+02 7.905804e+00
    endloop
  endfacet
  facet normal 9.238795e-01 -3.826834e-01 0.000000e+00
    outer loop
      vertex   1.561260e+02 -1.127564e+02 7.905804e+00
      vertex   1.560961e+02 -1.128288e+02 6.305804e+00
      vertex   1.561260e+02 -1.127564e+02 6.305804e+00
    endloop
  endfacet
  facet normal 9.914449e-01 -1.305262e-01 0.000000e+00
    outer loop
      vertex   1.561260e+02 -1.127564e+02 7.905804e+00
      vertex   1.561260e+02 -1.127564e+02 6.305804e+00
      vertex   1.561363e+02 -1.126788e+02 6.305804e+00
    endloop
  endfacet
  facet normal 9.914449e-01 -1.305262e-01 0.000000e+00
    outer loop
      vertex   1.561363e+02 -1.126788e+02 6.305804e+00
      vertex   1.561363e+02 -1.126788e+02 9.505804e+00
      vertex   1.561260e+02 -1.127564e+02 7.905804e+00
    endloop
  endfacet
  facet normal 9.914449e-01 -1.305262e-01 0.000000e+00
    outer loop
      vertex   1.561260e+02 -1.127564e+02 7.905804e+00
      vertex   1.561363e+02 -1.126788e+02 9.505804e+00
      vertex   1.561260e+02 -1.127564e+02 9.505804e+00
    endloop
  endfacet
  facet normal 9.238795e-01 -3.826834e-01 0.000000e+00
    outer loop
      vertex   1.561260e+02 -1.127564e+02 7.905804e+00
      vertex   1.561260e+02 -1.127564e+02 9.505804e+00
      vertex   1.560961e+02 -1.128288e+02 7.905804e+00
    endloop
  endfacet
  facet normal 9.238795e-01 -3.826834e-01 0.000000e+00
    outer loop
      vertex   1.560961e+02 -1.128288e+02 7.905804e+00
      vertex   1.561260e+02 -1.127564e+02 9.505804e+00
      vertex   1.560961e+02 -1.128288e+02 9.505804e+00
    endloop
  endfacet
  facet normal 7.933533e-01 -6.087614e-01 0.000000e+00
    outer loop
      vertex   1.560961e+02 -1.128288e+02 7.905804e+00
      vertex   1.560961e+02 -1.128288e+02 9.505804e+00
      vertex   1.560484e+02 -1.128909e+02 7.905804e+00
    endloop
  endfacet
  facet normal 7.933533e-01 -6.087614e-01 0.000000e+00
    outer loop
      vertex   1.560484e+02 -1.128909e+02 7.905804e+00
      vertex   1.560961e+02 -1.128288e+02 9.505804e+00
      vertex   1.560484e+02 -1.128909e+02 9.505804e+00
    endloop
  endfacet
  facet normal 6.087614e-01 -7.933533e-01 0.000000e+00
    outer loop
      vertex   1.560484e+02 -1.128909e+02 7.905804e+00
      vertex   1.560484e+02 -1.128909e+02 9.505804e+00
      vertex   1.559863e+02 -1.129386e+02 7.905804e+00
    endloop
  endfacet
  facet normal 6.087614e-01 -7.933533e-01 0.000000e+00
    outer loop
      vertex   1.559863e+02 -1.129386e+02 7.905804e+00
      vertex   1.560484e+02 -1.128909e+02 9.505804e+00
      vertex   1.559863e+02 -1.129386e+02 9.505804e+00
    endloop
  endfacet
  facet normal 3.826834e-01 -9.238795e-01 0.000000e+00
    outer loop
      vertex   1.559863e+02 -1.129386e+02 7.905804e+00
      vertex   1.559863e+02 -1.129386e+02 9.505804e+00
      vertex   1.559139e+02 -1.129685e+02 7.905804e+00
    endloop
  endfacet
  facet normal 3.826834e-01 -9.238795e-01 0.000000e+00
    outer loop
      vertex   1.559139e+02 -1.129685e+02 7.905804e+00
      vertex   1.559863e+02 -1.129386e+02 9.505804e+00
      vertex   1.559139e+02 -1.129685e+02 9.505804e+00
    endloop
  endfacet
  facet normal -9.914449e-01 -1.305262e-01 -0.000000e+00
    outer loop
      vertex   1.550465e+02 -1.127564e+02 9.505804e+00
      vertex   1.550363e+02 -1.126788e+02 9.505804e+00
      vertex   1.550465e+02 -1.127564e+02 7.905804e+00
    endloop
  endfacet
  facet normal -9.914449e-01 -1.305262e-01 -1.276444e-19
    outer loop
      vertex   1.550465e+02 -1.127564e+02 7.905804e+00
      vertex   1.550363e+02 -1.126788e+02 9.505804e+00
      vertex   1.550363e+02 -1.126788e+02 6.305804e+00
    endloop
  endfacet
  facet normal -9.914449e-01 -1.305262e-01 -0.000000e+00
    outer loop
      vertex   1.550465e+02 -1.127564e+02 7.905804e+00
      vertex   1.550363e+02 -1.126788e+02 6.305804e+00
      vertex   1.550465e+02 -1.127564e+02 6.305804e+00
    endloop
  endfacet
  facet normal -9.238795e-01 -3.826834e-01 -0.000000e+00
    outer loop
      vertex   1.550465e+02 -1.127564e+02 7.905804e+00
      vertex   1.550465e+02 -1.127564e+02 6.305804e+00
      vertex   1.550764e+02 -1.128288e+02 7.905804e+00
    endloop
  endfacet
  facet normal -9.238795e-01 -3.826834e-01 -0.000000e+00
    outer loop
      vertex   1.550764e+02 -1.128288e+02 7.905804e+00
      vertex   1.550465e+02 -1.127564e+02 6.305804e+00
      vertex   1.550764e+02 -1.128288e+02 6.305804e+00
    endloop
  endfacet
  facet normal -7.933533e-01 -6.087614e-01 -0.000000e+00
    outer loop
      vertex   1.550764e+02 -1.128288e+02 7.905804e+00
      vertex   1.550764e+02 -1.128288e+02 6.305804e+00
      vertex   1.551241e+02 -1.128909e+02 7.905804e+00
    endloop
  endfacet
  facet normal -7.933533e-01 -6.087614e-01 -0.000000e+00
    outer loop
      vertex   1.551241e+02 -1.128909e+02 7.905804e+00
      vertex   1.550764e+02 -1.128288e+02 6.305804e+00
      vertex   1.551241e+02 -1.128909e+02 6.305804e+00
    endloop
  endfacet
  facet normal -6.087614e-01 -7.933533e-01 -0.000000e+00
    outer loop
      vertex   1.551241e+02 -1.128909e+02 7.905804e+00
      vertex   1.551241e+02 -1.128909e+02 6.305804e+00
      vertex   1.551863e+02 -1.129386e+02 7.905804e+00
    endloop
  endfacet
  facet normal -6.087614e-01 -7.933533e-01 -0.000000e+00
    outer loop
      vertex   1.551863e+02 -1.129386e+02 7.905804e+00
      vertex   1.551241e+02 -1.128909e+02 6.305804e+00
      vertex   1.551863e+02 -1.129386e+02 6.305804e+00
    endloop
  endfacet
  facet normal -3.826834e-01 -9.238795e-01 -0.000000e+00
    outer loop
      vertex   1.551863e+02 -1.129386e+02 7.905804e+00
      vertex   1.551863e+02 -1.129386e+02 6.305804e+00
      vertex   1.552586e+02 -1.129685e+02 7.905804e+00
    endloop
  endfacet
  facet normal -3.826834e-01 -9.238795e-01 -0.000000e+00
    outer loop
      vertex   1.552586e+02 -1.129685e+02 7.905804e+00
      vertex   1.551863e+02 -1.129386e+02 6.305804e+00
      vertex   1.552586e+02 -1.129685e+02 6.305804e+00
    endloop
  endfacet
  facet normal -1.305262e-01 -9.914449e-01 -0.000000e+00
    outer loop
      vertex   1.552586e+02 -1.129685e+02 7.905804e+00
      vertex   1.552586e+02 -1.129685e+02 6.305804e+00
      vertex   1.553363e+02 -1.129787e+02 6.305804e+00
    endloop
  endfacet
  facet normal -1.305262e-01 -9.914449e-01 0.000000e+00
    outer loop
      vertex   1.553363e+02 -1.129787e+02 6.305804e+00
      vertex   1.553363e+02 -1.129787e+02 9.505804e+00
      vertex   1.552586e+02 -1.129685e+02 7.905804e+00
    endloop
  endfacet
  facet normal -1.305262e-01 -9.914449e-01 0.000000e+00
    outer loop
      vertex   1.552586e+02 -1.129685e+02 7.905804e+00
      vertex   1.553363e+02 -1.129787e+02 9.505804e+00
      vertex   1.552586e+02 -1.129685e+02 9.505804e+00
    endloop
  endfacet
  facet normal -3.826834e-01 -9.238795e-01 0.000000e+00
    outer loop
      vertex   1.552586e+02 -1.129685e+02 7.905804e+00
      vertex   1.552586e+02 -1.129685e+02 9.505804e+00
      vertex   1.551863e+02 -1.129386e+02 7.905804e+00
    endloop
  endfacet
  facet normal -3.826834e-01 -9.238795e-01 0.000000e+00
    outer loop
      vertex   1.551863e+02 -1.129386e+02 7.905804e+00
      vertex   1.552586e+02 -1.129685e+02 9.505804e+00
      vertex   1.551863e+02 -1.129386e+02 9.505804e+00
    endloop
  endfacet
  facet normal -6.087614e-01 -7.933533e-01 0.000000e+00
    outer loop
      vertex   1.551863e+02 -1.129386e+02 7.905804e+00
      vertex   1.551863e+02 -1.129386e+02 9.505804e+00
      vertex   1.551241e+02 -1.128909e+02 7.905804e+00
    endloop
  endfacet
  facet normal -6.087614e-01 -7.933533e-01 0.000000e+00
    outer loop
      vertex   1.551241e+02 -1.128909e+02 7.905804e+00
      vertex   1.551863e+02 -1.129386e+02 9.505804e+00
      vertex   1.551241e+02 -1.128909e+02 9.505804e+00
    endloop
  endfacet
  facet normal -7.933533e-01 -6.087614e-01 0.000000e+00
    outer loop
      vertex   1.551241e+02 -1.128909e+02 7.905804e+00
      vertex   1.551241e+02 -1.128909e+02 9.505804e+00
      vertex   1.550764e+02 -1.128288e+02 7.905804e+00
    endloop
  endfacet
  facet normal -7.933533e-01 -6.087614e-01 0.000000e+00
    outer loop
      vertex   1.550764e+02 -1.128288e+02 7.905804e+00
      vertex   1.551241e+02 -1.128909e+02 9.505804e+00
      vertex   1.550764e+02 -1.128288e+02 9.505804e+00
    endloop
  endfacet
  facet normal -9.238795e-01 -3.826834e-01 0.000000e+00
    outer loop
      vertex   1.550764e+02 -1.128288e+02 7.905804e+00
      vertex   1.550764e+02 -1.128288e+02 9.505804e+00
      vertex   1.550465e+02 -1.127564e+02 7.905804e+00
    endloop
  endfacet
  facet normal -9.238795e-01 -3.826834e-01 0.000000e+00
    outer loop
      vertex   1.550465e+02 -1.127564e+02 7.905804e+00
      vertex   1.550764e+02 -1.128288e+02 9.505804e+00
      vertex   1.550465e+02 -1.127564e+02 9.505804e+00
    endloop
  endfacet
  facet normal 1.305069e-01 -1.718156e-02 -9.912985e-01
    outer loop
      vertex   1.558363e+02 -1.126788e+02 6.005804e+00
      vertex   1.559139e+02 -1.126788e+02 6.016026e+00
      vertex   1.559113e+02 -1.126988e+02 6.016026e+00
    endloop
  endfacet
  facet normal 3.821987e-01 -5.031741e-02 -9.227092e-01
    outer loop
      vertex   1.559113e+02 -1.126988e+02 6.016026e+00
      vertex   1.559139e+02 -1.126788e+02 6.016026e+00
      vertex   1.559863e+02 -1.126788e+02 6.045996e+00
    endloop
  endfacet
  facet normal 3.821987e-01 -5.031741e-02 -9.227092e-01
    outer loop
      vertex   1.559113e+02 -1.126988e+02 6.016026e+00
      vertex   1.559863e+02 -1.126788e+02 6.045996e+00
      vertex   1.559811e+02 -1.127176e+02 6.045996e+00
    endloop
  endfacet
  facet normal 6.068157e-01 -7.988880e-02 -7.908176e-01
    outer loop
      vertex   1.559811e+02 -1.127176e+02 6.045996e+00
      vertex   1.559863e+02 -1.126788e+02 6.045996e+00
      vertex   1.560484e+02 -1.126788e+02 6.093672e+00
    endloop
  endfacet
  facet normal 6.068157e-01 -7.988880e-02 -7.908176e-01
    outer loop
      vertex   1.559811e+02 -1.127176e+02 6.045996e+00
      vertex   1.560484e+02 -1.126788e+02 6.093672e+00
      vertex   1.560412e+02 -1.127337e+02 6.093672e+00
    endloop
  endfacet
  facet normal 7.890610e-01 -1.038819e-01 -6.054678e-01
    outer loop
      vertex   1.560412e+02 -1.127337e+02 6.093672e+00
      vertex   1.560484e+02 -1.126788e+02 6.093672e+00
      vertex   1.560961e+02 -1.126788e+02 6.155804e+00
    endloop
  endfacet
  facet normal 7.890610e-01 -1.038819e-01 -6.054678e-01
    outer loop
      vertex   1.560412e+02 -1.127337e+02 6.093672e+00
      vertex   1.560961e+02 -1.126788e+02 6.155804e+00
      vertex   1.560872e+02 -1.127460e+02 6.155804e+00
    endloop
  endfacet
  facet normal 9.171204e-01 -1.207412e-01 -3.798837e-01
    outer loop
      vertex   1.560872e+02 -1.127460e+02 6.155804e+00
      vertex   1.560961e+02 -1.126788e+02 6.155804e+00
      vertex   1.561260e+02 -1.126788e+02 6.228158e+00
    endloop
  endfacet
  facet normal 9.171204e-01 -1.207412e-01 -3.798837e-01
    outer loop
      vertex   1.560872e+02 -1.127460e+02 6.155804e+00
      vertex   1.561260e+02 -1.126788e+02 6.228158e+00
      vertex   1.561162e+02 -1.127537e+02 6.228158e+00
    endloop
  endfacet
  facet normal 9.831056e-01 -1.294283e-01 -1.294283e-01
    outer loop
      vertex   1.561162e+02 -1.127537e+02 6.228158e+00
      vertex   1.561260e+02 -1.126788e+02 6.228158e+00
      vertex   1.561363e+02 -1.126788e+02 6.305804e+00
    endloop
  endfacet
  facet normal 9.831056e-01 -1.294283e-01 -1.294283e-01
    outer loop
      vertex   1.561162e+02 -1.127537e+02 6.228158e+00
      vertex   1.561363e+02 -1.126788e+02 6.305804e+00
      vertex   1.561260e+02 -1.127564e+02 6.305804e+00
    endloop
  endfacet
  facet normal 9.161086e-01 -3.794646e-01 -1.294283e-01
    outer loop
      vertex   1.561162e+02 -1.127537e+02 6.228158e+00
      vertex   1.561260e+02 -1.127564e+02 6.305804e+00
      vertex   1.560872e+02 -1.128236e+02 6.228158e+00
    endloop
  endfacet
  facet normal 9.161086e-01 -3.794646e-01 -1.294283e-01
    outer loop
      vertex   1.560872e+02 -1.128236e+02 6.228158e+00
      vertex   1.561260e+02 -1.127564e+02 6.305804e+00
      vertex   1.560961e+02 -1.128288e+02 6.305804e+00
    endloop
  endfacet
  facet normal 7.866803e-01 -6.036410e-01 -1.294283e-01
    outer loop
      vertex   1.560872e+02 -1.128236e+02 6.228158e+00
      vertex   1.560961e+02 -1.128288e+02 6.305804e+00
      vertex   1.560412e+02 -1.128837e+02 6.228158e+00
    endloop
  endfacet
  facet normal 7.866803e-01 -6.036410e-01 -1.294283e-01
    outer loop
      vertex   1.560412e+02 -1.128837e+02 6.228158e+00
      vertex   1.560961e+02 -1.128288e+02 6.305804e+00
      vertex   1.560484e+02 -1.128909e+02 6.305804e+00
    endloop
  endfacet
  facet normal 6.036410e-01 -7.866803e-01 -1.294283e-01
    outer loop
      vertex   1.560412e+02 -1.128837e+02 6.228158e+00
      vertex   1.560484e+02 -1.128909e+02 6.305804e+00
      vertex   1.559811e+02 -1.129297e+02 6.228158e+00
    endloop
  endfacet
  facet normal 6.036410e-01 -7.866803e-01 -1.294283e-01
    outer loop
      vertex   1.559811e+02 -1.129297e+02 6.228158e+00
      vertex   1.560484e+02 -1.128909e+02 6.305804e+00
      vertex   1.559863e+02 -1.129386e+02 6.305804e+00
    endloop
  endfacet
  facet normal 3.794646e-01 -9.161086e-01 -1.294283e-01
    outer loop
      vertex   1.559811e+02 -1.129297e+02 6.228158e+00
      vertex   1.559863e+02 -1.129386e+02 6.305804e+00
      vertex   1.559113e+02 -1.129587e+02 6.228158e+00
    endloop
  endfacet
  facet normal 3.794646e-01 -9.161086e-01 -1.294283e-01
    outer loop
      vertex   1.559113e+02 -1.129587e+02 6.228158e+00
      vertex   1.559863e+02 -1.129386e+02 6.305804e+00
      vertex   1.559139e+02 -1.129685e+02 6.305804e+00
    endloop
  endfacet
  facet normal 1.294283e-01 -9.831056e-01 -1.294283e-01
    outer loop
      vertex   1.559113e+02 -1.129587e+02 6.228158e+00
      vertex   1.559139e+02 -1.129685e+02 6.305804e+00
      vertex   1.558363e+02 -1.129685e+02 6.228158e+00
    endloop
  endfacet
  facet normal 1.294283e-01 -9.831056e-01 -1.294283e-01
    outer loop
      vertex   1.558363e+02 -1.129685e+02 6.228158e+00
      vertex   1.559139e+02 -1.129685e+02 6.305804e+00
      vertex   1.558363e+02 -1.129787e+02 6.305804e+00
    endloop
  endfacet
  facet normal 1.207412e-01 -9.171204e-01 -3.798837e-01
    outer loop
      vertex   1.558363e+02 -1.129685e+02 6.228158e+00
      vertex   1.558363e+02 -1.129386e+02 6.155804e+00
      vertex   1.559113e+02 -1.129587e+02 6.228158e+00
    endloop
  endfacet
  facet normal 1.207412e-01 -9.171204e-01 -3.798837e-01
    outer loop
      vertex   1.559113e+02 -1.129587e+02 6.228158e+00
      vertex   1.558363e+02 -1.129386e+02 6.155804e+00
      vertex   1.559035e+02 -1.129297e+02 6.155804e+00
    endloop
  endfacet
  facet normal 3.539953e-01 -8.546202e-01 -3.798837e-01
    outer loop
      vertex   1.559113e+02 -1.129587e+02 6.228158e+00
      vertex   1.559035e+02 -1.129297e+02 6.155804e+00
      vertex   1.559811e+02 -1.129297e+02 6.228158e+00
    endloop
  endfacet
  facet normal 3.539953e-01 -8.546202e-01 -3.798837e-01
    outer loop
      vertex   1.559811e+02 -1.129297e+02 6.228158e+00
      vertex   1.559035e+02 -1.129297e+02 6.155804e+00
      vertex   1.559662e+02 -1.129037e+02 6.155804e+00
    endloop
  endfacet
  facet normal 5.631252e-01 -7.338790e-01 -3.798837e-01
    outer loop
      vertex   1.559811e+02 -1.129297e+02 6.228158e+00
      vertex   1.559662e+02 -1.129037e+02 6.155804e+00
      vertex   1.560412e+02 -1.128837e+02 6.228158e+00
    endloop
  endfacet
  facet normal 5.631252e-01 -7.338790e-01 -3.798837e-01
    outer loop
      vertex   1.560412e+02 -1.128837e+02 6.228158e+00
      vertex   1.559662e+02 -1.129037e+02 6.155804e+00
      vertex   1.560200e+02 -1.128625e+02 6.155804e+00
    endloop
  endfacet
  facet normal 7.338790e-01 -5.631252e-01 -3.798837e-01
    outer loop
      vertex   1.560412e+02 -1.128837e+02 6.228158e+00
      vertex   1.560200e+02 -1.128625e+02 6.155804e+00
      vertex   1.560872e+02 -1.128236e+02 6.228158e+00
    endloop
  endfacet
  facet normal 7.338790e-01 -5.631252e-01 -3.798837e-01
    outer loop
      vertex   1.560872e+02 -1.128236e+02 6.228158e+00
      vertex   1.560200e+02 -1.128625e+02 6.155804e+00
      vertex   1.560613e+02 -1.128087e+02 6.155804e+00
    endloop
  endfacet
  facet normal 8.546202e-01 -3.539953e-01 -3.798837e-01
    outer loop
      vertex   1.560872e+02 -1.128236e+02 6.228158e+00
      vertex   1.560613e+02 -1.128087e+02 6.155804e+00
      vertex   1.561162e+02 -1.127537e+02 6.228158e+00
    endloop
  endfacet
  facet normal 8.546202e-01 -3.539953e-01 -3.798837e-01
    outer loop
      vertex   1.561162e+02 -1.127537e+02 6.228158e+00
      vertex   1.560613e+02 -1.128087e+02 6.155804e+00
      vertex   1.560872e+02 -1.127460e+02 6.155804e+00
    endloop
  endfacet
  facet normal 1.038819e-01 -7.890610e-01 -6.054678e-01
    outer loop
      vertex   1.558363e+02 -1.129386e+02 6.155804e+00
      vertex   1.558363e+02 -1.128909e+02 6.093672e+00
      vertex   1.559035e+02 -1.129297e+02 6.155804e+00
    endloop
  endfacet
  facet normal 1.038819e-01 -7.890610e-01 -6.054678e-01
    outer loop
      vertex   1.559035e+02 -1.129297e+02 6.155804e+00
      vertex   1.558363e+02 -1.128909e+02 6.093672e+00
      vertex   1.558912e+02 -1.128837e+02 6.093672e+00
    endloop
  endfacet
  facet normal 3.045662e-01 -7.352878e-01 -6.054678e-01
    outer loop
      vertex   1.559035e+02 -1.129297e+02 6.155804e+00
      vertex   1.558912e+02 -1.128837e+02 6.093672e+00
      vertex   1.559662e+02 -1.129037e+02 6.155804e+00
    endloop
  endfacet
  facet normal 3.045662e-01 -7.352878e-01 -6.054678e-01
    outer loop
      vertex   1.559662e+02 -1.129037e+02 6.155804e+00
      vertex   1.558912e+02 -1.128837e+02 6.093672e+00
      vertex   1.559423e+02 -1.128625e+02 6.093672e+00
    endloop
  endfacet
  facet normal 4.844948e-01 -6.314060e-01 -6.054678e-01
    outer loop
      vertex   1.559662e+02 -1.129037e+02 6.155804e+00
      vertex   1.559423e+02 -1.128625e+02 6.093672e+00
      vertex   1.560200e+02 -1.128625e+02 6.155804e+00
    endloop
  endfacet
  facet normal 4.844948e-01 -6.314060e-01 -6.054678e-01
    outer loop
      vertex   1.560200e+02 -1.128625e+02 6.155804e+00
      vertex   1.559423e+02 -1.128625e+02 6.093672e+00
      vertex   1.559863e+02 -1.128288e+02 6.093672e+00
    endloop
  endfacet
  facet normal 6.314060e-01 -4.844948e-01 -6.054678e-01
    outer loop
      vertex   1.560200e+02 -1.128625e+02 6.155804e+00
      vertex   1.559863e+02 -1.128288e+02 6.093672e+00
      vertex   1.560613e+02 -1.128087e+02 6.155804e+00
    endloop
  endfacet
  facet normal 6.314060e-01 -4.844948e-01 -6.054678e-01
    outer loop
      vertex   1.560613e+02 -1.128087e+02 6.155804e+00
      vertex   1.559863e+02 -1.128288e+02 6.093672e+00
      vertex   1.560200e+02 -1.127848e+02 6.093672e+00
    endloop
  endfacet
  facet normal 7.352878e-01 -3.045662e-01 -6.054678e-01
    outer loop
      vertex   1.560613e+02 -1.128087e+02 6.155804e+00
      vertex   1.560200e+02 -1.127848e+02 6.093672e+00
      vertex   1.560872e+02 -1.127460e+02 6.155804e+00
    endloop
  endfacet
  facet normal 7.352878e-01 -3.045662e-01 -6.054678e-01
    outer loop
      vertex   1.560872e+02 -1.127460e+02 6.155804e+00
      vertex   1.560200e+02 -1.127848e+02 6.093672e+00
      vertex   1.560412e+02 -1.127337e+02 6.093672e+00
    endloop
  endfacet
  facet normal 7.988880e-02 -6.068157e-01 -7.908176e-01
    outer loop
      vertex   1.558363e+02 -1.128909e+02 6.093672e+00
      vertex   1.558363e+02 -1.128288e+02 6.045996e+00
      vertex   1.558912e+02 -1.128837e+02 6.093672e+00
    endloop
  endfacet
  facet normal 7.988880e-02 -6.068157e-01 -7.908176e-01
    outer loop
      vertex   1.558912e+02 -1.128837e+02 6.093672e+00
      vertex   1.558363e+02 -1.128288e+02 6.045996e+00
      vertex   1.558751e+02 -1.128236e+02 6.045996e+00
    endloop
  endfacet
  facet normal 2.342221e-01 -5.654622e-01 -7.908176e-01
    outer loop
      vertex   1.558912e+02 -1.128837e+02 6.093672e+00
      vertex   1.558751e+02 -1.128236e+02 6.045996e+00
      vertex   1.559423e+02 -1.128625e+02 6.093672e+00
    endloop
  endfacet
  facet normal 2.342221e-01 -5.654622e-01 -7.908176e-01
    outer loop
      vertex   1.559423e+02 -1.128625e+02 6.093672e+00
      vertex   1.558751e+02 -1.128236e+02 6.045996e+00
      vertex   1.559113e+02 -1.128087e+02 6.045996e+00
    endloop
  endfacet
  facet normal 3.725936e-01 -4.855734e-01 -7.908176e-01
    outer loop
      vertex   1.559423e+02 -1.128625e+02 6.093672e+00
      vertex   1.559113e+02 -1.128087e+02 6.045996e+00
      vertex   1.559863e+02 -1.128288e+02 6.093672e+00
    endloop
  endfacet
  facet normal 3.725936e-01 -4.855734e-01 -7.908176e-01
    outer loop
      vertex   1.559863e+02 -1.128288e+02 6.093672e+00
      vertex   1.559113e+02 -1.128087e+02 6.045996e+00
      vertex   1.559423e+02 -1.127848e+02 6.045996e+00
    endloop
  endfacet
  facet normal 4.855734e-01 -3.725936e-01 -7.908176e-01
    outer loop
      vertex   1.559863e+02 -1.128288e+02 6.093672e+00
      vertex   1.559423e+02 -1.127848e+02 6.045996e+00
      vertex   1.560200e+02 -1.127848e+02 6.093672e+00
    endloop
  endfacet
  facet normal 4.855734e-01 -3.725936e-01 -7.908176e-01
    outer loop
      vertex   1.560200e+02 -1.127848e+02 6.093672e+00
      vertex   1.559423e+02 -1.127848e+02 6.045996e+00
      vertex   1.559662e+02 -1.127537e+02 6.045996e+00
    endloop
  endfacet
  facet normal 5.654622e-01 -2.342221e-01 -7.908176e-01
    outer loop
      vertex   1.560200e+02 -1.127848e+02 6.093672e+00
      vertex   1.559662e+02 -1.127537e+02 6.045996e+00
      vertex   1.560412e+02 -1.127337e+02 6.093672e+00
    endloop
  endfacet
  facet normal 5.654622e-01 -2.342221e-01 -7.908176e-01
    outer loop
      vertex   1.560412e+02 -1.127337e+02 6.093672e+00
      vertex   1.559662e+02 -1.127537e+02 6.045996e+00
      vertex   1.559811e+02 -1.127176e+02 6.045996e+00
    endloop
  endfacet
  facet normal 5.031741e-02 -3.821987e-01 -9.227092e-01
    outer loop
      vertex   1.558363e+02 -1.128288e+02 6.045996e+00
      vertex   1.558363e+02 -1.127564e+02 6.016026e+00
      vertex   1.558751e+02 -1.128236e+02 6.045996e+00
    endloop
  endfacet
  facet normal 5.031741e-02 -3.821987e-01 -9.227092e-01
    outer loop
      vertex   1.558751e+02 -1.128236e+02 6.045996e+00
      vertex   1.558363e+02 -1.127564e+02 6.016026e+00
      vertex   1.558563e+02 -1.127537e+02 6.016026e+00
    endloop
  endfacet
  facet normal 1.475232e-01 -3.561525e-01 -9.227092e-01
    outer loop
      vertex   1.558751e+02 -1.128236e+02 6.045996e+00
      vertex   1.558563e+02 -1.127537e+02 6.016026e+00
      vertex   1.559113e+02 -1.128087e+02 6.045996e+00
    endloop
  endfacet
  facet normal 1.475232e-01 -3.561525e-01 -9.227092e-01
    outer loop
      vertex   1.559113e+02 -1.128087e+02 6.045996e+00
      vertex   1.558563e+02 -1.127537e+02 6.016026e+00
      vertex   1.558751e+02 -1.127460e+02 6.016026e+00
    endloop
  endfacet
  facet normal 2.346755e-01 -3.058351e-01 -9.227092e-01
    outer loop
      vertex   1.559113e+02 -1.128087e+02 6.045996e+00
      vertex   1.558751e+02 -1.127460e+02 6.016026e+00
      vertex   1.559423e+02 -1.127848e+02 6.045996e+00
    endloop
  endfacet
  facet normal 2.346755e-01 -3.058351e-01 -9.227092e-01
    outer loop
      vertex   1.559423e+02 -1.127848e+02 6.045996e+00
      vertex   1.558751e+02 -1.127460e+02 6.016026e+00
      vertex   1.558912e+02 -1.127337e+02 6.016026e+00
    endloop
  endfacet
  facet normal 3.058351e-01 -2.346755e-01 -9.227092e-01
    outer loop
      vertex   1.559423e+02 -1.127848e+02 6.045996e+00
      vertex   1.558912e+02 -1.127337e+02 6.016026e+00
      vertex   1.559662e+02 -1.127537e+02 6.045996e+00
    endloop
  endfacet
  facet normal 3.058351e-01 -2.346755e-01 -9.227092e-01
    outer loop
      vertex   1.559662e+02 -1.127537e+02 6.045996e+00
      vertex   1.558912e+02 -1.127337e+02 6.016026e+00
      vertex   1.559035e+02 -1.127176e+02 6.016026e+00
    endloop
  endfacet
  facet normal 3.561525e-01 -1.475232e-01 -9.227092e-01
    outer loop
      vertex   1.559662e+02 -1.127537e+02 6.045996e+00
      vertex   1.559035e+02 -1.127176e+02 6.016026e+00
      vertex   1.559811e+02 -1.127176e+02 6.045996e+00
    endloop
  endfacet
  facet normal 3.561525e-01 -1.475232e-01 -9.227092e-01
    outer loop
      vertex   1.559811e+02 -1.127176e+02 6.045996e+00
      vertex   1.559035e+02 -1.127176e+02 6.016026e+00
      vertex   1.559113e+02 -1.126988e+02 6.016026e+00
    endloop
  endfacet
  facet normal 1.718156e-02 -1.305069e-01 -9.912985e-01
    outer loop
      vertex   1.558363e+02 -1.127564e+02 6.016026e+00
      vertex   1.558363e+02 -1.126788e+02 6.005804e+00
      vertex   1.558563e+02 -1.127537e+02 6.016026e+00
    endloop
  endfacet
  facet normal 5.037379e-02 -1.216131e-01 -9.912985e-01
    outer loop
      vertex   1.558563e+02 -1.127537e+02 6.016026e+00
      vertex   1.558363e+02 -1.126788e+02 6.005804e+00
      vertex   1.558751e+02 -1.127460e+02 6.016026e+00
    endloop
  endfacet
  facet normal 8.013313e-02 -1.044315e-01 -9.912985e-01
    outer loop
      vertex   1.558751e+02 -1.127460e+02 6.016026e+00
      vertex   1.558363e+02 -1.126788e+02 6.005804e+00
      vertex   1.558912e+02 -1.127337e+02 6.016026e+00
    endloop
  endfacet
  facet normal 1.044315e-01 -8.013313e-02 -9.912985e-01
    outer loop
      vertex   1.558912e+02 -1.127337e+02 6.016026e+00
      vertex   1.558363e+02 -1.126788e+02 6.005804e+00
      vertex   1.559035e+02 -1.127176e+02 6.016026e+00
    endloop
  endfacet
  facet normal 1.216131e-01 -5.037379e-02 -9.912985e-01
    outer loop
      vertex   1.559035e+02 -1.127176e+02 6.016026e+00
      vertex   1.558363e+02 -1.126788e+02 6.005804e+00
      vertex   1.559113e+02 -1.126988e+02 6.016026e+00
    endloop
  endfacet
  facet normal 0.000000e+00 -1.305262e-01 -9.914449e-01
    outer loop
      vertex   1.553363e+02 -1.126788e+02 6.005804e+00
      vertex   1.558363e+02 -1.126788e+02 6.005804e+00
      vertex   1.553363e+02 -1.127564e+02 6.016026e+00
    endloop
  endfacet
  facet normal 0.000000e+00 -1.305262e-01 -9.914449e-01
    outer loop
      vertex   1.553363e+02 -1.127564e+02 6.016026e+00
      vertex   1.558363e+02 -1.126788e+02 6.005804e+00
      vertex   1.558363e+02 -1.127564e+02 6.016026e+00
    endloop
  endfacet
  facet normal 0.000000e+00 -3.826834e-01 -9.238795e-01
    outer loop
      vertex   1.553363e+02 -1.127564e+02 6.016026e+00
      vertex   1.558363e+02 -1.127564e+02 6.016026e+00
      vertex   1.553363e+02 -1.128288e+02 6.045996e+00
    endloop
  endfacet
  facet normal 0.000000e+00 -3.826834e-01 -9.238795e-01
    outer loop
      vertex   1.553363e+02 -1.128288e+02 6.045996e+00
      vertex   1.558363e+02 -1.127564e+02 6.016026e+00
      vertex   1.558363e+02 -1.128288e+02 6.045996e+00
    endloop
  endfacet
  facet normal 0.000000e+00 -6.087614e-01 -7.933533e-01
    outer loop
      vertex   1.553363e+02 -1.128288e+02 6.045996e+00
      vertex   1.558363e+02 -1.128288e+02 6.045996e+00
      vertex   1.553363e+02 -1.128909e+02 6.093672e+00
    endloop
  endfacet
  facet normal 0.000000e+00 -6.087614e-01 -7.933533e-01
    outer loop
      vertex   1.553363e+02 -1.128909e+02 6.093672e+00
      vertex   1.558363e+02 -1.128288e+02 6.045996e+00
      vertex   1.558363e+02 -1.128909e+02 6.093672e+00
    endloop
  endfacet
  facet normal 0.000000e+00 -7.933533e-01 -6.087614e-01
    outer loop
      vertex   1.553363e+02 -1.128909e+02 6.093672e+00
      vertex   1.558363e+02 -1.128909e+02 6.093672e+00
      vertex   1.553363e+02 -1.129386e+02 6.155804e+00
    endloop
  endfacet
  facet normal 0.000000e+00 -7.933533e-01 -6.087614e-01
    outer loop
      vertex   1.553363e+02 -1.129386e+02 6.155804e+00
      vertex   1.558363e+02 -1.128909e+02 6.093672e+00
      vertex   1.558363e+02 -1.129386e+02 6.155804e+00
    endloop
  endfacet
  facet normal 0.000000e+00 -9.238795e-01 -3.826834e-01
    outer loop
      vertex   1.553363e+02 -1.129386e+02 6.155804e+00
      vertex   1.558363e+02 -1.129386e+02 6.155804e+00
      vertex   1.553363e+02 -1.129685e+02 6.228158e+00
    endloop
  endfacet
  facet normal 0.000000e+00 -9.238795e-01 -3.826834e-01
    outer loop
      vertex   1.553363e+02 -1.129685e+02 6.228158e+00
      vertex   1.558363e+02 -1.129386e+02 6.155804e+00
      vertex   1.558363e+02 -1.129685e+02 6.228158e+00
    endloop
  endfacet
  facet normal 0.000000e+00 -9.914449e-01 -1.305262e-01
    outer loop
      vertex   1.553363e+02 -1.129685e+02 6.228158e+00
      vertex   1.558363e+02 -1.129685e+02 6.228158e+00
      vertex   1.553363e+02 -1.129787e+02 6.305804e+00
    endloop
  endfacet
  facet normal 0.000000e+00 -9.914449e-01 -1.305262e-01
    outer loop
      vertex   1.553363e+02 -1.129787e+02 6.305804e+00
      vertex   1.558363e+02 -1.129685e+02 6.228158e+00
      vertex   1.558363e+02 -1.129787e+02 6.305804e+00
    endloop
  endfacet
  facet normal 9.914449e-01 0.000000e+00 -1.305262e-01
    outer loop
      vertex   1.561363e+02 -1.103787e+02 6.305804e+00
      vertex   1.561363e+02 -1.126788e+02 6.305804e+00
      vertex   1.561260e+02 -1.115288e+02 6.228158e+00
    endloop
  endfacet
  facet normal 9.914449e-01 -1.008092e-16 -1.305262e-01
    outer loop
      vertex   1.561260e+02 -1.115288e+02 6.228158e+00
      vertex   1.561363e+02 -1.126788e+02 6.305804e+00
      vertex   1.561260e+02 -1.126788e+02 6.228158e+00
    endloop
  endfacet
  facet normal 9.238795e-01 -2.955575e-16 -3.826834e-01
    outer loop
      vertex   1.561260e+02 -1.115288e+02 6.228158e+00
      vertex   1.561260e+02 -1.126788e+02 6.228158e+00
      vertex   1.560961e+02 -1.115288e+02 6.155804e+00
    endloop
  endfacet
  facet normal 9.238795e-01 5.911151e-16 -3.826834e-01
    outer loop
      vertex   1.560961e+02 -1.115288e+02 6.155804e+00
      vertex   1.561260e+02 -1.126788e+02 6.228158e+00
      vertex   1.560961e+02 -1.126788e+02 6.155804e+00
    endloop
  endfacet
  facet normal 7.933533e-01 9.403283e-16 -6.087614e-01
    outer loop
      vertex   1.560961e+02 -1.115288e+02 6.155804e+00
      vertex   1.560961e+02 -1.126788e+02 6.155804e+00
      vertex   1.560484e+02 -1.115288e+02 6.093672e+00
    endloop
  endfacet
  facet normal 7.933533e-01 4.701641e-16 -6.087614e-01
    outer loop
      vertex   1.560484e+02 -1.115288e+02 6.093672e+00
      vertex   1.560961e+02 -1.126788e+02 6.155804e+00
      vertex   1.560484e+02 -1.126788e+02 6.093672e+00
    endloop
  endfacet
  facet normal 6.087614e-01 6.127298e-16 -7.933533e-01
    outer loop
      vertex   1.560484e+02 -1.115288e+02 6.093672e+00
      vertex   1.560484e+02 -1.126788e+02 6.093672e+00
      vertex   1.559863e+02 -1.115288e+02 6.045996e+00
    endloop
  endfacet
  facet normal 6.087614e-01 1.225460e-15 -7.933533e-01
    outer loop
      vertex   1.559863e+02 -1.115288e+02 6.045996e+00
      vertex   1.560484e+02 -1.126788e+02 6.093672e+00
      vertex   1.559863e+02 -1.126788e+02 6.045996e+00
    endloop
  endfacet
  facet normal 3.826834e-01 1.427078e-15 -9.238795e-01
    outer loop
      vertex   1.559863e+02 -1.115288e+02 6.045996e+00
      vertex   1.559863e+02 -1.126788e+02 6.045996e+00
      vertex   1.559139e+02 -1.115288e+02 6.016026e+00
    endloop
  endfacet
  facet normal 3.826834e-01 -2.140617e-15 -9.238795e-01
    outer loop
      vertex   1.559139e+02 -1.115288e+02 6.016026e+00
      vertex   1.559863e+02 -1.126788e+02 6.045996e+00
      vertex   1.559139e+02 -1.126788e+02 6.016026e+00
    endloop
  endfacet
  facet normal 1.305262e-01 -2.297165e-15 -9.914449e-01
    outer loop
      vertex   1.559139e+02 -1.115288e+02 6.016026e+00
      vertex   1.559139e+02 -1.126788e+02 6.016026e+00
      vertex   1.558363e+02 -1.126788e+02 6.005804e+00
    endloop
  endfacet
  facet normal 1.305262e-01 0.000000e+00 -9.914449e-01
    outer loop
      vertex   1.558363e+02 -1.126788e+02 6.005804e+00
      vertex   1.558363e+02 -1.103787e+02 6.005804e+00
      vertex   1.559139e+02 -1.115288e+02 6.016026e+00
    endloop
  endfacet
  facet normal 1.305262e-01 2.297165e-15 -9.914449e-01
    outer loop
      vertex   1.559139e+02 -1.115288e+02 6.016026e+00
      vertex   1.558363e+02 -1.103787e+02 6.005804e+00
      vertex   1.559139e+02 -1.103787e+02 6.016026e+00
    endloop
  endfacet
  facet normal 3.826834e-01 2.140617e-15 -9.238795e-01
    outer loop
      vertex   1.559139e+02 -1.115288e+02 6.016026e+00
      vertex   1.559139e+02 -1.103787e+02 6.016026e+00
      vertex   1.559863e+02 -1.115288e+02 6.045996e+00
    endloop
  endfacet
  facet normal 3.826834e-01 -1.427078e-15 -9.238795e-01
    outer loop
      vertex   1.559863e+02 -1.115288e+02 6.045996e+00
      vertex   1.559139e+02 -1.103787e+02 6.016026e+00
      vertex   1.559863e+02 -1.103787e+02 6.045996e+00
    endloop
  endfacet
  facet normal 6.087614e-01 -1.225460e-15 -7.933533e-01
    outer loop
      vertex   1.559863e+02 -1.115288e+02 6.045996e+00
      vertex   1.559863e+02 -1.103787e+02 6.045996e+00
      vertex   1.560484e+02 -1.115288e+02 6.093672e+00
    endloop
  endfacet
  facet normal 6.087614e-01 -6.127298e-16 -7.933533e-01
    outer loop
      vertex   1.560484e+02 -1.115288e+02 6.093672e+00
      vertex   1.559863e+02 -1.103787e+02 6.045996e+00
      vertex   1.560484e+02 -1.103787e+02 6.093672e+00
    endloop
  endfacet
  facet normal 7.933533e-01 -4.701641e-16 -6.087614e-01
    outer loop
      vertex   1.560484e+02 -1.115288e+02 6.093672e+00
      vertex   1.560484e+02 -1.103787e+02 6.093672e+00
      vertex   1.560961e+02 -1.115288e+02 6.155804e+00
    endloop
  endfacet
  facet normal 7.933533e-01 -9.403283e-16 -6.087614e-01
    outer loop
      vertex   1.560961e+02 -1.115288e+02 6.155804e+00
      vertex   1.560484e+02 -1.103787e+02 6.093672e+00
      vertex   1.560961e+02 -1.103787e+02 6.155804e+00
    endloop
  endfacet
  facet normal 9.238795e-01 -5.911151e-16 -3.826834e-01
    outer loop
      vertex   1.560961e+02 -1.115288e+02 6.155804e+00
      vertex   1.560961e+02 -1.103787e+02 6.155804e+00
      vertex   1.561260e+02 -1.115288e+02 6.228158e+00
    endloop
  endfacet
  facet normal 9.238795e-01 2.955575e-16 -3.826834e-01
    outer loop
      vertex   1.561260e+02 -1.115288e+02 6.228158e+00
      vertex   1.560961e+02 -1.103787e+02 6.155804e+00
      vertex   1.561260e+02 -1.103787e+02 6.228158e+00
    endloop
  endfacet
  facet normal 9.914449e-01 1.008092e-16 -1.305262e-01
    outer loop
      vertex   1.561260e+02 -1.115288e+02 6.228158e+00
      vertex   1.561260e+02 -1.103787e+02 6.228158e+00
      vertex   1.561363e+02 -1.103787e+02 6.305804e+00
    endloop
  endfacet
  facet normal -1.718156e-02 -1.305069e-01 -9.912985e-01
    outer loop
      vertex   1.553363e+02 -1.126788e+02 6.005804e+00
      vertex   1.553363e+02 -1.127564e+02 6.016026e+00
      vertex   1.553162e+02 -1.127537e+02 6.016026e+00
    endloop
  endfacet
  facet normal -5.031741e-02 -3.821987e-01 -9.227092e-01
    outer loop
      vertex   1.553162e+02 -1.127537e+02 6.016026e+00
      vertex   1.553363e+02 -1.127564e+02 6.016026e+00
      vertex   1.553363e+02 -1.128288e+02 6.045996e+00
    endloop
  endfacet
  facet normal -5.031741e-02 -3.821987e-01 -9.227092e-01
    outer loop
      vertex   1.553162e+02 -1.127537e+02 6.016026e+00
      vertex   1.553363e+02 -1.128288e+02 6.045996e+00
      vertex   1.552974e+02 -1.128236e+02 6.045996e+00
    endloop
  endfacet
  facet normal -7.988880e-02 -6.068157e-01 -7.908176e-01
    outer loop
      vertex   1.552974e+02 -1.128236e+02 6.045996e+00
      vertex   1.553363e+02 -1.128288e+02 6.045996e+00
      vertex   1.553363e+02 -1.128909e+02 6.093672e+00
    endloop
  endfacet
  facet normal -7.988880e-02 -6.068157e-01 -7.908176e-01
    outer loop
      vertex   1.552974e+02 -1.128236e+02 6.045996e+00
      vertex   1.553363e+02 -1.128909e+02 6.093672e+00
      vertex   1.552813e+02 -1.128837e+02 6.093672e+00
    endloop
  endfacet
  facet normal -1.038819e-01 -7.890610e-01 -6.054678e-01
    outer loop
      vertex   1.552813e+02 -1.128837e+02 6.093672e+00
      vertex   1.553363e+02 -1.128909e+02 6.093672e+00
      vertex   1.553363e+02 -1.129386e+02 6.155804e+00
    endloop
  endfacet
  facet normal -1.038819e-01 -7.890610e-01 -6.054678e-01
    outer loop
      vertex   1.552813e+02 -1.128837e+02 6.093672e+00
      vertex   1.553363e+02 -1.129386e+02 6.155804e+00
      vertex   1.552690e+02 -1.129297e+02 6.155804e+00
    endloop
  endfacet
  facet normal -1.207412e-01 -9.171204e-01 -3.798837e-01
    outer loop
      vertex   1.552690e+02 -1.129297e+02 6.155804e+00
      vertex   1.553363e+02 -1.129386e+02 6.155804e+00
      vertex   1.553363e+02 -1.129685e+02 6.228158e+00
    endloop
  endfacet
  facet normal -1.207412e-01 -9.171204e-01 -3.798837e-01
    outer loop
      vertex   1.552690e+02 -1.129297e+02 6.155804e+00
      vertex   1.553363e+02 -1.129685e+02 6.228158e+00
      vertex   1.552613e+02 -1.129587e+02 6.228158e+00
    endloop
  endfacet
  facet normal -1.294283e-01 -9.831056e-01 -1.294283e-01
    outer loop
      vertex   1.552613e+02 -1.129587e+02 6.228158e+00
      vertex   1.553363e+02 -1.129685e+02 6.228158e+00
      vertex   1.553363e+02 -1.129787e+02 6.305804e+00
    endloop
  endfacet
  facet normal -1.294283e-01 -9.831056e-01 -1.294283e-01
    outer loop
      vertex   1.552613e+02 -1.129587e+02 6.228158e+00
      vertex   1.553363e+02 -1.129787e+02 6.305804e+00
      vertex   1.552586e+02 -1.129685e+02 6.305804e+00
    endloop
  endfacet
  facet normal -3.794646e-01 -9.161086e-01 -1.294283e-01
    outer loop
      vertex   1.552613e+02 -1.129587e+02 6.228158e+00
      vertex   1.552586e+02 -1.129685e+02 6.305804e+00
      vertex   1.551914e+02 -1.129297e+02 6.228158e+00
    endloop
  endfacet
  facet normal -3.794646e-01 -9.161086e-01 -1.294283e-01
    outer loop
      vertex   1.551914e+02 -1.129297e+02 6.228158e+00
      vertex   1.552586e+02 -1.129685e+02 6.305804e+00
      vertex   1.551863e+02 -1.129386e+02 6.305804e+00
    endloop
  endfacet
  facet normal -6.036410e-01 -7.866803e-01 -1.294283e-01
    outer loop
      vertex   1.551914e+02 -1.129297e+02 6.228158e+00
      vertex   1.551863e+02 -1.129386e+02 6.305804e+00
      vertex   1.551313e+02 -1.128837e+02 6.228158e+00
    endloop
  endfacet
  facet normal -6.036410e-01 -7.866803e-01 -1.294283e-01
    outer loop
      vertex   1.551313e+02 -1.128837e+02 6.228158e+00
      vertex   1.551863e+02 -1.129386e+02 6.305804e+00
      vertex   1.551241e+02 -1.128909e+02 6.305804e+00
    endloop
  endfacet
  facet normal -7.866803e-01 -6.036410e-01 -1.294283e-01
    outer loop
      vertex   1.551313e+02 -1.128837e+02 6.228158e+00
      vertex   1.551241e+02 -1.128909e+02 6.305804e+00
      vertex   1.550853e+02 -1.128236e+02 6.228158e+00
    endloop
  endfacet
  facet normal -7.866803e-01 -6.036410e-01 -1.294283e-01
    outer loop
      vertex   1.550853e+02 -1.128236e+02 6.228158e+00
      vertex   1.551241e+02 -1.128909e+02 6.305804e+00
      vertex   1.550764e+02 -1.128288e+02 6.305804e+00
    endloop
  endfacet
  facet normal -9.161086e-01 -3.794646e-01 -1.294283e-01
    outer loop
      vertex   1.550853e+02 -1.128236e+02 6.228158e+00
      vertex   1.550764e+02 -1.128288e+02 6.305804e+00
      vertex   1.550563e+02 -1.127537e+02 6.228158e+00
    endloop
  endfacet
  facet normal -9.161086e-01 -3.794646e-01 -1.294283e-01
    outer loop
      vertex   1.550563e+02 -1.127537e+02 6.228158e+00
      vertex   1.550764e+02 -1.128288e+02 6.305804e+00
      vertex   1.550465e+02 -1.127564e+02 6.305804e+00
    endloop
  endfacet
  facet normal -9.831056e-01 -1.294283e-01 -1.294283e-01
    outer loop
      vertex   1.550563e+02 -1.127537e+02 6.228158e+00
      vertex   1.550465e+02 -1.127564e+02 6.305804e+00
      vertex   1.550465e+02 -1.126788e+02 6.228158e+00
    endloop
  endfacet
  facet normal -9.831056e-01 -1.294283e-01 -1.294283e-01
    outer loop
      vertex   1.550465e+02 -1.126788e+02 6.228158e+00
      vertex   1.550465e+02 -1.127564e+02 6.305804e+00
      vertex   1.550363e+02 -1.126788e+02 6.305804e+00
    endloop
  endfacet
  facet normal -9.171204e-01 -1.207412e-01 -3.798837e-01
    outer loop
      vertex   1.550465e+02 -1.126788e+02 6.228158e+00
      vertex   1.550764e+02 -1.126788e+02 6.155804e+00
      vertex   1.550563e+02 -1.127537e+02 6.228158e+00
    endloop
  endfacet
  facet normal -9.171204e-01 -1.207412e-01 -3.798837e-01
    outer loop
      vertex   1.550563e+02 -1.127537e+02 6.228158e+00
      vertex   1.550764e+02 -1.126788e+02 6.155804e+00
      vertex   1.550853e+02 -1.127460e+02 6.155804e+00
    endloop
  endfacet
  facet normal -8.546202e-01 -3.539953e-01 -3.798837e-01
    outer loop
      vertex   1.550563e+02 -1.127537e+02 6.228158e+00
      vertex   1.550853e+02 -1.127460e+02 6.155804e+00
      vertex   1.550853e+02 -1.128236e+02 6.228158e+00
    endloop
  endfacet
  facet normal -8.546202e-01 -3.539953e-01 -3.798837e-01
    outer loop
      vertex   1.550853e+02 -1.128236e+02 6.228158e+00
      vertex   1.550853e+02 -1.127460e+02 6.155804e+00
      vertex   1.551113e+02 -1.128087e+02 6.155804e+00
    endloop
  endfacet
  facet normal -7.338790e-01 -5.631252e-01 -3.798837e-01
    outer loop
      vertex   1.550853e+02 -1.128236e+02 6.228158e+00
      vertex   1.551113e+02 -1.128087e+02 6.155804e+00
      vertex   1.551313e+02 -1.128837e+02 6.228158e+00
    endloop
  endfacet
  facet normal -7.338790e-01 -5.631252e-01 -3.798837e-01
    outer loop
      vertex   1.551313e+02 -1.128837e+02 6.228158e+00
      vertex   1.551113e+02 -1.128087e+02 6.155804e+00
      vertex   1.551525e+02 -1.128625e+02 6.155804e+00
    endloop
  endfacet
  facet normal -5.631252e-01 -7.338790e-01 -3.798837e-01
    outer loop
      vertex   1.551313e+02 -1.128837e+02 6.228158e+00
      vertex   1.551525e+02 -1.128625e+02 6.155804e+00
      vertex   1.551914e+02 -1.129297e+02 6.228158e+00
    endloop
  endfacet
  facet normal -5.631252e-01 -7.338790e-01 -3.798837e-01
    outer loop
      vertex   1.551914e+02 -1.129297e+02 6.228158e+00
      vertex   1.551525e+02 -1.128625e+02 6.155804e+00
      vertex   1.552063e+02 -1.129037e+02 6.155804e+00
    endloop
  endfacet
  facet normal -3.539953e-01 -8.546202e-01 -3.798837e-01
    outer loop
      vertex   1.551914e+02 -1.129297e+02 6.228158e+00
      vertex   1.552063e+02 -1.129037e+02 6.155804e+00
      vertex   1.552613e+02 -1.129587e+02 6.228158e+00
    endloop
  endfacet
  facet normal -3.539953e-01 -8.546202e-01 -3.798837e-01
    outer loop
      vertex   1.552613e+02 -1.129587e+02 6.228158e+00
      vertex   1.552063e+02 -1.129037e+02 6.155804e+00
      vertex   1.552690e+02 -1.129297e+02 6.155804e+00
    endloop
  endfacet
  facet normal -7.890610e-01 -1.038819e-01 -6.054678e-01
    outer loop
      vertex   1.550764e+02 -1.126788e+02 6.155804e+00
      vertex   1.551241e+02 -1.126788e+02 6.093672e+00
      vertex   1.550853e+02 -1.127460e+02 6.155804e+00
    endloop
  endfacet
  facet normal -7.890610e-01 -1.038819e-01 -6.054678e-01
    outer loop
      vertex   1.550853e+02 -1.127460e+02 6.155804e+00
      vertex   1.551241e+02 -1.126788e+02 6.093672e+00
      vertex   1.551313e+02 -1.127337e+02 6.093672e+00
    endloop
  endfacet
  facet normal -7.352878e-01 -3.045662e-01 -6.054678e-01
    outer loop
      vertex   1.550853e+02 -1.127460e+02 6.155804e+00
      vertex   1.551313e+02 -1.127337e+02 6.093672e+00
      vertex   1.551113e+02 -1.128087e+02 6.155804e+00
    endloop
  endfacet
  facet normal -7.352878e-01 -3.045662e-01 -6.054678e-01
    outer loop
      vertex   1.551113e+02 -1.128087e+02 6.155804e+00
      vertex   1.551313e+02 -1.127337e+02 6.093672e+00
      vertex   1.551525e+02 -1.127848e+02 6.093672e+00
    endloop
  endfacet
  facet normal -6.314060e-01 -4.844948e-01 -6.054678e-01
    outer loop
      vertex   1.551113e+02 -1.128087e+02 6.155804e+00
      vertex   1.551525e+02 -1.127848e+02 6.093672e+00
      vertex   1.551525e+02 -1.128625e+02 6.155804e+00
    endloop
  endfacet
  facet normal -6.314060e-01 -4.844948e-01 -6.054678e-01
    outer loop
      vertex   1.551525e+02 -1.128625e+02 6.155804e+00
      vertex   1.551525e+02 -1.127848e+02 6.093672e+00
      vertex   1.551863e+02 -1.128288e+02 6.093672e+00
    endloop
  endfacet
  facet normal -4.844948e-01 -6.314060e-01 -6.054678e-01
    outer loop
      vertex   1.551525e+02 -1.128625e+02 6.155804e+00
      vertex   1.551863e+02 -1.128288e+02 6.093672e+00
      vertex   1.552063e+02 -1.129037e+02 6.155804e+00
    endloop
  endfacet
  facet normal -4.844948e-01 -6.314060e-01 -6.054678e-01
    outer loop
      vertex   1.552063e+02 -1.129037e+02 6.155804e+00
      vertex   1.551863e+02 -1.128288e+02 6.093672e+00
      vertex   1.552302e+02 -1.128625e+02 6.093672e+00
    endloop
  endfacet
  facet normal -3.045662e-01 -7.352878e-01 -6.054678e-01
    outer loop
      vertex   1.552063e+02 -1.129037e+02 6.155804e+00
      vertex   1.552302e+02 -1.128625e+02 6.093672e+00
      vertex   1.552690e+02 -1.129297e+02 6.155804e+00
    endloop
  endfacet
  facet normal -3.045662e-01 -7.352878e-01 -6.054678e-01
    outer loop
      vertex   1.552690e+02 -1.129297e+02 6.155804e+00
      vertex   1.552302e+02 -1.128625e+02 6.093672e+00
      vertex   1.552813e+02 -1.128837e+02 6.093672e+00
    endloop
  endfacet
  facet normal -6.068157e-01 -7.988880e-02 -7.908176e-01
    outer loop
      vertex   1.551241e+02 -1.126788e+02 6.093672e+00
      vertex   1.551863e+02 -1.126788e+02 6.045996e+00
      vertex   1.551313e+02 -1.127337e+02 6.093672e+00
    endloop
  endfacet
  facet normal -6.068157e-01 -7.988880e-02 -7.908176e-01
    outer loop
      vertex   1.551313e+02 -1.127337e+02 6.093672e+00
      vertex   1.551863e+02 -1.126788e+02 6.045996e+00
      vertex   1.551914e+02 -1.127176e+02 6.045996e+00
    endloop
  endfacet
  facet normal -5.654622e-01 -2.342221e-01 -7.908176e-01
    outer loop
      vertex   1.551313e+02 -1.127337e+02 6.093672e+00
      vertex   1.551914e+02 -1.127176e+02 6.045996e+00
      vertex   1.551525e+02 -1.127848e+02 6.093672e+00
    endloop
  endfacet
  facet normal -5.654622e-01 -2.342221e-01 -7.908176e-01
    outer loop
      vertex   1.551525e+02 -1.127848e+02 6.093672e+00
      vertex   1.551914e+02 -1.127176e+02 6.045996e+00
      vertex   1.552063e+02 -1.127537e+02 6.045996e+00
    endloop
  endfacet
  facet normal -4.855734e-01 -3.725936e-01 -7.908176e-01
    outer loop
      vertex   1.551525e+02 -1.127848e+02 6.093672e+00
      vertex   1.552063e+02 -1.127537e+02 6.045996e+00
      vertex   1.551863e+02 -1.128288e+02 6.093672e+00
    endloop
  endfacet
  facet normal -4.855734e-01 -3.725936e-01 -7.908176e-01
    outer loop
      vertex   1.551863e+02 -1.128288e+02 6.093672e+00
      vertex   1.552063e+02 -1.127537e+02 6.045996e+00
      vertex   1.552302e+02 -1.127848e+02 6.045996e+00
    endloop
  endfacet
  facet normal -3.725936e-01 -4.855734e-01 -7.908176e-01
    outer loop
      vertex   1.551863e+02 -1.128288e+02 6.093672e+00
      vertex   1.552302e+02 -1.127848e+02 6.045996e+00
      vertex   1.552302e+02 -1.128625e+02 6.093672e+00
    endloop
  endfacet
  facet normal -3.725936e-01 -4.855734e-01 -7.908176e-01
    outer loop
      vertex   1.552302e+02 -1.128625e+02 6.093672e+00
      vertex   1.552302e+02 -1.127848e+02 6.045996e+00
      vertex   1.552613e+02 -1.128087e+02 6.045996e+00
    endloop
  endfacet
  facet normal -2.342221e-01 -5.654622e-01 -7.908176e-01
    outer loop
      vertex   1.552302e+02 -1.128625e+02 6.093672e+00
      vertex   1.552613e+02 -1.128087e+02 6.045996e+00
      vertex   1.552813e+02 -1.128837e+02 6.093672e+00
    endloop
  endfacet
  facet normal -2.342221e-01 -5.654622e-01 -7.908176e-01
    outer loop
      vertex   1.552813e+02 -1.128837e+02 6.093672e+00
      vertex   1.552613e+02 -1.128087e+02 6.045996e+00
      vertex   1.552974e+02 -1.128236e+02 6.045996e+00
    endloop
  endfacet
  facet normal -3.821987e-01 -5.031741e-02 -9.227092e-01
    outer loop
      vertex   1.551863e+02 -1.126788e+02 6.045996e+00
      vertex   1.552586e+02 -1.126788e+02 6.016026e+00
      vertex   1.551914e+02 -1.127176e+02 6.045996e+00
    endloop
  endfacet
  facet normal -3.821987e-01 -5.031741e-02 -9.227092e-01
    outer loop
      vertex   1.551914e+02 -1.127176e+02 6.045996e+00
      vertex   1.552586e+02 -1.126788e+02 6.016026e+00
      vertex   1.552613e+02 -1.126988e+02 6.016026e+00
    endloop
  endfacet
  facet normal -3.561525e-01 -1.475232e-01 -9.227092e-01
    outer loop
      vertex   1.551914e+02 -1.127176e+02 6.045996e+00
      vertex   1.552613e+02 -1.126988e+02 6.016026e+00
      vertex   1.552063e+02 -1.127537e+02 6.045996e+00
    endloop
  endfacet
  facet normal -3.561525e-01 -1.475232e-01 -9.227092e-01
    outer loop
      vertex   1.552063e+02 -1.127537e+02 6.045996e+00
      vertex   1.552613e+02 -1.126988e+02 6.016026e+00
      vertex   1.552690e+02 -1.127176e+02 6.016026e+00
    endloop
  endfacet
  facet normal -3.058351e-01 -2.346755e-01 -9.227092e-01
    outer loop
      vertex   1.552063e+02 -1.127537e+02 6.045996e+00
      vertex   1.552690e+02 -1.127176e+02 6.016026e+00
      vertex   1.552302e+02 -1.127848e+02 6.045996e+00
    endloop
  endfacet
  facet normal -3.058351e-01 -2.346755e-01 -9.227092e-01
    outer loop
      vertex   1.552302e+02 -1.127848e+02 6.045996e+00
      vertex   1.552690e+02 -1.127176e+02 6.016026e+00
      vertex   1.552813e+02 -1.127337e+02 6.016026e+00
    endloop
  endfacet
  facet normal -2.346755e-01 -3.058351e-01 -9.227092e-01
    outer loop
      vertex   1.552302e+02 -1.127848e+02 6.045996e+00
      vertex   1.552813e+02 -1.127337e+02 6.016026e+00
      vertex   1.552613e+02 -1.128087e+02 6.045996e+00
    endloop
  endfacet
  facet normal -2.346755e-01 -3.058351e-01 -9.227092e-01
    outer loop
      vertex   1.552613e+02 -1.128087e+02 6.045996e+00
      vertex   1.552813e+02 -1.127337e+02 6.016026e+00
      vertex   1.552974e+02 -1.127460e+02 6.016026e+00
    endloop
  endfacet
  facet normal -1.475232e-01 -3.561525e-01 -9.227092e-01
    outer loop
      vertex   1.552613e+02 -1.128087e+02 6.045996e+00
      vertex   1.552974e+02 -1.127460e+02 6.016026e+00
      vertex   1.552974e+02 -1.128236e+02 6.045996e+00
    endloop
  endfacet
  facet normal -1.475232e-01 -3.561525e-01 -9.227092e-01
    outer loop
      vertex   1.552974e+02 -1.128236e+02 6.045996e+00
      vertex   1.552974e+02 -1.127460e+02 6.016026e+00
      vertex   1.553162e+02 -1.127537e+02 6.016026e+00
    endloop
  endfacet
  facet normal -1.305069e-01 -1.718156e-02 -9.912985e-01
    outer loop
      vertex   1.552586e+02 -1.126788e+02 6.016026e+00
      vertex   1.553363e+02 -1.126788e+02 6.005804e+00
      vertex   1.552613e+02 -1.126988e+02 6.016026e+00
    endloop
  endfacet
  facet normal -1.216131e-01 -5.037379e-02 -9.912985e-01
    outer loop
      vertex   1.552613e+02 -1.126988e+02 6.016026e+00
      vertex   1.553363e+02 -1.126788e+02 6.005804e+00
      vertex   1.552690e+02 -1.127176e+02 6.016026e+00
    endloop
  endfacet
  facet normal -1.044315e-01 -8.013313e-02 -9.912985e-01
    outer loop
      vertex   1.552690e+02 -1.127176e+02 6.016026e+00
      vertex   1.553363e+02 -1.126788e+02 6.005804e+00
      vertex   1.552813e+02 -1.127337e+02 6.016026e+00
    endloop
  endfacet
  facet normal -8.013313e-02 -1.044315e-01 -9.912985e-01
    outer loop
      vertex   1.552813e+02 -1.127337e+02 6.016026e+00
      vertex   1.553363e+02 -1.126788e+02 6.005804e+00
      vertex   1.552974e+02 -1.127460e+02 6.016026e+00
    endloop
  endfacet
  facet normal -5.037379e-02 -1.216131e-01 -9.912985e-01
    outer loop
      vertex   1.552974e+02 -1.127460e+02 6.016026e+00
      vertex   1.553363e+02 -1.126788e+02 6.005804e+00
      vertex   1.553162e+02 -1.127537e+02 6.016026e+00
    endloop
  endfacet
  facet normal 1.294283e-01 9.831056e-01 -1.294283e-01
    outer loop
      vertex   1.558363e+02 -1.100890e+02 6.228158e+00
      vertex   1.558363e+02 -1.100787e+02 6.305804e+00
      vertex   1.559113e+02 -1.100988e+02 6.228158e+00
    endloop
  endfacet
  facet normal 1.294283e-01 9.831056e-01 -1.294283e-01
    outer loop
      vertex   1.559113e+02 -1.100988e+02 6.228158e+00
      vertex   1.558363e+02 -1.100787e+02 6.305804e+00
      vertex   1.559139e+02 -1.100890e+02 6.305804e+00
    endloop
  endfacet
  facet normal 3.794646e-01 9.161086e-01 -1.294283e-01
    outer loop
      vertex   1.559113e+02 -1.100988e+02 6.228158e+00
      vertex   1.559139e+02 -1.100890e+02 6.305804e+00
      vertex   1.559811e+02 -1.101278e+02 6.228158e+00
    endloop
  endfacet
  facet normal 3.794646e-01 9.161086e-01 -1.294283e-01
    outer loop
      vertex   1.559811e+02 -1.101278e+02 6.228158e+00
      vertex   1.559139e+02 -1.100890e+02 6.305804e+00
      vertex   1.559863e+02 -1.101189e+02 6.305804e+00
    endloop
  endfacet
  facet normal 6.036410e-01 7.866803e-01 -1.294283e-01
    outer loop
      vertex   1.559811e+02 -1.101278e+02 6.228158e+00
      vertex   1.559863e+02 -1.101189e+02 6.305804e+00
      vertex   1.560412e+02 -1.101738e+02 6.228158e+00
    endloop
  endfacet
  facet normal 6.036410e-01 7.866803e-01 -1.294283e-01
    outer loop
      vertex   1.560412e+02 -1.101738e+02 6.228158e+00
      vertex   1.559863e+02 -1.101189e+02 6.305804e+00
      vertex   1.560484e+02 -1.101666e+02 6.305804e+00
    endloop
  endfacet
  facet normal 7.866803e-01 6.036410e-01 -1.294283e-01
    outer loop
      vertex   1.560412e+02 -1.101738e+02 6.228158e+00
      vertex   1.560484e+02 -1.101666e+02 6.305804e+00
      vertex   1.560872e+02 -1.102339e+02 6.228158e+00
    endloop
  endfacet
  facet normal 7.866803e-01 6.036410e-01 -1.294283e-01
    outer loop
      vertex   1.560872e+02 -1.102339e+02 6.228158e+00
      vertex   1.560484e+02 -1.101666e+02 6.305804e+00
      vertex   1.560961e+02 -1.102287e+02 6.305804e+00
    endloop
  endfacet
  facet normal 9.161086e-01 3.794646e-01 -1.294283e-01
    outer loop
      vertex   1.560872e+02 -1.102339e+02 6.228158e+00
      vertex   1.560961e+02 -1.102287e+02 6.305804e+00
      vertex   1.561162e+02 -1.103037e+02 6.228158e+00
    endloop
  endfacet
  facet normal 9.161086e-01 3.794646e-01 -1.294283e-01
    outer loop
      vertex   1.561162e+02 -1.103037e+02 6.228158e+00
      vertex   1.560961e+02 -1.102287e+02 6.305804e+00
      vertex   1.561260e+02 -1.103011e+02 6.305804e+00
    endloop
  endfacet
  facet normal 9.831056e-01 1.294283e-01 -1.294283e-01
    outer loop
      vertex   1.561162e+02 -1.103037e+02 6.228158e+00
      vertex   1.561260e+02 -1.103011e+02 6.305804e+00
      vertex   1.561260e+02 -1.103787e+02 6.228158e+00
    endloop
  endfacet
  facet normal 9.831056e-01 1.294283e-01 -1.294283e-01
    outer loop
      vertex   1.561260e+02 -1.103787e+02 6.228158e+00
      vertex   1.561260e+02 -1.103011e+02 6.305804e+00
      vertex   1.561363e+02 -1.103787e+02 6.305804e+00
    endloop
  endfacet
  facet normal 9.171204e-01 1.207412e-01 -3.798837e-01
    outer loop
      vertex   1.561260e+02 -1.103787e+02 6.228158e+00
      vertex   1.560961e+02 -1.103787e+02 6.155804e+00
      vertex   1.561162e+02 -1.103037e+02 6.228158e+00
    endloop
  endfacet
  facet normal 9.171204e-01 1.207412e-01 -3.798837e-01
    outer loop
      vertex   1.561162e+02 -1.103037e+02 6.228158e+00
      vertex   1.560961e+02 -1.103787e+02 6.155804e+00
      vertex   1.560872e+02 -1.103115e+02 6.155804e+00
    endloop
  endfacet
  facet normal 8.546202e-01 3.539953e-01 -3.798837e-01
    outer loop
      vertex   1.561162e+02 -1.103037e+02 6.228158e+00
      vertex   1.560872e+02 -1.103115e+02 6.155804e+00
      vertex   1.560872e+02 -1.102339e+02 6.228158e+00
    endloop
  endfacet
  facet normal 8.546202e-01 3.539953e-01 -3.798837e-01
    outer loop
      vertex   1.560872e+02 -1.102339e+02 6.228158e+00
      vertex   1.560872e+02 -1.103115e+02 6.155804e+00
      vertex   1.560613e+02 -1.102488e+02 6.155804e+00
    endloop
  endfacet
  facet normal 7.338790e-01 5.631252e-01 -3.798837e-01
    outer loop
      vertex   1.560872e+02 -1.102339e+02 6.228158e+00
      vertex   1.560613e+02 -1.102488e+02 6.155804e+00
      vertex   1.560412e+02 -1.101738e+02 6.228158e+00
    endloop
  endfacet
  facet normal 7.338790e-01 5.631252e-01 -3.798837e-01
    outer loop
      vertex   1.560412e+02 -1.101738e+02 6.228158e+00
      vertex   1.560613e+02 -1.102488e+02 6.155804e+00
      vertex   1.560200e+02 -1.101950e+02 6.155804e+00
    endloop
  endfacet
  facet normal 5.631252e-01 7.338790e-01 -3.798837e-01
    outer loop
      vertex   1.560412e+02 -1.101738e+02 6.228158e+00
      vertex   1.560200e+02 -1.101950e+02 6.155804e+00
      vertex   1.559811e+02 -1.101278e+02 6.228158e+00
    endloop
  endfacet
  facet normal 5.631252e-01 7.338790e-01 -3.798837e-01
    outer loop
      vertex   1.559811e+02 -1.101278e+02 6.228158e+00
      vertex   1.560200e+02 -1.101950e+02 6.155804e+00
      vertex   1.559662e+02 -1.101538e+02 6.155804e+00
    endloop
  endfacet
  facet normal 3.539953e-01 8.546202e-01 -3.798837e-01
    outer loop
      vertex   1.559811e+02 -1.101278e+02 6.228158e+00
      vertex   1.559662e+02 -1.101538e+02 6.155804e+00
      vertex   1.559113e+02 -1.100988e+02 6.228158e+00
    endloop
  endfacet
  facet normal 3.539953e-01 8.546202e-01 -3.798837e-01
    outer loop
      vertex   1.559113e+02 -1.100988e+02 6.228158e+00
      vertex   1.559662e+02 -1.101538e+02 6.155804e+00
      vertex   1.559035e+02 -1.101278e+02 6.155804e+00
    endloop
  endfacet
  facet normal 1.207412e-01 9.171204e-01 -3.798837e-01
    outer loop
      vertex   1.559113e+02 -1.100988e+02 6.228158e+00
      vertex   1.559035e+02 -1.101278e+02 6.155804e+00
      vertex   1.558363e+02 -1.100890e+02 6.228158e+00
    endloop
  endfacet
  facet normal 1.207412e-01 9.171204e-01 -3.798837e-01
    outer loop
      vertex   1.558363e+02 -1.100890e+02 6.228158e+00
      vertex   1.559035e+02 -1.101278e+02 6.155804e+00
      vertex   1.558363e+02 -1.101189e+02 6.155804e+00
    endloop
  endfacet
  facet normal 1.038819e-01 7.890610e-01 -6.054678e-01
    outer loop
      vertex   1.558363e+02 -1.101189e+02 6.155804e+00
      vertex   1.559035e+02 -1.101278e+02 6.155804e+00
      vertex   1.558912e+02 -1.101738e+02 6.093672e+00
    endloop
  endfacet
  facet normal 1.038819e-01 7.890610e-01 -6.054678e-01
    outer loop
      vertex   1.558363e+02 -1.101189e+02 6.155804e+00
      vertex   1.558912e+02 -1.101738e+02 6.093672e+00
      vertex   1.558363e+02 -1.101666e+02 6.093672e+00
    endloop
  endfacet
  facet normal 7.988880e-02 6.068157e-01 -7.908176e-01
    outer loop
      vertex   1.558363e+02 -1.101666e+02 6.093672e+00
      vertex   1.558912e+02 -1.101738e+02 6.093672e+00
      vertex   1.558751e+02 -1.102339e+02 6.045996e+00
    endloop
  endfacet
  facet normal 7.988880e-02 6.068157e-01 -7.908176e-01
    outer loop
      vertex   1.558363e+02 -1.101666e+02 6.093672e+00
      vertex   1.558751e+02 -1.102339e+02 6.045996e+00
      vertex   1.558363e+02 -1.102287e+02 6.045996e+00
    endloop
  endfacet
  facet normal 5.031741e-02 3.821987e-01 -9.227092e-01
    outer loop
      vertex   1.558363e+02 -1.102287e+02 6.045996e+00
      vertex   1.558751e+02 -1.102339e+02 6.045996e+00
      vertex   1.558563e+02 -1.103037e+02 6.016026e+00
    endloop
  endfacet
  facet normal 5.031741e-02 3.821987e-01 -9.227092e-01
    outer loop
      vertex   1.558363e+02 -1.102287e+02 6.045996e+00
      vertex   1.558563e+02 -1.103037e+02 6.016026e+00
      vertex   1.558363e+02 -1.103011e+02 6.016026e+00
    endloop
  endfacet
  facet normal 1.718156e-02 1.305069e-01 -9.912985e-01
    outer loop
      vertex   1.558363e+02 -1.103011e+02 6.016026e+00
      vertex   1.558563e+02 -1.103037e+02 6.016026e+00
      vertex   1.558363e+02 -1.103787e+02 6.005804e+00
    endloop
  endfacet
  facet normal 7.890610e-01 1.038819e-01 -6.054678e-01
    outer loop
      vertex   1.560961e+02 -1.103787e+02 6.155804e+00
      vertex   1.560484e+02 -1.103787e+02 6.093672e+00
      vertex   1.560872e+02 -1.103115e+02 6.155804e+00
    endloop
  endfacet
  facet normal 7.890610e-01 1.038819e-01 -6.054678e-01
    outer loop
      vertex   1.560872e+02 -1.103115e+02 6.155804e+00
      vertex   1.560484e+02 -1.103787e+02 6.093672e+00
      vertex   1.560412e+02 -1.103238e+02 6.093672e+00
    endloop
  endfacet
  facet normal 7.352878e-01 3.045662e-01 -6.054678e-01
    outer loop
      vertex   1.560872e+02 -1.103115e+02 6.155804e+00
      vertex   1.560412e+02 -1.103238e+02 6.093672e+00
      vertex   1.560613e+02 -1.102488e+02 6.155804e+00
    endloop
  endfacet
  facet normal 7.352878e-01 3.045662e-01 -6.054678e-01
    outer loop
      vertex   1.560613e+02 -1.102488e+02 6.155804e+00
      vertex   1.560412e+02 -1.103238e+02 6.093672e+00
      vertex   1.560200e+02 -1.102727e+02 6.093672e+00
    endloop
  endfacet
  facet normal 6.314060e-01 4.844948e-01 -6.054678e-01
    outer loop
      vertex   1.560613e+02 -1.102488e+02 6.155804e+00
      vertex   1.560200e+02 -1.102727e+02 6.093672e+00
      vertex   1.560200e+02 -1.101950e+02 6.155804e+00
    endloop
  endfacet
  facet normal 6.314060e-01 4.844948e-01 -6.054678e-01
    outer loop
      vertex   1.560200e+02 -1.101950e+02 6.155804e+00
      vertex   1.560200e+02 -1.102727e+02 6.093672e+00
      vertex   1.559863e+02 -1.102287e+02 6.093672e+00
    endloop
  endfacet
  facet normal 4.844948e-01 6.314060e-01 -6.054678e-01
    outer loop
      vertex   1.560200e+02 -1.101950e+02 6.155804e+00
      vertex   1.559863e+02 -1.102287e+02 6.093672e+00
      vertex   1.559662e+02 -1.101538e+02 6.155804e+00
    endloop
  endfacet
  facet normal 4.844948e-01 6.314060e-01 -6.054678e-01
    outer loop
      vertex   1.559662e+02 -1.101538e+02 6.155804e+00
      vertex   1.559863e+02 -1.102287e+02 6.093672e+00
      vertex   1.559423e+02 -1.101950e+02 6.093672e+00
    endloop
  endfacet
  facet normal 3.045662e-01 7.352878e-01 -6.054678e-01
    outer loop
      vertex   1.559662e+02 -1.101538e+02 6.155804e+00
      vertex   1.559423e+02 -1.101950e+02 6.093672e+00
      vertex   1.559035e+02 -1.101278e+02 6.155804e+00
    endloop
  endfacet
  facet normal 3.045662e-01 7.352878e-01 -6.054678e-01
    outer loop
      vertex   1.559035e+02 -1.101278e+02 6.155804e+00
      vertex   1.559423e+02 -1.101950e+02 6.093672e+00
      vertex   1.558912e+02 -1.101738e+02 6.093672e+00
    endloop
  endfacet
  facet normal 6.068157e-01 7.988880e-02 -7.908176e-01
    outer loop
      vertex   1.560484e+02 -1.103787e+02 6.093672e+00
      vertex   1.559863e+02 -1.103787e+02 6.045996e+00
      vertex   1.560412e+02 -1.103238e+02 6.093672e+00
    endloop
  endfacet
  facet normal 6.068157e-01 7.988880e-02 -7.908176e-01
    outer loop
      vertex   1.560412e+02 -1.103238e+02 6.093672e+00
      vertex   1.559863e+02 -1.103787e+02 6.045996e+00
      vertex   1.559811e+02 -1.103399e+02 6.045996e+00
    endloop
  endfacet
  facet normal 5.654622e-01 2.342221e-01 -7.908176e-01
    outer loop
      vertex   1.560412e+02 -1.103238e+02 6.093672e+00
      vertex   1.559811e+02 -1.103399e+02 6.045996e+00
      vertex   1.560200e+02 -1.102727e+02 6.093672e+00
    endloop
  endfacet
  facet normal 5.654622e-01 2.342221e-01 -7.908176e-01
    outer loop
      vertex   1.560200e+02 -1.102727e+02 6.093672e+00
      vertex   1.559811e+02 -1.103399e+02 6.045996e+00
      vertex   1.559662e+02 -1.103037e+02 6.045996e+00
    endloop
  endfacet
  facet normal 4.855734e-01 3.725936e-01 -7.908176e-01
    outer loop
      vertex   1.560200e+02 -1.102727e+02 6.093672e+00
      vertex   1.559662e+02 -1.103037e+02 6.045996e+00
      vertex   1.559863e+02 -1.102287e+02 6.093672e+00
    endloop
  endfacet
  facet normal 4.855734e-01 3.725936e-01 -7.908176e-01
    outer loop
      vertex   1.559863e+02 -1.102287e+02 6.093672e+00
      vertex   1.559662e+02 -1.103037e+02 6.045996e+00
      vertex   1.559423e+02 -1.102727e+02 6.045996e+00
    endloop
  endfacet
  facet normal 3.725936e-01 4.855734e-01 -7.908176e-01
    outer loop
      vertex   1.559863e+02 -1.102287e+02 6.093672e+00
      vertex   1.559423e+02 -1.102727e+02 6.045996e+00
      vertex   1.559423e+02 -1.101950e+02 6.093672e+00
    endloop
  endfacet
  facet normal 3.725936e-01 4.855734e-01 -7.908176e-01
    outer loop
      vertex   1.559423e+02 -1.101950e+02 6.093672e+00
      vertex   1.559423e+02 -1.102727e+02 6.045996e+00
      vertex   1.559113e+02 -1.102488e+02 6.045996e+00
    endloop
  endfacet
  facet normal 2.342221e-01 5.654622e-01 -7.908176e-01
    outer loop
      vertex   1.559423e+02 -1.101950e+02 6.093672e+00
      vertex   1.559113e+02 -1.102488e+02 6.045996e+00
      vertex   1.558912e+02 -1.101738e+02 6.093672e+00
    endloop
  endfacet
  facet normal 2.342221e-01 5.654622e-01 -7.908176e-01
    outer loop
      vertex   1.558912e+02 -1.101738e+02 6.093672e+00
      vertex   1.559113e+02 -1.102488e+02 6.045996e+00
      vertex   1.558751e+02 -1.102339e+02 6.045996e+00
    endloop
  endfacet
  facet normal 3.821987e-01 5.031741e-02 -9.227092e-01
    outer loop
      vertex   1.559863e+02 -1.103787e+02 6.045996e+00
      vertex   1.559139e+02 -1.103787e+02 6.016026e+00
      vertex   1.559811e+02 -1.103399e+02 6.045996e+00
    endloop
  endfacet
  facet normal 3.821987e-01 5.031741e-02 -9.227092e-01
    outer loop
      vertex   1.559811e+02 -1.103399e+02 6.045996e+00
      vertex   1.559139e+02 -1.103787e+02 6.016026e+00
      vertex   1.559113e+02 -1.103587e+02 6.016026e+00
    endloop
  endfacet
  facet normal 3.561525e-01 1.475232e-01 -9.227092e-01
    outer loop
      vertex   1.559811e+02 -1.103399e+02 6.045996e+00
      vertex   1.559113e+02 -1.103587e+02 6.016026e+00
      vertex   1.559662e+02 -1.103037e+02 6.045996e+00
    endloop
  endfacet
  facet normal 3.561525e-01 1.475232e-01 -9.227092e-01
    outer loop
      vertex   1.559662e+02 -1.103037e+02 6.045996e+00
      vertex   1.559113e+02 -1.103587e+02 6.016026e+00
      vertex   1.559035e+02 -1.103399e+02 6.016026e+00
    endloop
  endfacet
  facet normal 3.058351e-01 2.346755e-01 -9.227092e-01
    outer loop
      vertex   1.559662e+02 -1.103037e+02 6.045996e+00
      vertex   1.559035e+02 -1.103399e+02 6.016026e+00
      vertex   1.559423e+02 -1.102727e+02 6.045996e+00
    endloop
  endfacet
  facet normal 3.058351e-01 2.346755e-01 -9.227092e-01
    outer loop
      vertex   1.559423e+02 -1.102727e+02 6.045996e+00
      vertex   1.559035e+02 -1.103399e+02 6.016026e+00
      vertex   1.558912e+02 -1.103238e+02 6.016026e+00
    endloop
  endfacet
  facet normal 2.346755e-01 3.058351e-01 -9.227092e-01
    outer loop
      vertex   1.559423e+02 -1.102727e+02 6.045996e+00
      vertex   1.558912e+02 -1.103238e+02 6.016026e+00
      vertex   1.559113e+02 -1.102488e+02 6.045996e+00
    endloop
  endfacet
  facet normal 2.346755e-01 3.058351e-01 -9.227092e-01
    outer loop
      vertex   1.559113e+02 -1.102488e+02 6.045996e+00
      vertex   1.558912e+02 -1.103238e+02 6.016026e+00
      vertex   1.558751e+02 -1.103115e+02 6.016026e+00
    endloop
  endfacet
  facet normal 1.475232e-01 3.561525e-01 -9.227092e-01
    outer loop
      vertex   1.559113e+02 -1.102488e+02 6.045996e+00
      vertex   1.558751e+02 -1.103115e+02 6.016026e+00
      vertex   1.558751e+02 -1.102339e+02 6.045996e+00
    endloop
  endfacet
  facet normal 1.475232e-01 3.561525e-01 -9.227092e-01
    outer loop
      vertex   1.558751e+02 -1.102339e+02 6.045996e+00
      vertex   1.558751e+02 -1.103115e+02 6.016026e+00
      vertex   1.558563e+02 -1.103037e+02 6.016026e+00
    endloop
  endfacet
  facet normal 1.305069e-01 1.718156e-02 -9.912985e-01
    outer loop
      vertex   1.559139e+02 -1.103787e+02 6.016026e+00
      vertex   1.558363e+02 -1.103787e+02 6.005804e+00
      vertex   1.559113e+02 -1.103587e+02 6.016026e+00
    endloop
  endfacet
  facet normal 1.216131e-01 5.037379e-02 -9.912985e-01
    outer loop
      vertex   1.559113e+02 -1.103587e+02 6.016026e+00
      vertex   1.558363e+02 -1.103787e+02 6.005804e+00
      vertex   1.559035e+02 -1.103399e+02 6.016026e+00
    endloop
  endfacet
  facet normal 1.044315e-01 8.013313e-02 -9.912985e-01
    outer loop
      vertex   1.559035e+02 -1.103399e+02 6.016026e+00
      vertex   1.558363e+02 -1.103787e+02 6.005804e+00
      vertex   1.558912e+02 -1.103238e+02 6.016026e+00
    endloop
  endfacet
  facet normal 8.013313e-02 1.044315e-01 -9.912985e-01
    outer loop
      vertex   1.558912e+02 -1.103238e+02 6.016026e+00
      vertex   1.558363e+02 -1.103787e+02 6.005804e+00
      vertex   1.558751e+02 -1.103115e+02 6.016026e+00
    endloop
  endfacet
  facet normal 5.037379e-02 1.216131e-01 -9.912985e-01
    outer loop
      vertex   1.558751e+02 -1.103115e+02 6.016026e+00
      vertex   1.558363e+02 -1.103787e+02 6.005804e+00
      vertex   1.558563e+02 -1.103037e+02 6.016026e+00
    endloop
  endfacet
  facet normal -1.305262e-01 -0.000000e+00 -9.914449e-01
    outer loop
      vertex   1.553363e+02 -1.103787e+02 6.005804e+00
      vertex   1.553363e+02 -1.126788e+02 6.005804e+00
      vertex   1.552586e+02 -1.115288e+02 6.016026e+00
    endloop
  endfacet
  facet normal -1.305262e-01 -2.297165e-15 -9.914449e-01
    outer loop
      vertex   1.552586e+02 -1.115288e+02 6.016026e+00
      vertex   1.553363e+02 -1.126788e+02 6.005804e+00
      vertex   1.552586e+02 -1.126788e+02 6.016026e+00
    endloop
  endfacet
  facet normal -3.826834e-01 -2.140617e-15 -9.238795e-01
    outer loop
      vertex   1.552586e+02 -1.115288e+02 6.016026e+00
      vertex   1.552586e+02 -1.126788e+02 6.016026e+00
      vertex   1.551863e+02 -1.115288e+02 6.045996e+00
    endloop
  endfacet
  facet normal -3.826834e-01 1.427078e-15 -9.238795e-01
    outer loop
      vertex   1.551863e+02 -1.115288e+02 6.045996e+00
      vertex   1.552586e+02 -1.126788e+02 6.016026e+00
      vertex   1.551863e+02 -1.126788e+02 6.045996e+00
    endloop
  endfacet
  facet normal -6.087614e-01 1.225460e-15 -7.933533e-01
    outer loop
      vertex   1.551863e+02 -1.115288e+02 6.045996e+00
      vertex   1.551863e+02 -1.126788e+02 6.045996e+00
      vertex   1.551241e+02 -1.115288e+02 6.093672e+00
    endloop
  endfacet
  facet normal -6.087614e-01 6.127298e-16 -7.933533e-01
    outer loop
      vertex   1.551241e+02 -1.115288e+02 6.093672e+00
      vertex   1.551863e+02 -1.126788e+02 6.045996e+00
      vertex   1.551241e+02 -1.126788e+02 6.093672e+00
    endloop
  endfacet
  facet normal -7.933533e-01 4.701641e-16 -6.087614e-01
    outer loop
      vertex   1.551241e+02 -1.115288e+02 6.093672e+00
      vertex   1.551241e+02 -1.126788e+02 6.093672e+00
      vertex   1.550764e+02 -1.115288e+02 6.155804e+00
    endloop
  endfacet
  facet normal -7.933533e-01 9.403283e-16 -6.087614e-01
    outer loop
      vertex   1.550764e+02 -1.115288e+02 6.155804e+00
      vertex   1.551241e+02 -1.126788e+02 6.093672e+00
      vertex   1.550764e+02 -1.126788e+02 6.155804e+00
    endloop
  endfacet
  facet normal -9.238795e-01 5.911151e-16 -3.826834e-01
    outer loop
      vertex   1.550764e+02 -1.115288e+02 6.155804e+00
      vertex   1.550764e+02 -1.126788e+02 6.155804e+00
      vertex   1.550465e+02 -1.115288e+02 6.228158e+00
    endloop
  endfacet
  facet normal -9.238795e-01 -2.955575e-16 -3.826834e-01
    outer loop
      vertex   1.550465e+02 -1.115288e+02 6.228158e+00
      vertex   1.550764e+02 -1.126788e+02 6.155804e+00
      vertex   1.550465e+02 -1.126788e+02 6.228158e+00
    endloop
  endfacet
  facet normal -9.914449e-01 -1.008092e-16 -1.305262e-01
    outer loop
      vertex   1.550465e+02 -1.115288e+02 6.228158e+00
      vertex   1.550465e+02 -1.126788e+02 6.228158e+00
      vertex   1.550363e+02 -1.126788e+02 6.305804e+00
    endloop
  endfacet
  facet normal -9.914449e-01 0.000000e+00 -1.305262e-01
    outer loop
      vertex   1.550363e+02 -1.126788e+02 6.305804e+00
      vertex   1.550363e+02 -1.103787e+02 6.305804e+00
      vertex   1.550465e+02 -1.115288e+02 6.228158e+00
    endloop
  endfacet
  facet normal -9.914449e-01 1.008092e-16 -1.305262e-01
    outer loop
      vertex   1.550465e+02 -1.115288e+02 6.228158e+00
      vertex   1.550363e+02 -1.103787e+02 6.305804e+00
      vertex   1.550465e+02 -1.103787e+02 6.228158e+00
    endloop
  endfacet
  facet normal -9.238795e-01 2.955575e-16 -3.826834e-01
    outer loop
      vertex   1.550465e+02 -1.115288e+02 6.228158e+00
      vertex   1.550465e+02 -1.103787e+02 6.228158e+00
      vertex   1.550764e+02 -1.115288e+02 6.155804e+00
    endloop
  endfacet
  facet normal -9.238795e-01 -5.911151e-16 -3.826834e-01
    outer loop
      vertex   1.550764e+02 -1.115288e+02 6.155804e+00
      vertex   1.550465e+02 -1.103787e+02 6.228158e+00
      vertex   1.550764e+02 -1.103787e+02 6.155804e+00
    endloop
  endfacet
  facet normal -7.933533e-01 -9.403283e-16 -6.087614e-01
    outer loop
      vertex   1.550764e+02 -1.115288e+02 6.155804e+00
      vertex   1.550764e+02 -1.103787e+02 6.155804e+00
      vertex   1.551241e+02 -1.115288e+02 6.093672e+00
    endloop
  endfacet
  facet normal -7.933533e-01 -4.701641e-16 -6.087614e-01
    outer loop
      vertex   1.551241e+02 -1.115288e+02 6.093672e+00
      vertex   1.550764e+02 -1.103787e+02 6.155804e+00
      vertex   1.551241e+02 -1.103787e+02 6.093672e+00
    endloop
  endfacet
  facet normal -6.087614e-01 -6.127298e-16 -7.933533e-01
    outer loop
      vertex   1.551241e+02 -1.115288e+02 6.093672e+00
      vertex   1.551241e+02 -1.103787e+02 6.093672e+00
      vertex   1.551863e+02 -1.115288e+02 6.045996e+00
    endloop
  endfacet
  facet normal -6.087614e-01 -1.225460e-15 -7.933533e-01
    outer loop
      vertex   1.551863e+02 -1.115288e+02 6.045996e+00
      vertex   1.551241e+02 -1.103787e+02 6.093672e+00
      vertex   1.551863e+02 -1.103787e+02 6.045996e+00
    endloop
  endfacet
  facet normal -3.826834e-01 -1.427078e-15 -9.238795e-01
    outer loop
      vertex   1.551863e+02 -1.115288e+02 6.045996e+00
      vertex   1.551863e+02 -1.103787e+02 6.045996e+00
      vertex   1.552586e+02 -1.115288e+02 6.016026e+00
    endloop
  endfacet
  facet normal -3.826834e-01 2.140617e-15 -9.238795e-01
    outer loop
      vertex   1.552586e+02 -1.115288e+02 6.016026e+00
      vertex   1.551863e+02 -1.103787e+02 6.045996e+00
      vertex   1.552586e+02 -1.103787e+02 6.016026e+00
    endloop
  endfacet
  facet normal -1.305262e-01 2.297165e-15 -9.914449e-01
    outer loop
      vertex   1.552586e+02 -1.115288e+02 6.016026e+00
      vertex   1.552586e+02 -1.103787e+02 6.016026e+00
      vertex   1.553363e+02 -1.103787e+02 6.005804e+00
    endloop
  endfacet
  facet normal 0.000000e+00 9.914449e-01 -1.305262e-01
    outer loop
      vertex   1.553363e+02 -1.100787e+02 6.305804e+00
      vertex   1.558363e+02 -1.100787e+02 6.305804e+00
      vertex   1.553363e+02 -1.100890e+02 6.228158e+00
    endloop
  endfacet
  facet normal 0.000000e+00 9.914449e-01 -1.305262e-01
    outer loop
      vertex   1.553363e+02 -1.100890e+02 6.228158e+00
      vertex   1.558363e+02 -1.100787e+02 6.305804e+00
      vertex   1.558363e+02 -1.100890e+02 6.228158e+00
    endloop
  endfacet
  facet normal 0.000000e+00 9.238795e-01 -3.826834e-01
    outer loop
      vertex   1.553363e+02 -1.100890e+02 6.228158e+00
      vertex   1.558363e+02 -1.100890e+02 6.228158e+00
      vertex   1.553363e+02 -1.101189e+02 6.155804e+00
    endloop
  endfacet
  facet normal 0.000000e+00 9.238795e-01 -3.826834e-01
    outer loop
      vertex   1.553363e+02 -1.101189e+02 6.155804e+00
      vertex   1.558363e+02 -1.100890e+02 6.228158e+00
      vertex   1.558363e+02 -1.101189e+02 6.155804e+00
    endloop
  endfacet
  facet normal 0.000000e+00 7.933533e-01 -6.087614e-01
    outer loop
      vertex   1.553363e+02 -1.101189e+02 6.155804e+00
      vertex   1.558363e+02 -1.101189e+02 6.155804e+00
      vertex   1.553363e+02 -1.101666e+02 6.093672e+00
    endloop
  endfacet
  facet normal 0.000000e+00 7.933533e-01 -6.087614e-01
    outer loop
      vertex   1.553363e+02 -1.101666e+02 6.093672e+00
      vertex   1.558363e+02 -1.101189e+02 6.155804e+00
      vertex   1.558363e+02 -1.101666e+02 6.093672e+00
    endloop
  endfacet
  facet normal 0.000000e+00 6.087614e-01 -7.933533e-01
    outer loop
      vertex   1.553363e+02 -1.101666e+02 6.093672e+00
      vertex   1.558363e+02 -1.101666e+02 6.093672e+00
      vertex   1.553363e+02 -1.102287e+02 6.045996e+00
    endloop
  endfacet
  facet normal 0.000000e+00 6.087614e-01 -7.933533e-01
    outer loop
      vertex   1.553363e+02 -1.102287e+02 6.045996e+00
      vertex   1.558363e+02 -1.101666e+02 6.093672e+00
      vertex   1.558363e+02 -1.102287e+02 6.045996e+00
    endloop
  endfacet
  facet normal 0.000000e+00 3.826834e-01 -9.238795e-01
    outer loop
      vertex   1.553363e+02 -1.102287e+02 6.045996e+00
      vertex   1.558363e+02 -1.102287e+02 6.045996e+00
      vertex   1.553363e+02 -1.103011e+02 6.016026e+00
    endloop
  endfacet
  facet normal 0.000000e+00 3.826834e-01 -9.238795e-01
    outer loop
      vertex   1.553363e+02 -1.103011e+02 6.016026e+00
      vertex   1.558363e+02 -1.102287e+02 6.045996e+00
      vertex   1.558363e+02 -1.103011e+02 6.016026e+00
    endloop
  endfacet
  facet normal 0.000000e+00 1.305262e-01 -9.914449e-01
    outer loop
      vertex   1.553363e+02 -1.103011e+02 6.016026e+00
      vertex   1.558363e+02 -1.103011e+02 6.016026e+00
      vertex   1.553363e+02 -1.103787e+02 6.005804e+00
    endloop
  endfacet
  facet normal 0.000000e+00 1.305262e-01 -9.914449e-01
    outer loop
      vertex   1.553363e+02 -1.103787e+02 6.005804e+00
      vertex   1.558363e+02 -1.103011e+02 6.016026e+00
      vertex   1.558363e+02 -1.103787e+02 6.005804e+00
    endloop
  endfacet
  facet normal -1.305069e-01 1.718156e-02 -9.912985e-01
    outer loop
      vertex   1.553363e+02 -1.103787e+02 6.005804e+00
      vertex   1.552586e+02 -1.103787e+02 6.016026e+00
      vertex   1.552613e+02 -1.103587e+02 6.016026e+00
    endloop
  endfacet
  facet normal -3.821987e-01 5.031741e-02 -9.227092e-01
    outer loop
      vertex   1.552613e+02 -1.103587e+02 6.016026e+00
      vertex   1.552586e+02 -1.103787e+02 6.016026e+00
      vertex   1.551863e+02 -1.103787e+02 6.045996e+00
    endloop
  endfacet
  facet normal -3.821987e-01 5.031741e-02 -9.227092e-01
    outer loop
      vertex   1.552613e+02 -1.103587e+02 6.016026e+00
      vertex   1.551863e+02 -1.103787e+02 6.045996e+00
      vertex   1.551914e+02 -1.103399e+02 6.045996e+00
    endloop
  endfacet
  facet normal -6.068157e-01 7.988880e-02 -7.908176e-01
    outer loop
      vertex   1.551914e+02 -1.103399e+02 6.045996e+00
      vertex   1.551863e+02 -1.103787e+02 6.045996e+00
      vertex   1.551241e+02 -1.103787e+02 6.093672e+00
    endloop
  endfacet
  facet normal -6.068157e-01 7.988880e-02 -7.908176e-01
    outer loop
      vertex   1.551914e+02 -1.103399e+02 6.045996e+00
      vertex   1.551241e+02 -1.103787e+02 6.093672e+00
      vertex   1.551313e+02 -1.103238e+02 6.093672e+00
    endloop
  endfacet
  facet normal -7.890610e-01 1.038819e-01 -6.054678e-01
    outer loop
      vertex   1.551313e+02 -1.103238e+02 6.093672e+00
      vertex   1.551241e+02 -1.103787e+02 6.093672e+00
      vertex   1.550764e+02 -1.103787e+02 6.155804e+00
    endloop
  endfacet
  facet normal -7.890610e-01 1.038819e-01 -6.054678e-01
    outer loop
      vertex   1.551313e+02 -1.103238e+02 6.093672e+00
      vertex   1.550764e+02 -1.103787e+02 6.155804e+00
      vertex   1.550853e+02 -1.103115e+02 6.155804e+00
    endloop
  endfacet
  facet normal -9.171204e-01 1.207412e-01 -3.798837e-01
    outer loop
      vertex   1.550853e+02 -1.103115e+02 6.155804e+00
      vertex   1.550764e+02 -1.103787e+02 6.155804e+00
      vertex   1.550465e+02 -1.103787e+02 6.228158e+00
    endloop
  endfacet
  facet normal -9.171204e-01 1.207412e-01 -3.798837e-01
    outer loop
      vertex   1.550853e+02 -1.103115e+02 6.155804e+00
      vertex   1.550465e+02 -1.103787e+02 6.228158e+00
      vertex   1.550563e+02 -1.103037e+02 6.228158e+00
    endloop
  endfacet
  facet normal -9.831056e-01 1.294283e-01 -1.294283e-01
    outer loop
      vertex   1.550563e+02 -1.103037e+02 6.228158e+00
      vertex   1.550465e+02 -1.103787e+02 6.228158e+00
      vertex   1.550363e+02 -1.103787e+02 6.305804e+00
    endloop
  endfacet
  facet normal -9.831056e-01 1.294283e-01 -1.294283e-01
    outer loop
      vertex   1.550563e+02 -1.103037e+02 6.228158e+00
      vertex   1.550363e+02 -1.103787e+02 6.305804e+00
      vertex   1.550465e+02 -1.103011e+02 6.305804e+00
    endloop
  endfacet
  facet normal -9.161086e-01 3.794646e-01 -1.294283e-01
    outer loop
      vertex   1.550563e+02 -1.103037e+02 6.228158e+00
      vertex   1.550465e+02 -1.103011e+02 6.305804e+00
      vertex   1.550853e+02 -1.102339e+02 6.228158e+00
    endloop
  endfacet
  facet normal -9.161086e-01 3.794646e-01 -1.294283e-01
    outer loop
      vertex   1.550853e+02 -1.102339e+02 6.228158e+00
      vertex   1.550465e+02 -1.103011e+02 6.305804e+00
      vertex   1.550764e+02 -1.102287e+02 6.305804e+00
    endloop
  endfacet
  facet normal -7.866803e-01 6.036410e-01 -1.294283e-01
    outer loop
      vertex   1.550853e+02 -1.102339e+02 6.228158e+00
      vertex   1.550764e+02 -1.102287e+02 6.305804e+00
      vertex   1.551313e+02 -1.101738e+02 6.228158e+00
    endloop
  endfacet
  facet normal -7.866803e-01 6.036410e-01 -1.294283e-01
    outer loop
      vertex   1.551313e+02 -1.101738e+02 6.228158e+00
      vertex   1.550764e+02 -1.102287e+02 6.305804e+00
      vertex   1.551241e+02 -1.101666e+02 6.305804e+00
    endloop
  endfacet
  facet normal -6.036410e-01 7.866803e-01 -1.294283e-01
    outer loop
      vertex   1.551313e+02 -1.101738e+02 6.228158e+00
      vertex   1.551241e+02 -1.101666e+02 6.305804e+00
      vertex   1.551914e+02 -1.101278e+02 6.228158e+00
    endloop
  endfacet
  facet normal -6.036410e-01 7.866803e-01 -1.294283e-01
    outer loop
      vertex   1.551914e+02 -1.101278e+02 6.228158e+00
      vertex   1.551241e+02 -1.101666e+02 6.305804e+00
      vertex   1.551863e+02 -1.101189e+02 6.305804e+00
    endloop
  endfacet
  facet normal -3.794646e-01 9.161086e-01 -1.294283e-01
    outer loop
      vertex   1.551914e+02 -1.101278e+02 6.228158e+00
      vertex   1.551863e+02 -1.101189e+02 6.305804e+00
      vertex   1.552613e+02 -1.100988e+02 6.228158e+00
    endloop
  endfacet
  facet normal -3.794646e-01 9.161086e-01 -1.294283e-01
    outer loop
      vertex   1.552613e+02 -1.100988e+02 6.228158e+00
      vertex   1.551863e+02 -1.101189e+02 6.305804e+00
      vertex   1.552586e+02 -1.100890e+02 6.305804e+00
    endloop
  endfacet
  facet normal -1.294283e-01 9.831056e-01 -1.294283e-01
    outer loop
      vertex   1.552613e+02 -1.100988e+02 6.228158e+00
      vertex   1.552586e+02 -1.100890e+02 6.305804e+00
      vertex   1.553363e+02 -1.100890e+02 6.228158e+00
    endloop
  endfacet
  facet normal -1.294283e-01 9.831056e-01 -1.294283e-01
    outer loop
      vertex   1.553363e+02 -1.100890e+02 6.228158e+00
      vertex   1.552586e+02 -1.100890e+02 6.305804e+00
      vertex   1.553363e+02 -1.100787e+02 6.305804e+00
    endloop
  endfacet
  facet normal -1.207412e-01 9.171204e-01 -3.798837e-01
    outer loop
      vertex   1.553363e+02 -1.100890e+02 6.228158e+00
      vertex   1.553363e+02 -1.101189e+02 6.155804e+00
      vertex   1.552613e+02 -1.100988e+02 6.228158e+00
    endloop
  endfacet
  facet normal -1.207412e-01 9.171204e-01 -3.798837e-01
    outer loop
      vertex   1.552613e+02 -1.100988e+02 6.228158e+00
      vertex   1.553363e+02 -1.101189e+02 6.155804e+00
      vertex   1.552690e+02 -1.101278e+02 6.155804e+00
    endloop
  endfacet
  facet normal -3.539953e-01 8.546202e-01 -3.798837e-01
    outer loop
      vertex   1.552613e+02 -1.100988e+02 6.228158e+00
      vertex   1.552690e+02 -1.101278e+02 6.155804e+00
      vertex   1.551914e+02 -1.101278e+02 6.228158e+00
    endloop
  endfacet
  facet normal -3.539953e-01 8.546202e-01 -3.798837e-01
    outer loop
      vertex   1.551914e+02 -1.101278e+02 6.228158e+00
      vertex   1.552690e+02 -1.101278e+02 6.155804e+00
      vertex   1.552063e+02 -1.101538e+02 6.155804e+00
    endloop
  endfacet
  facet normal -5.631252e-01 7.338790e-01 -3.798837e-01
    outer loop
      vertex   1.551914e+02 -1.101278e+02 6.228158e+00
      vertex   1.552063e+02 -1.101538e+02 6.155804e+00
      vertex   1.551313e+02 -1.101738e+02 6.228158e+00
    endloop
  endfacet
  facet normal -5.631252e-01 7.338790e-01 -3.798837e-01
    outer loop
      vertex   1.551313e+02 -1.101738e+02 6.228158e+00
      vertex   1.552063e+02 -1.101538e+02 6.155804e+00
      vertex   1.551525e+02 -1.101950e+02 6.155804e+00
    endloop
  endfacet
  facet normal -7.338790e-01 5.631252e-01 -3.798837e-01
    outer loop
      vertex   1.551313e+02 -1.101738e+02 6.228158e+00
      vertex   1.551525e+02 -1.101950e+02 6.155804e+00
      vertex   1.550853e+02 -1.102339e+02 6.228158e+00
    endloop
  endfacet
  facet normal -7.338790e-01 5.631252e-01 -3.798837e-01
    outer loop
      vertex   1.550853e+02 -1.102339e+02 6.228158e+00
      vertex   1.551525e+02 -1.101950e+02 6.155804e+00
      vertex   1.551113e+02 -1.102488e+02 6.155804e+00
    endloop
  endfacet
  facet normal -8.546202e-01 3.539953e-01 -3.798837e-01
    outer loop
      vertex   1.550853e+02 -1.102339e+02 6.228158e+00
      vertex   1.551113e+02 -1.102488e+02 6.155804e+00
      vertex   1.550563e+02 -1.103037e+02 6.228158e+00
    endloop
  endfacet
  facet normal -8.546202e-01 3.539953e-01 -3.798837e-01
    outer loop
      vertex   1.550563e+02 -1.103037e+02 6.228158e+00
      vertex   1.551113e+02 -1.102488e+02 6.155804e+00
      vertex   1.550853e+02 -1.103115e+02 6.155804e+00
    endloop
  endfacet
  facet normal -1.038819e-01 7.890610e-01 -6.054678e-01
    outer loop
      vertex   1.553363e+02 -1.101189e+02 6.155804e+00
      vertex   1.553363e+02 -1.101666e+02 6.093672e+00
      vertex   1.552690e+02 -1.101278e+02 6.155804e+00
    endloop
  endfacet
  facet normal -1.038819e-01 7.890610e-01 -6.054678e-01
    outer loop
      vertex   1.552690e+02 -1.101278e+02 6.155804e+00
      vertex   1.553363e+02 -1.101666e+02 6.093672e+00
      vertex   1.552813e+02 -1.101738e+02 6.093672e+00
    endloop
  endfacet
  facet normal -3.045662e-01 7.352878e-01 -6.054678e-01
    outer loop
      vertex   1.552690e+02 -1.101278e+02 6.155804e+00
      vertex   1.552813e+02 -1.101738e+02 6.093672e+00
      vertex   1.552063e+02 -1.101538e+02 6.155804e+00
    endloop
  endfacet
  facet normal -3.045662e-01 7.352878e-01 -6.054678e-01
    outer loop
      vertex   1.552063e+02 -1.101538e+02 6.155804e+00
      vertex   1.552813e+02 -1.101738e+02 6.093672e+00
      vertex   1.552302e+02 -1.101950e+02 6.093672e+00
    endloop
  endfacet
  facet normal -4.844948e-01 6.314060e-01 -6.054678e-01
    outer loop
      vertex   1.552063e+02 -1.101538e+02 6.155804e+00
      vertex   1.552302e+02 -1.101950e+02 6.093672e+00
      vertex   1.551525e+02 -1.101950e+02 6.155804e+00
    endloop
  endfacet
  facet normal -4.844948e-01 6.314060e-01 -6.054678e-01
    outer loop
      vertex   1.551525e+02 -1.101950e+02 6.155804e+00
      vertex   1.552302e+02 -1.101950e+02 6.093672e+00
      vertex   1.551863e+02 -1.102287e+02 6.093672e+00
    endloop
  endfacet
  facet normal -6.314060e-01 4.844948e-01 -6.054678e-01
    outer loop
      vertex   1.551525e+02 -1.101950e+02 6.155804e+00
      vertex   1.551863e+02 -1.102287e+02 6.093672e+00
      vertex   1.551113e+02 -1.102488e+02 6.155804e+00
    endloop
  endfacet
  facet normal -6.314060e-01 4.844948e-01 -6.054678e-01
    outer loop
      vertex   1.551113e+02 -1.102488e+02 6.155804e+00
      vertex   1.551863e+02 -1.102287e+02 6.093672e+00
      vertex   1.551525e+02 -1.102727e+02 6.093672e+00
    endloop
  endfacet
  facet normal -7.352878e-01 3.045662e-01 -6.054678e-01
    outer loop
      vertex   1.551113e+02 -1.102488e+02 6.155804e+00
      vertex   1.551525e+02 -1.102727e+02 6.093672e+00
      vertex   1.550853e+02 -1.103115e+02 6.155804e+00
    endloop
  endfacet
  facet normal -7.352878e-01 3.045662e-01 -6.054678e-01
    outer loop
      vertex   1.550853e+02 -1.103115e+02 6.155804e+00
      vertex   1.551525e+02 -1.102727e+02 6.093672e+00
      vertex   1.551313e+02 -1.103238e+02 6.093672e+00
    endloop
  endfacet
  facet normal -7.988880e-02 6.068157e-01 -7.908176e-01
    outer loop
      vertex   1.553363e+02 -1.101666e+02 6.093672e+00
      vertex   1.553363e+02 -1.102287e+02 6.045996e+00
      vertex   1.552813e+02 -1.101738e+02 6.093672e+00
    endloop
  endfacet
  facet normal -7.988880e-02 6.068157e-01 -7.908176e-01
    outer loop
      vertex   1.552813e+02 -1.101738e+02 6.093672e+00
      vertex   1.553363e+02 -1.102287e+02 6.045996e+00
      vertex   1.552974e+02 -1.102339e+02 6.045996e+00
    endloop
  endfacet
  facet normal -2.342221e-01 5.654622e-01 -7.908176e-01
    outer loop
      vertex   1.552813e+02 -1.101738e+02 6.093672e+00
      vertex   1.552974e+02 -1.102339e+02 6.045996e+00
      vertex   1.552302e+02 -1.101950e+02 6.093672e+00
    endloop
  endfacet
  facet normal -2.342221e-01 5.654622e-01 -7.908176e-01
    outer loop
      vertex   1.552302e+02 -1.101950e+02 6.093672e+00
      vertex   1.552974e+02 -1.102339e+02 6.045996e+00
      vertex   1.552613e+02 -1.102488e+02 6.045996e+00
    endloop
  endfacet
  facet normal -3.725936e-01 4.855734e-01 -7.908176e-01
    outer loop
      vertex   1.552302e+02 -1.101950e+02 6.093672e+00
      vertex   1.552613e+02 -1.102488e+02 6.045996e+00
      vertex   1.551863e+02 -1.102287e+02 6.093672e+00
    endloop
  endfacet
  facet normal -3.725936e-01 4.855734e-01 -7.908176e-01
    outer loop
      vertex   1.551863e+02 -1.102287e+02 6.093672e+00
      vertex   1.552613e+02 -1.102488e+02 6.045996e+00
      vertex   1.552302e+02 -1.102727e+02 6.045996e+00
    endloop
  endfacet
  facet normal -4.855734e-01 3.725936e-01 -7.908176e-01
    outer loop
      vertex   1.551863e+02 -1.102287e+02 6.093672e+00
      vertex   1.552302e+02 -1.102727e+02 6.045996e+00
      vertex   1.551525e+02 -1.102727e+02 6.093672e+00
    endloop
  endfacet
  facet normal -4.855734e-01 3.725936e-01 -7.908176e-01
    outer loop
      vertex   1.551525e+02 -1.102727e+02 6.093672e+00
      vertex   1.552302e+02 -1.102727e+02 6.045996e+00
      vertex   1.552063e+02 -1.103037e+02 6.045996e+00
    endloop
  endfacet
  facet normal -5.654622e-01 2.342221e-01 -7.908176e-01
    outer loop
      vertex   1.551525e+02 -1.102727e+02 6.093672e+00
      vertex   1.552063e+02 -1.103037e+02 6.045996e+00
      vertex   1.551313e+02 -1.103238e+02 6.093672e+00
    endloop
  endfacet
  facet normal -5.654622e-01 2.342221e-01 -7.908176e-01
    outer loop
      vertex   1.551313e+02 -1.103238e+02 6.093672e+00
      vertex   1.552063e+02 -1.103037e+02 6.045996e+00
      vertex   1.551914e+02 -1.103399e+02 6.045996e+00
    endloop
  endfacet
  facet normal -5.031741e-02 3.821987e-01 -9.227092e-01
    outer loop
      vertex   1.553363e+02 -1.102287e+02 6.045996e+00
      vertex   1.553363e+02 -1.103011e+02 6.016026e+00
      vertex   1.552974e+02 -1.102339e+02 6.045996e+00
    endloop
  endfacet
  facet normal -5.031741e-02 3.821987e-01 -9.227092e-01
    outer loop
      vertex   1.552974e+02 -1.102339e+02 6.045996e+00
      vertex   1.553363e+02 -1.103011e+02 6.016026e+00
      vertex   1.553162e+02 -1.103037e+02 6.016026e+00
    endloop
  endfacet
  facet normal -1.475232e-01 3.561525e-01 -9.227092e-01
    outer loop
      vertex   1.552974e+02 -1.102339e+02 6.045996e+00
      vertex   1.553162e+02 -1.103037e+02 6.016026e+00
      vertex   1.552613e+02 -1.102488e+02 6.045996e+00
    endloop
  endfacet
  facet normal -1.475232e-01 3.561525e-01 -9.227092e-01
    outer loop
      vertex   1.552613e+02 -1.102488e+02 6.045996e+00
      vertex   1.553162e+02 -1.103037e+02 6.016026e+00
      vertex   1.552974e+02 -1.103115e+02 6.016026e+00
    endloop
  endfacet
  facet normal -2.346755e-01 3.058351e-01 -9.227092e-01
    outer loop
      vertex   1.552613e+02 -1.102488e+02 6.045996e+00
      vertex   1.552974e+02 -1.103115e+02 6.016026e+00
      vertex   1.552302e+02 -1.102727e+02 6.045996e+00
    endloop
  endfacet
  facet normal -2.346755e-01 3.058351e-01 -9.227092e-01
    outer loop
      vertex   1.552302e+02 -1.102727e+02 6.045996e+00
      vertex   1.552974e+02 -1.103115e+02 6.016026e+00
      vertex   1.552813e+02 -1.103238e+02 6.016026e+00
    endloop
  endfacet
  facet normal -3.058351e-01 2.346755e-01 -9.227092e-01
    outer loop
      vertex   1.552302e+02 -1.102727e+02 6.045996e+00
      vertex   1.552813e+02 -1.103238e+02 6.016026e+00
      vertex   1.552063e+02 -1.103037e+02 6.045996e+00
    endloop
  endfacet
  facet normal -3.058351e-01 2.346755e-01 -9.227092e-01
    outer loop
      vertex   1.552063e+02 -1.103037e+02 6.045996e+00
      vertex   1.552813e+02 -1.103238e+02 6.016026e+00
      vertex   1.552690e+02 -1.103399e+02 6.016026e+00
    endloop
  endfacet
  facet normal -3.561525e-01 1.475232e-01 -9.227092e-01
    outer loop
      vertex   1.552063e+02 -1.103037e+02 6.045996e+00
      vertex   1.552690e+02 -1.103399e+02 6.016026e+00
      vertex   1.551914e+02 -1.103399e+02 6.045996e+00
    endloop
  endfacet
  facet normal -3.561525e-01 1.475232e-01 -9.227092e-01
    outer loop
      vertex   1.551914e+02 -1.103399e+02 6.045996e+00
      vertex   1.552690e+02 -1.103399e+02 6.016026e+00
      vertex   1.552613e+02 -1.103587e+02 6.016026e+00
    endloop
  endfacet
  facet normal -1.718156e-02 1.305069e-01 -9.912985e-01
    outer loop
      vertex   1.553363e+02 -1.103011e+02 6.016026e+00
      vertex   1.553363e+02 -1.103787e+02 6.005804e+00
      vertex   1.553162e+02 -1.103037e+02 6.016026e+00
    endloop
  endfacet
  facet normal -5.037379e-02 1.216131e-01 -9.912985e-01
    outer loop
      vertex   1.553162e+02 -1.103037e+02 6.016026e+00
      vertex   1.553363e+02 -1.103787e+02 6.005804e+00
      vertex   1.552974e+02 -1.103115e+02 6.016026e+00
    endloop
  endfacet
  facet normal -8.013313e-02 1.044315e-01 -9.912985e-01
    outer loop
      vertex   1.552974e+02 -1.103115e+02 6.016026e+00
      vertex   1.553363e+02 -1.103787e+02 6.005804e+00
      vertex   1.552813e+02 -1.103238e+02 6.016026e+00
    endloop
  endfacet
  facet normal -1.044315e-01 8.013313e-02 -9.912985e-01
    outer loop
      vertex   1.552813e+02 -1.103238e+02 6.016026e+00
      vertex   1.553363e+02 -1.103787e+02 6.005804e+00
      vertex   1.552690e+02 -1.103399e+02 6.016026e+00
    endloop
  endfacet
  facet normal -1.216131e-01 5.037379e-02 -9.912985e-01
    outer loop
      vertex   1.552690e+02 -1.103399e+02 6.016026e+00
      vertex   1.553363e+02 -1.103787e+02 6.005804e+00
      vertex   1.552613e+02 -1.103587e+02 6.016026e+00
    endloop
  endfacet
  facet normal -1.305069e-01 1.718156e-02 -9.912985e-01
    outer loop
      vertex   1.496363e+02 -1.103787e+02 6.005804e+00
      vertex   1.495586e+02 -1.103787e+02 6.016026e+00
      vertex   1.495613e+02 -1.103587e+02 6.016026e+00
    endloop
  endfacet
  facet normal -3.821987e-01 5.031741e-02 -9.227092e-01
    outer loop
      vertex   1.495613e+02 -1.103587e+02 6.016026e+00
      vertex   1.495586e+02 -1.103787e+02 6.016026e+00
      vertex   1.494863e+02 -1.103787e+02 6.045996e+00
    endloop
  endfacet
  facet normal -3.821987e-01 5.031741e-02 -9.227092e-01
    outer loop
      vertex   1.495613e+02 -1.103587e+02 6.016026e+00
      vertex   1.494863e+02 -1.103787e+02 6.045996e+00
      vertex   1.494914e+02 -1.103399e+02 6.045996e+00
    endloop
  endfacet
  facet normal -6.068157e-01 7.988880e-02 -7.908176e-01
    outer loop
      vertex   1.494914e+02 -1.103399e+02 6.045996e+00
      vertex   1.494863e+02 -1.103787e+02 6.045996e+00
      vertex   1.494241e+02 -1.103787e+02 6.093672e+00
    endloop
  endfacet
  facet normal -6.068157e-01 7.988880e-02 -7.908176e-01
    outer loop
      vertex   1.494914e+02 -1.103399e+02 6.045996e+00
      vertex   1.494241e+02 -1.103787e+02 6.093672e+00
      vertex   1.494313e+02 -1.103238e+02 6.093672e+00
    endloop
  endfacet
  facet normal -7.890610e-01 1.038819e-01 -6.054678e-01
    outer loop
      vertex   1.494313e+02 -1.103238e+02 6.093672e+00
      vertex   1.494241e+02 -1.103787e+02 6.093672e+00
      vertex   1.493764e+02 -1.103787e+02 6.155804e+00
    endloop
  endfacet
  facet normal -7.890610e-01 1.038819e-01 -6.054678e-01
    outer loop
      vertex   1.494313e+02 -1.103238e+02 6.093672e+00
      vertex   1.493764e+02 -1.103787e+02 6.155804e+00
      vertex   1.493853e+02 -1.103115e+02 6.155804e+00
    endloop
  endfacet
  facet normal -9.171204e-01 1.207412e-01 -3.798837e-01
    outer loop
      vertex   1.493853e+02 -1.103115e+02 6.155804e+00
      vertex   1.493764e+02 -1.103787e+02 6.155804e+00
      vertex   1.493465e+02 -1.103787e+02 6.228158e+00
    endloop
  endfacet
  facet normal -9.171204e-01 1.207412e-01 -3.798837e-01
    outer loop
      vertex   1.493853e+02 -1.103115e+02 6.155804e+00
      vertex   1.493465e+02 -1.103787e+02 6.228158e+00
      vertex   1.493563e+02 -1.103037e+02 6.228158e+00
    endloop
  endfacet
  facet normal -9.831056e-01 1.294283e-01 -1.294283e-01
    outer loop
      vertex   1.493563e+02 -1.103037e+02 6.228158e+00
      vertex   1.493465e+02 -1.103787e+02 6.228158e+00
      vertex   1.493363e+02 -1.103787e+02 6.305804e+00
    endloop
  endfacet
  facet normal -9.831056e-01 1.294283e-01 -1.294283e-01
    outer loop
      vertex   1.493563e+02 -1.103037e+02 6.228158e+00
      vertex   1.493363e+02 -1.103787e+02 6.305804e+00
      vertex   1.493465e+02 -1.103011e+02 6.305804e+00
    endloop
  endfacet
  facet normal -9.161086e-01 3.794646e-01 -1.294283e-01
    outer loop
      vertex   1.493563e+02 -1.103037e+02 6.228158e+00
      vertex   1.493465e+02 -1.103011e+02 6.305804e+00
      vertex   1.493853e+02 -1.102339e+02 6.228158e+00
    endloop
  endfacet
  facet normal -9.161086e-01 3.794646e-01 -1.294283e-01
    outer loop
      vertex   1.493853e+02 -1.102339e+02 6.228158e+00
      vertex   1.493465e+02 -1.103011e+02 6.305804e+00
      vertex   1.493764e+02 -1.102287e+02 6.305804e+00
    endloop
  endfacet
  facet normal -7.866803e-01 6.036410e-01 -1.294283e-01
    outer loop
      vertex   1.493853e+02 -1.102339e+02 6.228158e+00
      vertex   1.493764e+02 -1.102287e+02 6.305804e+00
      vertex   1.494313e+02 -1.101738e+02 6.228158e+00
    endloop
  endfacet
  facet normal -7.866803e-01 6.036410e-01 -1.294283e-01
    outer loop
      vertex   1.494313e+02 -1.101738e+02 6.228158e+00
      vertex   1.493764e+02 -1.102287e+02 6.305804e+00
      vertex   1.494241e+02 -1.101666e+02 6.305804e+00
    endloop
  endfacet
  facet normal -6.036410e-01 7.866803e-01 -1.294283e-01
    outer loop
      vertex   1.494313e+02 -1.101738e+02 6.228158e+00
      vertex   1.494241e+02 -1.101666e+02 6.305804e+00
      vertex   1.494914e+02 -1.101278e+02 6.228158e+00
    endloop
  endfacet
  facet normal -6.036410e-01 7.866803e-01 -1.294283e-01
    outer loop
      vertex   1.494914e+02 -1.101278e+02 6.228158e+00
      vertex   1.494241e+02 -1.101666e+02 6.305804e+00
      vertex   1.494863e+02 -1.101189e+02 6.305804e+00
    endloop
  endfacet
  facet normal -3.794646e-01 9.161086e-01 -1.294283e-01
    outer loop
      vertex   1.494914e+02 -1.101278e+02 6.228158e+00
      vertex   1.494863e+02 -1.101189e+02 6.305804e+00
      vertex   1.495613e+02 -1.100988e+02 6.228158e+00
    endloop
  endfacet
  facet normal -3.794646e-01 9.161086e-01 -1.294283e-01
    outer loop
      vertex   1.495613e+02 -1.100988e+02 6.228158e+00
      vertex   1.494863e+02 -1.101189e+02 6.305804e+00
      vertex   1.495586e+02 -1.100890e+02 6.305804e+00
    endloop
  endfacet
  facet normal -1.294283e-01 9.831056e-01 -1.294283e-01
    outer loop
      vertex   1.495613e+02 -1.100988e+02 6.228158e+00
      vertex   1.495586e+02 -1.100890e+02 6.305804e+00
      vertex   1.496363e+02 -1.100890e+02 6.228158e+00
    endloop
  endfacet
  facet normal -1.294283e-01 9.831056e-01 -1.294283e-01
    outer loop
      vertex   1.496363e+02 -1.100890e+02 6.228158e+00
      vertex   1.495586e+02 -1.100890e+02 6.305804e+00
      vertex   1.496363e+02 -1.100787e+02 6.305804e+00
    endloop
  endfacet
  facet normal -1.207412e-01 9.171204e-01 -3.798837e-01
    outer loop
      vertex   1.496363e+02 -1.100890e+02 6.228158e+00
      vertex   1.496363e+02 -1.101189e+02 6.155804e+00
      vertex   1.495613e+02 -1.100988e+02 6.228158e+00
    endloop
  endfacet
  facet normal -1.207412e-01 9.171204e-01 -3.798837e-01
    outer loop
      vertex   1.495613e+02 -1.100988e+02 6.228158e+00
      vertex   1.496363e+02 -1.101189e+02 6.155804e+00
      vertex   1.495690e+02 -1.101278e+02 6.155804e+00
    endloop
  endfacet
  facet normal -3.539953e-01 8.546202e-01 -3.798837e-01
    outer loop
      vertex   1.495613e+02 -1.100988e+02 6.228158e+00
      vertex   1.495690e+02 -1.101278e+02 6.155804e+00
      vertex   1.494914e+02 -1.101278e+02 6.228158e+00
    endloop
  endfacet
  facet normal -3.539953e-01 8.546202e-01 -3.798837e-01
    outer loop
      vertex   1.494914e+02 -1.101278e+02 6.228158e+00
      vertex   1.495690e+02 -1.101278e+02 6.155804e+00
      vertex   1.495063e+02 -1.101538e+02 6.155804e+00
    endloop
  endfacet
  facet normal -5.631252e-01 7.338790e-01 -3.798837e-01
    outer loop
      vertex   1.494914e+02 -1.101278e+02 6.228158e+00
      vertex   1.495063e+02 -1.101538e+02 6.155804e+00
      vertex   1.494313e+02 -1.101738e+02 6.228158e+00
    endloop
  endfacet
  facet normal -5.631252e-01 7.338790e-01 -3.798837e-01
    outer loop
      vertex   1.494313e+02 -1.101738e+02 6.228158e+00
      vertex   1.495063e+02 -1.101538e+02 6.155804e+00
      vertex   1.494525e+02 -1.101950e+02 6.155804e+00
    endloop
  endfacet
  facet normal -7.338790e-01 5.631252e-01 -3.798837e-01
    outer loop
      vertex   1.494313e+02 -1.101738e+02 6.228158e+00
      vertex   1.494525e+02 -1.101950e+02 6.155804e+00
      vertex   1.493853e+02 -1.102339e+02 6.228158e+00
    endloop
  endfacet
  facet normal -7.338790e-01 5.631252e-01 -3.798837e-01
    outer loop
      vertex   1.493853e+02 -1.102339e+02 6.228158e+00
      vertex   1.494525e+02 -1.101950e+02 6.155804e+00
      vertex   1.494113e+02 -1.102488e+02 6.155804e+00
    endloop
  endfacet
  facet normal -8.546202e-01 3.539953e-01 -3.798837e-01
    outer loop
      vertex   1.493853e+02 -1.102339e+02 6.228158e+00
      vertex   1.494113e+02 -1.102488e+02 6.155804e+00
      vertex   1.493563e+02 -1.103037e+02 6.228158e+00
    endloop
  endfacet
  facet normal -8.546202e-01 3.539953e-01 -3.798837e-01
    outer loop
      vertex   1.493563e+02 -1.103037e+02 6.228158e+00
      vertex   1.494113e+02 -1.102488e+02 6.155804e+00
      vertex   1.493853e+02 -1.103115e+02 6.155804e+00
    endloop
  endfacet
  facet normal -1.038819e-01 7.890610e-01 -6.054678e-01
    outer loop
      vertex   1.496363e+02 -1.101189e+02 6.155804e+00
      vertex   1.496363e+02 -1.101666e+02 6.093672e+00
      vertex   1.495690e+02 -1.101278e+02 6.155804e+00
    endloop
  endfacet
  facet normal -1.038819e-01 7.890610e-01 -6.054678e-01
    outer loop
      vertex   1.495690e+02 -1.101278e+02 6.155804e+00
      vertex   1.496363e+02 -1.101666e+02 6.093672e+00
      vertex   1.495813e+02 -1.101738e+02 6.093672e+00
    endloop
  endfacet
  facet normal -3.045662e-01 7.352878e-01 -6.054678e-01
    outer loop
      vertex   1.495690e+02 -1.101278e+02 6.155804e+00
      vertex   1.495813e+02 -1.101738e+02 6.093672e+00
      vertex   1.495063e+02 -1.101538e+02 6.155804e+00
    endloop
  endfacet
  facet normal -3.045662e-01 7.352878e-01 -6.054678e-01
    outer loop
      vertex   1.495063e+02 -1.101538e+02 6.155804e+00
      vertex   1.495813e+02 -1.101738e+02 6.093672e+00
      vertex   1.495302e+02 -1.101950e+02 6.093672e+00
    endloop
  endfacet
  facet normal -4.844948e-01 6.314060e-01 -6.054678e-01
    outer loop
      vertex   1.495063e+02 -1.101538e+02 6.155804e+00
      vertex   1.495302e+02 -1.101950e+02 6.093672e+00
      vertex   1.494525e+02 -1.101950e+02 6.155804e+00
    endloop
  endfacet
  facet normal -4.844948e-01 6.314060e-01 -6.054678e-01
    outer loop
      vertex   1.494525e+02 -1.101950e+02 6.155804e+00
      vertex   1.495302e+02 -1.101950e+02 6.093672e+00
      vertex   1.494863e+02 -1.102287e+02 6.093672e+00
    endloop
  endfacet
  facet normal -6.314060e-01 4.844948e-01 -6.054678e-01
    outer loop
      vertex   1.494525e+02 -1.101950e+02 6.155804e+00
      vertex   1.494863e+02 -1.102287e+02 6.093672e+00
      vertex   1.494113e+02 -1.102488e+02 6.155804e+00
    endloop
  endfacet
  facet normal -6.314060e-01 4.844948e-01 -6.054678e-01
    outer loop
      vertex   1.494113e+02 -1.102488e+02 6.155804e+00
      vertex   1.494863e+02 -1.102287e+02 6.093672e+00
      vertex   1.494525e+02 -1.102727e+02 6.093672e+00
    endloop
  endfacet
  facet normal -7.352878e-01 3.045662e-01 -6.054678e-01
    outer loop
      vertex   1.494113e+02 -1.102488e+02 6.155804e+00
      vertex   1.494525e+02 -1.102727e+02 6.093672e+00
      vertex   1.493853e+02 -1.103115e+02 6.155804e+00
    endloop
  endfacet
  facet normal -7.352878e-01 3.045662e-01 -6.054678e-01
    outer loop
      vertex   1.493853e+02 -1.103115e+02 6.155804e+00
      vertex   1.494525e+02 -1.102727e+02 6.093672e+00
      vertex   1.494313e+02 -1.103238e+02 6.093672e+00
    endloop
  endfacet
  facet normal -7.988880e-02 6.068157e-01 -7.908176e-01
    outer loop
      vertex   1.496363e+02 -1.101666e+02 6.093672e+00
      vertex   1.496363e+02 -1.102287e+02 6.045996e+00
      vertex   1.495813e+02 -1.101738e+02 6.093672e+00
    endloop
  endfacet
  facet normal -7.988880e-02 6.068157e-01 -7.908176e-01
    outer loop
      vertex   1.495813e+02 -1.101738e+02 6.093672e+00
      vertex   1.496363e+02 -1.102287e+02 6.045996e+00
      vertex   1.495974e+02 -1.102339e+02 6.045996e+00
    endloop
  endfacet
  facet normal -2.342221e-01 5.654622e-01 -7.908176e-01
    outer loop
      vertex   1.495813e+02 -1.101738e+02 6.093672e+00
      vertex   1.495974e+02 -1.102339e+02 6.045996e+00
      vertex   1.495302e+02 -1.101950e+02 6.093672e+00
    endloop
  endfacet
  facet normal -2.342221e-01 5.654622e-01 -7.908176e-01
    outer loop
      vertex   1.495302e+02 -1.101950e+02 6.093672e+00
      vertex   1.495974e+02 -1.102339e+02 6.045996e+00
      vertex   1.495613e+02 -1.102488e+02 6.045996e+00
    endloop
  endfacet
  facet normal -3.725936e-01 4.855734e-01 -7.908176e-01
    outer loop
      vertex   1.495302e+02 -1.101950e+02 6.093672e+00
      vertex   1.495613e+02 -1.102488e+02 6.045996e+00
      vertex   1.494863e+02 -1.102287e+02 6.093672e+00
    endloop
  endfacet
  facet normal -3.725936e-01 4.855734e-01 -7.908176e-01
    outer loop
      vertex   1.494863e+02 -1.102287e+02 6.093672e+00
      vertex   1.495613e+02 -1.102488e+02 6.045996e+00
      vertex   1.495302e+02 -1.102727e+02 6.045996e+00
    endloop
  endfacet
  facet normal -4.855734e-01 3.725936e-01 -7.908176e-01
    outer loop
      vertex   1.494863e+02 -1.102287e+02 6.093672e+00
      vertex   1.495302e+02 -1.102727e+02 6.045996e+00
      vertex   1.494525e+02 -1.102727e+02 6.093672e+00
    endloop
  endfacet
  facet normal -4.855734e-01 3.725936e-01 -7.908176e-01
    outer loop
      vertex   1.494525e+02 -1.102727e+02 6.093672e+00
      vertex   1.495302e+02 -1.102727e+02 6.045996e+00
      vertex   1.495063e+02 -1.103037e+02 6.045996e+00
    endloop
  endfacet
  facet normal -5.654622e-01 2.342221e-01 -7.908176e-01
    outer loop
      vertex   1.494525e+02 -1.102727e+02 6.093672e+00
      vertex   1.495063e+02 -1.103037e+02 6.045996e+00
      vertex   1.494313e+02 -1.103238e+02 6.093672e+00
    endloop
  endfacet
  facet normal -5.654622e-01 2.342221e-01 -7.908176e-01
    outer loop
      vertex   1.494313e+02 -1.103238e+02 6.093672e+00
      vertex   1.495063e+02 -1.103037e+02 6.045996e+00
      vertex   1.494914e+02 -1.103399e+02 6.045996e+00
    endloop
  endfacet
  facet normal -5.031741e-02 3.821987e-01 -9.227092e-01
    outer loop
      vertex   1.496363e+02 -1.102287e+02 6.045996e+00
      vertex   1.496363e+02 -1.103011e+02 6.016026e+00
      vertex   1.495974e+02 -1.102339e+02 6.045996e+00
    endloop
  endfacet
  facet normal -5.031741e-02 3.821987e-01 -9.227092e-01
    outer loop
      vertex   1.495974e+02 -1.102339e+02 6.045996e+00
      vertex   1.496363e+02 -1.103011e+02 6.016026e+00
      vertex   1.496162e+02 -1.103037e+02 6.016026e+00
    endloop
  endfacet
  facet normal -1.475232e-01 3.561525e-01 -9.227092e-01
    outer loop
      vertex   1.495974e+02 -1.102339e+02 6.045996e+00
      vertex   1.496162e+02 -1.103037e+02 6.016026e+00
      vertex   1.495613e+02 -1.102488e+02 6.045996e+00
    endloop
  endfacet
  facet normal -1.475232e-01 3.561525e-01 -9.227092e-01
    outer loop
      vertex   1.495613e+02 -1.102488e+02 6.045996e+00
      vertex   1.496162e+02 -1.103037e+02 6.016026e+00
      vertex   1.495974e+02 -1.103115e+02 6.016026e+00
    endloop
  endfacet
  facet normal -2.346755e-01 3.058351e-01 -9.227092e-01
    outer loop
      vertex   1.495613e+02 -1.102488e+02 6.045996e+00
      vertex   1.495974e+02 -1.103115e+02 6.016026e+00
      vertex   1.495302e+02 -1.102727e+02 6.045996e+00
    endloop
  endfacet
  facet normal -2.346755e-01 3.058351e-01 -9.227092e-01
    outer loop
      vertex   1.495302e+02 -1.102727e+02 6.045996e+00
      vertex   1.495974e+02 -1.103115e+02 6.016026e+00
      vertex   1.495813e+02 -1.103238e+02 6.016026e+00
    endloop
  endfacet
  facet normal -3.058351e-01 2.346755e-01 -9.227092e-01
    outer loop
      vertex   1.495302e+02 -1.102727e+02 6.045996e+00
      vertex   1.495813e+02 -1.103238e+02 6.016026e+00
      vertex   1.495063e+02 -1.103037e+02 6.045996e+00
    endloop
  endfacet
  facet normal -3.058351e-01 2.346755e-01 -9.227092e-01
    outer loop
      vertex   1.495063e+02 -1.103037e+02 6.045996e+00
      vertex   1.495813e+02 -1.103238e+02 6.016026e+00
      vertex   1.495690e+02 -1.103399e+02 6.016026e+00
    endloop
  endfacet
  facet normal -3.561525e-01 1.475232e-01 -9.227092e-01
    outer loop
      vertex   1.495063e+02 -1.103037e+02 6.045996e+00
      vertex   1.495690e+02 -1.103399e+02 6.016026e+00
      vertex   1.494914e+02 -1.103399e+02 6.045996e+00
    endloop
  endfacet
  facet normal -3.561525e-01 1.475232e-01 -9.227092e-01
    outer loop
      vertex   1.494914e+02 -1.103399e+02 6.045996e+00
      vertex   1.495690e+02 -1.103399e+02 6.016026e+00
      vertex   1.495613e+02 -1.103587e+02 6.016026e+00
    endloop
  endfacet
  facet normal -1.718156e-02 1.305069e-01 -9.912985e-01
    outer loop
      vertex   1.496363e+02 -1.103011e+02 6.016026e+00
      vertex   1.496363e+02 -1.103787e+02 6.005804e+00
      vertex   1.496162e+02 -1.103037e+02 6.016026e+00
    endloop
  endfacet
  facet normal -5.037379e-02 1.216131e-01 -9.912985e-01
    outer loop
      vertex   1.496162e+02 -1.103037e+02 6.016026e+00
      vertex   1.496363e+02 -1.103787e+02 6.005804e+00
      vertex   1.495974e+02 -1.103115e+02 6.016026e+00
    endloop
  endfacet
  facet normal -8.013313e-02 1.044315e-01 -9.912985e-01
    outer loop
      vertex   1.495974e+02 -1.103115e+02 6.016026e+00
      vertex   1.496363e+02 -1.103787e+02 6.005804e+00
      vertex   1.495813e+02 -1.103238e+02 6.016026e+00
    endloop
  endfacet
  facet normal -1.044315e-01 8.013313e-02 -9.912985e-01
    outer loop
      vertex   1.495813e+02 -1.103238e+02 6.016026e+00
      vertex   1.496363e+02 -1.103787e+02 6.005804e+00
      vertex   1.495690e+02 -1.103399e+02 6.016026e+00
    endloop
  endfacet
  facet normal -1.216131e-01 5.037379e-02 -9.912985e-01
    outer loop
      vertex   1.495690e+02 -1.103399e+02 6.016026e+00
      vertex   1.496363e+02 -1.103787e+02 6.005804e+00
      vertex   1.495613e+02 -1.103587e+02 6.016026e+00
    endloop
  endfacet
  facet normal 0.000000e+00 1.305262e-01 -9.914449e-01
    outer loop
      vertex   1.501363e+02 -1.103787e+02 6.005804e+00
      vertex   1.496363e+02 -1.103787e+02 6.005804e+00
      vertex   1.501363e+02 -1.103011e+02 6.016026e+00
    endloop
  endfacet
  facet normal 0.000000e+00 1.305262e-01 -9.914449e-01
    outer loop
      vertex   1.501363e+02 -1.103011e+02 6.016026e+00
      vertex   1.496363e+02 -1.103787e+02 6.005804e+00
      vertex   1.496363e+02 -1.103011e+02 6.016026e+00
    endloop
  endfacet
  facet normal 0.000000e+00 3.826834e-01 -9.238795e-01
    outer loop
      vertex   1.501363e+02 -1.103011e+02 6.016026e+00
      vertex   1.496363e+02 -1.103011e+02 6.016026e+00
      vertex   1.501363e+02 -1.102287e+02 6.045996e+00
    endloop
  endfacet
  facet normal 0.000000e+00 3.826834e-01 -9.238795e-01
    outer loop
      vertex   1.501363e+02 -1.102287e+02 6.045996e+00
      vertex   1.496363e+02 -1.103011e+02 6.016026e+00
      vertex   1.496363e+02 -1.102287e+02 6.045996e+00
    endloop
  endfacet
  facet normal 0.000000e+00 6.087614e-01 -7.933533e-01
    outer loop
      vertex   1.501363e+02 -1.102287e+02 6.045996e+00
      vertex   1.496363e+02 -1.102287e+02 6.045996e+00
      vertex   1.501363e+02 -1.101666e+02 6.093672e+00
    endloop
  endfacet
  facet normal 0.000000e+00 6.087614e-01 -7.933533e-01
    outer loop
      vertex   1.501363e+02 -1.101666e+02 6.093672e+00
      vertex   1.496363e+02 -1.102287e+02 6.045996e+00
      vertex   1.496363e+02 -1.101666e+02 6.093672e+00
    endloop
  endfacet
  facet normal 0.000000e+00 7.933533e-01 -6.087614e-01
    outer loop
      vertex   1.501363e+02 -1.101666e+02 6.093672e+00
      vertex   1.496363e+02 -1.101666e+02 6.093672e+00
      vertex   1.501363e+02 -1.101189e+02 6.155804e+00
    endloop
  endfacet
  facet normal 0.000000e+00 7.933533e-01 -6.087614e-01
    outer loop
      vertex   1.501363e+02 -1.101189e+02 6.155804e+00
      vertex   1.496363e+02 -1.101666e+02 6.093672e+00
      vertex   1.496363e+02 -1.101189e+02 6.155804e+00
    endloop
  endfacet
  facet normal 0.000000e+00 9.238795e-01 -3.826834e-01
    outer loop
      vertex   1.501363e+02 -1.101189e+02 6.155804e+00
      vertex   1.496363e+02 -1.101189e+02 6.155804e+00
      vertex   1.501363e+02 -1.100890e+02 6.228158e+00
    endloop
  endfacet
  facet normal 0.000000e+00 9.238795e-01 -3.826834e-01
    outer loop
      vertex   1.501363e+02 -1.100890e+02 6.228158e+00
      vertex   1.496363e+02 -1.101189e+02 6.155804e+00
      vertex   1.496363e+02 -1.100890e+02 6.228158e+00
    endloop
  endfacet
  facet normal 0.000000e+00 9.914449e-01 -1.305262e-01
    outer loop
      vertex   1.501363e+02 -1.100890e+02 6.228158e+00
      vertex   1.496363e+02 -1.100890e+02 6.228158e+00
      vertex   1.501363e+02 -1.100787e+02 6.305804e+00
    endloop
  endfacet
  facet normal 0.000000e+00 9.914449e-01 -1.305262e-01
    outer loop
      vertex   1.501363e+02 -1.100787e+02 6.305804e+00
      vertex   1.496363e+02 -1.100890e+02 6.228158e+00
      vertex   1.496363e+02 -1.100787e+02 6.305804e+00
    endloop
  endfacet
  facet normal -9.914449e-01 0.000000e+00 -1.305262e-01
    outer loop
      vertex   1.493363e+02 -1.126788e+02 6.305804e+00
      vertex   1.493363e+02 -1.103787e+02 6.305804e+00
      vertex   1.493465e+02 -1.115288e+02 6.228158e+00
    endloop
  endfacet
  facet normal -9.914449e-01 1.008092e-16 -1.305262e-01
    outer loop
      vertex   1.493465e+02 -1.115288e+02 6.228158e+00
      vertex   1.493363e+02 -1.103787e+02 6.305804e+00
      vertex   1.493465e+02 -1.103787e+02 6.228158e+00
    endloop
  endfacet
  facet normal -9.238795e-01 2.955575e-16 -3.826834e-01
    outer loop
      vertex   1.493465e+02 -1.115288e+02 6.228158e+00
      vertex   1.493465e+02 -1.103787e+02 6.228158e+00
      vertex   1.493764e+02 -1.115288e+02 6.155804e+00
    endloop
  endfacet
  facet normal -9.238795e-01 -5.911151e-16 -3.826834e-01
    outer loop
      vertex   1.493764e+02 -1.115288e+02 6.155804e+00
      vertex   1.493465e+02 -1.103787e+02 6.228158e+00
      vertex   1.493764e+02 -1.103787e+02 6.155804e+00
    endloop
  endfacet
  facet normal -7.933533e-01 -9.403283e-16 -6.087614e-01
    outer loop
      vertex   1.493764e+02 -1.115288e+02 6.155804e+00
      vertex   1.493764e+02 -1.103787e+02 6.155804e+00
      vertex   1.494241e+02 -1.115288e+02 6.093672e+00
    endloop
  endfacet
  facet normal -7.933533e-01 -4.701641e-16 -6.087614e-01
    outer loop
      vertex   1.494241e+02 -1.115288e+02 6.093672e+00
      vertex   1.493764e+02 -1.103787e+02 6.155804e+00
      vertex   1.494241e+02 -1.103787e+02 6.093672e+00
    endloop
  endfacet
  facet normal -6.087614e-01 -6.127298e-16 -7.933533e-01
    outer loop
      vertex   1.494241e+02 -1.115288e+02 6.093672e+00
      vertex   1.494241e+02 -1.103787e+02 6.093672e+00
      vertex   1.494863e+02 -1.115288e+02 6.045996e+00
    endloop
  endfacet
  facet normal -6.087614e-01 -1.225460e-15 -7.933533e-01
    outer loop
      vertex   1.494863e+02 -1.115288e+02 6.045996e+00
      vertex   1.494241e+02 -1.103787e+02 6.093672e+00
      vertex   1.494863e+02 -1.103787e+02 6.045996e+00
    endloop
  endfacet
  facet normal -3.826834e-01 -1.427078e-15 -9.238795e-01
    outer loop
      vertex   1.494863e+02 -1.115288e+02 6.045996e+00
      vertex   1.494863e+02 -1.103787e+02 6.045996e+00
      vertex   1.495586e+02 -1.115288e+02 6.016026e+00
    endloop
  endfacet
  facet normal -3.826834e-01 2.140617e-15 -9.238795e-01
    outer loop
      vertex   1.495586e+02 -1.115288e+02 6.016026e+00
      vertex   1.494863e+02 -1.103787e+02 6.045996e+00
      vertex   1.495586e+02 -1.103787e+02 6.016026e+00
    endloop
  endfacet
  facet normal -1.305262e-01 2.297165e-15 -9.914449e-01
    outer loop
      vertex   1.495586e+02 -1.115288e+02 6.016026e+00
      vertex   1.495586e+02 -1.103787e+02 6.016026e+00
      vertex   1.496363e+02 -1.103787e+02 6.005804e+00
    endloop
  endfacet
  facet normal -1.305262e-01 -0.000000e+00 -9.914449e-01
    outer loop
      vertex   1.496363e+02 -1.103787e+02 6.005804e+00
      vertex   1.496363e+02 -1.126788e+02 6.005804e+00
      vertex   1.495586e+02 -1.115288e+02 6.016026e+00
    endloop
  endfacet
  facet normal -1.305262e-01 -2.297165e-15 -9.914449e-01
    outer loop
      vertex   1.495586e+02 -1.115288e+02 6.016026e+00
      vertex   1.496363e+02 -1.126788e+02 6.005804e+00
      vertex   1.495586e+02 -1.126788e+02 6.016026e+00
    endloop
  endfacet
  facet normal -3.826834e-01 -2.140617e-15 -9.238795e-01
    outer loop
      vertex   1.495586e+02 -1.115288e+02 6.016026e+00
      vertex   1.495586e+02 -1.126788e+02 6.016026e+00
      vertex   1.494863e+02 -1.115288e+02 6.045996e+00
    endloop
  endfacet
  facet normal -3.826834e-01 1.427078e-15 -9.238795e-01
    outer loop
      vertex   1.494863e+02 -1.115288e+02 6.045996e+00
      vertex   1.495586e+02 -1.126788e+02 6.016026e+00
      vertex   1.494863e+02 -1.126788e+02 6.045996e+00
    endloop
  endfacet
  facet normal -6.087614e-01 1.225460e-15 -7.933533e-01
    outer loop
      vertex   1.494863e+02 -1.115288e+02 6.045996e+00
      vertex   1.494863e+02 -1.126788e+02 6.045996e+00
      vertex   1.494241e+02 -1.115288e+02 6.093672e+00
    endloop
  endfacet
  facet normal -6.087614e-01 6.127298e-16 -7.933533e-01
    outer loop
      vertex   1.494241e+02 -1.115288e+02 6.093672e+00
      vertex   1.494863e+02 -1.126788e+02 6.045996e+00
      vertex   1.494241e+02 -1.126788e+02 6.093672e+00
    endloop
  endfacet
  facet normal -7.933533e-01 4.701641e-16 -6.087614e-01
    outer loop
      vertex   1.494241e+02 -1.115288e+02 6.093672e+00
      vertex   1.494241e+02 -1.126788e+02 6.093672e+00
      vertex   1.493764e+02 -1.115288e+02 6.155804e+00
    endloop
  endfacet
  facet normal -7.933533e-01 9.403283e-16 -6.087614e-01
    outer loop
      vertex   1.493764e+02 -1.115288e+02 6.155804e+00
      vertex   1.494241e+02 -1.126788e+02 6.093672e+00
      vertex   1.493764e+02 -1.126788e+02 6.155804e+00
    endloop
  endfacet
  facet normal -9.238795e-01 5.911151e-16 -3.826834e-01
    outer loop
      vertex   1.493764e+02 -1.115288e+02 6.155804e+00
      vertex   1.493764e+02 -1.126788e+02 6.155804e+00
      vertex   1.493465e+02 -1.115288e+02 6.228158e+00
    endloop
  endfacet
  facet normal -9.238795e-01 -2.955575e-16 -3.826834e-01
    outer loop
      vertex   1.493465e+02 -1.115288e+02 6.228158e+00
      vertex   1.493764e+02 -1.126788e+02 6.155804e+00
      vertex   1.493465e+02 -1.126788e+02 6.228158e+00
    endloop
  endfacet
  facet normal -9.914449e-01 -1.008092e-16 -1.305262e-01
    outer loop
      vertex   1.493465e+02 -1.115288e+02 6.228158e+00
      vertex   1.493465e+02 -1.126788e+02 6.228158e+00
      vertex   1.493363e+02 -1.126788e+02 6.305804e+00
    endloop
  endfacet
  facet normal 1.718156e-02 1.305069e-01 -9.912985e-01
    outer loop
      vertex   1.501363e+02 -1.103787e+02 6.005804e+00
      vertex   1.501363e+02 -1.103011e+02 6.016026e+00
      vertex   1.501563e+02 -1.103037e+02 6.016026e+00
    endloop
  endfacet
  facet normal 5.031741e-02 3.821987e-01 -9.227092e-01
    outer loop
      vertex   1.501563e+02 -1.103037e+02 6.016026e+00
      vertex   1.501363e+02 -1.103011e+02 6.016026e+00
      vertex   1.501363e+02 -1.102287e+02 6.045996e+00
    endloop
  endfacet
  facet normal 5.031741e-02 3.821987e-01 -9.227092e-01
    outer loop
      vertex   1.501563e+02 -1.103037e+02 6.016026e+00
      vertex   1.501363e+02 -1.102287e+02 6.045996e+00
      vertex   1.501751e+02 -1.102339e+02 6.045996e+00
    endloop
  endfacet
  facet normal 7.988880e-02 6.068157e-01 -7.908176e-01
    outer loop
      vertex   1.501751e+02 -1.102339e+02 6.045996e+00
      vertex   1.501363e+02 -1.102287e+02 6.045996e+00
      vertex   1.501363e+02 -1.101666e+02 6.093672e+00
    endloop
  endfacet
  facet normal 7.988880e-02 6.068157e-01 -7.908176e-01
    outer loop
      vertex   1.501751e+02 -1.102339e+02 6.045996e+00
      vertex   1.501363e+02 -1.101666e+02 6.093672e+00
      vertex   1.501912e+02 -1.101738e+02 6.093672e+00
    endloop
  endfacet
  facet normal 1.038819e-01 7.890610e-01 -6.054678e-01
    outer loop
      vertex   1.501912e+02 -1.101738e+02 6.093672e+00
      vertex   1.501363e+02 -1.101666e+02 6.093672e+00
      vertex   1.501363e+02 -1.101189e+02 6.155804e+00
    endloop
  endfacet
  facet normal 1.038819e-01 7.890610e-01 -6.054678e-01
    outer loop
      vertex   1.501912e+02 -1.101738e+02 6.093672e+00
      vertex   1.501363e+02 -1.101189e+02 6.155804e+00
      vertex   1.502035e+02 -1.101278e+02 6.155804e+00
    endloop
  endfacet
  facet normal 1.207412e-01 9.171204e-01 -3.798837e-01
    outer loop
      vertex   1.502035e+02 -1.101278e+02 6.155804e+00
      vertex   1.501363e+02 -1.101189e+02 6.155804e+00
      vertex   1.501363e+02 -1.100890e+02 6.228158e+00
    endloop
  endfacet
  facet normal 1.207412e-01 9.171204e-01 -3.798837e-01
    outer loop
      vertex   1.502035e+02 -1.101278e+02 6.155804e+00
      vertex   1.501363e+02 -1.100890e+02 6.228158e+00
      vertex   1.502113e+02 -1.100988e+02 6.228158e+00
    endloop
  endfacet
  facet normal 1.294283e-01 9.831056e-01 -1.294283e-01
    outer loop
      vertex   1.502113e+02 -1.100988e+02 6.228158e+00
      vertex   1.501363e+02 -1.100890e+02 6.228158e+00
      vertex   1.501363e+02 -1.100787e+02 6.305804e+00
    endloop
  endfacet
  facet normal 1.294283e-01 9.831056e-01 -1.294283e-01
    outer loop
      vertex   1.502113e+02 -1.100988e+02 6.228158e+00
      vertex   1.501363e+02 -1.100787e+02 6.305804e+00
      vertex   1.502139e+02 -1.100890e+02 6.305804e+00
    endloop
  endfacet
  facet normal 3.794646e-01 9.161086e-01 -1.294283e-01
    outer loop
      vertex   1.502113e+02 -1.100988e+02 6.228158e+00
      vertex   1.502139e+02 -1.100890e+02 6.305804e+00
      vertex   1.502811e+02 -1.101278e+02 6.228158e+00
    endloop
  endfacet
  facet normal 3.794646e-01 9.161086e-01 -1.294283e-01
    outer loop
      vertex   1.502811e+02 -1.101278e+02 6.228158e+00
      vertex   1.502139e+02 -1.100890e+02 6.305804e+00
      vertex   1.502863e+02 -1.101189e+02 6.305804e+00
    endloop
  endfacet
  facet normal 6.036410e-01 7.866803e-01 -1.294283e-01
    outer loop
      vertex   1.502811e+02 -1.101278e+02 6.228158e+00
      vertex   1.502863e+02 -1.101189e+02 6.305804e+00
      vertex   1.503412e+02 -1.101738e+02 6.228158e+00
    endloop
  endfacet
  facet normal 6.036410e-01 7.866803e-01 -1.294283e-01
    outer loop
      vertex   1.503412e+02 -1.101738e+02 6.228158e+00
      vertex   1.502863e+02 -1.101189e+02 6.305804e+00
      vertex   1.503484e+02 -1.101666e+02 6.305804e+00
    endloop
  endfacet
  facet normal 7.866803e-01 6.036410e-01 -1.294283e-01
    outer loop
      vertex   1.503412e+02 -1.101738e+02 6.228158e+00
      vertex   1.503484e+02 -1.101666e+02 6.305804e+00
      vertex   1.503872e+02 -1.102339e+02 6.228158e+00
    endloop
  endfacet
  facet normal 7.866803e-01 6.036410e-01 -1.294283e-01
    outer loop
      vertex   1.503872e+02 -1.102339e+02 6.228158e+00
      vertex   1.503484e+02 -1.101666e+02 6.305804e+00
      vertex   1.503961e+02 -1.102287e+02 6.305804e+00
    endloop
  endfacet
  facet normal 9.161086e-01 3.794646e-01 -1.294283e-01
    outer loop
      vertex   1.503872e+02 -1.102339e+02 6.228158e+00
      vertex   1.503961e+02 -1.102287e+02 6.305804e+00
      vertex   1.504162e+02 -1.103037e+02 6.228158e+00
    endloop
  endfacet
  facet normal 9.161086e-01 3.794646e-01 -1.294283e-01
    outer loop
      vertex   1.504162e+02 -1.103037e+02 6.228158e+00
      vertex   1.503961e+02 -1.102287e+02 6.305804e+00
      vertex   1.504260e+02 -1.103011e+02 6.305804e+00
    endloop
  endfacet
  facet normal 9.831056e-01 1.294283e-01 -1.294283e-01
    outer loop
      vertex   1.504162e+02 -1.103037e+02 6.228158e+00
      vertex   1.504260e+02 -1.103011e+02 6.305804e+00
      vertex   1.504260e+02 -1.103787e+02 6.228158e+00
    endloop
  endfacet
  facet normal 9.831056e-01 1.294283e-01 -1.294283e-01
    outer loop
      vertex   1.504260e+02 -1.103787e+02 6.228158e+00
      vertex   1.504260e+02 -1.103011e+02 6.305804e+00
      vertex   1.504363e+02 -1.103787e+02 6.305804e+00
    endloop
  endfacet
  facet normal 9.171204e-01 1.207412e-01 -3.798837e-01
    outer loop
      vertex   1.504260e+02 -1.103787e+02 6.228158e+00
      vertex   1.503961e+02 -1.103787e+02 6.155804e+00
      vertex   1.504162e+02 -1.103037e+02 6.228158e+00
    endloop
  endfacet
  facet normal 9.171204e-01 1.207412e-01 -3.798837e-01
    outer loop
      vertex   1.504162e+02 -1.103037e+02 6.228158e+00
      vertex   1.503961e+02 -1.103787e+02 6.155804e+00
      vertex   1.503872e+02 -1.103115e+02 6.155804e+00
    endloop
  endfacet
  facet normal 8.546202e-01 3.539953e-01 -3.798837e-01
    outer loop
      vertex   1.504162e+02 -1.103037e+02 6.228158e+00
      vertex   1.503872e+02 -1.103115e+02 6.155804e+00
      vertex   1.503872e+02 -1.102339e+02 6.228158e+00
    endloop
  endfacet
  facet normal 8.546202e-01 3.539953e-01 -3.798837e-01
    outer loop
      vertex   1.503872e+02 -1.102339e+02 6.228158e+00
      vertex   1.503872e+02 -1.103115e+02 6.155804e+00
      vertex   1.503613e+02 -1.102488e+02 6.155804e+00
    endloop
  endfacet
  facet normal 7.338790e-01 5.631252e-01 -3.798837e-01
    outer loop
      vertex   1.503872e+02 -1.102339e+02 6.228158e+00
      vertex   1.503613e+02 -1.102488e+02 6.155804e+00
      vertex   1.503412e+02 -1.101738e+02 6.228158e+00
    endloop
  endfacet
  facet normal 7.338790e-01 5.631252e-01 -3.798837e-01
    outer loop
      vertex   1.503412e+02 -1.101738e+02 6.228158e+00
      vertex   1.503613e+02 -1.102488e+02 6.155804e+00
      vertex   1.503200e+02 -1.101950e+02 6.155804e+00
    endloop
  endfacet
  facet normal 5.631252e-01 7.338790e-01 -3.798837e-01
    outer loop
      vertex   1.503412e+02 -1.101738e+02 6.228158e+00
      vertex   1.503200e+02 -1.101950e+02 6.155804e+00
      vertex   1.502811e+02 -1.101278e+02 6.228158e+00
    endloop
  endfacet
  facet normal 5.631252e-01 7.338790e-01 -3.798837e-01
    outer loop
      vertex   1.502811e+02 -1.101278e+02 6.228158e+00
      vertex   1.503200e+02 -1.101950e+02 6.155804e+00
      vertex   1.502662e+02 -1.101538e+02 6.155804e+00
    endloop
  endfacet
  facet normal 3.539953e-01 8.546202e-01 -3.798837e-01
    outer loop
      vertex   1.502811e+02 -1.101278e+02 6.228158e+00
      vertex   1.502662e+02 -1.101538e+02 6.155804e+00
      vertex   1.502113e+02 -1.100988e+02 6.228158e+00
    endloop
  endfacet
  facet normal 3.539953e-01 8.546202e-01 -3.798837e-01
    outer loop
      vertex   1.502113e+02 -1.100988e+02 6.228158e+00
      vertex   1.502662e+02 -1.101538e+02 6.155804e+00
      vertex   1.502035e+02 -1.101278e+02 6.155804e+00
    endloop
  endfacet
  facet normal 7.890610e-01 1.038819e-01 -6.054678e-01
    outer loop
      vertex   1.503961e+02 -1.103787e+02 6.155804e+00
      vertex   1.503484e+02 -1.103787e+02 6.093672e+00
      vertex   1.503872e+02 -1.103115e+02 6.155804e+00
    endloop
  endfacet
  facet normal 7.890610e-01 1.038819e-01 -6.054678e-01
    outer loop
      vertex   1.503872e+02 -1.103115e+02 6.155804e+00
      vertex   1.503484e+02 -1.103787e+02 6.093672e+00
      vertex   1.503412e+02 -1.103238e+02 6.093672e+00
    endloop
  endfacet
  facet normal 7.352878e-01 3.045662e-01 -6.054678e-01
    outer loop
      vertex   1.503872e+02 -1.103115e+02 6.155804e+00
      vertex   1.503412e+02 -1.103238e+02 6.093672e+00
      vertex   1.503613e+02 -1.102488e+02 6.155804e+00
    endloop
  endfacet
  facet normal 7.352878e-01 3.045662e-01 -6.054678e-01
    outer loop
      vertex   1.503613e+02 -1.102488e+02 6.155804e+00
      vertex   1.503412e+02 -1.103238e+02 6.093672e+00
      vertex   1.503200e+02 -1.102727e+02 6.093672e+00
    endloop
  endfacet
  facet normal 6.314060e-01 4.844948e-01 -6.054678e-01
    outer loop
      vertex   1.503613e+02 -1.102488e+02 6.155804e+00
      vertex   1.503200e+02 -1.102727e+02 6.093672e+00
      vertex   1.503200e+02 -1.101950e+02 6.155804e+00
    endloop
  endfacet
  facet normal 6.314060e-01 4.844948e-01 -6.054678e-01
    outer loop
      vertex   1.503200e+02 -1.101950e+02 6.155804e+00
      vertex   1.503200e+02 -1.102727e+02 6.093672e+00
      vertex   1.502863e+02 -1.102287e+02 6.093672e+00
    endloop
  endfacet
  facet normal 4.844948e-01 6.314060e-01 -6.054678e-01
    outer loop
      vertex   1.503200e+02 -1.101950e+02 6.155804e+00
      vertex   1.502863e+02 -1.102287e+02 6.093672e+00
      vertex   1.502662e+02 -1.101538e+02 6.155804e+00
    endloop
  endfacet
  facet normal 4.844948e-01 6.314060e-01 -6.054678e-01
    outer loop
      vertex   1.502662e+02 -1.101538e+02 6.155804e+00
      vertex   1.502863e+02 -1.102287e+02 6.093672e+00
      vertex   1.502423e+02 -1.101950e+02 6.093672e+00
    endloop
  endfacet
  facet normal 3.045662e-01 7.352878e-01 -6.054678e-01
    outer loop
      vertex   1.502662e+02 -1.101538e+02 6.155804e+00
      vertex   1.502423e+02 -1.101950e+02 6.093672e+00
      vertex   1.502035e+02 -1.101278e+02 6.155804e+00
    endloop
  endfacet
  facet normal 3.045662e-01 7.352878e-01 -6.054678e-01
    outer loop
      vertex   1.502035e+02 -1.101278e+02 6.155804e+00
      vertex   1.502423e+02 -1.101950e+02 6.093672e+00
      vertex   1.501912e+02 -1.101738e+02 6.093672e+00
    endloop
  endfacet
  facet normal 6.068157e-01 7.988880e-02 -7.908176e-01
    outer loop
      vertex   1.503484e+02 -1.103787e+02 6.093672e+00
      vertex   1.502863e+02 -1.103787e+02 6.045996e+00
      vertex   1.503412e+02 -1.103238e+02 6.093672e+00
    endloop
  endfacet
  facet normal 6.068157e-01 7.988880e-02 -7.908176e-01
    outer loop
      vertex   1.503412e+02 -1.103238e+02 6.093672e+00
      vertex   1.502863e+02 -1.103787e+02 6.045996e+00
      vertex   1.502811e+02 -1.103399e+02 6.045996e+00
    endloop
  endfacet
  facet normal 5.654622e-01 2.342221e-01 -7.908176e-01
    outer loop
      vertex   1.503412e+02 -1.103238e+02 6.093672e+00
      vertex   1.502811e+02 -1.103399e+02 6.045996e+00
      vertex   1.503200e+02 -1.102727e+02 6.093672e+00
    endloop
  endfacet
  facet normal 5.654622e-01 2.342221e-01 -7.908176e-01
    outer loop
      vertex   1.503200e+02 -1.102727e+02 6.093672e+00
      vertex   1.502811e+02 -1.103399e+02 6.045996e+00
      vertex   1.502662e+02 -1.103037e+02 6.045996e+00
    endloop
  endfacet
  facet normal 4.855734e-01 3.725936e-01 -7.908176e-01
    outer loop
      vertex   1.503200e+02 -1.102727e+02 6.093672e+00
      vertex   1.502662e+02 -1.103037e+02 6.045996e+00
      vertex   1.502863e+02 -1.102287e+02 6.093672e+00
    endloop
  endfacet
  facet normal 4.855734e-01 3.725936e-01 -7.908176e-01
    outer loop
      vertex   1.502863e+02 -1.102287e+02 6.093672e+00
      vertex   1.502662e+02 -1.103037e+02 6.045996e+00
      vertex   1.502423e+02 -1.102727e+02 6.045996e+00
    endloop
  endfacet
  facet normal 3.725936e-01 4.855734e-01 -7.908176e-01
    outer loop
      vertex   1.502863e+02 -1.102287e+02 6.093672e+00
      vertex   1.502423e+02 -1.102727e+02 6.045996e+00
      vertex   1.502423e+02 -1.101950e+02 6.093672e+00
    endloop
  endfacet
  facet normal 3.725936e-01 4.855734e-01 -7.908176e-01
    outer loop
      vertex   1.502423e+02 -1.101950e+02 6.093672e+00
      vertex   1.502423e+02 -1.102727e+02 6.045996e+00
      vertex   1.502113e+02 -1.102488e+02 6.045996e+00
    endloop
  endfacet
  facet normal 2.342221e-01 5.654622e-01 -7.908176e-01
    outer loop
      vertex   1.502423e+02 -1.101950e+02 6.093672e+00
      vertex   1.502113e+02 -1.102488e+02 6.045996e+00
      vertex   1.501912e+02 -1.101738e+02 6.093672e+00
    endloop
  endfacet
  facet normal 2.342221e-01 5.654622e-01 -7.908176e-01
    outer loop
      vertex   1.501912e+02 -1.101738e+02 6.093672e+00
      vertex   1.502113e+02 -1.102488e+02 6.045996e+00
      vertex   1.501751e+02 -1.102339e+02 6.045996e+00
    endloop
  endfacet
  facet normal 3.821987e-01 5.031741e-02 -9.227092e-01
    outer loop
      vertex   1.502863e+02 -1.103787e+02 6.045996e+00
      vertex   1.502139e+02 -1.103787e+02 6.016026e+00
      vertex   1.502811e+02 -1.103399e+02 6.045996e+00
    endloop
  endfacet
  facet normal 3.821987e-01 5.031741e-02 -9.227092e-01
    outer loop
      vertex   1.502811e+02 -1.103399e+02 6.045996e+00
      vertex   1.502139e+02 -1.103787e+02 6.016026e+00
      vertex   1.502113e+02 -1.103587e+02 6.016026e+00
    endloop
  endfacet
  facet normal 3.561525e-01 1.475232e-01 -9.227092e-01
    outer loop
      vertex   1.502811e+02 -1.103399e+02 6.045996e+00
      vertex   1.502113e+02 -1.103587e+02 6.016026e+00
      vertex   1.502662e+02 -1.103037e+02 6.045996e+00
    endloop
  endfacet
  facet normal 3.561525e-01 1.475232e-01 -9.227092e-01
    outer loop
      vertex   1.502662e+02 -1.103037e+02 6.045996e+00
      vertex   1.502113e+02 -1.103587e+02 6.016026e+00
      vertex   1.502035e+02 -1.103399e+02 6.016026e+00
    endloop
  endfacet
  facet normal 3.058351e-01 2.346755e-01 -9.227092e-01
    outer loop
      vertex   1.502662e+02 -1.103037e+02 6.045996e+00
      vertex   1.502035e+02 -1.103399e+02 6.016026e+00
      vertex   1.502423e+02 -1.102727e+02 6.045996e+00
    endloop
  endfacet
  facet normal 3.058351e-01 2.346755e-01 -9.227092e-01
    outer loop
      vertex   1.502423e+02 -1.102727e+02 6.045996e+00
      vertex   1.502035e+02 -1.103399e+02 6.016026e+00
      vertex   1.501912e+02 -1.103238e+02 6.016026e+00
    endloop
  endfacet
  facet normal 2.346755e-01 3.058351e-01 -9.227092e-01
    outer loop
      vertex   1.502423e+02 -1.102727e+02 6.045996e+00
      vertex   1.501912e+02 -1.103238e+02 6.016026e+00
      vertex   1.502113e+02 -1.102488e+02 6.045996e+00
    endloop
  endfacet
  facet normal 2.346755e-01 3.058351e-01 -9.227092e-01
    outer loop
      vertex   1.502113e+02 -1.102488e+02 6.045996e+00
      vertex   1.501912e+02 -1.103238e+02 6.016026e+00
      vertex   1.501751e+02 -1.103115e+02 6.016026e+00
    endloop
  endfacet
  facet normal 1.475232e-01 3.561525e-01 -9.227092e-01
    outer loop
      vertex   1.502113e+02 -1.102488e+02 6.045996e+00
      vertex   1.501751e+02 -1.103115e+02 6.016026e+00
      vertex   1.501751e+02 -1.102339e+02 6.045996e+00
    endloop
  endfacet
  facet normal 1.475232e-01 3.561525e-01 -9.227092e-01
    outer loop
      vertex   1.501751e+02 -1.102339e+02 6.045996e+00
      vertex   1.501751e+02 -1.103115e+02 6.016026e+00
      vertex   1.501563e+02 -1.103037e+02 6.016026e+00
    endloop
  endfacet
  facet normal 1.305069e-01 1.718156e-02 -9.912985e-01
    outer loop
      vertex   1.502139e+02 -1.103787e+02 6.016026e+00
      vertex   1.501363e+02 -1.103787e+02 6.005804e+00
      vertex   1.502113e+02 -1.103587e+02 6.016026e+00
    endloop
  endfacet
  facet normal 1.216131e-01 5.037379e-02 -9.912985e-01
    outer loop
      vertex   1.502113e+02 -1.103587e+02 6.016026e+00
      vertex   1.501363e+02 -1.103787e+02 6.005804e+00
      vertex   1.502035e+02 -1.103399e+02 6.016026e+00
    endloop
  endfacet
  facet normal 1.044315e-01 8.013313e-02 -9.912985e-01
    outer loop
      vertex   1.502035e+02 -1.103399e+02 6.016026e+00
      vertex   1.501363e+02 -1.103787e+02 6.005804e+00
      vertex   1.501912e+02 -1.103238e+02 6.016026e+00
    endloop
  endfacet
  facet normal 8.013313e-02 1.044315e-01 -9.912985e-01
    outer loop
      vertex   1.501912e+02 -1.103238e+02 6.016026e+00
      vertex   1.501363e+02 -1.103787e+02 6.005804e+00
      vertex   1.501751e+02 -1.103115e+02 6.016026e+00
    endloop
  endfacet
  facet normal 5.037379e-02 1.216131e-01 -9.912985e-01
    outer loop
      vertex   1.501751e+02 -1.103115e+02 6.016026e+00
      vertex   1.501363e+02 -1.103787e+02 6.005804e+00
      vertex   1.501563e+02 -1.103037e+02 6.016026e+00
    endloop
  endfacet
  facet normal -1.294283e-01 -9.831056e-01 -1.294283e-01
    outer loop
      vertex   1.496363e+02 -1.129685e+02 6.228158e+00
      vertex   1.496363e+02 -1.129787e+02 6.305804e+00
      vertex   1.495613e+02 -1.129587e+02 6.228158e+00
    endloop
  endfacet
  facet normal -1.294283e-01 -9.831056e-01 -1.294283e-01
    outer loop
      vertex   1.495613e+02 -1.129587e+02 6.228158e+00
      vertex   1.496363e+02 -1.129787e+02 6.305804e+00
      vertex   1.495586e+02 -1.129685e+02 6.305804e+00
    endloop
  endfacet
  facet normal -3.794646e-01 -9.161086e-01 -1.294283e-01
    outer loop
      vertex   1.495613e+02 -1.129587e+02 6.228158e+00
      vertex   1.495586e+02 -1.129685e+02 6.305804e+00
      vertex   1.494914e+02 -1.129297e+02 6.228158e+00
    endloop
  endfacet
  facet normal -3.794646e-01 -9.161086e-01 -1.294283e-01
    outer loop
      vertex   1.494914e+02 -1.129297e+02 6.228158e+00
      vertex   1.495586e+02 -1.129685e+02 6.305804e+00
      vertex   1.494863e+02 -1.129386e+02 6.305804e+00
    endloop
  endfacet
  facet normal -6.036410e-01 -7.866803e-01 -1.294283e-01
    outer loop
      vertex   1.494914e+02 -1.129297e+02 6.228158e+00
      vertex   1.494863e+02 -1.129386e+02 6.305804e+00
      vertex   1.494313e+02 -1.128837e+02 6.228158e+00
    endloop
  endfacet
  facet normal -6.036410e-01 -7.866803e-01 -1.294283e-01
    outer loop
      vertex   1.494313e+02 -1.128837e+02 6.228158e+00
      vertex   1.494863e+02 -1.129386e+02 6.305804e+00
      vertex   1.494241e+02 -1.128909e+02 6.305804e+00
    endloop
  endfacet
  facet normal -7.866803e-01 -6.036410e-01 -1.294283e-01
    outer loop
      vertex   1.494313e+02 -1.128837e+02 6.228158e+00
      vertex   1.494241e+02 -1.128909e+02 6.305804e+00
      vertex   1.493853e+02 -1.128236e+02 6.228158e+00
    endloop
  endfacet
  facet normal -7.866803e-01 -6.036410e-01 -1.294283e-01
    outer loop
      vertex   1.493853e+02 -1.128236e+02 6.228158e+00
      vertex   1.494241e+02 -1.128909e+02 6.305804e+00
      vertex   1.493764e+02 -1.128288e+02 6.305804e+00
    endloop
  endfacet
  facet normal -9.161086e-01 -3.794646e-01 -1.294283e-01
    outer loop
      vertex   1.493853e+02 -1.128236e+02 6.228158e+00
      vertex   1.493764e+02 -1.128288e+02 6.305804e+00
      vertex   1.493563e+02 -1.127537e+02 6.228158e+00
    endloop
  endfacet
  facet normal -9.161086e-01 -3.794646e-01 -1.294283e-01
    outer loop
      vertex   1.493563e+02 -1.127537e+02 6.228158e+00
      vertex   1.493764e+02 -1.128288e+02 6.305804e+00
      vertex   1.493465e+02 -1.127564e+02 6.305804e+00
    endloop
  endfacet
  facet normal -9.831056e-01 -1.294283e-01 -1.294283e-01
    outer loop
      vertex   1.493563e+02 -1.127537e+02 6.228158e+00
      vertex   1.493465e+02 -1.127564e+02 6.305804e+00
      vertex   1.493465e+02 -1.126788e+02 6.228158e+00
    endloop
  endfacet
  facet normal -9.831056e-01 -1.294283e-01 -1.294283e-01
    outer loop
      vertex   1.493465e+02 -1.126788e+02 6.228158e+00
      vertex   1.493465e+02 -1.127564e+02 6.305804e+00
      vertex   1.493363e+02 -1.126788e+02 6.305804e+00
    endloop
  endfacet
  facet normal -9.171204e-01 -1.207412e-01 -3.798837e-01
    outer loop
      vertex   1.493465e+02 -1.126788e+02 6.228158e+00
      vertex   1.493764e+02 -1.126788e+02 6.155804e+00
      vertex   1.493563e+02 -1.127537e+02 6.228158e+00
    endloop
  endfacet
  facet normal -9.171204e-01 -1.207412e-01 -3.798837e-01
    outer loop
      vertex   1.493563e+02 -1.127537e+02 6.228158e+00
      vertex   1.493764e+02 -1.126788e+02 6.155804e+00
      vertex   1.493853e+02 -1.127460e+02 6.155804e+00
    endloop
  endfacet
  facet normal -8.546202e-01 -3.539953e-01 -3.798837e-01
    outer loop
      vertex   1.493563e+02 -1.127537e+02 6.228158e+00
      vertex   1.493853e+02 -1.127460e+02 6.155804e+00
      vertex   1.493853e+02 -1.128236e+02 6.228158e+00
    endloop
  endfacet
  facet normal -8.546202e-01 -3.539953e-01 -3.798837e-01
    outer loop
      vertex   1.493853e+02 -1.128236e+02 6.228158e+00
      vertex   1.493853e+02 -1.127460e+02 6.155804e+00
      vertex   1.494113e+02 -1.128087e+02 6.155804e+00
    endloop
  endfacet
  facet normal -7.338790e-01 -5.631252e-01 -3.798837e-01
    outer loop
      vertex   1.493853e+02 -1.128236e+02 6.228158e+00
      vertex   1.494113e+02 -1.128087e+02 6.155804e+00
      vertex   1.494313e+02 -1.128837e+02 6.228158e+00
    endloop
  endfacet
  facet normal -7.338790e-01 -5.631252e-01 -3.798837e-01
    outer loop
      vertex   1.494313e+02 -1.128837e+02 6.228158e+00
      vertex   1.494113e+02 -1.128087e+02 6.155804e+00
      vertex   1.494525e+02 -1.128625e+02 6.155804e+00
    endloop
  endfacet
  facet normal -5.631252e-01 -7.338790e-01 -3.798837e-01
    outer loop
      vertex   1.494313e+02 -1.128837e+02 6.228158e+00
      vertex   1.494525e+02 -1.128625e+02 6.155804e+00
      vertex   1.494914e+02 -1.129297e+02 6.228158e+00
    endloop
  endfacet
  facet normal -5.631252e-01 -7.338790e-01 -3.798837e-01
    outer loop
      vertex   1.494914e+02 -1.129297e+02 6.228158e+00
      vertex   1.494525e+02 -1.128625e+02 6.155804e+00
      vertex   1.495063e+02 -1.129037e+02 6.155804e+00
    endloop
  endfacet
  facet normal -3.539953e-01 -8.546202e-01 -3.798837e-01
    outer loop
      vertex   1.494914e+02 -1.129297e+02 6.228158e+00
      vertex   1.495063e+02 -1.129037e+02 6.155804e+00
      vertex   1.495613e+02 -1.129587e+02 6.228158e+00
    endloop
  endfacet
  facet normal -3.539953e-01 -8.546202e-01 -3.798837e-01
    outer loop
      vertex   1.495613e+02 -1.129587e+02 6.228158e+00
      vertex   1.495063e+02 -1.129037e+02 6.155804e+00
      vertex   1.495690e+02 -1.129297e+02 6.155804e+00
    endloop
  endfacet
  facet normal -1.207412e-01 -9.171204e-01 -3.798837e-01
    outer loop
      vertex   1.495613e+02 -1.129587e+02 6.228158e+00
      vertex   1.495690e+02 -1.129297e+02 6.155804e+00
      vertex   1.496363e+02 -1.129685e+02 6.228158e+00
    endloop
  endfacet
  facet normal -1.207412e-01 -9.171204e-01 -3.798837e-01
    outer loop
      vertex   1.496363e+02 -1.129685e+02 6.228158e+00
      vertex   1.495690e+02 -1.129297e+02 6.155804e+00
      vertex   1.496363e+02 -1.129386e+02 6.155804e+00
    endloop
  endfacet
  facet normal -1.038819e-01 -7.890610e-01 -6.054678e-01
    outer loop
      vertex   1.496363e+02 -1.129386e+02 6.155804e+00
      vertex   1.495690e+02 -1.129297e+02 6.155804e+00
      vertex   1.495813e+02 -1.128837e+02 6.093672e+00
    endloop
  endfacet
  facet normal -1.038819e-01 -7.890610e-01 -6.054678e-01
    outer loop
      vertex   1.496363e+02 -1.129386e+02 6.155804e+00
      vertex   1.495813e+02 -1.128837e+02 6.093672e+00
      vertex   1.496363e+02 -1.128909e+02 6.093672e+00
    endloop
  endfacet
  facet normal -7.988880e-02 -6.068157e-01 -7.908176e-01
    outer loop
      vertex   1.496363e+02 -1.128909e+02 6.093672e+00
      vertex   1.495813e+02 -1.128837e+02 6.093672e+00
      vertex   1.495974e+02 -1.128236e+02 6.045996e+00
    endloop
  endfacet
  facet normal -7.988880e-02 -6.068157e-01 -7.908176e-01
    outer loop
      vertex   1.496363e+02 -1.128909e+02 6.093672e+00
      vertex   1.495974e+02 -1.128236e+02 6.045996e+00
      vertex   1.496363e+02 -1.128288e+02 6.045996e+00
    endloop
  endfacet
  facet normal -5.031741e-02 -3.821987e-01 -9.227092e-01
    outer loop
      vertex   1.496363e+02 -1.128288e+02 6.045996e+00
      vertex   1.495974e+02 -1.128236e+02 6.045996e+00
      vertex   1.496162e+02 -1.127537e+02 6.016026e+00
    endloop
  endfacet
  facet normal -5.031741e-02 -3.821987e-01 -9.227092e-01
    outer loop
      vertex   1.496363e+02 -1.128288e+02 6.045996e+00
      vertex   1.496162e+02 -1.127537e+02 6.016026e+00
      vertex   1.496363e+02 -1.127564e+02 6.016026e+00
    endloop
  endfacet
  facet normal -1.718156e-02 -1.305069e-01 -9.912985e-01
    outer loop
      vertex   1.496363e+02 -1.127564e+02 6.016026e+00
      vertex   1.496162e+02 -1.127537e+02 6.016026e+00
      vertex   1.496363e+02 -1.126788e+02 6.005804e+00
    endloop
  endfacet
  facet normal -7.890610e-01 -1.038819e-01 -6.054678e-01
    outer loop
      vertex   1.493764e+02 -1.126788e+02 6.155804e+00
      vertex   1.494241e+02 -1.126788e+02 6.093672e+00
      vertex   1.493853e+02 -1.127460e+02 6.155804e+00
    endloop
  endfacet
  facet normal -7.890610e-01 -1.038819e-01 -6.054678e-01
    outer loop
      vertex   1.493853e+02 -1.127460e+02 6.155804e+00
      vertex   1.494241e+02 -1.126788e+02 6.093672e+00
      vertex   1.494313e+02 -1.127337e+02 6.093672e+00
    endloop
  endfacet
  facet normal -7.352878e-01 -3.045662e-01 -6.054678e-01
    outer loop
      vertex   1.493853e+02 -1.127460e+02 6.155804e+00
      vertex   1.494313e+02 -1.127337e+02 6.093672e+00
      vertex   1.494113e+02 -1.128087e+02 6.155804e+00
    endloop
  endfacet
  facet normal -7.352878e-01 -3.045662e-01 -6.054678e-01
    outer loop
      vertex   1.494113e+02 -1.128087e+02 6.155804e+00
      vertex   1.494313e+02 -1.127337e+02 6.093672e+00
      vertex   1.494525e+02 -1.127848e+02 6.093672e+00
    endloop
  endfacet
  facet normal -6.314060e-01 -4.844948e-01 -6.054678e-01
    outer loop
      vertex   1.494113e+02 -1.128087e+02 6.155804e+00
      vertex   1.494525e+02 -1.127848e+02 6.093672e+00
      vertex   1.494525e+02 -1.128625e+02 6.155804e+00
    endloop
  endfacet
  facet normal -6.314060e-01 -4.844948e-01 -6.054678e-01
    outer loop
      vertex   1.494525e+02 -1.128625e+02 6.155804e+00
      vertex   1.494525e+02 -1.127848e+02 6.093672e+00
      vertex   1.494863e+02 -1.128288e+02 6.093672e+00
    endloop
  endfacet
  facet normal -4.844948e-01 -6.314060e-01 -6.054678e-01
    outer loop
      vertex   1.494525e+02 -1.128625e+02 6.155804e+00
      vertex   1.494863e+02 -1.128288e+02 6.093672e+00
      vertex   1.495063e+02 -1.129037e+02 6.155804e+00
    endloop
  endfacet
  facet normal -4.844948e-01 -6.314060e-01 -6.054678e-01
    outer loop
      vertex   1.495063e+02 -1.129037e+02 6.155804e+00
      vertex   1.494863e+02 -1.128288e+02 6.093672e+00
      vertex   1.495302e+02 -1.128625e+02 6.093672e+00
    endloop
  endfacet
  facet normal -3.045662e-01 -7.352878e-01 -6.054678e-01
    outer loop
      vertex   1.495063e+02 -1.129037e+02 6.155804e+00
      vertex   1.495302e+02 -1.128625e+02 6.093672e+00
      vertex   1.495690e+02 -1.129297e+02 6.155804e+00
    endloop
  endfacet
  facet normal -3.045662e-01 -7.352878e-01 -6.054678e-01
    outer loop
      vertex   1.495690e+02 -1.129297e+02 6.155804e+00
      vertex   1.495302e+02 -1.128625e+02 6.093672e+00
      vertex   1.495813e+02 -1.128837e+02 6.093672e+00
    endloop
  endfacet
  facet normal -6.068157e-01 -7.988880e-02 -7.908176e-01
    outer loop
      vertex   1.494241e+02 -1.126788e+02 6.093672e+00
      vertex   1.494863e+02 -1.126788e+02 6.045996e+00
      vertex   1.494313e+02 -1.127337e+02 6.093672e+00
    endloop
  endfacet
  facet normal -6.068157e-01 -7.988880e-02 -7.908176e-01
    outer loop
      vertex   1.494313e+02 -1.127337e+02 6.093672e+00
      vertex   1.494863e+02 -1.126788e+02 6.045996e+00
      vertex   1.494914e+02 -1.127176e+02 6.045996e+00
    endloop
  endfacet
  facet normal -5.654622e-01 -2.342221e-01 -7.908176e-01
    outer loop
      vertex   1.494313e+02 -1.127337e+02 6.093672e+00
      vertex   1.494914e+02 -1.127176e+02 6.045996e+00
      vertex   1.494525e+02 -1.127848e+02 6.093672e+00
    endloop
  endfacet
  facet normal -5.654622e-01 -2.342221e-01 -7.908176e-01
    outer loop
      vertex   1.494525e+02 -1.127848e+02 6.093672e+00
      vertex   1.494914e+02 -1.127176e+02 6.045996e+00
      vertex   1.495063e+02 -1.127537e+02 6.045996e+00
    endloop
  endfacet
  facet normal -4.855734e-01 -3.725936e-01 -7.908176e-01
    outer loop
      vertex   1.494525e+02 -1.127848e+02 6.093672e+00
      vertex   1.495063e+02 -1.127537e+02 6.045996e+00
      vertex   1.494863e+02 -1.128288e+02 6.093672e+00
    endloop
  endfacet
  facet normal -4.855734e-01 -3.725936e-01 -7.908176e-01
    outer loop
      vertex   1.494863e+02 -1.128288e+02 6.093672e+00
      vertex   1.495063e+02 -1.127537e+02 6.045996e+00
      vertex   1.495302e+02 -1.127848e+02 6.045996e+00
    endloop
  endfacet
  facet normal -3.725936e-01 -4.855734e-01 -7.908176e-01
    outer loop
      vertex   1.494863e+02 -1.128288e+02 6.093672e+00
      vertex   1.495302e+02 -1.127848e+02 6.045996e+00
      vertex   1.495302e+02 -1.128625e+02 6.093672e+00
    endloop
  endfacet
  facet normal -3.725936e-01 -4.855734e-01 -7.908176e-01
    outer loop
      vertex   1.495302e+02 -1.128625e+02 6.093672e+00
      vertex   1.495302e+02 -1.127848e+02 6.045996e+00
      vertex   1.495613e+02 -1.128087e+02 6.045996e+00
    endloop
  endfacet
  facet normal -2.342221e-01 -5.654622e-01 -7.908176e-01
    outer loop
      vertex   1.495302e+02 -1.128625e+02 6.093672e+00
      vertex   1.495613e+02 -1.128087e+02 6.045996e+00
      vertex   1.495813e+02 -1.128837e+02 6.093672e+00
    endloop
  endfacet
  facet normal -2.342221e-01 -5.654622e-01 -7.908176e-01
    outer loop
      vertex   1.495813e+02 -1.128837e+02 6.093672e+00
      vertex   1.495613e+02 -1.128087e+02 6.045996e+00
      vertex   1.495974e+02 -1.128236e+02 6.045996e+00
    endloop
  endfacet
  facet normal -3.821987e-01 -5.031741e-02 -9.227092e-01
    outer loop
      vertex   1.494863e+02 -1.126788e+02 6.045996e+00
      vertex   1.495586e+02 -1.126788e+02 6.016026e+00
      vertex   1.494914e+02 -1.127176e+02 6.045996e+00
    endloop
  endfacet
  facet normal -3.821987e-01 -5.031741e-02 -9.227092e-01
    outer loop
      vertex   1.494914e+02 -1.127176e+02 6.045996e+00
      vertex   1.495586e+02 -1.126788e+02 6.016026e+00
      vertex   1.495613e+02 -1.126988e+02 6.016026e+00
    endloop
  endfacet
  facet normal -3.561525e-01 -1.475232e-01 -9.227092e-01
    outer loop
      vertex   1.494914e+02 -1.127176e+02 6.045996e+00
      vertex   1.495613e+02 -1.126988e+02 6.016026e+00
      vertex   1.495063e+02 -1.127537e+02 6.045996e+00
    endloop
  endfacet
  facet normal -3.561525e-01 -1.475232e-01 -9.227092e-01
    outer loop
      vertex   1.495063e+02 -1.127537e+02 6.045996e+00
      vertex   1.495613e+02 -1.126988e+02 6.016026e+00
      vertex   1.495690e+02 -1.127176e+02 6.016026e+00
    endloop
  endfacet
  facet normal -3.058351e-01 -2.346755e-01 -9.227092e-01
    outer loop
      vertex   1.495063e+02 -1.127537e+02 6.045996e+00
      vertex   1.495690e+02 -1.127176e+02 6.016026e+00
      vertex   1.495302e+02 -1.127848e+02 6.045996e+00
    endloop
  endfacet
  facet normal -3.058351e-01 -2.346755e-01 -9.227092e-01
    outer loop
      vertex   1.495302e+02 -1.127848e+02 6.045996e+00
      vertex   1.495690e+02 -1.127176e+02 6.016026e+00
      vertex   1.495813e+02 -1.127337e+02 6.016026e+00
    endloop
  endfacet
  facet normal -2.346755e-01 -3.058351e-01 -9.227092e-01
    outer loop
      vertex   1.495302e+02 -1.127848e+02 6.045996e+00
      vertex   1.495813e+02 -1.127337e+02 6.016026e+00
      vertex   1.495613e+02 -1.128087e+02 6.045996e+00
    endloop
  endfacet
  facet normal -2.346755e-01 -3.058351e-01 -9.227092e-01
    outer loop
      vertex   1.495613e+02 -1.128087e+02 6.045996e+00
      vertex   1.495813e+02 -1.127337e+02 6.016026e+00
      vertex   1.495974e+02 -1.127460e+02 6.016026e+00
    endloop
  endfacet
  facet normal -1.475232e-01 -3.561525e-01 -9.227092e-01
    outer loop
      vertex   1.495613e+02 -1.128087e+02 6.045996e+00
      vertex   1.495974e+02 -1.127460e+02 6.016026e+00
      vertex   1.495974e+02 -1.128236e+02 6.045996e+00
    endloop
  endfacet
  facet normal -1.475232e-01 -3.561525e-01 -9.227092e-01
    outer loop
      vertex   1.495974e+02 -1.128236e+02 6.045996e+00
      vertex   1.495974e+02 -1.127460e+02 6.016026e+00
      vertex   1.496162e+02 -1.127537e+02 6.016026e+00
    endloop
  endfacet
  facet normal -1.305069e-01 -1.718156e-02 -9.912985e-01
    outer loop
      vertex   1.495586e+02 -1.126788e+02 6.016026e+00
      vertex   1.496363e+02 -1.126788e+02 6.005804e+00
      vertex   1.495613e+02 -1.126988e+02 6.016026e+00
    endloop
  endfacet
  facet normal -1.216131e-01 -5.037379e-02 -9.912985e-01
    outer loop
      vertex   1.495613e+02 -1.126988e+02 6.016026e+00
      vertex   1.496363e+02 -1.126788e+02 6.005804e+00
      vertex   1.495690e+02 -1.127176e+02 6.016026e+00
    endloop
  endfacet
  facet normal -1.044315e-01 -8.013313e-02 -9.912985e-01
    outer loop
      vertex   1.495690e+02 -1.127176e+02 6.016026e+00
      vertex   1.496363e+02 -1.126788e+02 6.005804e+00
      vertex   1.495813e+02 -1.127337e+02 6.016026e+00
    endloop
  endfacet
  facet normal -8.013313e-02 -1.044315e-01 -9.912985e-01
    outer loop
      vertex   1.495813e+02 -1.127337e+02 6.016026e+00
      vertex   1.496363e+02 -1.126788e+02 6.005804e+00
      vertex   1.495974e+02 -1.127460e+02 6.016026e+00
    endloop
  endfacet
  facet normal -5.037379e-02 -1.216131e-01 -9.912985e-01
    outer loop
      vertex   1.495974e+02 -1.127460e+02 6.016026e+00
      vertex   1.496363e+02 -1.126788e+02 6.005804e+00
      vertex   1.496162e+02 -1.127537e+02 6.016026e+00
    endloop
  endfacet
  facet normal 1.305262e-01 0.000000e+00 -9.914449e-01
    outer loop
      vertex   1.501363e+02 -1.126788e+02 6.005804e+00
      vertex   1.501363e+02 -1.103787e+02 6.005804e+00
      vertex   1.502139e+02 -1.115288e+02 6.016026e+00
    endloop
  endfacet
  facet normal 1.305262e-01 2.297165e-15 -9.914449e-01
    outer loop
      vertex   1.502139e+02 -1.115288e+02 6.016026e+00
      vertex   1.501363e+02 -1.103787e+02 6.005804e+00
      vertex   1.502139e+02 -1.103787e+02 6.016026e+00
    endloop
  endfacet
  facet normal 3.826834e-01 2.140617e-15 -9.238795e-01
    outer loop
      vertex   1.502139e+02 -1.115288e+02 6.016026e+00
      vertex   1.502139e+02 -1.103787e+02 6.016026e+00
      vertex   1.502863e+02 -1.115288e+02 6.045996e+00
    endloop
  endfacet
  facet normal 3.826834e-01 -1.427078e-15 -9.238795e-01
    outer loop
      vertex   1.502863e+02 -1.115288e+02 6.045996e+00
      vertex   1.502139e+02 -1.103787e+02 6.016026e+00
      vertex   1.502863e+02 -1.103787e+02 6.045996e+00
    endloop
  endfacet
  facet normal 6.087614e-01 -1.225460e-15 -7.933533e-01
    outer loop
      vertex   1.502863e+02 -1.115288e+02 6.045996e+00
      vertex   1.502863e+02 -1.103787e+02 6.045996e+00
      vertex   1.503484e+02 -1.115288e+02 6.093672e+00
    endloop
  endfacet
  facet normal 6.087614e-01 -6.127298e-16 -7.933533e-01
    outer loop
      vertex   1.503484e+02 -1.115288e+02 6.093672e+00
      vertex   1.502863e+02 -1.103787e+02 6.045996e+00
      vertex   1.503484e+02 -1.103787e+02 6.093672e+00
    endloop
  endfacet
  facet normal 7.933533e-01 -4.701641e-16 -6.087614e-01
    outer loop
      vertex   1.503484e+02 -1.115288e+02 6.093672e+00
      vertex   1.503484e+02 -1.103787e+02 6.093672e+00
      vertex   1.503961e+02 -1.115288e+02 6.155804e+00
    endloop
  endfacet
  facet normal 7.933533e-01 -9.403283e-16 -6.087614e-01
    outer loop
      vertex   1.503961e+02 -1.115288e+02 6.155804e+00
      vertex   1.503484e+02 -1.103787e+02 6.093672e+00
      vertex   1.503961e+02 -1.103787e+02 6.155804e+00
    endloop
  endfacet
  facet normal 9.238795e-01 -5.911151e-16 -3.826834e-01
    outer loop
      vertex   1.503961e+02 -1.115288e+02 6.155804e+00
      vertex   1.503961e+02 -1.103787e+02 6.155804e+00
      vertex   1.504260e+02 -1.115288e+02 6.228158e+00
    endloop
  endfacet
  facet normal 9.238795e-01 2.955575e-16 -3.826834e-01
    outer loop
      vertex   1.504260e+02 -1.115288e+02 6.228158e+00
      vertex   1.503961e+02 -1.103787e+02 6.155804e+00
      vertex   1.504260e+02 -1.103787e+02 6.228158e+00
    endloop
  endfacet
  facet normal 9.914449e-01 1.008092e-16 -1.305262e-01
    outer loop
      vertex   1.504260e+02 -1.115288e+02 6.228158e+00
      vertex   1.504260e+02 -1.103787e+02 6.228158e+00
      vertex   1.504363e+02 -1.103787e+02 6.305804e+00
    endloop
  endfacet
  facet normal 9.914449e-01 0.000000e+00 -1.305262e-01
    outer loop
      vertex   1.504363e+02 -1.103787e+02 6.305804e+00
      vertex   1.504363e+02 -1.126788e+02 6.305804e+00
      vertex   1.504260e+02 -1.115288e+02 6.228158e+00
    endloop
  endfacet
  facet normal 9.914449e-01 -1.008092e-16 -1.305262e-01
    outer loop
      vertex   1.504260e+02 -1.115288e+02 6.228158e+00
      vertex   1.504363e+02 -1.126788e+02 6.305804e+00
      vertex   1.504260e+02 -1.126788e+02 6.228158e+00
    endloop
  endfacet
  facet normal 9.238795e-01 -2.955575e-16 -3.826834e-01
    outer loop
      vertex   1.504260e+02 -1.115288e+02 6.228158e+00
      vertex   1.504260e+02 -1.126788e+02 6.228158e+00
      vertex   1.503961e+02 -1.115288e+02 6.155804e+00
    endloop
  endfacet
  facet normal 9.238795e-01 5.911151e-16 -3.826834e-01
    outer loop
      vertex   1.503961e+02 -1.115288e+02 6.155804e+00
      vertex   1.504260e+02 -1.126788e+02 6.228158e+00
      vertex   1.503961e+02 -1.126788e+02 6.155804e+00
    endloop
  endfacet
  facet normal 7.933533e-01 9.403283e-16 -6.087614e-01
    outer loop
      vertex   1.503961e+02 -1.115288e+02 6.155804e+00
      vertex   1.503961e+02 -1.126788e+02 6.155804e+00
      vertex   1.503484e+02 -1.115288e+02 6.093672e+00
    endloop
  endfacet
  facet normal 7.933533e-01 4.701641e-16 -6.087614e-01
    outer loop
      vertex   1.503484e+02 -1.115288e+02 6.093672e+00
      vertex   1.503961e+02 -1.126788e+02 6.155804e+00
      vertex   1.503484e+02 -1.126788e+02 6.093672e+00
    endloop
  endfacet
  facet normal 6.087614e-01 6.127298e-16 -7.933533e-01
    outer loop
      vertex   1.503484e+02 -1.115288e+02 6.093672e+00
      vertex   1.503484e+02 -1.126788e+02 6.093672e+00
      vertex   1.502863e+02 -1.115288e+02 6.045996e+00
    endloop
  endfacet
  facet normal 6.087614e-01 1.225460e-15 -7.933533e-01
    outer loop
      vertex   1.502863e+02 -1.115288e+02 6.045996e+00
      vertex   1.503484e+02 -1.126788e+02 6.093672e+00
      vertex   1.502863e+02 -1.126788e+02 6.045996e+00
    endloop
  endfacet
  facet normal 3.826834e-01 1.427078e-15 -9.238795e-01
    outer loop
      vertex   1.502863e+02 -1.115288e+02 6.045996e+00
      vertex   1.502863e+02 -1.126788e+02 6.045996e+00
      vertex   1.502139e+02 -1.115288e+02 6.016026e+00
    endloop
  endfacet
  facet normal 3.826834e-01 -2.140617e-15 -9.238795e-01
    outer loop
      vertex   1.502139e+02 -1.115288e+02 6.016026e+00
      vertex   1.502863e+02 -1.126788e+02 6.045996e+00
      vertex   1.502139e+02 -1.126788e+02 6.016026e+00
    endloop
  endfacet
  facet normal 1.305262e-01 -2.297165e-15 -9.914449e-01
    outer loop
      vertex   1.502139e+02 -1.115288e+02 6.016026e+00
      vertex   1.502139e+02 -1.126788e+02 6.016026e+00
      vertex   1.501363e+02 -1.126788e+02 6.005804e+00
    endloop
  endfacet
  facet normal -0.000000e+00 -9.914449e-01 -1.305262e-01
    outer loop
      vertex   1.501363e+02 -1.129787e+02 6.305804e+00
      vertex   1.496363e+02 -1.129787e+02 6.305804e+00
      vertex   1.501363e+02 -1.129685e+02 6.228158e+00
    endloop
  endfacet
  facet normal -0.000000e+00 -9.914449e-01 -1.305262e-01
    outer loop
      vertex   1.501363e+02 -1.129685e+02 6.228158e+00
      vertex   1.496363e+02 -1.129787e+02 6.305804e+00
      vertex   1.496363e+02 -1.129685e+02 6.228158e+00
    endloop
  endfacet
  facet normal -0.000000e+00 -9.238795e-01 -3.826834e-01
    outer loop
      vertex   1.501363e+02 -1.129685e+02 6.228158e+00
      vertex   1.496363e+02 -1.129685e+02 6.228158e+00
      vertex   1.501363e+02 -1.129386e+02 6.155804e+00
    endloop
  endfacet
  facet normal -0.000000e+00 -9.238795e-01 -3.826834e-01
    outer loop
      vertex   1.501363e+02 -1.129386e+02 6.155804e+00
      vertex   1.496363e+02 -1.129685e+02 6.228158e+00
      vertex   1.496363e+02 -1.129386e+02 6.155804e+00
    endloop
  endfacet
  facet normal -0.000000e+00 -7.933533e-01 -6.087614e-01
    outer loop
      vertex   1.501363e+02 -1.129386e+02 6.155804e+00
      vertex   1.496363e+02 -1.129386e+02 6.155804e+00
      vertex   1.501363e+02 -1.128909e+02 6.093672e+00
    endloop
  endfacet
  facet normal -0.000000e+00 -7.933533e-01 -6.087614e-01
    outer loop
      vertex   1.501363e+02 -1.128909e+02 6.093672e+00
      vertex   1.496363e+02 -1.129386e+02 6.155804e+00
      vertex   1.496363e+02 -1.128909e+02 6.093672e+00
    endloop
  endfacet
  facet normal -0.000000e+00 -6.087614e-01 -7.933533e-01
    outer loop
      vertex   1.501363e+02 -1.128909e+02 6.093672e+00
      vertex   1.496363e+02 -1.128909e+02 6.093672e+00
      vertex   1.501363e+02 -1.128288e+02 6.045996e+00
    endloop
  endfacet
  facet normal -0.000000e+00 -6.087614e-01 -7.933533e-01
    outer loop
      vertex   1.501363e+02 -1.128288e+02 6.045996e+00
      vertex   1.496363e+02 -1.128909e+02 6.093672e+00
      vertex   1.496363e+02 -1.128288e+02 6.045996e+00
    endloop
  endfacet
  facet normal -0.000000e+00 -3.826834e-01 -9.238795e-01
    outer loop
      vertex   1.501363e+02 -1.128288e+02 6.045996e+00
      vertex   1.496363e+02 -1.128288e+02 6.045996e+00
      vertex   1.501363e+02 -1.127564e+02 6.016026e+00
    endloop
  endfacet
  facet normal -0.000000e+00 -3.826834e-01 -9.238795e-01
    outer loop
      vertex   1.501363e+02 -1.127564e+02 6.016026e+00
      vertex   1.496363e+02 -1.128288e+02 6.045996e+00
      vertex   1.496363e+02 -1.127564e+02 6.016026e+00
    endloop
  endfacet
  facet normal -0.000000e+00 -1.305262e-01 -9.914449e-01
    outer loop
      vertex   1.501363e+02 -1.127564e+02 6.016026e+00
      vertex   1.496363e+02 -1.127564e+02 6.016026e+00
      vertex   1.501363e+02 -1.126788e+02 6.005804e+00
    endloop
  endfacet
  facet normal -0.000000e+00 -1.305262e-01 -9.914449e-01
    outer loop
      vertex   1.501363e+02 -1.126788e+02 6.005804e+00
      vertex   1.496363e+02 -1.127564e+02 6.016026e+00
      vertex   1.496363e+02 -1.126788e+02 6.005804e+00
    endloop
  endfacet
  facet normal 1.305069e-01 -1.718156e-02 -9.912985e-01
    outer loop
      vertex   1.501363e+02 -1.126788e+02 6.005804e+00
      vertex   1.502139e+02 -1.126788e+02 6.016026e+00
      vertex   1.502113e+02 -1.126988e+02 6.016026e+00
    endloop
  endfacet
  facet normal 3.821987e-01 -5.031741e-02 -9.227092e-01
    outer loop
      vertex   1.502113e+02 -1.126988e+02 6.016026e+00
      vertex   1.502139e+02 -1.126788e+02 6.016026e+00
      vertex   1.502863e+02 -1.126788e+02 6.045996e+00
    endloop
  endfacet
  facet normal 3.821987e-01 -5.031741e-02 -9.227092e-01
    outer loop
      vertex   1.502113e+02 -1.126988e+02 6.016026e+00
      vertex   1.502863e+02 -1.126788e+02 6.045996e+00
      vertex   1.502811e+02 -1.127176e+02 6.045996e+00
    endloop
  endfacet
  facet normal 6.068157e-01 -7.988880e-02 -7.908176e-01
    outer loop
      vertex   1.502811e+02 -1.127176e+02 6.045996e+00
      vertex   1.502863e+02 -1.126788e+02 6.045996e+00
      vertex   1.503484e+02 -1.126788e+02 6.093672e+00
    endloop
  endfacet
  facet normal 6.068157e-01 -7.988880e-02 -7.908176e-01
    outer loop
      vertex   1.502811e+02 -1.127176e+02 6.045996e+00
      vertex   1.503484e+02 -1.126788e+02 6.093672e+00
      vertex   1.503412e+02 -1.127337e+02 6.093672e+00
    endloop
  endfacet
  facet normal 7.890610e-01 -1.038819e-01 -6.054678e-01
    outer loop
      vertex   1.503412e+02 -1.127337e+02 6.093672e+00
      vertex   1.503484e+02 -1.126788e+02 6.093672e+00
      vertex   1.503961e+02 -1.126788e+02 6.155804e+00
    endloop
  endfacet
  facet normal 7.890610e-01 -1.038819e-01 -6.054678e-01
    outer loop
      vertex   1.503412e+02 -1.127337e+02 6.093672e+00
      vertex   1.503961e+02 -1.126788e+02 6.155804e+00
      vertex   1.503872e+02 -1.127460e+02 6.155804e+00
    endloop
  endfacet
  facet normal 9.171204e-01 -1.207412e-01 -3.798837e-01
    outer loop
      vertex   1.503872e+02 -1.127460e+02 6.155804e+00
      vertex   1.503961e+02 -1.126788e+02 6.155804e+00
      vertex   1.504260e+02 -1.126788e+02 6.228158e+00
    endloop
  endfacet
  facet normal 9.171204e-01 -1.207412e-01 -3.798837e-01
    outer loop
      vertex   1.503872e+02 -1.127460e+02 6.155804e+00
      vertex   1.504260e+02 -1.126788e+02 6.228158e+00
      vertex   1.504162e+02 -1.127537e+02 6.228158e+00
    endloop
  endfacet
  facet normal 9.831056e-01 -1.294283e-01 -1.294283e-01
    outer loop
      vertex   1.504162e+02 -1.127537e+02 6.228158e+00
      vertex   1.504260e+02 -1.126788e+02 6.228158e+00
      vertex   1.504363e+02 -1.126788e+02 6.305804e+00
    endloop
  endfacet
  facet normal 9.831056e-01 -1.294283e-01 -1.294283e-01
    outer loop
      vertex   1.504162e+02 -1.127537e+02 6.228158e+00
      vertex   1.504363e+02 -1.126788e+02 6.305804e+00
      vertex   1.504260e+02 -1.127564e+02 6.305804e+00
    endloop
  endfacet
  facet normal 9.161086e-01 -3.794646e-01 -1.294283e-01
    outer loop
      vertex   1.504162e+02 -1.127537e+02 6.228158e+00
      vertex   1.504260e+02 -1.127564e+02 6.305804e+00
      vertex   1.503872e+02 -1.128236e+02 6.228158e+00
    endloop
  endfacet
  facet normal 9.161086e-01 -3.794646e-01 -1.294283e-01
    outer loop
      vertex   1.503872e+02 -1.128236e+02 6.228158e+00
      vertex   1.504260e+02 -1.127564e+02 6.305804e+00
      vertex   1.503961e+02 -1.128288e+02 6.305804e+00
    endloop
  endfacet
  facet normal 7.866803e-01 -6.036410e-01 -1.294283e-01
    outer loop
      vertex   1.503872e+02 -1.128236e+02 6.228158e+00
      vertex   1.503961e+02 -1.128288e+02 6.305804e+00
      vertex   1.503412e+02 -1.128837e+02 6.228158e+00
    endloop
  endfacet
  facet normal 7.866803e-01 -6.036410e-01 -1.294283e-01
    outer loop
      vertex   1.503412e+02 -1.128837e+02 6.228158e+00
      vertex   1.503961e+02 -1.128288e+02 6.305804e+00
      vertex   1.503484e+02 -1.128909e+02 6.305804e+00
    endloop
  endfacet
  facet normal 6.036410e-01 -7.866803e-01 -1.294283e-01
    outer loop
      vertex   1.503412e+02 -1.128837e+02 6.228158e+00
      vertex   1.503484e+02 -1.128909e+02 6.305804e+00
      vertex   1.502811e+02 -1.129297e+02 6.228158e+00
    endloop
  endfacet
  facet normal 6.036410e-01 -7.866803e-01 -1.294283e-01
    outer loop
      vertex   1.502811e+02 -1.129297e+02 6.228158e+00
      vertex   1.503484e+02 -1.128909e+02 6.305804e+00
      vertex   1.502863e+02 -1.129386e+02 6.305804e+00
    endloop
  endfacet
  facet normal 3.794646e-01 -9.161086e-01 -1.294283e-01
    outer loop
      vertex   1.502811e+02 -1.129297e+02 6.228158e+00
      vertex   1.502863e+02 -1.129386e+02 6.305804e+00
      vertex   1.502113e+02 -1.129587e+02 6.228158e+00
    endloop
  endfacet
  facet normal 3.794646e-01 -9.161086e-01 -1.294283e-01
    outer loop
      vertex   1.502113e+02 -1.129587e+02 6.228158e+00
      vertex   1.502863e+02 -1.129386e+02 6.305804e+00
      vertex   1.502139e+02 -1.129685e+02 6.305804e+00
    endloop
  endfacet
  facet normal 1.294283e-01 -9.831056e-01 -1.294283e-01
    outer loop
      vertex   1.502113e+02 -1.129587e+02 6.228158e+00
      vertex   1.502139e+02 -1.129685e+02 6.305804e+00
      vertex   1.501363e+02 -1.129685e+02 6.228158e+00
    endloop
  endfacet
  facet normal 1.294283e-01 -9.831056e-01 -1.294283e-01
    outer loop
      vertex   1.501363e+02 -1.129685e+02 6.228158e+00
      vertex   1.502139e+02 -1.129685e+02 6.305804e+00
      vertex   1.501363e+02 -1.129787e+02 6.305804e+00
    endloop
  endfacet
  facet normal 1.207412e-01 -9.171204e-01 -3.798837e-01
    outer loop
      vertex   1.501363e+02 -1.129685e+02 6.228158e+00
      vertex   1.501363e+02 -1.129386e+02 6.155804e+00
      vertex   1.502113e+02 -1.129587e+02 6.228158e+00
    endloop
  endfacet
  facet normal 1.207412e-01 -9.171204e-01 -3.798837e-01
    outer loop
      vertex   1.502113e+02 -1.129587e+02 6.228158e+00
      vertex   1.501363e+02 -1.129386e+02 6.155804e+00
      vertex   1.502035e+02 -1.129297e+02 6.155804e+00
    endloop
  endfacet
  facet normal 3.539953e-01 -8.546202e-01 -3.798837e-01
    outer loop
      vertex   1.502113e+02 -1.129587e+02 6.228158e+00
      vertex   1.502035e+02 -1.129297e+02 6.155804e+00
      vertex   1.502811e+02 -1.129297e+02 6.228158e+00
    endloop
  endfacet
  facet normal 3.539953e-01 -8.546202e-01 -3.798837e-01
    outer loop
      vertex   1.502811e+02 -1.129297e+02 6.228158e+00
      vertex   1.502035e+02 -1.129297e+02 6.155804e+00
      vertex   1.502662e+02 -1.129037e+02 6.155804e+00
    endloop
  endfacet
  facet normal 5.631252e-01 -7.338790e-01 -3.798837e-01
    outer loop
      vertex   1.502811e+02 -1.129297e+02 6.228158e+00
      vertex   1.502662e+02 -1.129037e+02 6.155804e+00
      vertex   1.503412e+02 -1.128837e+02 6.228158e+00
    endloop
  endfacet
  facet normal 5.631252e-01 -7.338790e-01 -3.798837e-01
    outer loop
      vertex   1.503412e+02 -1.128837e+02 6.228158e+00
      vertex   1.502662e+02 -1.129037e+02 6.155804e+00
      vertex   1.503200e+02 -1.128625e+02 6.155804e+00
    endloop
  endfacet
  facet normal 7.338790e-01 -5.631252e-01 -3.798837e-01
    outer loop
      vertex   1.503412e+02 -1.128837e+02 6.228158e+00
      vertex   1.503200e+02 -1.128625e+02 6.155804e+00
      vertex   1.503872e+02 -1.128236e+02 6.228158e+00
    endloop
  endfacet
  facet normal 7.338790e-01 -5.631252e-01 -3.798837e-01
    outer loop
      vertex   1.503872e+02 -1.128236e+02 6.228158e+00
      vertex   1.503200e+02 -1.128625e+02 6.155804e+00
      vertex   1.503613e+02 -1.128087e+02 6.155804e+00
    endloop
  endfacet
  facet normal 8.546202e-01 -3.539953e-01 -3.798837e-01
    outer loop
      vertex   1.503872e+02 -1.128236e+02 6.228158e+00
      vertex   1.503613e+02 -1.128087e+02 6.155804e+00
      vertex   1.504162e+02 -1.127537e+02 6.228158e+00
    endloop
  endfacet
  facet normal 8.546202e-01 -3.539953e-01 -3.798837e-01
    outer loop
      vertex   1.504162e+02 -1.127537e+02 6.228158e+00
      vertex   1.503613e+02 -1.128087e+02 6.155804e+00
      vertex   1.503872e+02 -1.127460e+02 6.155804e+00
    endloop
  endfacet
  facet normal 1.038819e-01 -7.890610e-01 -6.054678e-01
    outer loop
      vertex   1.501363e+02 -1.129386e+02 6.155804e+00
      vertex   1.501363e+02 -1.128909e+02 6.093672e+00
      vertex   1.502035e+02 -1.129297e+02 6.155804e+00
    endloop
  endfacet
  facet normal 1.038819e-01 -7.890610e-01 -6.054678e-01
    outer loop
      vertex   1.502035e+02 -1.129297e+02 6.155804e+00
      vertex   1.501363e+02 -1.128909e+02 6.093672e+00
      vertex   1.501912e+02 -1.128837e+02 6.093672e+00
    endloop
  endfacet
  facet normal 3.045662e-01 -7.352878e-01 -6.054678e-01
    outer loop
      vertex   1.502035e+02 -1.129297e+02 6.155804e+00
      vertex   1.501912e+02 -1.128837e+02 6.093672e+00
      vertex   1.502662e+02 -1.129037e+02 6.155804e+00
    endloop
  endfacet
  facet normal 3.045662e-01 -7.352878e-01 -6.054678e-01
    outer loop
      vertex   1.502662e+02 -1.129037e+02 6.155804e+00
      vertex   1.501912e+02 -1.128837e+02 6.093672e+00
      vertex   1.502423e+02 -1.128625e+02 6.093672e+00
    endloop
  endfacet
  facet normal 4.844948e-01 -6.314060e-01 -6.054678e-01
    outer loop
      vertex   1.502662e+02 -1.129037e+02 6.155804e+00
      vertex   1.502423e+02 -1.128625e+02 6.093672e+00
      vertex   1.503200e+02 -1.128625e+02 6.155804e+00
    endloop
  endfacet
  facet normal 4.844948e-01 -6.314060e-01 -6.054678e-01
    outer loop
      vertex   1.503200e+02 -1.128625e+02 6.155804e+00
      vertex   1.502423e+02 -1.128625e+02 6.093672e+00
      vertex   1.502863e+02 -1.128288e+02 6.093672e+00
    endloop
  endfacet
  facet normal 6.314060e-01 -4.844948e-01 -6.054678e-01
    outer loop
      vertex   1.503200e+02 -1.128625e+02 6.155804e+00
      vertex   1.502863e+02 -1.128288e+02 6.093672e+00
      vertex   1.503613e+02 -1.128087e+02 6.155804e+00
    endloop
  endfacet
  facet normal 6.314060e-01 -4.844948e-01 -6.054678e-01
    outer loop
      vertex   1.503613e+02 -1.128087e+02 6.155804e+00
      vertex   1.502863e+02 -1.128288e+02 6.093672e+00
      vertex   1.503200e+02 -1.127848e+02 6.093672e+00
    endloop
  endfacet
  facet normal 7.352878e-01 -3.045662e-01 -6.054678e-01
    outer loop
      vertex   1.503613e+02 -1.128087e+02 6.155804e+00
      vertex   1.503200e+02 -1.127848e+02 6.093672e+00
      vertex   1.503872e+02 -1.127460e+02 6.155804e+00
    endloop
  endfacet
  facet normal 7.352878e-01 -3.045662e-01 -6.054678e-01
    outer loop
      vertex   1.503872e+02 -1.127460e+02 6.155804e+00
      vertex   1.503200e+02 -1.127848e+02 6.093672e+00
      vertex   1.503412e+02 -1.127337e+02 6.093672e+00
    endloop
  endfacet
  facet normal 7.988880e-02 -6.068157e-01 -7.908176e-01
    outer loop
      vertex   1.501363e+02 -1.128909e+02 6.093672e+00
      vertex   1.501363e+02 -1.128288e+02 6.045996e+00
      vertex   1.501912e+02 -1.128837e+02 6.093672e+00
    endloop
  endfacet
  facet normal 7.988880e-02 -6.068157e-01 -7.908176e-01
    outer loop
      vertex   1.501912e+02 -1.128837e+02 6.093672e+00
      vertex   1.501363e+02 -1.128288e+02 6.045996e+00
      vertex   1.501751e+02 -1.128236e+02 6.045996e+00
    endloop
  endfacet
  facet normal 2.342221e-01 -5.654622e-01 -7.908176e-01
    outer loop
      vertex   1.501912e+02 -1.128837e+02 6.093672e+00
      vertex   1.501751e+02 -1.128236e+02 6.045996e+00
      vertex   1.502423e+02 -1.128625e+02 6.093672e+00
    endloop
  endfacet
  facet normal 2.342221e-01 -5.654622e-01 -7.908176e-01
    outer loop
      vertex   1.502423e+02 -1.128625e+02 6.093672e+00
      vertex   1.501751e+02 -1.128236e+02 6.045996e+00
      vertex   1.502113e+02 -1.128087e+02 6.045996e+00
    endloop
  endfacet
  facet normal 3.725936e-01 -4.855734e-01 -7.908176e-01
    outer loop
      vertex   1.502423e+02 -1.128625e+02 6.093672e+00
      vertex   1.502113e+02 -1.128087e+02 6.045996e+00
      vertex   1.502863e+02 -1.128288e+02 6.093672e+00
    endloop
  endfacet
  facet normal 3.725936e-01 -4.855734e-01 -7.908176e-01
    outer loop
      vertex   1.502863e+02 -1.128288e+02 6.093672e+00
      vertex   1.502113e+02 -1.128087e+02 6.045996e+00
      vertex   1.502423e+02 -1.127848e+02 6.045996e+00
    endloop
  endfacet
  facet normal 4.855734e-01 -3.725936e-01 -7.908176e-01
    outer loop
      vertex   1.502863e+02 -1.128288e+02 6.093672e+00
      vertex   1.502423e+02 -1.127848e+02 6.045996e+00
      vertex   1.503200e+02 -1.127848e+02 6.093672e+00
    endloop
  endfacet
  facet normal 4.855734e-01 -3.725936e-01 -7.908176e-01
    outer loop
      vertex   1.503200e+02 -1.127848e+02 6.093672e+00
      vertex   1.502423e+02 -1.127848e+02 6.045996e+00
      vertex   1.502662e+02 -1.127537e+02 6.045996e+00
    endloop
  endfacet
  facet normal 5.654622e-01 -2.342221e-01 -7.908176e-01
    outer loop
      vertex   1.503200e+02 -1.127848e+02 6.093672e+00
      vertex   1.502662e+02 -1.127537e+02 6.045996e+00
      vertex   1.503412e+02 -1.127337e+02 6.093672e+00
    endloop
  endfacet
  facet normal 5.654622e-01 -2.342221e-01 -7.908176e-01
    outer loop
      vertex   1.503412e+02 -1.127337e+02 6.093672e+00
      vertex   1.502662e+02 -1.127537e+02 6.045996e+00
      vertex   1.502811e+02 -1.127176e+02 6.045996e+00
    endloop
  endfacet
  facet normal 5.031741e-02 -3.821987e-01 -9.227092e-01
    outer loop
      vertex   1.501363e+02 -1.128288e+02 6.045996e+00
      vertex   1.501363e+02 -1.127564e+02 6.016026e+00
      vertex   1.501751e+02 -1.128236e+02 6.045996e+00
    endloop
  endfacet
  facet normal 5.031741e-02 -3.821987e-01 -9.227092e-01
    outer loop
      vertex   1.501751e+02 -1.128236e+02 6.045996e+00
      vertex   1.501363e+02 -1.127564e+02 6.016026e+00
      vertex   1.501563e+02 -1.127537e+02 6.016026e+00
    endloop
  endfacet
  facet normal 1.475232e-01 -3.561525e-01 -9.227092e-01
    outer loop
      vertex   1.501751e+02 -1.128236e+02 6.045996e+00
      vertex   1.501563e+02 -1.127537e+02 6.016026e+00
      vertex   1.502113e+02 -1.128087e+02 6.045996e+00
    endloop
  endfacet
  facet normal 1.475232e-01 -3.561525e-01 -9.227092e-01
    outer loop
      vertex   1.502113e+02 -1.128087e+02 6.045996e+00
      vertex   1.501563e+02 -1.127537e+02 6.016026e+00
      vertex   1.501751e+02 -1.127460e+02 6.016026e+00
    endloop
  endfacet
  facet normal 2.346755e-01 -3.058351e-01 -9.227092e-01
    outer loop
      vertex   1.502113e+02 -1.128087e+02 6.045996e+00
      vertex   1.501751e+02 -1.127460e+02 6.016026e+00
      vertex   1.502423e+02 -1.127848e+02 6.045996e+00
    endloop
  endfacet
  facet normal 2.346755e-01 -3.058351e-01 -9.227092e-01
    outer loop
      vertex   1.502423e+02 -1.127848e+02 6.045996e+00
      vertex   1.501751e+02 -1.127460e+02 6.016026e+00
      vertex   1.501912e+02 -1.127337e+02 6.016026e+00
    endloop
  endfacet
  facet normal 3.058351e-01 -2.346755e-01 -9.227092e-01
    outer loop
      vertex   1.502423e+02 -1.127848e+02 6.045996e+00
      vertex   1.501912e+02 -1.127337e+02 6.016026e+00
      vertex   1.502662e+02 -1.127537e+02 6.045996e+00
    endloop
  endfacet
  facet normal 3.058351e-01 -2.346755e-01 -9.227092e-01
    outer loop
      vertex   1.502662e+02 -1.127537e+02 6.045996e+00
      vertex   1.501912e+02 -1.127337e+02 6.016026e+00
      vertex   1.502035e+02 -1.127176e+02 6.016026e+00
    endloop
  endfacet
  facet normal 3.561525e-01 -1.475232e-01 -9.227092e-01
    outer loop
      vertex   1.502662e+02 -1.127537e+02 6.045996e+00
      vertex   1.502035e+02 -1.127176e+02 6.016026e+00
      vertex   1.502811e+02 -1.127176e+02 6.045996e+00
    endloop
  endfacet
  facet normal 3.561525e-01 -1.475232e-01 -9.227092e-01
    outer loop
      vertex   1.502811e+02 -1.127176e+02 6.045996e+00
      vertex   1.502035e+02 -1.127176e+02 6.016026e+00
      vertex   1.502113e+02 -1.126988e+02 6.016026e+00
    endloop
  endfacet
  facet normal 1.718156e-02 -1.305069e-01 -9.912985e-01
    outer loop
      vertex   1.501363e+02 -1.127564e+02 6.016026e+00
      vertex   1.501363e+02 -1.126788e+02 6.005804e+00
      vertex   1.501563e+02 -1.127537e+02 6.016026e+00
    endloop
  endfacet
  facet normal 5.037379e-02 -1.216131e-01 -9.912985e-01
    outer loop
      vertex   1.501563e+02 -1.127537e+02 6.016026e+00
      vertex   1.501363e+02 -1.126788e+02 6.005804e+00
      vertex   1.501751e+02 -1.127460e+02 6.016026e+00
    endloop
  endfacet
  facet normal 8.013313e-02 -1.044315e-01 -9.912985e-01
    outer loop
      vertex   1.501751e+02 -1.127460e+02 6.016026e+00
      vertex   1.501363e+02 -1.126788e+02 6.005804e+00
      vertex   1.501912e+02 -1.127337e+02 6.016026e+00
    endloop
  endfacet
  facet normal 1.044315e-01 -8.013313e-02 -9.912985e-01
    outer loop
      vertex   1.501912e+02 -1.127337e+02 6.016026e+00
      vertex   1.501363e+02 -1.126788e+02 6.005804e+00
      vertex   1.502035e+02 -1.127176e+02 6.016026e+00
    endloop
  endfacet
  facet normal 1.216131e-01 -5.037379e-02 -9.912985e-01
    outer loop
      vertex   1.502035e+02 -1.127176e+02 6.016026e+00
      vertex   1.501363e+02 -1.126788e+02 6.005804e+00
      vertex   1.502113e+02 -1.126988e+02 6.016026e+00
    endloop
  endfacet
  facet normal -9.982394e-02 1.000846e-01 9.899587e-01
    outer loop
      vertex   1.583972e+02 -1.171897e+02 1.211548e+01
      vertex   1.576896e+02 -1.164821e+02 1.197259e+01
      vertex   1.583087e+02 -1.172627e+02 1.211395e+01
    endloop
  endfacet
  facet normal -9.952791e-02 1.003205e-01 9.899646e-01
    outer loop
      vertex   1.583087e+02 -1.172627e+02 1.211395e+01
      vertex   1.576896e+02 -1.164821e+02 1.197259e+01
      vertex   1.582073e+02 -1.173180e+02 1.210936e+01
    endloop
  endfacet
  facet normal -9.723285e-02 1.017553e-01 9.900463e-01
    outer loop
      vertex   1.582073e+02 -1.173180e+02 1.210936e+01
      vertex   1.576896e+02 -1.164821e+02 1.197259e+01
      vertex   1.574594e+02 -1.167020e+02 1.197259e+01
    endloop
  endfacet
  facet normal -9.892776e-02 9.970660e-02 9.900868e-01
    outer loop
      vertex   1.582073e+02 -1.173180e+02 1.210936e+01
      vertex   1.574594e+02 -1.167020e+02 1.197259e+01
      vertex   1.580977e+02 -1.173531e+02 1.210193e+01
    endloop
  endfacet
  facet normal -9.869523e-02 9.993462e-02 9.900870e-01
    outer loop
      vertex   1.580977e+02 -1.173531e+02 1.210193e+01
      vertex   1.574594e+02 -1.167020e+02 1.197259e+01
      vertex   1.579830e+02 -1.173672e+02 1.209192e+01
    endloop
  endfacet
  facet normal -9.175157e-02 1.054178e-01 9.901862e-01
    outer loop
      vertex   1.579830e+02 -1.173672e+02 1.209192e+01
      vertex   1.574594e+02 -1.167020e+02 1.197259e+01
      vertex   1.572084e+02 -1.169205e+02 1.197259e+01
    endloop
  endfacet
  facet normal -8.806865e-02 1.117090e-01 9.898308e-01
    outer loop
      vertex   1.579830e+02 -1.173672e+02 1.209192e+01
      vertex   1.572084e+02 -1.169205e+02 1.197259e+01
      vertex   1.569353e+02 -1.171358e+02 1.197259e+01
    endloop
  endfacet
  facet normal -7.605941e-02 9.647611e-02 9.924250e-01
    outer loop
      vertex   1.569353e+02 -1.171358e+02 1.197259e+01
      vertex   1.572084e+02 -1.169205e+02 1.197259e+01
      vertex   1.565695e+02 -1.161502e+02 1.184875e+01
    endloop
  endfacet
  facet normal -7.605941e-02 9.647611e-02 9.924250e-01
    outer loop
      vertex   1.569353e+02 -1.171358e+02 1.197259e+01
      vertex   1.565695e+02 -1.161502e+02 1.184875e+01
      vertex   1.563354e+02 -1.163348e+02 1.184875e+01
    endloop
  endfacet
  facet normal -6.449636e-02 8.180918e-02 9.945589e-01
    outer loop
      vertex   1.563354e+02 -1.163348e+02 1.184875e+01
      vertex   1.565695e+02 -1.161502e+02 1.184875e+01
      vertex   1.559307e+02 -1.153800e+02 1.174396e+01
    endloop
  endfacet
  facet normal -6.449636e-02 8.180918e-02 9.945589e-01
    outer loop
      vertex   1.563354e+02 -1.163348e+02 1.184875e+01
      vertex   1.559307e+02 -1.153800e+02 1.174396e+01
      vertex   1.557355e+02 -1.155338e+02 1.174396e+01
    endloop
  endfacet
  facet normal -5.286468e-02 6.705520e-02 9.963478e-01
    outer loop
      vertex   1.557355e+02 -1.155338e+02 1.174396e+01
      vertex   1.559307e+02 -1.153800e+02 1.174396e+01
      vertex   1.552918e+02 -1.146097e+02 1.165822e+01
    endloop
  endfacet
  facet normal -5.286468e-02 6.705520e-02 9.963478e-01
    outer loop
      vertex   1.557355e+02 -1.155338e+02 1.174396e+01
      vertex   1.552918e+02 -1.146097e+02 1.165822e+01
      vertex   1.551357e+02 -1.147328e+02 1.165822e+01
    endloop
  endfacet
  facet normal -4.117633e-02 5.222933e-02 9.977859e-01
    outer loop
      vertex   1.551357e+02 -1.147328e+02 1.165822e+01
      vertex   1.552918e+02 -1.146097e+02 1.165822e+01
      vertex   1.546529e+02 -1.138395e+02 1.159154e+01
    endloop
  endfacet
  facet normal -4.117633e-02 5.222933e-02 9.977859e-01
    outer loop
      vertex   1.551357e+02 -1.147328e+02 1.165822e+01
      vertex   1.546529e+02 -1.138395e+02 1.159154e+01
      vertex   1.545358e+02 -1.139318e+02 1.159154e+01
    endloop
  endfacet
  facet normal -2.944357e-02 3.734714e-02 9.988685e-01
    outer loop
      vertex   1.545358e+02 -1.139318e+02 1.159154e+01
      vertex   1.546529e+02 -1.138395e+02 1.159154e+01
      vertex   1.540140e+02 -1.130692e+02 1.154391e+01
    endloop
  endfacet
  facet normal -2.944357e-02 3.734714e-02 9.988685e-01
    outer loop
      vertex   1.545358e+02 -1.139318e+02 1.159154e+01
      vertex   1.540140e+02 -1.130692e+02 1.154391e+01
      vertex   1.539360e+02 -1.131308e+02 1.154391e+01
    endloop
  endfacet
  facet normal -1.767894e-02 2.242452e-02 9.995922e-01
    outer loop
      vertex   1.539360e+02 -1.131308e+02 1.154391e+01
      vertex   1.540140e+02 -1.130692e+02 1.154391e+01
      vertex   1.533751e+02 -1.122990e+02 1.151533e+01
    endloop
  endfacet
  facet normal -1.767894e-02 2.242452e-02 9.995922e-01
    outer loop
      vertex   1.539360e+02 -1.131308e+02 1.154391e+01
      vertex   1.533751e+02 -1.122990e+02 1.151533e+01
      vertex   1.533361e+02 -1.123298e+02 1.151533e+01
    endloop
  endfacet
  facet normal -5.895118e-03 7.477551e-03 9.999547e-01
    outer loop
      vertex   1.533361e+02 -1.123298e+02 1.151533e+01
      vertex   1.533751e+02 -1.122990e+02 1.151533e+01
      vertex   1.527363e+02 -1.115287e+02 1.150580e+01
    endloop
  endfacet
  facet normal -8.486922e-02 8.881667e-02 9.924257e-01
    outer loop
      vertex   1.574594e+02 -1.167020e+02 1.197259e+01
      vertex   1.576896e+02 -1.164821e+02 1.197259e+01
      vertex   1.567847e+02 -1.159630e+02 1.184875e+01
    endloop
  endfacet
  facet normal -8.486927e-02 8.881659e-02 9.924257e-01
    outer loop
      vertex   1.567847e+02 -1.159630e+02 1.184875e+01
      vertex   1.576896e+02 -1.164821e+02 1.197259e+01
      vertex   1.569820e+02 -1.157745e+02 1.184875e+01
    endloop
  endfacet
  facet normal -7.196680e-02 7.531419e-02 9.945595e-01
    outer loop
      vertex   1.567847e+02 -1.159630e+02 1.184875e+01
      vertex   1.569820e+02 -1.157745e+02 1.184875e+01
      vertex   1.561100e+02 -1.152239e+02 1.174396e+01
    endloop
  endfacet
  facet normal -7.196690e-02 7.531403e-02 9.945595e-01
    outer loop
      vertex   1.561100e+02 -1.152239e+02 1.174396e+01
      vertex   1.569820e+02 -1.157745e+02 1.184875e+01
      vertex   1.562743e+02 -1.150668e+02 1.174396e+01
    endloop
  endfacet
  facet normal -5.898780e-02 6.173158e-02 9.963482e-01
    outer loop
      vertex   1.561100e+02 -1.152239e+02 1.174396e+01
      vertex   1.562743e+02 -1.150668e+02 1.174396e+01
      vertex   1.554352e+02 -1.144849e+02 1.165822e+01
    endloop
  endfacet
  facet normal -5.898797e-02 6.173133e-02 9.963482e-01
    outer loop
      vertex   1.554352e+02 -1.144849e+02 1.165822e+01
      vertex   1.562743e+02 -1.150668e+02 1.174396e+01
      vertex   1.555667e+02 -1.143592e+02 1.165822e+01
    endloop
  endfacet
  facet normal -4.594555e-02 4.808282e-02 9.977861e-01
    outer loop
      vertex   1.554352e+02 -1.144849e+02 1.165822e+01
      vertex   1.555667e+02 -1.143592e+02 1.165822e+01
      vertex   1.547605e+02 -1.137459e+02 1.159154e+01
    endloop
  endfacet
  facet normal -4.594578e-02 4.808252e-02 9.977861e-01
    outer loop
      vertex   1.547605e+02 -1.137459e+02 1.159154e+01
      vertex   1.555667e+02 -1.143592e+02 1.165822e+01
      vertex   1.548591e+02 -1.136516e+02 1.159154e+01
    endloop
  endfacet
  facet normal -3.285381e-02 3.438217e-02 9.988686e-01
    outer loop
      vertex   1.547605e+02 -1.137459e+02 1.159154e+01
      vertex   1.548591e+02 -1.136516e+02 1.159154e+01
      vertex   1.540857e+02 -1.130068e+02 1.154391e+01
    endloop
  endfacet
  facet normal -3.285406e-02 3.438188e-02 9.988686e-01
    outer loop
      vertex   1.540857e+02 -1.130068e+02 1.154391e+01
      vertex   1.548591e+02 -1.136516e+02 1.159154e+01
      vertex   1.541515e+02 -1.129440e+02 1.154391e+01
    endloop
  endfacet
  facet normal -1.972651e-02 2.064430e-02 9.995923e-01
    outer loop
      vertex   1.540857e+02 -1.130068e+02 1.154391e+01
      vertex   1.541515e+02 -1.129440e+02 1.154391e+01
      vertex   1.534110e+02 -1.122678e+02 1.151533e+01
    endloop
  endfacet
  facet normal -1.972677e-02 2.064402e-02 9.995923e-01
    outer loop
      vertex   1.534110e+02 -1.122678e+02 1.151533e+01
      vertex   1.541515e+02 -1.129440e+02 1.154391e+01
      vertex   1.534439e+02 -1.122364e+02 1.151533e+01
    endloop
  endfacet
  facet normal -6.577796e-03 6.884012e-03 9.999547e-01
    outer loop
      vertex   1.534110e+02 -1.122678e+02 1.151533e+01
      vertex   1.534439e+02 -1.122364e+02 1.151533e+01
      vertex   1.527363e+02 -1.115287e+02 1.150580e+01
    endloop
  endfacet
  facet normal -6.933221e-03 6.528587e-03 9.999547e-01
    outer loop
      vertex   1.527363e+02 -1.115287e+02 1.150580e+01
      vertex   1.534439e+02 -1.122364e+02 1.151533e+01
      vertex   1.534851e+02 -1.121926e+02 1.151533e+01
    endloop
  endfacet
  facet normal -2.079172e-02 1.957906e-02 9.995921e-01
    outer loop
      vertex   1.534851e+02 -1.121926e+02 1.151533e+01
      vertex   1.534439e+02 -1.122364e+02 1.151533e+01
      vertex   1.541515e+02 -1.129440e+02 1.154391e+01
    endloop
  endfacet
  facet normal -2.079193e-02 1.957887e-02 9.995921e-01
    outer loop
      vertex   1.534851e+02 -1.121926e+02 1.151533e+01
      vertex   1.541515e+02 -1.129440e+02 1.154391e+01
      vertex   1.542339e+02 -1.128565e+02 1.154391e+01
    endloop
  endfacet
  facet normal -3.462783e-02 3.260807e-02 9.988682e-01
    outer loop
      vertex   1.542339e+02 -1.128565e+02 1.154391e+01
      vertex   1.541515e+02 -1.129440e+02 1.154391e+01
      vertex   1.548591e+02 -1.136516e+02 1.159154e+01
    endloop
  endfacet
  facet normal -3.462806e-02 3.260789e-02 9.988682e-01
    outer loop
      vertex   1.542339e+02 -1.128565e+02 1.154391e+01
      vertex   1.548591e+02 -1.136516e+02 1.159154e+01
      vertex   1.549827e+02 -1.135203e+02 1.159154e+01
    endloop
  endfacet
  facet normal -4.842645e-02 4.560177e-02 9.977852e-01
    outer loop
      vertex   1.549827e+02 -1.135203e+02 1.159154e+01
      vertex   1.548591e+02 -1.136516e+02 1.159154e+01
      vertex   1.555667e+02 -1.143592e+02 1.165822e+01
    endloop
  endfacet
  facet normal -4.842669e-02 4.560160e-02 9.977852e-01
    outer loop
      vertex   1.549827e+02 -1.135203e+02 1.159154e+01
      vertex   1.555667e+02 -1.143592e+02 1.165822e+01
      vertex   1.557315e+02 -1.141842e+02 1.165822e+01
    endloop
  endfacet
  facet normal -6.217284e-02 5.854629e-02 9.963468e-01
    outer loop
      vertex   1.557315e+02 -1.141842e+02 1.165822e+01
      vertex   1.555667e+02 -1.143592e+02 1.165822e+01
      vertex   1.562743e+02 -1.150668e+02 1.174396e+01
    endloop
  endfacet
  facet normal -6.217304e-02 5.854617e-02 9.963468e-01
    outer loop
      vertex   1.557315e+02 -1.141842e+02 1.165822e+01
      vertex   1.562743e+02 -1.150668e+02 1.174396e+01
      vertex   1.564804e+02 -1.148481e+02 1.174396e+01
    endloop
  endfacet
  facet normal -7.585262e-02 7.142800e-02 9.945574e-01
    outer loop
      vertex   1.564804e+02 -1.148481e+02 1.174396e+01
      vertex   1.562743e+02 -1.150668e+02 1.174396e+01
      vertex   1.569820e+02 -1.157745e+02 1.184875e+01
    endloop
  endfacet
  facet normal -7.585275e-02 7.142794e-02 9.945574e-01
    outer loop
      vertex   1.564804e+02 -1.148481e+02 1.174396e+01
      vertex   1.569820e+02 -1.157745e+02 1.184875e+01
      vertex   1.572292e+02 -1.155119e+02 1.184875e+01
    endloop
  endfacet
  facet normal -8.945165e-02 8.423370e-02 9.924228e-01
    outer loop
      vertex   1.572292e+02 -1.155119e+02 1.184875e+01
      vertex   1.569820e+02 -1.157745e+02 1.184875e+01
      vertex   1.576896e+02 -1.164821e+02 1.197259e+01
    endloop
  endfacet
  facet normal -8.945171e-02 8.423367e-02 9.924228e-01
    outer loop
      vertex   1.572292e+02 -1.155119e+02 1.184875e+01
      vertex   1.576896e+02 -1.164821e+02 1.197259e+01
      vertex   1.579780e+02 -1.161758e+02 1.197259e+01
    endloop
  endfacet
  facet normal -1.020169e-01 9.606590e-02 9.901333e-01
    outer loop
      vertex   1.579780e+02 -1.161758e+02 1.197259e+01
      vertex   1.576896e+02 -1.164821e+02 1.197259e+01
      vertex   1.585608e+02 -1.168895e+02 1.210188e+01
    endloop
  endfacet
  facet normal -9.894808e-02 9.858328e-02 9.901973e-01
    outer loop
      vertex   1.579780e+02 -1.161758e+02 1.197259e+01
      vertex   1.585608e+02 -1.168895e+02 1.210188e+01
      vertex   1.585747e+02 -1.167755e+02 1.209192e+01
    endloop
  endfacet
  facet normal -1.000860e-01 9.982256e-02 9.899587e-01
    outer loop
      vertex   1.583972e+02 -1.171897e+02 1.211548e+01
      vertex   1.584709e+02 -1.171003e+02 1.211392e+01
      vertex   1.576896e+02 -1.164821e+02 1.197259e+01
    endloop
  endfacet
  facet normal -1.003221e-01 9.952561e-02 9.899647e-01
    outer loop
      vertex   1.576896e+02 -1.164821e+02 1.197259e+01
      vertex   1.584709e+02 -1.171003e+02 1.211392e+01
      vertex   1.585257e+02 -1.169993e+02 1.210933e+01
    endloop
  endfacet
  facet normal -1.005359e-01 9.918334e-02 9.899774e-01
    outer loop
      vertex   1.576896e+02 -1.164821e+02 1.197259e+01
      vertex   1.585257e+02 -1.169993e+02 1.210933e+01
      vertex   1.585608e+02 -1.168895e+02 1.210188e+01
    endloop
  endfacet
  facet normal -1.110589e-01 8.650278e-02 9.900420e-01
    outer loop
      vertex   1.585747e+02 -1.167755e+02 1.209192e+01
      vertex   1.586078e+02 -1.154637e+02 1.198102e+01
      vertex   1.579780e+02 -1.161758e+02 1.197259e+01
    endloop
  endfacet
  facet normal -2.137273e-01 1.776568e-01 9.606033e-01
    outer loop
      vertex   1.579780e+02 -1.161758e+02 1.197259e+01
      vertex   1.586078e+02 -1.154637e+02 1.198102e+01
      vertex   1.582630e+02 -1.158329e+02 1.197259e+01
    endloop
  endfacet
  facet normal -9.449378e-02 7.854618e-02 9.924220e-01
    outer loop
      vertex   1.579780e+02 -1.161758e+02 1.197259e+01
      vertex   1.582630e+02 -1.158329e+02 1.197259e+01
      vertex   1.574735e+02 -1.152180e+02 1.184875e+01
    endloop
  endfacet
  facet normal -9.944297e-02 7.219087e-02 9.924211e-01
    outer loop
      vertex   1.574735e+02 -1.152180e+02 1.184875e+01
      vertex   1.582630e+02 -1.158329e+02 1.197259e+01
      vertex   1.577114e+02 -1.148903e+02 1.184875e+01
    endloop
  endfacet
  facet normal -8.432510e-02 6.121601e-02 9.945561e-01
    outer loop
      vertex   1.574735e+02 -1.152180e+02 1.184875e+01
      vertex   1.577114e+02 -1.148903e+02 1.184875e+01
      vertex   1.568822e+02 -1.143300e+02 1.174396e+01
    endloop
  endfacet
  facet normal -8.837575e-02 5.522075e-02 9.945554e-01
    outer loop
      vertex   1.568822e+02 -1.143300e+02 1.174396e+01
      vertex   1.577114e+02 -1.148903e+02 1.184875e+01
      vertex   1.570716e+02 -1.140270e+02 1.174396e+01
    endloop
  endfacet
  facet normal -7.243759e-02 4.526194e-02 9.963454e-01
    outer loop
      vertex   1.568822e+02 -1.143300e+02 1.174396e+01
      vertex   1.570716e+02 -1.140270e+02 1.174396e+01
      vertex   1.562045e+02 -1.135273e+02 1.165822e+01
    endloop
  endfacet
  facet normal -7.557161e-02 3.982314e-02 9.963448e-01
    outer loop
      vertex   1.562045e+02 -1.135273e+02 1.165822e+01
      vertex   1.570716e+02 -1.140270e+02 1.174396e+01
      vertex   1.563455e+02 -1.132598e+02 1.165822e+01
    endloop
  endfacet
  facet normal -5.886283e-02 3.101830e-02 9.977841e-01
    outer loop
      vertex   1.562045e+02 -1.135273e+02 1.165822e+01
      vertex   1.563455e+02 -1.132598e+02 1.165822e+01
      vertex   1.554432e+02 -1.128270e+02 1.159154e+01
    endloop
  endfacet
  facet normal -6.051611e-02 2.757145e-02 9.977864e-01
    outer loop
      vertex   1.554432e+02 -1.128270e+02 1.159154e+01
      vertex   1.563455e+02 -1.132598e+02 1.165822e+01
      vertex   1.554922e+02 -1.127194e+02 1.159154e+01
    endloop
  endfacet
  facet normal -4.327269e-02 1.971526e-02 9.988688e-01
    outer loop
      vertex   1.554432e+02 -1.128270e+02 1.159154e+01
      vertex   1.554922e+02 -1.127194e+02 1.159154e+01
      vertex   1.545736e+02 -1.123225e+02 1.154391e+01
    endloop
  endfacet
  facet normal -4.402554e-02 1.797268e-02 9.988687e-01
    outer loop
      vertex   1.545736e+02 -1.123225e+02 1.154391e+01
      vertex   1.554922e+02 -1.127194e+02 1.159154e+01
      vertex   1.546042e+02 -1.122476e+02 1.154391e+01
    endloop
  endfacet
  facet normal -2.643446e-02 1.079142e-02 9.995923e-01
    outer loop
      vertex   1.545736e+02 -1.123225e+02 1.154391e+01
      vertex   1.546042e+02 -1.122476e+02 1.154391e+01
      vertex   1.536702e+02 -1.118882e+02 1.151533e+01
    endloop
  endfacet
  facet normal -2.685496e-02 9.698705e-03 9.995923e-01
    outer loop
      vertex   1.536702e+02 -1.118882e+02 1.151533e+01
      vertex   1.546042e+02 -1.122476e+02 1.154391e+01
      vertex   1.536843e+02 -1.118490e+02 1.151533e+01
    endloop
  endfacet
  facet normal -8.954898e-03 3.234074e-03 9.999547e-01
    outer loop
      vertex   1.536702e+02 -1.118882e+02 1.151533e+01
      vertex   1.536843e+02 -1.118490e+02 1.151533e+01
      vertex   1.527363e+02 -1.115287e+02 1.150580e+01
    endloop
  endfacet
  facet normal -1.094397e-01 6.188449e-02 9.920651e-01
    outer loop
      vertex   1.586315e+02 -1.141520e+02 1.190181e+01
      vertex   1.579387e+02 -1.145266e+02 1.184875e+01
      vertex   1.586078e+02 -1.154637e+02 1.198102e+01
    endloop
  endfacet
  facet normal -1.046178e-01 6.536943e-02 9.923618e-01
    outer loop
      vertex   1.586078e+02 -1.154637e+02 1.198102e+01
      vertex   1.579387e+02 -1.145266e+02 1.184875e+01
      vertex   1.577114e+02 -1.148903e+02 1.184875e+01
    endloop
  endfacet
  facet normal -1.148299e-01 4.935958e-02 9.921581e-01
    outer loop
      vertex   1.586078e+02 -1.154637e+02 1.198102e+01
      vertex   1.577114e+02 -1.148903e+02 1.184875e+01
      vertex   1.585406e+02 -1.154505e+02 1.197259e+01
    endloop
  endfacet
  facet normal -9.944297e-02 7.219087e-02 9.924211e-01
    outer loop
      vertex   1.585406e+02 -1.154505e+02 1.197259e+01
      vertex   1.577114e+02 -1.148903e+02 1.184875e+01
      vertex   1.582630e+02 -1.158329e+02 1.197259e+01
    endloop
  endfacet
  facet normal -1.088484e-01 7.901873e-02 9.909127e-01
    outer loop
      vertex   1.585406e+02 -1.154505e+02 1.197259e+01
      vertex   1.582630e+02 -1.158329e+02 1.197259e+01
      vertex   1.586078e+02 -1.154637e+02 1.198102e+01
    endloop
  endfacet
  facet normal -1.278298e-01 3.729607e-02 9.910946e-01
    outer loop
      vertex   1.586457e+02 -1.128404e+02 1.185428e+01
      vertex   1.584247e+02 -1.134505e+02 1.184875e+01
      vertex   1.586315e+02 -1.141520e+02 1.190181e+01
    endloop
  endfacet
  facet normal -1.144749e-01 4.134276e-02 9.925655e-01
    outer loop
      vertex   1.586315e+02 -1.141520e+02 1.190181e+01
      vertex   1.584247e+02 -1.134505e+02 1.184875e+01
      vertex   1.583400e+02 -1.136852e+02 1.184875e+01
    endloop
  endfacet
  facet normal -1.093038e-01 4.462143e-02 9.930063e-01
    outer loop
      vertex   1.586315e+02 -1.141520e+02 1.190181e+01
      vertex   1.583400e+02 -1.136852e+02 1.184875e+01
      vertex   1.582482e+02 -1.139101e+02 1.184875e+01
    endloop
  endfacet
  facet normal -9.643835e-02 3.936932e-02 9.945601e-01
    outer loop
      vertex   1.582482e+02 -1.139101e+02 1.184875e+01
      vertex   1.583400e+02 -1.136852e+02 1.184875e+01
      vertex   1.574060e+02 -1.133258e+02 1.174396e+01
    endloop
  endfacet
  facet normal -9.643835e-02 3.936932e-02 9.945601e-01
    outer loop
      vertex   1.582482e+02 -1.139101e+02 1.184875e+01
      vertex   1.574060e+02 -1.133258e+02 1.174396e+01
      vertex   1.573295e+02 -1.135132e+02 1.174396e+01
    endloop
  endfacet
  facet normal -7.904602e-02 3.226920e-02 9.963485e-01
    outer loop
      vertex   1.573295e+02 -1.135132e+02 1.174396e+01
      vertex   1.574060e+02 -1.133258e+02 1.174396e+01
      vertex   1.564721e+02 -1.129664e+02 1.165822e+01
    endloop
  endfacet
  facet normal -7.904602e-02 3.226920e-02 9.963485e-01
    outer loop
      vertex   1.573295e+02 -1.135132e+02 1.174396e+01
      vertex   1.564721e+02 -1.129664e+02 1.165822e+01
      vertex   1.564109e+02 -1.131163e+02 1.165822e+01
    endloop
  endfacet
  facet normal -6.156897e-02 2.513449e-02 9.977863e-01
    outer loop
      vertex   1.564109e+02 -1.131163e+02 1.165822e+01
      vertex   1.564721e+02 -1.129664e+02 1.165822e+01
      vertex   1.555381e+02 -1.126070e+02 1.159154e+01
    endloop
  endfacet
  facet normal -6.156897e-02 2.513449e-02 9.977863e-01
    outer loop
      vertex   1.564109e+02 -1.131163e+02 1.165822e+01
      vertex   1.555381e+02 -1.126070e+02 1.159154e+01
      vertex   1.554922e+02 -1.127194e+02 1.159154e+01
    endloop
  endfacet
  facet normal -4.402554e-02 1.797268e-02 9.988687e-01
    outer loop
      vertex   1.554922e+02 -1.127194e+02 1.159154e+01
      vertex   1.555381e+02 -1.126070e+02 1.159154e+01
      vertex   1.546042e+02 -1.122476e+02 1.154391e+01
    endloop
  endfacet
  facet normal -1.931015e-01 1.254700e-02 9.810986e-01
    outer loop
      vertex   1.586504e+02 -1.115287e+02 1.183844e+01
      vertex   1.586274e+02 -1.126893e+02 1.184875e+01
      vertex   1.586457e+02 -1.128404e+02 1.185428e+01
    endloop
  endfacet
  facet normal -1.066050e-01 2.349761e-02 9.940238e-01
    outer loop
      vertex   1.586457e+02 -1.128404e+02 1.185428e+01
      vertex   1.586274e+02 -1.126893e+02 1.184875e+01
      vertex   1.585694e+02 -1.129524e+02 1.184875e+01
    endloop
  endfacet
  facet normal -1.185209e-01 3.168917e-02 9.924458e-01
    outer loop
      vertex   1.586457e+02 -1.128404e+02 1.185428e+01
      vertex   1.585694e+02 -1.129524e+02 1.184875e+01
      vertex   1.585015e+02 -1.132062e+02 1.184875e+01
    endloop
  endfacet
  facet normal -1.006334e-01 2.690655e-02 9.945597e-01
    outer loop
      vertex   1.585015e+02 -1.132062e+02 1.184875e+01
      vertex   1.585694e+02 -1.129524e+02 1.184875e+01
      vertex   1.575972e+02 -1.127151e+02 1.174396e+01
    endloop
  endfacet
  facet normal -1.006334e-01 2.690655e-02 9.945597e-01
    outer loop
      vertex   1.585015e+02 -1.132062e+02 1.184875e+01
      vertex   1.575972e+02 -1.127151e+02 1.174396e+01
      vertex   1.575406e+02 -1.129266e+02 1.174396e+01
    endloop
  endfacet
  facet normal -8.248452e-02 2.205405e-02 9.963483e-01
    outer loop
      vertex   1.575406e+02 -1.129266e+02 1.174396e+01
      vertex   1.575972e+02 -1.127151e+02 1.174396e+01
      vertex   1.566250e+02 -1.124778e+02 1.165822e+01
    endloop
  endfacet
  facet normal -8.248452e-02 2.205405e-02 9.963483e-01
    outer loop
      vertex   1.575406e+02 -1.129266e+02 1.174396e+01
      vertex   1.566250e+02 -1.124778e+02 1.165822e+01
      vertex   1.565798e+02 -1.126471e+02 1.165822e+01
    endloop
  endfacet
  facet normal -6.424722e-02 1.717791e-02 9.977862e-01
    outer loop
      vertex   1.565798e+02 -1.126471e+02 1.165822e+01
      vertex   1.566250e+02 -1.124778e+02 1.165822e+01
      vertex   1.556528e+02 -1.122406e+02 1.159154e+01
    endloop
  endfacet
  facet normal -6.424722e-02 1.717791e-02 9.977862e-01
    outer loop
      vertex   1.565798e+02 -1.126471e+02 1.165822e+01
      vertex   1.556528e+02 -1.122406e+02 1.159154e+01
      vertex   1.556189e+02 -1.123675e+02 1.159154e+01
    endloop
  endfacet
  facet normal -4.594066e-02 1.228325e-02 9.988686e-01
    outer loop
      vertex   1.556189e+02 -1.123675e+02 1.159154e+01
      vertex   1.556528e+02 -1.122406e+02 1.159154e+01
      vertex   1.546806e+02 -1.120033e+02 1.154391e+01
    endloop
  endfacet
  facet normal -4.594066e-02 1.228325e-02 9.988686e-01
    outer loop
      vertex   1.556189e+02 -1.123675e+02 1.159154e+01
      vertex   1.546806e+02 -1.120033e+02 1.154391e+01
      vertex   1.546580e+02 -1.120879e+02 1.154391e+01
    endloop
  endfacet
  facet normal -2.758436e-02 7.375286e-03 9.995923e-01
    outer loop
      vertex   1.546580e+02 -1.120879e+02 1.154391e+01
      vertex   1.546806e+02 -1.120033e+02 1.154391e+01
      vertex   1.537084e+02 -1.117660e+02 1.151533e+01
    endloop
  endfacet
  facet normal -2.758436e-02 7.375286e-03 9.995923e-01
    outer loop
      vertex   1.546580e+02 -1.120879e+02 1.154391e+01
      vertex   1.537084e+02 -1.117660e+02 1.151533e+01
      vertex   1.536971e+02 -1.118083e+02 1.151533e+01
    endloop
  endfacet
  facet normal -9.198122e-03 2.459320e-03 9.999547e-01
    outer loop
      vertex   1.536971e+02 -1.118083e+02 1.151533e+01
      vertex   1.537084e+02 -1.117660e+02 1.151533e+01
      vertex   1.527363e+02 -1.115287e+02 1.150580e+01
    endloop
  endfacet
  facet normal -1.503498e-01 -1.248283e-02 9.885541e-01
    outer loop
      vertex   1.586457e+02 -1.102171e+02 1.185428e+01
      vertex   1.586179e+02 -1.103213e+02 1.184875e+01
      vertex   1.586504e+02 -1.115287e+02 1.183844e+01
    endloop
  endfacet
  facet normal -1.064598e-01 -1.135164e-02 9.942522e-01
    outer loop
      vertex   1.586504e+02 -1.115287e+02 1.183844e+01
      vertex   1.586179e+02 -1.103213e+02 1.184875e+01
      vertex   1.577162e+02 -1.110430e+02 1.174396e+01
    endloop
  endfacet
  facet normal -1.044803e-01 -7.497235e-03 9.944987e-01
    outer loop
      vertex   1.586504e+02 -1.115287e+02 1.183844e+01
      vertex   1.577162e+02 -1.110430e+02 1.174396e+01
      vertex   1.577346e+02 -1.112985e+02 1.174396e+01
    endloop
  endfacet
  facet normal -8.517045e-02 -6.111608e-03 9.963477e-01
    outer loop
      vertex   1.577346e+02 -1.112985e+02 1.174396e+01
      vertex   1.577162e+02 -1.110430e+02 1.174396e+01
      vertex   1.567202e+02 -1.111401e+02 1.165822e+01
    endloop
  endfacet
  facet normal -8.517045e-02 -6.111608e-03 9.963477e-01
    outer loop
      vertex   1.577346e+02 -1.112985e+02 1.174396e+01
      vertex   1.567202e+02 -1.111401e+02 1.165822e+01
      vertex   1.567349e+02 -1.113446e+02 1.165822e+01
    endloop
  endfacet
  facet normal -6.633931e-02 -4.760335e-03 9.977858e-01
    outer loop
      vertex   1.567349e+02 -1.113446e+02 1.165822e+01
      vertex   1.567202e+02 -1.111401e+02 1.165822e+01
      vertex   1.557242e+02 -1.112373e+02 1.159154e+01
    endloop
  endfacet
  facet normal -6.633931e-02 -4.760335e-03 9.977858e-01
    outer loop
      vertex   1.567349e+02 -1.113446e+02 1.165822e+01
      vertex   1.557242e+02 -1.112373e+02 1.159154e+01
      vertex   1.557352e+02 -1.113906e+02 1.159154e+01
    endloop
  endfacet
  facet normal -4.743664e-02 -3.403929e-03 9.988684e-01
    outer loop
      vertex   1.557352e+02 -1.113906e+02 1.159154e+01
      vertex   1.557242e+02 -1.112373e+02 1.159154e+01
      vertex   1.547282e+02 -1.113344e+02 1.154391e+01
    endloop
  endfacet
  facet normal -4.743664e-02 -3.403929e-03 9.988684e-01
    outer loop
      vertex   1.557352e+02 -1.113906e+02 1.159154e+01
      vertex   1.547282e+02 -1.113344e+02 1.154391e+01
      vertex   1.547356e+02 -1.114367e+02 1.154391e+01
    endloop
  endfacet
  facet normal -2.848261e-02 -2.043837e-03 9.995922e-01
    outer loop
      vertex   1.547356e+02 -1.114367e+02 1.154391e+01
      vertex   1.547282e+02 -1.113344e+02 1.154391e+01
      vertex   1.537322e+02 -1.114316e+02 1.151533e+01
    endloop
  endfacet
  facet normal -2.848261e-02 -2.043837e-03 9.995922e-01
    outer loop
      vertex   1.547356e+02 -1.114367e+02 1.154391e+01
      vertex   1.537322e+02 -1.114316e+02 1.151533e+01
      vertex   1.537359e+02 -1.114827e+02 1.151533e+01
    endloop
  endfacet
  facet normal -9.497645e-03 -6.815261e-04 9.999547e-01
    outer loop
      vertex   1.537359e+02 -1.114827e+02 1.151533e+01
      vertex   1.537322e+02 -1.114316e+02 1.151533e+01
      vertex   1.527363e+02 -1.115287e+02 1.150580e+01
    endloop
  endfacet
  facet normal -1.056595e-01 -2.467853e-02 9.940961e-01
    outer loop
      vertex   1.586179e+02 -1.103213e+02 1.184875e+01
      vertex   1.586457e+02 -1.102171e+02 1.185428e+01
      vertex   1.585443e+02 -1.100059e+02 1.184875e+01
    endloop
  endfacet
  facet normal -1.318042e-01 -3.732018e-02 9.905730e-01
    outer loop
      vertex   1.585443e+02 -1.100059e+02 1.184875e+01
      vertex   1.586457e+02 -1.102171e+02 1.185428e+01
      vertex   1.586315e+02 -1.089055e+02 1.190181e+01
    endloop
  endfacet
  facet normal -1.288285e-01 -3.757434e-02 9.909548e-01
    outer loop
      vertex   1.585443e+02 -1.100059e+02 1.184875e+01
      vertex   1.586315e+02 -1.089055e+02 1.190181e+01
      vertex   1.584523e+02 -1.096905e+02 1.184875e+01
    endloop
  endfacet
  facet normal -1.155116e-01 -4.071685e-02 9.924713e-01
    outer loop
      vertex   1.584523e+02 -1.096905e+02 1.184875e+01
      vertex   1.586315e+02 -1.089055e+02 1.190181e+01
      vertex   1.583416e+02 -1.093764e+02 1.184875e+01
    endloop
  endfacet
  facet normal -9.825772e-02 -3.463500e-02 9.945581e-01
    outer loop
      vertex   1.584523e+02 -1.096905e+02 1.184875e+01
      vertex   1.583416e+02 -1.093764e+02 1.184875e+01
      vertex   1.574073e+02 -1.097351e+02 1.174396e+01
    endloop
  endfacet
  facet normal -9.617402e-02 -4.006144e-02 9.945580e-01
    outer loop
      vertex   1.574073e+02 -1.097351e+02 1.174396e+01
      vertex   1.583416e+02 -1.093764e+02 1.184875e+01
      vertex   1.572994e+02 -1.094759e+02 1.174396e+01
    endloop
  endfacet
  facet normal -7.882941e-02 -3.283652e-02 9.963472e-01
    outer loop
      vertex   1.574073e+02 -1.097351e+02 1.174396e+01
      vertex   1.572994e+02 -1.094759e+02 1.174396e+01
      vertex   1.563867e+02 -1.098864e+02 1.165822e+01
    endloop
  endfacet
  facet normal -7.685284e-02 -3.723000e-02 9.963471e-01
    outer loop
      vertex   1.563867e+02 -1.098864e+02 1.165822e+01
      vertex   1.572994e+02 -1.094759e+02 1.174396e+01
      vertex   1.562878e+02 -1.096822e+02 1.165822e+01
    endloop
  endfacet
  facet normal -5.986074e-02 -2.899847e-02 9.977854e-01
    outer loop
      vertex   1.563867e+02 -1.098864e+02 1.165822e+01
      vertex   1.562878e+02 -1.096822e+02 1.165822e+01
      vertex   1.553999e+02 -1.101438e+02 1.159154e+01
    endloop
  endfacet
  facet normal -5.811305e-02 -3.235978e-02 9.977854e-01
    outer loop
      vertex   1.553999e+02 -1.101438e+02 1.159154e+01
      vertex   1.562878e+02 -1.096822e+02 1.165822e+01
      vertex   1.553163e+02 -1.099938e+02 1.159154e+01
    endloop
  endfacet
  facet normal -4.155437e-02 -2.313921e-02 9.988683e-01
    outer loop
      vertex   1.553999e+02 -1.101438e+02 1.159154e+01
      vertex   1.553163e+02 -1.099938e+02 1.159154e+01
      vertex   1.544563e+02 -1.105054e+02 1.154391e+01
    endloop
  endfacet
  facet normal -4.015818e-02 -2.548600e-02 9.988683e-01
    outer loop
      vertex   1.544563e+02 -1.105054e+02 1.154391e+01
      vertex   1.553163e+02 -1.099938e+02 1.159154e+01
      vertex   1.543945e+02 -1.104081e+02 1.154391e+01
    endloop
  endfacet
  facet normal -2.411237e-02 -1.530268e-02 9.995921e-01
    outer loop
      vertex   1.544563e+02 -1.105054e+02 1.154391e+01
      vertex   1.543945e+02 -1.104081e+02 1.154391e+01
      vertex   1.535654e+02 -1.109684e+02 1.151533e+01
    endloop
  endfacet
  facet normal -2.318843e-02 -1.666982e-02 9.995921e-01
    outer loop
      vertex   1.535654e+02 -1.109684e+02 1.151533e+01
      vertex   1.543945e+02 -1.104081e+02 1.154391e+01
      vertex   1.535315e+02 -1.109213e+02 1.151533e+01
    endloop
  endfacet
  facet normal -7.732279e-03 -5.558622e-03 9.999547e-01
    outer loop
      vertex   1.535654e+02 -1.109684e+02 1.151533e+01
      vertex   1.535315e+02 -1.109213e+02 1.151533e+01
      vertex   1.527363e+02 -1.115287e+02 1.150580e+01
    endloop
  endfacet
  facet normal -1.086675e-01 -6.187572e-02 9.921506e-01
    outer loop
      vertex   1.586078e+02 -1.075938e+02 1.198102e+01
      vertex   1.580635e+02 -1.087589e+02 1.184875e+01
      vertex   1.586315e+02 -1.089055e+02 1.190181e+01
    endloop
  endfacet
  facet normal -1.060375e-01 -5.136800e-02 9.930344e-01
    outer loop
      vertex   1.586315e+02 -1.089055e+02 1.190181e+01
      vertex   1.580635e+02 -1.087589e+02 1.184875e+01
      vertex   1.582120e+02 -1.090653e+02 1.184875e+01
    endloop
  endfacet
  facet normal -1.084092e-01 -4.515803e-02 9.930802e-01
    outer loop
      vertex   1.586315e+02 -1.089055e+02 1.190181e+01
      vertex   1.582120e+02 -1.090653e+02 1.184875e+01
      vertex   1.583416e+02 -1.093764e+02 1.184875e+01
    endloop
  endfacet
  facet normal -9.617402e-02 -4.006144e-02 9.945580e-01
    outer loop
      vertex   1.583416e+02 -1.093764e+02 1.184875e+01
      vertex   1.582120e+02 -1.090653e+02 1.184875e+01
      vertex   1.572994e+02 -1.094759e+02 1.174396e+01
    endloop
  endfacet
  facet normal -1.175419e-01 -8.660243e-02 9.892846e-01
    outer loop
      vertex   1.585747e+02 -1.062820e+02 1.209192e+01
      vertex   1.583033e+02 -1.072768e+02 1.197259e+01
      vertex   1.586078e+02 -1.075938e+02 1.198102e+01
    endloop
  endfacet
  facet normal -1.090246e-01 -7.837615e-02 9.909444e-01
    outer loop
      vertex   1.586078e+02 -1.075938e+02 1.198102e+01
      vertex   1.583033e+02 -1.072768e+02 1.197259e+01
      vertex   1.585402e+02 -1.076063e+02 1.197259e+01
    endloop
  endfacet
  facet normal -1.144523e-01 -4.992641e-02 9.921734e-01
    outer loop
      vertex   1.586078e+02 -1.075938e+02 1.198102e+01
      vertex   1.585402e+02 -1.076063e+02 1.197259e+01
      vertex   1.577110e+02 -1.081667e+02 1.184875e+01
    endloop
  endfacet
  facet normal -9.976247e-02 -7.171777e-02 9.924233e-01
    outer loop
      vertex   1.577110e+02 -1.081667e+02 1.184875e+01
      vertex   1.585402e+02 -1.076063e+02 1.197259e+01
      vertex   1.575080e+02 -1.078842e+02 1.184875e+01
    endloop
  endfacet
  facet normal -8.459597e-02 -6.081480e-02 9.945577e-01
    outer loop
      vertex   1.577110e+02 -1.081667e+02 1.184875e+01
      vertex   1.575080e+02 -1.078842e+02 1.184875e+01
      vertex   1.567127e+02 -1.084916e+02 1.174396e+01
    endloop
  endfacet
  facet normal -8.092482e-02 -6.562135e-02 9.945577e-01
    outer loop
      vertex   1.567127e+02 -1.084916e+02 1.174396e+01
      vertex   1.575080e+02 -1.078842e+02 1.184875e+01
      vertex   1.565294e+02 -1.082656e+02 1.174396e+01
    endloop
  endfacet
  facet normal -6.633035e-02 -5.378680e-02 9.963470e-01
    outer loop
      vertex   1.567127e+02 -1.084916e+02 1.174396e+01
      vertex   1.565294e+02 -1.082656e+02 1.174396e+01
      vertex   1.557708e+02 -1.089182e+02 1.165822e+01
    endloop
  endfacet
  facet normal -6.308752e-02 -5.755630e-02 9.963469e-01
    outer loop
      vertex   1.557708e+02 -1.089182e+02 1.165822e+01
      vertex   1.565294e+02 -1.082656e+02 1.174396e+01
      vertex   1.556135e+02 -1.087458e+02 1.165822e+01
    endloop
  endfacet
  facet normal -4.913892e-02 -4.483064e-02 9.977853e-01
    outer loop
      vertex   1.557708e+02 -1.089182e+02 1.165822e+01
      vertex   1.556135e+02 -1.087458e+02 1.165822e+01
      vertex   1.548942e+02 -1.094416e+02 1.159154e+01
    endloop
  endfacet
  facet normal -4.644630e-02 -4.761454e-02 9.977853e-01
    outer loop
      vertex   1.548942e+02 -1.094416e+02 1.159154e+01
      vertex   1.556135e+02 -1.087458e+02 1.165822e+01
      vertex   1.554468e+02 -1.085833e+02 1.165822e+01
    endloop
  endfacet
  facet normal -4.644519e-02 -4.761526e-02 9.977854e-01
    outer loop
      vertex   1.548942e+02 -1.094416e+02 1.159154e+01
      vertex   1.554468e+02 -1.085833e+02 1.165822e+01
      vertex   1.547691e+02 -1.093196e+02 1.159154e+01
    endloop
  endfacet
  facet normal -4.359376e-02 -5.023991e-02 9.977853e-01
    outer loop
      vertex   1.547691e+02 -1.093196e+02 1.159154e+01
      vertex   1.554468e+02 -1.085833e+02 1.165822e+01
      vertex   1.552703e+02 -1.084300e+02 1.165822e+01
    endloop
  endfacet
  facet normal -4.359261e-02 -5.024056e-02 9.977853e-01
    outer loop
      vertex   1.547691e+02 -1.093196e+02 1.159154e+01
      vertex   1.552703e+02 -1.084300e+02 1.165822e+01
      vertex   1.546368e+02 -1.092047e+02 1.159154e+01
    endloop
  endfacet
  facet normal -4.059470e-02 -5.269215e-02 9.977854e-01
    outer loop
      vertex   1.546368e+02 -1.092047e+02 1.159154e+01
      vertex   1.552703e+02 -1.084300e+02 1.165822e+01
      vertex   1.544986e+02 -1.090983e+02 1.159154e+01
    endloop
  endfacet
  facet normal -2.902769e-02 -3.767810e-02 9.988682e-01
    outer loop
      vertex   1.546368e+02 -1.092047e+02 1.159154e+01
      vertex   1.544986e+02 -1.090983e+02 1.159154e+01
      vertex   1.539112e+02 -1.099085e+02 1.154391e+01
    endloop
  endfacet
  facet normal -2.679647e-02 -3.929602e-02 9.988682e-01
    outer loop
      vertex   1.539112e+02 -1.099085e+02 1.154391e+01
      vertex   1.544986e+02 -1.090983e+02 1.159154e+01
      vertex   1.538156e+02 -1.098433e+02 1.154391e+01
    endloop
  endfacet
  facet normal -1.608953e-02 -2.359470e-02 9.995921e-01
    outer loop
      vertex   1.539112e+02 -1.099085e+02 1.154391e+01
      vertex   1.538156e+02 -1.098433e+02 1.154391e+01
      vertex   1.532759e+02 -1.106860e+02 1.151533e+01
    endloop
  endfacet
  facet normal -1.470346e-02 -2.448230e-02 9.995921e-01
    outer loop
      vertex   1.532759e+02 -1.106860e+02 1.151533e+01
      vertex   1.538156e+02 -1.098433e+02 1.154391e+01
      vertex   1.532266e+02 -1.106564e+02 1.151533e+01
    endloop
  endfacet
  facet normal -4.902931e-03 -8.163725e-03 9.999547e-01
    outer loop
      vertex   1.532759e+02 -1.106860e+02 1.151533e+01
      vertex   1.532266e+02 -1.106564e+02 1.151533e+01
      vertex   1.527363e+02 -1.115287e+02 1.150580e+01
    endloop
  endfacet
  facet normal -1.007532e-01 -9.878586e-02 9.899950e-01
    outer loop
      vertex   1.585608e+02 -1.061680e+02 1.210188e+01
      vertex   1.577714e+02 -1.066587e+02 1.197259e+01
      vertex   1.585747e+02 -1.062820e+02 1.209192e+01
    endloop
  endfacet
  facet normal -1.030323e-01 -9.399891e-02 9.902265e-01
    outer loop
      vertex   1.585747e+02 -1.062820e+02 1.209192e+01
      vertex   1.577714e+02 -1.066587e+02 1.197259e+01
      vertex   1.580466e+02 -1.069603e+02 1.197259e+01
    endloop
  endfacet
  facet normal -1.095825e-01 -8.885963e-02 9.899978e-01
    outer loop
      vertex   1.585747e+02 -1.062820e+02 1.209192e+01
      vertex   1.580466e+02 -1.069603e+02 1.197259e+01
      vertex   1.583033e+02 -1.072768e+02 1.197259e+01
    endloop
  endfacet
  facet normal -9.543315e-02 -7.738605e-02 9.924233e-01
    outer loop
      vertex   1.583033e+02 -1.072768e+02 1.197259e+01
      vertex   1.580466e+02 -1.069603e+02 1.197259e+01
      vertex   1.572880e+02 -1.076129e+02 1.184875e+01
    endloop
  endfacet
  facet normal -9.543315e-02 -7.738605e-02 9.924233e-01
    outer loop
      vertex   1.583033e+02 -1.072768e+02 1.197259e+01
      vertex   1.572880e+02 -1.076129e+02 1.184875e+01
      vertex   1.575080e+02 -1.078842e+02 1.184875e+01
    endloop
  endfacet
  facet normal -8.092482e-02 -6.562135e-02 9.945577e-01
    outer loop
      vertex   1.575080e+02 -1.078842e+02 1.184875e+01
      vertex   1.572880e+02 -1.076129e+02 1.184875e+01
      vertex   1.565294e+02 -1.082656e+02 1.174396e+01
    endloop
  endfacet
  facet normal -1.005090e-01 -9.917506e-02 9.899809e-01
    outer loop
      vertex   1.585608e+02 -1.061680e+02 1.210188e+01
      vertex   1.585257e+02 -1.060582e+02 1.210933e+01
      vertex   1.577714e+02 -1.066587e+02 1.197259e+01
    endloop
  endfacet
  facet normal -1.002567e-01 -9.949055e-02 9.899749e-01
    outer loop
      vertex   1.577714e+02 -1.066587e+02 1.197259e+01
      vertex   1.585257e+02 -1.060582e+02 1.210933e+01
      vertex   1.584709e+02 -1.059572e+02 1.211392e+01
    endloop
  endfacet
  facet normal -9.999729e-02 -9.974929e-02 9.899751e-01
    outer loop
      vertex   1.577714e+02 -1.066587e+02 1.197259e+01
      vertex   1.584709e+02 -1.059572e+02 1.211392e+01
      vertex   1.583974e+02 -1.058680e+02 1.211548e+01
    endloop
  endfacet
  facet normal -9.972604e-02 -9.996503e-02 9.899807e-01
    outer loop
      vertex   1.583974e+02 -1.058680e+02 1.211548e+01
      vertex   1.583087e+02 -1.057948e+02 1.211395e+01
      vertex   1.577714e+02 -1.066587e+02 1.197259e+01
    endloop
  endfacet
  facet normal -9.836035e-02 -1.008226e-01 9.900303e-01
    outer loop
      vertex   1.577714e+02 -1.066587e+02 1.197259e+01
      vertex   1.583087e+02 -1.057948e+02 1.211395e+01
      vertex   1.574804e+02 -1.063747e+02 1.197259e+01
    endloop
  endfacet
  facet normal -8.579880e-02 -8.794658e-02 9.924233e-01
    outer loop
      vertex   1.577714e+02 -1.066587e+02 1.197259e+01
      vertex   1.574804e+02 -1.063747e+02 1.197259e+01
      vertex   1.570521e+02 -1.073544e+02 1.184875e+01
    endloop
  endfacet
  facet normal -8.579647e-02 -8.794762e-02 9.924234e-01
    outer loop
      vertex   1.570521e+02 -1.073544e+02 1.184875e+01
      vertex   1.574804e+02 -1.063747e+02 1.197259e+01
      vertex   1.568025e+02 -1.071108e+02 1.184875e+01
    endloop
  endfacet
  facet normal -7.275373e-02 -7.457786e-02 9.945577e-01
    outer loop
      vertex   1.570521e+02 -1.073544e+02 1.184875e+01
      vertex   1.568025e+02 -1.071108e+02 1.184875e+01
      vertex   1.563328e+02 -1.080501e+02 1.174396e+01
    endloop
  endfacet
  facet normal -7.275183e-02 -7.457882e-02 9.945578e-01
    outer loop
      vertex   1.563328e+02 -1.080501e+02 1.174396e+01
      vertex   1.568025e+02 -1.071108e+02 1.184875e+01
      vertex   1.561246e+02 -1.078470e+02 1.174396e+01
    endloop
  endfacet
  facet normal -5.963173e-02 -6.112924e-02 9.963470e-01
    outer loop
      vertex   1.563328e+02 -1.080501e+02 1.174396e+01
      vertex   1.561246e+02 -1.078470e+02 1.174396e+01
      vertex   1.556135e+02 -1.087458e+02 1.165822e+01
    endloop
  endfacet
  facet normal -5.963024e-02 -6.113009e-02 9.963470e-01
    outer loop
      vertex   1.556135e+02 -1.087458e+02 1.165822e+01
      vertex   1.561246e+02 -1.078470e+02 1.174396e+01
      vertex   1.554468e+02 -1.085833e+02 1.165822e+01
    endloop
  endfacet
  facet normal -9.917580e-02 -9.966650e-02 9.900660e-01
    outer loop
      vertex   1.583087e+02 -1.057948e+02 1.211395e+01
      vertex   1.582073e+02 -1.057395e+02 1.210936e+01
      vertex   1.574804e+02 -1.063747e+02 1.197259e+01
    endloop
  endfacet
  facet normal -9.898350e-02 -9.988594e-02 9.900632e-01
    outer loop
      vertex   1.574804e+02 -1.063747e+02 1.197259e+01
      vertex   1.582073e+02 -1.057395e+02 1.210936e+01
      vertex   1.580977e+02 -1.057044e+02 1.210193e+01
    endloop
  endfacet
  facet normal -9.871746e-02 -1.001313e-01 9.900649e-01
    outer loop
      vertex   1.574804e+02 -1.063747e+02 1.197259e+01
      vertex   1.580977e+02 -1.057044e+02 1.210193e+01
      vertex   1.579830e+02 -1.056903e+02 1.209192e+01
    endloop
  endfacet
  facet normal -9.151001e-02 -1.054489e-01 9.902053e-01
    outer loop
      vertex   1.574804e+02 -1.063747e+02 1.197259e+01
      vertex   1.579830e+02 -1.056903e+02 1.209192e+01
      vertex   1.571708e+02 -1.061060e+02 1.197259e+01
    endloop
  endfacet
  facet normal -8.656286e-02 -1.149392e-01 9.895938e-01
    outer loop
      vertex   1.571708e+02 -1.061060e+02 1.197259e+01
      vertex   1.579830e+02 -1.056903e+02 1.209192e+01
      vertex   1.566712e+02 -1.056572e+02 1.198102e+01
    endloop
  endfacet
  facet normal -1.001910e-01 -1.300485e-01 9.864325e-01
    outer loop
      vertex   1.571708e+02 -1.061060e+02 1.197259e+01
      vertex   1.566712e+02 -1.056572e+02 1.198102e+01
      vertex   1.568485e+02 -1.058577e+02 1.197259e+01
    endloop
  endfacet
  facet normal -6.860569e-02 -1.023767e-01 9.923771e-01
    outer loop
      vertex   1.568485e+02 -1.058577e+02 1.197259e+01
      vertex   1.566712e+02 -1.056572e+02 1.198102e+01
      vertex   1.559742e+02 -1.064723e+02 1.184875e+01
    endloop
  endfacet
  facet normal -6.922124e-02 -1.015104e-01 9.924233e-01
    outer loop
      vertex   1.568485e+02 -1.058577e+02 1.197259e+01
      vertex   1.559742e+02 -1.064723e+02 1.184875e+01
      vertex   1.562610e+02 -1.066679e+02 1.184875e+01
    endloop
  endfacet
  facet normal -5.869780e-02 -8.607814e-02 9.945578e-01
    outer loop
      vertex   1.562610e+02 -1.066679e+02 1.184875e+01
      vertex   1.559742e+02 -1.064723e+02 1.184875e+01
      vertex   1.554346e+02 -1.073150e+02 1.174396e+01
    endloop
  endfacet
  facet normal -5.869780e-02 -8.607814e-02 9.945578e-01
    outer loop
      vertex   1.562610e+02 -1.066679e+02 1.184875e+01
      vertex   1.554346e+02 -1.073150e+02 1.174396e+01
      vertex   1.556736e+02 -1.074780e+02 1.174396e+01
    endloop
  endfacet
  facet normal -4.811189e-02 -7.055429e-02 9.963470e-01
    outer loop
      vertex   1.556736e+02 -1.074780e+02 1.174396e+01
      vertex   1.554346e+02 -1.073150e+02 1.174396e+01
      vertex   1.548949e+02 -1.081578e+02 1.165822e+01
    endloop
  endfacet
  facet normal -4.811189e-02 -7.055429e-02 9.963470e-01
    outer loop
      vertex   1.556736e+02 -1.074780e+02 1.174396e+01
      vertex   1.548949e+02 -1.081578e+02 1.165822e+01
      vertex   1.550861e+02 -1.082882e+02 1.165822e+01
    endloop
  endfacet
  facet normal -3.747439e-02 -5.495479e-02 9.977854e-01
    outer loop
      vertex   1.550861e+02 -1.082882e+02 1.165822e+01
      vertex   1.548949e+02 -1.081578e+02 1.165822e+01
      vertex   1.543552e+02 -1.090005e+02 1.159154e+01
    endloop
  endfacet
  facet normal -3.747439e-02 -5.495479e-02 9.977854e-01
    outer loop
      vertex   1.550861e+02 -1.082882e+02 1.165822e+01
      vertex   1.543552e+02 -1.090005e+02 1.159154e+01
      vertex   1.544986e+02 -1.090983e+02 1.159154e+01
    endloop
  endfacet
  facet normal -2.679647e-02 -3.929602e-02 9.988682e-01
    outer loop
      vertex   1.544986e+02 -1.090983e+02 1.159154e+01
      vertex   1.543552e+02 -1.090005e+02 1.159154e+01
      vertex   1.538156e+02 -1.098433e+02 1.154391e+01
    endloop
  endfacet
  facet normal -6.186936e-02 -1.081100e-01 9.922119e-01
    outer loop
      vertex   1.566712e+02 -1.056572e+02 1.198102e+01
      vertex   1.553595e+02 -1.056335e+02 1.190181e+01
      vertex   1.559742e+02 -1.064723e+02 1.184875e+01
    endloop
  endfacet
  facet normal -6.727968e-02 -1.120254e-01 9.914251e-01
    outer loop
      vertex   1.559742e+02 -1.064723e+02 1.184875e+01
      vertex   1.553595e+02 -1.056335e+02 1.190181e+01
      vertex   1.556785e+02 -1.062947e+02 1.184875e+01
    endloop
  endfacet
  facet normal -5.364114e-02 -8.931626e-02 9.945578e-01
    outer loop
      vertex   1.559742e+02 -1.064723e+02 1.184875e+01
      vertex   1.556785e+02 -1.062947e+02 1.184875e+01
      vertex   1.551881e+02 -1.071670e+02 1.174396e+01
    endloop
  endfacet
  facet normal -4.844366e-02 -9.223796e-02 9.945579e-01
    outer loop
      vertex   1.551881e+02 -1.071670e+02 1.174396e+01
      vertex   1.556785e+02 -1.062947e+02 1.184875e+01
      vertex   1.549356e+02 -1.070344e+02 1.174396e+01
    endloop
  endfacet
  facet normal -3.970704e-02 -7.560321e-02 9.963471e-01
    outer loop
      vertex   1.551881e+02 -1.071670e+02 1.174396e+01
      vertex   1.549356e+02 -1.070344e+02 1.174396e+01
      vertex   1.544957e+02 -1.079333e+02 1.165822e+01
    endloop
  endfacet
  facet normal -3.535523e-02 -7.773282e-02 9.963471e-01
    outer loop
      vertex   1.544957e+02 -1.079333e+02 1.165822e+01
      vertex   1.549356e+02 -1.070344e+02 1.174396e+01
      vertex   1.542900e+02 -1.078397e+02 1.165822e+01
    endloop
  endfacet
  facet normal -2.753821e-02 -6.054615e-02 9.977855e-01
    outer loop
      vertex   1.544957e+02 -1.079333e+02 1.165822e+01
      vertex   1.542900e+02 -1.078397e+02 1.165822e+01
      vertex   1.539016e+02 -1.087620e+02 1.159154e+01
    endloop
  endfacet
  facet normal -2.409575e-02 -6.199603e-02 9.977855e-01
    outer loop
      vertex   1.539016e+02 -1.087620e+02 1.159154e+01
      vertex   1.542900e+02 -1.078397e+02 1.165822e+01
      vertex   1.537453e+02 -1.087012e+02 1.159154e+01
    endloop
  endfacet
  facet normal -1.722993e-02 -4.433094e-02 9.988683e-01
    outer loop
      vertex   1.539016e+02 -1.087620e+02 1.159154e+01
      vertex   1.537453e+02 -1.087012e+02 1.159154e+01
      vertex   1.534089e+02 -1.096437e+02 1.154391e+01
    endloop
  endfacet
  facet normal -1.474368e-02 -4.521817e-02 9.988683e-01
    outer loop
      vertex   1.534089e+02 -1.096437e+02 1.154391e+01
      vertex   1.537453e+02 -1.087012e+02 1.159154e+01
      vertex   1.533040e+02 -1.096095e+02 1.154391e+01
    endloop
  endfacet
  facet normal -8.852618e-03 -2.715056e-02 9.995922e-01
    outer loop
      vertex   1.534089e+02 -1.096437e+02 1.154391e+01
      vertex   1.533040e+02 -1.096095e+02 1.154391e+01
      vertex   1.530201e+02 -1.105691e+02 1.151533e+01
    endloop
  endfacet
  facet normal -7.352627e-03 -2.759427e-02 9.995922e-01
    outer loop
      vertex   1.530201e+02 -1.105691e+02 1.151533e+01
      vertex   1.533040e+02 -1.096095e+02 1.154391e+01
      vertex   1.529675e+02 -1.105551e+02 1.151533e+01
    endloop
  endfacet
  facet normal -2.451764e-03 -9.201425e-03 9.999547e-01
    outer loop
      vertex   1.530201e+02 -1.105691e+02 1.151533e+01
      vertex   1.529675e+02 -1.105551e+02 1.151533e+01
      vertex   1.527363e+02 -1.115287e+02 1.150580e+01
    endloop
  endfacet
  facet normal -3.727919e-02 -1.251027e-01 9.914432e-01
    outer loop
      vertex   1.540479e+02 -1.056193e+02 1.185428e+01
      vertex   1.547543e+02 -1.058737e+02 1.184875e+01
      vertex   1.553595e+02 -1.056335e+02 1.190181e+01
    endloop
  endfacet
  facet normal -4.307335e-02 -1.108236e-01 9.929062e-01
    outer loop
      vertex   1.553595e+02 -1.056335e+02 1.190181e+01
      vertex   1.547543e+02 -1.058737e+02 1.184875e+01
      vertex   1.550669e+02 -1.059952e+02 1.184875e+01
    endloop
  endfacet
  facet normal -4.844402e-02 -1.065101e-01 9.931308e-01
    outer loop
      vertex   1.553595e+02 -1.056335e+02 1.190181e+01
      vertex   1.550669e+02 -1.059952e+02 1.184875e+01
      vertex   1.553755e+02 -1.061355e+02 1.184875e+01
    endloop
  endfacet
  facet normal -4.313433e-02 -9.483614e-02 9.945580e-01
    outer loop
      vertex   1.553755e+02 -1.061355e+02 1.184875e+01
      vertex   1.550669e+02 -1.059952e+02 1.184875e+01
      vertex   1.546784e+02 -1.069174e+02 1.174396e+01
    endloop
  endfacet
  facet normal -4.313433e-02 -9.483614e-02 9.945580e-01
    outer loop
      vertex   1.553755e+02 -1.061355e+02 1.184875e+01
      vertex   1.546784e+02 -1.069174e+02 1.174396e+01
      vertex   1.549356e+02 -1.070344e+02 1.174396e+01
    endloop
  endfacet
  facet normal -3.535523e-02 -7.773282e-02 9.963471e-01
    outer loop
      vertex   1.549356e+02 -1.070344e+02 1.174396e+01
      vertex   1.546784e+02 -1.069174e+02 1.174396e+01
      vertex   1.542900e+02 -1.078397e+02 1.165822e+01
    endloop
  endfacet
  facet normal -1.095270e-02 -7.228867e-01 6.908798e-01
    outer loop
      vertex   1.527363e+02 -1.056146e+02 1.183844e+01
      vertex   1.538090e+02 -1.056210e+02 1.184875e+01
      vertex   1.540479e+02 -1.056193e+02 1.185428e+01
    endloop
  endfacet
  facet normal -2.227981e-02 -1.063990e-01 9.940739e-01
    outer loop
      vertex   1.540479e+02 -1.056193e+02 1.185428e+01
      vertex   1.538090e+02 -1.056210e+02 1.184875e+01
      vertex   1.541238e+02 -1.056869e+02 1.184875e+01
    endloop
  endfacet
  facet normal -3.090487e-02 -1.159854e-01 9.927700e-01
    outer loop
      vertex   1.540479e+02 -1.056193e+02 1.185428e+01
      vertex   1.541238e+02 -1.056869e+02 1.184875e+01
      vertex   1.544394e+02 -1.057710e+02 1.184875e+01
    endloop
  endfacet
  facet normal -2.682385e-02 -1.006694e-01 9.945583e-01
    outer loop
      vertex   1.544394e+02 -1.057710e+02 1.184875e+01
      vertex   1.541238e+02 -1.056869e+02 1.184875e+01
      vertex   1.538926e+02 -1.066606e+02 1.174396e+01
    endloop
  endfacet
  facet normal -2.682385e-02 -1.006694e-01 9.945583e-01
    outer loop
      vertex   1.544394e+02 -1.057710e+02 1.184875e+01
      vertex   1.538926e+02 -1.066606e+02 1.174396e+01
      vertex   1.541556e+02 -1.067306e+02 1.174396e+01
    endloop
  endfacet
  facet normal -2.198627e-02 -8.251406e-02 9.963473e-01
    outer loop
      vertex   1.541556e+02 -1.067306e+02 1.174396e+01
      vertex   1.538926e+02 -1.066606e+02 1.174396e+01
      vertex   1.536613e+02 -1.076342e+02 1.165822e+01
    endloop
  endfacet
  facet normal -2.198627e-02 -8.251406e-02 9.963473e-01
    outer loop
      vertex   1.541556e+02 -1.067306e+02 1.174396e+01
      vertex   1.536613e+02 -1.076342e+02 1.165822e+01
      vertex   1.538717e+02 -1.076903e+02 1.165822e+01
    endloop
  endfacet
  facet normal -1.712512e-02 -6.427026e-02 9.977856e-01
    outer loop
      vertex   1.538717e+02 -1.076903e+02 1.165822e+01
      vertex   1.536613e+02 -1.076342e+02 1.165822e+01
      vertex   1.534300e+02 -1.086078e+02 1.159154e+01
    endloop
  endfacet
  facet normal -1.712512e-02 -6.427026e-02 9.977856e-01
    outer loop
      vertex   1.538717e+02 -1.076903e+02 1.165822e+01
      vertex   1.534300e+02 -1.086078e+02 1.159154e+01
      vertex   1.535878e+02 -1.086499e+02 1.159154e+01
    endloop
  endfacet
  facet normal -1.224550e-02 -4.595715e-02 9.988684e-01
    outer loop
      vertex   1.535878e+02 -1.086499e+02 1.159154e+01
      vertex   1.534300e+02 -1.086078e+02 1.159154e+01
      vertex   1.531988e+02 -1.095815e+02 1.154391e+01
    endloop
  endfacet
  facet normal -1.224550e-02 -4.595715e-02 9.988684e-01
    outer loop
      vertex   1.535878e+02 -1.086499e+02 1.159154e+01
      vertex   1.531988e+02 -1.095815e+02 1.154391e+01
      vertex   1.533040e+02 -1.096095e+02 1.154391e+01
    endloop
  endfacet
  facet normal -7.352627e-03 -2.759427e-02 9.995922e-01
    outer loop
      vertex   1.533040e+02 -1.096095e+02 1.154391e+01
      vertex   1.531988e+02 -1.095815e+02 1.154391e+01
      vertex   1.529675e+02 -1.105551e+02 1.151533e+01
    endloop
  endfacet
  facet normal 1.242365e-02 -1.201271e-01 9.926808e-01
    outer loop
      vertex   1.514246e+02 -1.056193e+02 1.185428e+01
      vertex   1.514618e+02 -1.056612e+02 1.184875e+01
      vertex   1.527363e+02 -1.056146e+02 1.183844e+01
    endloop
  endfacet
  facet normal 1.194844e-02 -1.067927e-01 9.942095e-01
    outer loop
      vertex   1.527363e+02 -1.056146e+02 1.183844e+01
      vertex   1.514618e+02 -1.056612e+02 1.184875e+01
      vertex   1.521283e+02 -1.065622e+02 1.174396e+01
    endloop
  endfacet
  facet normal 1.039871e-02 -1.058107e-01 9.943319e-01
    outer loop
      vertex   1.527363e+02 -1.056146e+02 1.183844e+01
      vertex   1.521283e+02 -1.065622e+02 1.174396e+01
      vertex   1.523657e+02 -1.065389e+02 1.174396e+01
    endloop
  endfacet
  facet normal 8.351182e-03 -8.497636e-02 9.963480e-01
    outer loop
      vertex   1.523657e+02 -1.065389e+02 1.174396e+01
      vertex   1.521283e+02 -1.065622e+02 1.174396e+01
      vertex   1.522499e+02 -1.075555e+02 1.165822e+01
    endloop
  endfacet
  facet normal 8.351182e-03 -8.497636e-02 9.963480e-01
    outer loop
      vertex   1.523657e+02 -1.065389e+02 1.174396e+01
      vertex   1.522499e+02 -1.075555e+02 1.165822e+01
      vertex   1.524398e+02 -1.075368e+02 1.165822e+01
    endloop
  endfacet
  facet normal 6.504739e-03 -6.618813e-02 9.977860e-01
    outer loop
      vertex   1.524398e+02 -1.075368e+02 1.165822e+01
      vertex   1.522499e+02 -1.075555e+02 1.165822e+01
      vertex   1.523715e+02 -1.085488e+02 1.159154e+01
    endloop
  endfacet
  facet normal 6.504739e-03 -6.618813e-02 9.977860e-01
    outer loop
      vertex   1.524398e+02 -1.075368e+02 1.165822e+01
      vertex   1.523715e+02 -1.085488e+02 1.159154e+01
      vertex   1.525139e+02 -1.085348e+02 1.159154e+01
    endloop
  endfacet
  facet normal 4.651284e-03 -4.732853e-02 9.988685e-01
    outer loop
      vertex   1.525139e+02 -1.085348e+02 1.159154e+01
      vertex   1.523715e+02 -1.085488e+02 1.159154e+01
      vertex   1.524931e+02 -1.095421e+02 1.154391e+01
    endloop
  endfacet
  facet normal 4.651284e-03 -4.732853e-02 9.988685e-01
    outer loop
      vertex   1.525139e+02 -1.085348e+02 1.159154e+01
      vertex   1.524931e+02 -1.095421e+02 1.154391e+01
      vertex   1.525880e+02 -1.095328e+02 1.154391e+01
    endloop
  endfacet
  facet normal 2.792792e-03 -2.841769e-02 9.995922e-01
    outer loop
      vertex   1.525880e+02 -1.095328e+02 1.154391e+01
      vertex   1.524931e+02 -1.095421e+02 1.154391e+01
      vertex   1.526147e+02 -1.105354e+02 1.151533e+01
    endloop
  endfacet
  facet normal 2.792792e-03 -2.841769e-02 9.995922e-01
    outer loop
      vertex   1.525880e+02 -1.095328e+02 1.154391e+01
      vertex   1.526147e+02 -1.105354e+02 1.151533e+01
      vertex   1.526621e+02 -1.105308e+02 1.151533e+01
    endloop
  endfacet
  facet normal 9.312682e-04 -9.475998e-03 9.999547e-01
    outer loop
      vertex   1.526621e+02 -1.105308e+02 1.151533e+01
      vertex   1.526147e+02 -1.105354e+02 1.151533e+01
      vertex   1.527363e+02 -1.115287e+02 1.150580e+01
    endloop
  endfacet
  facet normal 2.602687e-02 -1.081926e-01 9.937892e-01
    outer loop
      vertex   1.514618e+02 -1.056612e+02 1.184875e+01
      vertex   1.514246e+02 -1.056193e+02 1.185428e+01
      vertex   1.512027e+02 -1.057236e+02 1.184875e+01
    endloop
  endfacet
  facet normal 3.732181e-02 -1.320769e-01 9.905366e-01
    outer loop
      vertex   1.512027e+02 -1.057236e+02 1.184875e+01
      vertex   1.514246e+02 -1.056193e+02 1.185428e+01
      vertex   1.501130e+02 -1.056335e+02 1.190181e+01
    endloop
  endfacet
  facet normal 3.747419e-02 -1.303627e-01 9.907579e-01
    outer loop
      vertex   1.512027e+02 -1.057236e+02 1.184875e+01
      vertex   1.501130e+02 -1.056335e+02 1.190181e+01
      vertex   1.509529e+02 -1.057954e+02 1.184875e+01
    endloop
  endfacet
  facet normal 3.976192e-02 -1.189295e-01 9.921062e-01
    outer loop
      vertex   1.509529e+02 -1.057954e+02 1.184875e+01
      vertex   1.501130e+02 -1.056335e+02 1.190181e+01
      vertex   1.507127e+02 -1.058757e+02 1.184875e+01
    endloop
  endfacet
  facet normal 3.302914e-02 -9.879148e-02 9.945599e-01
    outer loop
      vertex   1.509529e+02 -1.057954e+02 1.184875e+01
      vertex   1.507127e+02 -1.058757e+02 1.184875e+01
      vertex   1.510500e+02 -1.068178e+02 1.174396e+01
    endloop
  endfacet
  facet normal 3.711208e-02 -9.733000e-02 9.945600e-01
    outer loop
      vertex   1.510500e+02 -1.068178e+02 1.174396e+01
      vertex   1.507127e+02 -1.058757e+02 1.184875e+01
      vertex   1.508579e+02 -1.068911e+02 1.174396e+01
    endloop
  endfacet
  facet normal 3.041904e-02 -7.977686e-02 9.963485e-01
    outer loop
      vertex   1.510500e+02 -1.068178e+02 1.174396e+01
      vertex   1.508579e+02 -1.068911e+02 1.174396e+01
      vertex   1.512336e+02 -1.078186e+02 1.165822e+01
    endloop
  endfacet
  facet normal 3.362709e-02 -7.847755e-02 9.963486e-01
    outer loop
      vertex   1.512336e+02 -1.078186e+02 1.165822e+01
      vertex   1.508579e+02 -1.068911e+02 1.174396e+01
      vertex   1.510864e+02 -1.078817e+02 1.165822e+01
    endloop
  endfacet
  facet normal 2.619215e-02 -6.112618e-02 9.977863e-01
    outer loop
      vertex   1.512336e+02 -1.078186e+02 1.165822e+01
      vertex   1.510864e+02 -1.078817e+02 1.165822e+01
      vertex   1.514989e+02 -1.087934e+02 1.159154e+01
    endloop
  endfacet
  facet normal 2.973045e-02 -5.952538e-02 9.977840e-01
    outer loop
      vertex   1.514989e+02 -1.087934e+02 1.159154e+01
      vertex   1.510864e+02 -1.078817e+02 1.165822e+01
      vertex   1.512927e+02 -1.088964e+02 1.159154e+01
    endloop
  endfacet
  facet normal 2.125910e-02 -4.256430e-02 9.988675e-01
    outer loop
      vertex   1.514989e+02 -1.087934e+02 1.159154e+01
      vertex   1.512927e+02 -1.088964e+02 1.159154e+01
      vertex   1.517739e+02 -1.097739e+02 1.154391e+01
    endloop
  endfacet
  facet normal 2.437412e-02 -4.085607e-02 9.988677e-01
    outer loop
      vertex   1.517739e+02 -1.097739e+02 1.154391e+01
      vertex   1.512927e+02 -1.088964e+02 1.159154e+01
      vertex   1.516491e+02 -1.098483e+02 1.154391e+01
    endloop
  endfacet
  facet normal 1.463508e-02 -2.453142e-02 9.995919e-01
    outer loop
      vertex   1.517739e+02 -1.097739e+02 1.154391e+01
      vertex   1.516491e+02 -1.098483e+02 1.154391e+01
      vertex   1.521927e+02 -1.106885e+02 1.151533e+01
    endloop
  endfacet
  facet normal 1.632770e-02 -2.343644e-02 9.995920e-01
    outer loop
      vertex   1.521927e+02 -1.106885e+02 1.151533e+01
      vertex   1.516491e+02 -1.098483e+02 1.154391e+01
      vertex   1.521364e+02 -1.107277e+02 1.151533e+01
    endloop
  endfacet
  facet normal 5.444540e-03 -7.814979e-03 9.999546e-01
    outer loop
      vertex   1.521927e+02 -1.106885e+02 1.151533e+01
      vertex   1.521364e+02 -1.107277e+02 1.151533e+01
      vertex   1.527363e+02 -1.115287e+02 1.150580e+01
    endloop
  endfacet
  facet normal 6.188378e-02 -1.093778e-01 9.920720e-01
    outer loop
      vertex   1.488013e+02 -1.056572e+02 1.198102e+01
      vertex   1.498492e+02 -1.062641e+02 1.184875e+01
      vertex   1.501130e+02 -1.056335e+02 1.190181e+01
    endloop
  endfacet
  facet normal 5.276273e-02 -1.056399e-01 9.930037e-01
    outer loop
      vertex   1.501130e+02 -1.056335e+02 1.190181e+01
      vertex   1.498492e+02 -1.062641e+02 1.184875e+01
      vertex   1.502615e+02 -1.060581e+02 1.184875e+01
    endloop
  endfacet
  facet normal 4.624677e-02 -1.079289e-01 9.930824e-01
    outer loop
      vertex   1.501130e+02 -1.056335e+02 1.190181e+01
      vertex   1.502615e+02 -1.060581e+02 1.184875e+01
      vertex   1.504822e+02 -1.059635e+02 1.184875e+01
    endloop
  endfacet
  facet normal 4.102599e-02 -9.574480e-02 9.945601e-01
    outer loop
      vertex   1.504822e+02 -1.059635e+02 1.184875e+01
      vertex   1.502615e+02 -1.060581e+02 1.184875e+01
      vertex   1.506740e+02 -1.069699e+02 1.174396e+01
    endloop
  endfacet
  facet normal 4.102599e-02 -9.574480e-02 9.945601e-01
    outer loop
      vertex   1.504822e+02 -1.059635e+02 1.184875e+01
      vertex   1.506740e+02 -1.069699e+02 1.174396e+01
      vertex   1.508579e+02 -1.068911e+02 1.174396e+01
    endloop
  endfacet
  facet normal 3.362709e-02 -7.847755e-02 9.963486e-01
    outer loop
      vertex   1.508579e+02 -1.068911e+02 1.174396e+01
      vertex   1.506740e+02 -1.069699e+02 1.174396e+01
      vertex   1.510864e+02 -1.078817e+02 1.165822e+01
    endloop
  endfacet
  facet normal 8.660944e-02 -1.180066e-01 9.892286e-01
    outer loop
      vertex   1.474895e+02 -1.056903e+02 1.209192e+01
      vertex   1.485372e+02 -1.059217e+02 1.197259e+01
      vertex   1.488013e+02 -1.056572e+02 1.198102e+01
    endloop
  endfacet
  facet normal 6.970636e-02 -1.012327e-01 9.924177e-01
    outer loop
      vertex   1.488013e+02 -1.056572e+02 1.198102e+01
      vertex   1.485372e+02 -1.059217e+02 1.197259e+01
      vertex   1.491371e+02 -1.067227e+02 1.184875e+01
    endloop
  endfacet
  facet normal 7.037726e-02 -1.010181e-01 9.923923e-01
    outer loop
      vertex   1.488013e+02 -1.056572e+02 1.198102e+01
      vertex   1.491371e+02 -1.067227e+02 1.184875e+01
      vertex   1.494749e+02 -1.064874e+02 1.184875e+01
    endloop
  endfacet
  facet normal 5.956656e-02 -8.550061e-02 9.945559e-01
    outer loop
      vertex   1.494749e+02 -1.064874e+02 1.184875e+01
      vertex   1.491371e+02 -1.067227e+02 1.184875e+01
      vertex   1.497370e+02 -1.075237e+02 1.174396e+01
    endloop
  endfacet
  facet normal 5.956656e-02 -8.550061e-02 9.945559e-01
    outer loop
      vertex   1.494749e+02 -1.064874e+02 1.184875e+01
      vertex   1.497370e+02 -1.075237e+02 1.174396e+01
      vertex   1.500184e+02 -1.073276e+02 1.174396e+01
    endloop
  endfacet
  facet normal 4.882400e-02 -7.008096e-02 9.963458e-01
    outer loop
      vertex   1.500184e+02 -1.073276e+02 1.174396e+01
      vertex   1.497370e+02 -1.075237e+02 1.174396e+01
      vertex   1.503368e+02 -1.083247e+02 1.165822e+01
    endloop
  endfacet
  facet normal 4.882400e-02 -7.008096e-02 9.963458e-01
    outer loop
      vertex   1.500184e+02 -1.073276e+02 1.174396e+01
      vertex   1.503368e+02 -1.083247e+02 1.165822e+01
      vertex   1.505620e+02 -1.081678e+02 1.165822e+01
    endloop
  endfacet
  facet normal 3.802907e-02 -5.458614e-02 9.977846e-01
    outer loop
      vertex   1.505620e+02 -1.081678e+02 1.165822e+01
      vertex   1.503368e+02 -1.083247e+02 1.165822e+01
      vertex   1.509367e+02 -1.091257e+02 1.159154e+01
    endloop
  endfacet
  facet normal 3.802907e-02 -5.458614e-02 9.977846e-01
    outer loop
      vertex   1.505620e+02 -1.081678e+02 1.165822e+01
      vertex   1.509367e+02 -1.091257e+02 1.159154e+01
      vertex   1.511056e+02 -1.090081e+02 1.159154e+01
    endloop
  endfacet
  facet normal 2.719311e-02 -3.903243e-02 9.988679e-01
    outer loop
      vertex   1.511056e+02 -1.090081e+02 1.159154e+01
      vertex   1.509367e+02 -1.091257e+02 1.159154e+01
      vertex   1.515365e+02 -1.099267e+02 1.154391e+01
    endloop
  endfacet
  facet normal 2.719311e-02 -3.903243e-02 9.988679e-01
    outer loop
      vertex   1.511056e+02 -1.090081e+02 1.159154e+01
      vertex   1.515365e+02 -1.099267e+02 1.154391e+01
      vertex   1.516491e+02 -1.098483e+02 1.154391e+01
    endloop
  endfacet
  facet normal 1.632770e-02 -2.343644e-02 9.995920e-01
    outer loop
      vertex   1.516491e+02 -1.098483e+02 1.154391e+01
      vertex   1.515365e+02 -1.099267e+02 1.154391e+01
      vertex   1.521364e+02 -1.107277e+02 1.151533e+01
    endloop
  endfacet
  facet normal 9.869415e-02 -9.993548e-02 9.900870e-01
    outer loop
      vertex   1.473755e+02 -1.057042e+02 1.210188e+01
      vertex   1.480131e+02 -1.063555e+02 1.197259e+01
      vertex   1.474895e+02 -1.056903e+02 1.209192e+01
    endloop
  endfacet
  facet normal 9.175158e-02 -1.054178e-01 9.901862e-01
    outer loop
      vertex   1.474895e+02 -1.056903e+02 1.209192e+01
      vertex   1.480131e+02 -1.063555e+02 1.197259e+01
      vertex   1.482641e+02 -1.061370e+02 1.197259e+01
    endloop
  endfacet
  facet normal 8.806866e-02 -1.117090e-01 9.898308e-01
    outer loop
      vertex   1.474895e+02 -1.056903e+02 1.209192e+01
      vertex   1.482641e+02 -1.061370e+02 1.197259e+01
      vertex   1.485372e+02 -1.059217e+02 1.197259e+01
    endloop
  endfacet
  facet normal 7.605942e-02 -9.647610e-02 9.924250e-01
    outer loop
      vertex   1.485372e+02 -1.059217e+02 1.197259e+01
      vertex   1.482641e+02 -1.061370e+02 1.197259e+01
      vertex   1.489030e+02 -1.069073e+02 1.184875e+01
    endloop
  endfacet
  facet normal 7.605942e-02 -9.647610e-02 9.924250e-01
    outer loop
      vertex   1.485372e+02 -1.059217e+02 1.197259e+01
      vertex   1.489030e+02 -1.069073e+02 1.184875e+01
      vertex   1.491371e+02 -1.067227e+02 1.184875e+01
    endloop
  endfacet
  facet normal 6.449637e-02 -8.180917e-02 9.945589e-01
    outer loop
      vertex   1.491371e+02 -1.067227e+02 1.184875e+01
      vertex   1.489030e+02 -1.069073e+02 1.184875e+01
      vertex   1.495418e+02 -1.076775e+02 1.174396e+01
    endloop
  endfacet
  facet normal 6.449637e-02 -8.180917e-02 9.945589e-01
    outer loop
      vertex   1.491371e+02 -1.067227e+02 1.184875e+01
      vertex   1.495418e+02 -1.076775e+02 1.174396e+01
      vertex   1.497370e+02 -1.075237e+02 1.174396e+01
    endloop
  endfacet
  facet normal 5.286469e-02 -6.705519e-02 9.963478e-01
    outer loop
      vertex   1.497370e+02 -1.075237e+02 1.174396e+01
      vertex   1.495418e+02 -1.076775e+02 1.174396e+01
      vertex   1.501807e+02 -1.084478e+02 1.165822e+01
    endloop
  endfacet
  facet normal 5.286469e-02 -6.705519e-02 9.963478e-01
    outer loop
      vertex   1.497370e+02 -1.075237e+02 1.174396e+01
      vertex   1.501807e+02 -1.084478e+02 1.165822e+01
      vertex   1.503368e+02 -1.083247e+02 1.165822e+01
    endloop
  endfacet
  facet normal 4.117633e-02 -5.222932e-02 9.977859e-01
    outer loop
      vertex   1.503368e+02 -1.083247e+02 1.165822e+01
      vertex   1.501807e+02 -1.084478e+02 1.165822e+01
      vertex   1.508196e+02 -1.092180e+02 1.159154e+01
    endloop
  endfacet
  facet normal 4.117633e-02 -5.222932e-02 9.977859e-01
    outer loop
      vertex   1.503368e+02 -1.083247e+02 1.165822e+01
      vertex   1.508196e+02 -1.092180e+02 1.159154e+01
      vertex   1.509367e+02 -1.091257e+02 1.159154e+01
    endloop
  endfacet
  facet normal 2.944358e-02 -3.734714e-02 9.988685e-01
    outer loop
      vertex   1.509367e+02 -1.091257e+02 1.159154e+01
      vertex   1.508196e+02 -1.092180e+02 1.159154e+01
      vertex   1.514585e+02 -1.099883e+02 1.154391e+01
    endloop
  endfacet
  facet normal 2.944358e-02 -3.734714e-02 9.988685e-01
    outer loop
      vertex   1.509367e+02 -1.091257e+02 1.159154e+01
      vertex   1.514585e+02 -1.099883e+02 1.154391e+01
      vertex   1.515365e+02 -1.099267e+02 1.154391e+01
    endloop
  endfacet
  facet normal 1.767895e-02 -2.242452e-02 9.995922e-01
    outer loop
      vertex   1.515365e+02 -1.099267e+02 1.154391e+01
      vertex   1.514585e+02 -1.099883e+02 1.154391e+01
      vertex   1.520974e+02 -1.107585e+02 1.151533e+01
    endloop
  endfacet
  facet normal 1.767895e-02 -2.242452e-02 9.995922e-01
    outer loop
      vertex   1.515365e+02 -1.099267e+02 1.154391e+01
      vertex   1.520974e+02 -1.107585e+02 1.151533e+01
      vertex   1.521364e+02 -1.107277e+02 1.151533e+01
    endloop
  endfacet
  facet normal 5.895119e-03 -7.477550e-03 9.999547e-01
    outer loop
      vertex   1.521364e+02 -1.107277e+02 1.151533e+01
      vertex   1.520974e+02 -1.107585e+02 1.151533e+01
      vertex   1.527363e+02 -1.115287e+02 1.150580e+01
    endloop
  endfacet
  facet normal 9.892673e-02 -9.970775e-02 9.900868e-01
    outer loop
      vertex   1.473755e+02 -1.057042e+02 1.210188e+01
      vertex   1.472657e+02 -1.057393e+02 1.210933e+01
      vertex   1.480131e+02 -1.063555e+02 1.197259e+01
    endloop
  endfacet
  facet normal 9.723073e-02 -1.017558e-01 9.900464e-01
    outer loop
      vertex   1.480131e+02 -1.063555e+02 1.197259e+01
      vertex   1.472657e+02 -1.057393e+02 1.210933e+01
      vertex   1.477831e+02 -1.065753e+02 1.197259e+01
    endloop
  endfacet
  facet normal 8.486804e-02 -8.881775e-02 9.924257e-01
    outer loop
      vertex   1.480131e+02 -1.063555e+02 1.197259e+01
      vertex   1.477831e+02 -1.065753e+02 1.197259e+01
      vertex   1.486878e+02 -1.070945e+02 1.184875e+01
    endloop
  endfacet
  facet normal 8.486816e-02 -8.881754e-02 9.924257e-01
    outer loop
      vertex   1.486878e+02 -1.070945e+02 1.184875e+01
      vertex   1.477831e+02 -1.065753e+02 1.197259e+01
      vertex   1.484906e+02 -1.072829e+02 1.184875e+01
    endloop
  endfacet
  facet normal 7.196597e-02 -7.531494e-02 9.945595e-01
    outer loop
      vertex   1.486878e+02 -1.070945e+02 1.184875e+01
      vertex   1.484906e+02 -1.072829e+02 1.184875e+01
      vertex   1.493625e+02 -1.078336e+02 1.174396e+01
    endloop
  endfacet
  facet normal 7.196608e-02 -7.531477e-02 9.945595e-01
    outer loop
      vertex   1.493625e+02 -1.078336e+02 1.174396e+01
      vertex   1.484906e+02 -1.072829e+02 1.184875e+01
      vertex   1.491982e+02 -1.079906e+02 1.174396e+01
    endloop
  endfacet
  facet normal 5.898729e-02 -6.173205e-02 9.963482e-01
    outer loop
      vertex   1.493625e+02 -1.078336e+02 1.174396e+01
      vertex   1.491982e+02 -1.079906e+02 1.174396e+01
      vertex   1.500373e+02 -1.085726e+02 1.165822e+01
    endloop
  endfacet
  facet normal 5.898738e-02 -6.173191e-02 9.963482e-01
    outer loop
      vertex   1.500373e+02 -1.085726e+02 1.165822e+01
      vertex   1.491982e+02 -1.079906e+02 1.174396e+01
      vertex   1.499058e+02 -1.086982e+02 1.165822e+01
    endloop
  endfacet
  facet normal 4.594531e-02 -4.808303e-02 9.977861e-01
    outer loop
      vertex   1.500373e+02 -1.085726e+02 1.165822e+01
      vertex   1.499058e+02 -1.086982e+02 1.165822e+01
      vertex   1.507120e+02 -1.093116e+02 1.159154e+01
    endloop
  endfacet
  facet normal 4.594539e-02 -4.808293e-02 9.977861e-01
    outer loop
      vertex   1.507120e+02 -1.093116e+02 1.159154e+01
      vertex   1.499058e+02 -1.086982e+02 1.165822e+01
      vertex   1.506134e+02 -1.094059e+02 1.159154e+01
    endloop
  endfacet
  facet normal 3.285375e-02 -3.438222e-02 9.988686e-01
    outer loop
      vertex   1.507120e+02 -1.093116e+02 1.159154e+01
      vertex   1.506134e+02 -1.094059e+02 1.159154e+01
      vertex   1.513868e+02 -1.100507e+02 1.154391e+01
    endloop
  endfacet
  facet normal 3.285381e-02 -3.438215e-02 9.988686e-01
    outer loop
      vertex   1.513868e+02 -1.100507e+02 1.154391e+01
      vertex   1.506134e+02 -1.094059e+02 1.159154e+01
      vertex   1.513210e+02 -1.101135e+02 1.154391e+01
    endloop
  endfacet
  facet normal 1.972657e-02 -2.064424e-02 9.995923e-01
    outer loop
      vertex   1.513868e+02 -1.100507e+02 1.154391e+01
      vertex   1.513210e+02 -1.101135e+02 1.154391e+01
      vertex   1.520615e+02 -1.107897e+02 1.151533e+01
    endloop
  endfacet
  facet normal 1.972661e-02 -2.064420e-02 9.995923e-01
    outer loop
      vertex   1.520615e+02 -1.107897e+02 1.151533e+01
      vertex   1.513210e+02 -1.101135e+02 1.154391e+01
      vertex   1.520286e+02 -1.108211e+02 1.151533e+01
    endloop
  endfacet
  facet normal 6.577922e-03 -6.883897e-03 9.999547e-01
    outer loop
      vertex   1.520615e+02 -1.107897e+02 1.151533e+01
      vertex   1.520286e+02 -1.108211e+02 1.151533e+01
      vertex   1.527363e+02 -1.115287e+02 1.150580e+01
    endloop
  endfacet
  facet normal 9.952566e-02 -1.003222e-01 9.899647e-01
    outer loop
      vertex   1.472657e+02 -1.057393e+02 1.210933e+01
      vertex   1.471647e+02 -1.057941e+02 1.211392e+01
      vertex   1.477831e+02 -1.065753e+02 1.197259e+01
    endloop
  endfacet
  facet normal 9.982229e-02 -1.000863e-01 9.899587e-01
    outer loop
      vertex   1.477831e+02 -1.065753e+02 1.197259e+01
      vertex   1.471647e+02 -1.057941e+02 1.211392e+01
      vertex   1.470755e+02 -1.058676e+02 1.211548e+01
    endloop
  endfacet
  facet normal 1.000844e-01 -9.982423e-02 9.899587e-01
    outer loop
      vertex   1.477831e+02 -1.065753e+02 1.197259e+01
      vertex   1.470755e+02 -1.058676e+02 1.211548e+01
      vertex   1.470023e+02 -1.059563e+02 1.211395e+01
    endloop
  endfacet
  facet normal 1.003204e-01 -9.952787e-02 9.899647e-01
    outer loop
      vertex   1.470023e+02 -1.059563e+02 1.211395e+01
      vertex   1.469470e+02 -1.060577e+02 1.210936e+01
      vertex   1.477831e+02 -1.065753e+02 1.197259e+01
    endloop
  endfacet
  facet normal 1.005347e-01 -9.918507e-02 9.899773e-01
    outer loop
      vertex   1.477831e+02 -1.065753e+02 1.197259e+01
      vertex   1.469470e+02 -1.060577e+02 1.210936e+01
      vertex   1.469119e+02 -1.061673e+02 1.210193e+01
    endloop
  endfacet
  facet normal 1.015541e-01 -9.704312e-02 9.900856e-01
    outer loop
      vertex   1.477831e+02 -1.065753e+02 1.197259e+01
      vertex   1.469119e+02 -1.061673e+02 1.210193e+01
      vertex   1.475630e+02 -1.068056e+02 1.197259e+01
    endloop
  endfacet
  facet normal 9.993463e-02 -9.869521e-02 9.900870e-01
    outer loop
      vertex   1.475630e+02 -1.068056e+02 1.197259e+01
      vertex   1.469119e+02 -1.061673e+02 1.210193e+01
      vertex   1.468978e+02 -1.062820e+02 1.209192e+01
    endloop
  endfacet
  facet normal 1.054178e-01 -9.175156e-02 9.901862e-01
    outer loop
      vertex   1.475630e+02 -1.068056e+02 1.197259e+01
      vertex   1.468978e+02 -1.062820e+02 1.209192e+01
      vertex   1.473445e+02 -1.070566e+02 1.197259e+01
    endloop
  endfacet
  facet normal 1.142941e-01 -8.655296e-02 9.896694e-01
    outer loop
      vertex   1.473445e+02 -1.070566e+02 1.197259e+01
      vertex   1.468978e+02 -1.062820e+02 1.209192e+01
      vertex   1.468647e+02 -1.075938e+02 1.198102e+01
    endloop
  endfacet
  facet normal 1.470930e-01 -1.159645e-01 9.823013e-01
    outer loop
      vertex   1.473445e+02 -1.070566e+02 1.197259e+01
      vertex   1.468647e+02 -1.075938e+02 1.198102e+01
      vertex   1.471292e+02 -1.073297e+02 1.197259e+01
    endloop
  endfacet
  facet normal 1.082149e-01 -7.674011e-02 9.911612e-01
    outer loop
      vertex   1.471292e+02 -1.073297e+02 1.197259e+01
      vertex   1.468647e+02 -1.075938e+02 1.198102e+01
      vertex   1.469189e+02 -1.076262e+02 1.197259e+01
    endloop
  endfacet
  facet normal 1.002148e-01 -7.106688e-02 9.924245e-01
    outer loop
      vertex   1.471292e+02 -1.073297e+02 1.197259e+01
      vertex   1.469189e+02 -1.076262e+02 1.197259e+01
      vertex   1.477500e+02 -1.081837e+02 1.184875e+01
    endloop
  endfacet
  facet normal 1.038452e-01 -6.565524e-02 9.924241e-01
    outer loop
      vertex   1.477500e+02 -1.081837e+02 1.184875e+01
      vertex   1.469189e+02 -1.076262e+02 1.197259e+01
      vertex   1.475761e+02 -1.084588e+02 1.184875e+01
    endloop
  endfacet
  facet normal 8.805797e-02 -5.567391e-02 9.945583e-01
    outer loop
      vertex   1.477500e+02 -1.081837e+02 1.184875e+01
      vertex   1.475761e+02 -1.084588e+02 1.184875e+01
      vertex   1.484361e+02 -1.089704e+02 1.174396e+01
    endloop
  endfacet
  facet normal 9.100840e-02 -5.071459e-02 9.945579e-01
    outer loop
      vertex   1.484361e+02 -1.089704e+02 1.174396e+01
      vertex   1.475761e+02 -1.084588e+02 1.184875e+01
      vertex   1.482983e+02 -1.092177e+02 1.174396e+01
    endloop
  endfacet
  facet normal 7.459540e-02 -4.156842e-02 9.963471e-01
    outer loop
      vertex   1.484361e+02 -1.089704e+02 1.174396e+01
      vertex   1.482983e+02 -1.092177e+02 1.174396e+01
      vertex   1.491859e+02 -1.096799e+02 1.165822e+01
    endloop
  endfacet
  facet normal 7.687534e-02 -3.719007e-02 9.963469e-01
    outer loop
      vertex   1.491859e+02 -1.096799e+02 1.165822e+01
      vertex   1.482983e+02 -1.092177e+02 1.174396e+01
      vertex   1.490830e+02 -1.098926e+02 1.165822e+01
    endloop
  endfacet
  facet normal 5.987827e-02 -2.896737e-02 9.977853e-01
    outer loop
      vertex   1.491859e+02 -1.096799e+02 1.165822e+01
      vertex   1.490830e+02 -1.098926e+02 1.165822e+01
      vertex   1.499963e+02 -1.103017e+02 1.159154e+01
    endloop
  endfacet
  facet normal 6.151714e-02 -2.530788e-02 9.977851e-01
    outer loop
      vertex   1.499963e+02 -1.103017e+02 1.159154e+01
      vertex   1.490830e+02 -1.098926e+02 1.165822e+01
      vertex   1.499260e+02 -1.104725e+02 1.159154e+01
    endloop
  endfacet
  facet normal 4.398851e-02 -1.809668e-02 9.988681e-01
    outer loop
      vertex   1.499963e+02 -1.103017e+02 1.159154e+01
      vertex   1.499260e+02 -1.104725e+02 1.159154e+01
      vertex   1.508628e+02 -1.108246e+02 1.154391e+01
    endloop
  endfacet
  facet normal 4.503947e-02 -1.530048e-02 9.988680e-01
    outer loop
      vertex   1.508628e+02 -1.108246e+02 1.154391e+01
      vertex   1.499260e+02 -1.104725e+02 1.159154e+01
      vertex   1.508215e+02 -1.109460e+02 1.154391e+01
    endloop
  endfacet
  facet normal 2.704327e-02 -9.186945e-03 9.995920e-01
    outer loop
      vertex   1.508628e+02 -1.108246e+02 1.154391e+01
      vertex   1.508215e+02 -1.109460e+02 1.154391e+01
      vertex   1.517789e+02 -1.112374e+02 1.151533e+01
    endloop
  endfacet
  facet normal 2.758672e-02 -7.401312e-03 9.995920e-01
    outer loop
      vertex   1.517789e+02 -1.112374e+02 1.151533e+01
      vertex   1.508215e+02 -1.109460e+02 1.154391e+01
      vertex   1.517616e+02 -1.113018e+02 1.151533e+01
    endloop
  endfacet
  facet normal 9.198911e-03 -2.467999e-03 9.999546e-01
    outer loop
      vertex   1.517789e+02 -1.112374e+02 1.151533e+01
      vertex   1.517616e+02 -1.113018e+02 1.151533e+01
      vertex   1.527363e+02 -1.115287e+02 1.150580e+01
    endloop
  endfacet
  facet normal 1.248639e-01 -4.884882e-02 9.909706e-01
    outer loop
      vertex   1.469189e+02 -1.076262e+02 1.197259e+01
      vertex   1.468647e+02 -1.075938e+02 1.198102e+01
      vertex   1.475761e+02 -1.084588e+02 1.184875e+01
    endloop
  endfacet
  facet normal 1.092243e-01 -6.188204e-02 9.920890e-01
    outer loop
      vertex   1.475761e+02 -1.084588e+02 1.184875e+01
      vertex   1.468647e+02 -1.075938e+02 1.198102e+01
      vertex   1.468410e+02 -1.089055e+02 1.190181e+01
    endloop
  endfacet
  facet normal 1.083112e-01 -6.035662e-02 9.922831e-01
    outer loop
      vertex   1.475761e+02 -1.084588e+02 1.184875e+01
      vertex   1.468410e+02 -1.089055e+02 1.190181e+01
      vertex   1.474107e+02 -1.087555e+02 1.184875e+01
    endloop
  endfacet
  facet normal 1.059919e-01 -5.127581e-02 9.930441e-01
    outer loop
      vertex   1.474107e+02 -1.087555e+02 1.184875e+01
      vertex   1.468410e+02 -1.089055e+02 1.190181e+01
      vertex   1.472564e+02 -1.090746e+02 1.184875e+01
    endloop
  endfacet
  facet normal 9.378999e-02 -4.537288e-02 9.945576e-01
    outer loop
      vertex   1.474107e+02 -1.087555e+02 1.184875e+01
      vertex   1.472564e+02 -1.090746e+02 1.184875e+01
      vertex   1.481697e+02 -1.094836e+02 1.174396e+01
    endloop
  endfacet
  facet normal 9.635701e-02 -3.964085e-02 9.945572e-01
    outer loop
      vertex   1.481697e+02 -1.094836e+02 1.174396e+01
      vertex   1.472564e+02 -1.090746e+02 1.184875e+01
      vertex   1.480525e+02 -1.097683e+02 1.174396e+01
    endloop
  endfacet
  facet normal 7.897942e-02 -3.249179e-02 9.963466e-01
    outer loop
      vertex   1.481697e+02 -1.094836e+02 1.174396e+01
      vertex   1.480525e+02 -1.097683e+02 1.174396e+01
      vertex   1.489893e+02 -1.101204e+02 1.165822e+01
    endloop
  endfacet
  facet normal 8.086636e-02 -2.747134e-02 9.963463e-01
    outer loop
      vertex   1.489893e+02 -1.101204e+02 1.165822e+01
      vertex   1.480525e+02 -1.097683e+02 1.174396e+01
      vertex   1.489068e+02 -1.103633e+02 1.165822e+01
    endloop
  endfacet
  facet normal 6.298689e-02 -2.139745e-02 9.977849e-01
    outer loop
      vertex   1.489893e+02 -1.101204e+02 1.165822e+01
      vertex   1.489068e+02 -1.103633e+02 1.165822e+01
      vertex   1.498641e+02 -1.106546e+02 1.159154e+01
    endloop
  endfacet
  facet normal 6.425264e-02 -1.723851e-02 9.977848e-01
    outer loop
      vertex   1.498641e+02 -1.106546e+02 1.159154e+01
      vertex   1.489068e+02 -1.103633e+02 1.165822e+01
      vertex   1.498123e+02 -1.108478e+02 1.159154e+01
    endloop
  endfacet
  facet normal 4.594457e-02 -1.232659e-02 9.988679e-01
    outer loop
      vertex   1.498641e+02 -1.106546e+02 1.159154e+01
      vertex   1.498123e+02 -1.108478e+02 1.159154e+01
      vertex   1.507870e+02 -1.110748e+02 1.154391e+01
    endloop
  endfacet
  facet normal 4.667726e-02 -9.180286e-03 9.988678e-01
    outer loop
      vertex   1.507870e+02 -1.110748e+02 1.154391e+01
      vertex   1.498123e+02 -1.108478e+02 1.159154e+01
      vertex   1.507602e+02 -1.112107e+02 1.154391e+01
    endloop
  endfacet
  facet normal 2.802666e-02 -5.512165e-03 9.995920e-01
    outer loop
      vertex   1.507870e+02 -1.110748e+02 1.154391e+01
      vertex   1.507602e+02 -1.112107e+02 1.154391e+01
      vertex   1.517482e+02 -1.113697e+02 1.151533e+01
    endloop
  endfacet
  facet normal 2.834649e-02 -3.525199e-03 9.995919e-01
    outer loop
      vertex   1.517482e+02 -1.113697e+02 1.151533e+01
      vertex   1.507602e+02 -1.112107e+02 1.154391e+01
      vertex   1.517394e+02 -1.114409e+02 1.151533e+01
    endloop
  endfacet
  facet normal 9.452259e-03 -1.175493e-03 9.999546e-01
    outer loop
      vertex   1.517482e+02 -1.113697e+02 1.151533e+01
      vertex   1.517394e+02 -1.114409e+02 1.151533e+01
      vertex   1.527363e+02 -1.115287e+02 1.150580e+01
    endloop
  endfacet
  facet normal 1.086704e-01 -4.470654e-02 9.930720e-01
    outer loop
      vertex   1.472564e+02 -1.090746e+02 1.184875e+01
      vertex   1.468410e+02 -1.089055e+02 1.190181e+01
      vertex   1.471158e+02 -1.094163e+02 1.184875e+01
    endloop
  endfacet
  facet normal 1.222655e-01 -3.726133e-02 9.917977e-01
    outer loop
      vertex   1.471158e+02 -1.094163e+02 1.184875e+01
      vertex   1.468410e+02 -1.089055e+02 1.190181e+01
      vertex   1.468268e+02 -1.102171e+02 1.185428e+01
    endloop
  endfacet
  facet normal 3.096949e-01 -1.052073e-01 9.449976e-01
    outer loop
      vertex   1.471158e+02 -1.094163e+02 1.184875e+01
      vertex   1.468268e+02 -1.102171e+02 1.185428e+01
      vertex   1.469921e+02 -1.097805e+02 1.184875e+01
    endloop
  endfacet
  facet normal 1.142896e-01 -3.066304e-02 9.929742e-01
    outer loop
      vertex   1.469921e+02 -1.097805e+02 1.184875e+01
      vertex   1.468268e+02 -1.102171e+02 1.185428e+01
      vertex   1.468884e+02 -1.101669e+02 1.184875e+01
    endloop
  endfacet
  facet normal 1.006417e-01 -2.700142e-02 9.945563e-01
    outer loop
      vertex   1.469921e+02 -1.097805e+02 1.184875e+01
      vertex   1.468884e+02 -1.101669e+02 1.184875e+01
      vertex   1.478630e+02 -1.103939e+02 1.174396e+01
    endloop
  endfacet
  facet normal 1.030381e-01 -1.670221e-02 9.945372e-01
    outer loop
      vertex   1.478630e+02 -1.103939e+02 1.174396e+01
      vertex   1.468884e+02 -1.101669e+02 1.184875e+01
      vertex   1.468268e+02 -1.102171e+02 1.185428e+01
    endloop
  endfacet
  facet normal 1.024497e-01 -2.014938e-02 9.945341e-01
    outer loop
      vertex   1.478630e+02 -1.103939e+02 1.174396e+01
      vertex   1.468268e+02 -1.102171e+02 1.185428e+01
      vertex   1.477962e+02 -1.107336e+02 1.174396e+01
    endloop
  endfacet
  facet normal 1.065473e-01 -1.239338e-02 9.942304e-01
    outer loop
      vertex   1.477962e+02 -1.107336e+02 1.174396e+01
      vertex   1.468268e+02 -1.102171e+02 1.185428e+01
      vertex   1.468221e+02 -1.115287e+02 1.183844e+01
    endloop
  endfacet
  facet normal 1.073156e-01 -1.334588e-02 9.941354e-01
    outer loop
      vertex   1.477962e+02 -1.107336e+02 1.174396e+01
      vertex   1.468221e+02 -1.115287e+02 1.183844e+01
      vertex   1.477519e+02 -1.110897e+02 1.174396e+01
    endloop
  endfacet
  facet normal 1.035454e-01 -5.258862e-03 9.946108e-01
    outer loop
      vertex   1.477519e+02 -1.110897e+02 1.174396e+01
      vertex   1.468221e+02 -1.115287e+02 1.183844e+01
      vertex   1.477331e+02 -1.114605e+02 1.174396e+01
    endloop
  endfacet
  facet normal 8.531009e-02 -4.332726e-03 9.963450e-01
    outer loop
      vertex   1.477519e+02 -1.110897e+02 1.174396e+01
      vertex   1.477331e+02 -1.114605e+02 1.174396e+01
      vertex   1.487337e+02 -1.114742e+02 1.165822e+01
    endloop
  endfacet
  facet normal 8.539787e-02 2.107966e-03 9.963447e-01
    outer loop
      vertex   1.487337e+02 -1.114742e+02 1.165822e+01
      vertex   1.477331e+02 -1.114605e+02 1.174396e+01
      vertex   1.487413e+02 -1.117807e+02 1.165822e+01
    endloop
  endfacet
  facet normal 6.651653e-02 1.641898e-03 9.977840e-01
    outer loop
      vertex   1.487337e+02 -1.114742e+02 1.165822e+01
      vertex   1.487413e+02 -1.117807e+02 1.165822e+01
      vertex   1.497400e+02 -1.117177e+02 1.159154e+01
    endloop
  endfacet
  facet normal 6.619088e-02 6.804676e-03 9.977838e-01
    outer loop
      vertex   1.497400e+02 -1.117177e+02 1.159154e+01
      vertex   1.487413e+02 -1.117807e+02 1.165822e+01
      vertex   1.497643e+02 -1.119533e+02 1.159154e+01
    endloop
  endfacet
  facet normal 4.733055e-02 4.865762e-03 9.988674e-01
    outer loop
      vertex   1.497400e+02 -1.117177e+02 1.159154e+01
      vertex   1.497643e+02 -1.119533e+02 1.159154e+01
      vertex   1.507549e+02 -1.118118e+02 1.154391e+01
    endloop
  endfacet
  facet normal 4.679256e-02 8.631641e-03 9.988673e-01
    outer loop
      vertex   1.507549e+02 -1.118118e+02 1.154391e+01
      vertex   1.497643e+02 -1.119533e+02 1.159154e+01
      vertex   1.507843e+02 -1.119713e+02 1.154391e+01
    endloop
  endfacet
  facet normal 2.809590e-02 5.182741e-03 9.995918e-01
    outer loop
      vertex   1.507549e+02 -1.118118e+02 1.154391e+01
      vertex   1.507843e+02 -1.119713e+02 1.154391e+01
      vertex   1.517603e+02 -1.117500e+02 1.151533e+01
    endloop
  endfacet
  facet normal 2.757803e-02 7.467113e-03 9.995918e-01
    outer loop
      vertex   1.517603e+02 -1.117500e+02 1.151533e+01
      vertex   1.507843e+02 -1.119713e+02 1.154391e+01
      vertex   1.517820e+02 -1.118301e+02 1.151533e+01
    endloop
  endfacet
  facet normal 9.196012e-03 2.489941e-03 9.999546e-01
    outer loop
      vertex   1.517603e+02 -1.117500e+02 1.151533e+01
      vertex   1.517820e+02 -1.118301e+02 1.151533e+01
      vertex   1.527363e+02 -1.115287e+02 1.150580e+01
    endloop
  endfacet
  facet normal 1.068897e-01 1.239417e-02 9.941936e-01
    outer loop
      vertex   1.468268e+02 -1.128404e+02 1.185428e+01
      vertex   1.477829e+02 -1.122364e+02 1.174396e+01
      vertex   1.468221e+02 -1.115287e+02 1.183844e+01
    endloop
  endfacet
  facet normal 1.057843e-01 1.087503e-02 9.943296e-01
    outer loop
      vertex   1.468221e+02 -1.115287e+02 1.183844e+01
      vertex   1.477829e+02 -1.122364e+02 1.174396e+01
      vertex   1.477426e+02 -1.118437e+02 1.174396e+01
    endloop
  endfacet
  facet normal 1.029687e-01 2.541685e-03 9.946814e-01
    outer loop
      vertex   1.468221e+02 -1.115287e+02 1.183844e+01
      vertex   1.477426e+02 -1.118437e+02 1.174396e+01
      vertex   1.477331e+02 -1.114605e+02 1.174396e+01
    endloop
  endfacet
  facet normal 8.539787e-02 2.107966e-03 9.963447e-01
    outer loop
      vertex   1.477331e+02 -1.114605e+02 1.174396e+01
      vertex   1.477426e+02 -1.118437e+02 1.174396e+01
      vertex   1.487413e+02 -1.117807e+02 1.165822e+01
    endloop
  endfacet
  facet normal 1.306294e-01 3.731311e-02 9.907289e-01
    outer loop
      vertex   1.468410e+02 -1.141520e+02 1.190181e+01
      vertex   1.470107e+02 -1.133370e+02 1.184875e+01
      vertex   1.468268e+02 -1.128404e+02 1.185428e+01
    endloop
  endfacet
  facet normal 1.113588e-01 3.015187e-02 9.933227e-01
    outer loop
      vertex   1.468268e+02 -1.128404e+02 1.185428e+01
      vertex   1.470107e+02 -1.133370e+02 1.184875e+01
      vertex   1.468805e+02 -1.128563e+02 1.184875e+01
    endloop
  endfacet
  facet normal 1.049395e-01 8.091073e-03 9.944457e-01
    outer loop
      vertex   1.468268e+02 -1.128404e+02 1.185428e+01
      vertex   1.468805e+02 -1.128563e+02 1.184875e+01
      vertex   1.478565e+02 -1.126350e+02 1.174396e+01
    endloop
  endfacet
  facet normal 1.006096e-01 2.724138e-02 9.945530e-01
    outer loop
      vertex   1.478565e+02 -1.126350e+02 1.174396e+01
      vertex   1.468805e+02 -1.128563e+02 1.184875e+01
      vertex   1.479649e+02 -1.130357e+02 1.174396e+01
    endloop
  endfacet
  facet normal 8.246523e-02 2.232854e-02 9.963438e-01
    outer loop
      vertex   1.478565e+02 -1.126350e+02 1.174396e+01
      vertex   1.479649e+02 -1.130357e+02 1.174396e+01
      vertex   1.489192e+02 -1.127343e+02 1.165822e+01
    endloop
  endfacet
  facet normal 8.030871e-02 2.915668e-02 9.963435e-01
    outer loop
      vertex   1.489192e+02 -1.127343e+02 1.165822e+01
      vertex   1.479649e+02 -1.130357e+02 1.174396e+01
      vertex   1.490349e+02 -1.130529e+02 1.165822e+01
    endloop
  endfacet
  facet normal 6.255260e-02 2.271019e-02 9.977833e-01
    outer loop
      vertex   1.489192e+02 -1.127343e+02 1.165822e+01
      vertex   1.490349e+02 -1.130529e+02 1.165822e+01
      vertex   1.499602e+02 -1.126718e+02 1.159154e+01
    endloop
  endfacet
  facet normal 6.038873e-02 2.796526e-02 9.977831e-01
    outer loop
      vertex   1.499602e+02 -1.126718e+02 1.159154e+01
      vertex   1.490349e+02 -1.130529e+02 1.165822e+01
      vertex   1.500689e+02 -1.129065e+02 1.159154e+01
    endloop
  endfacet
  facet normal 4.318167e-02 1.999689e-02 9.988671e-01
    outer loop
      vertex   1.499602e+02 -1.126718e+02 1.159154e+01
      vertex   1.500689e+02 -1.129065e+02 1.159154e+01
      vertex   1.509580e+02 -1.124472e+02 1.154391e+01
    endloop
  endfacet
  facet normal 4.176634e-02 2.273729e-02 9.988687e-01
    outer loop
      vertex   1.509580e+02 -1.124472e+02 1.154391e+01
      vertex   1.500689e+02 -1.129065e+02 1.159154e+01
      vertex   1.509996e+02 -1.125237e+02 1.154391e+01
    endloop
  endfacet
  facet normal 2.507796e-02 1.365226e-02 9.995923e-01
    outer loop
      vertex   1.509580e+02 -1.124472e+02 1.154391e+01
      vertex   1.509996e+02 -1.125237e+02 1.154391e+01
      vertex   1.518679e+02 -1.120262e+02 1.151533e+01
    endloop
  endfacet
  facet normal 2.445823e-02 1.473388e-02 9.995923e-01
    outer loop
      vertex   1.518679e+02 -1.120262e+02 1.151533e+01
      vertex   1.509996e+02 -1.125237e+02 1.154391e+01
      vertex   1.518906e+02 -1.120638e+02 1.151533e+01
    endloop
  endfacet
  facet normal 8.155701e-03 4.913074e-03 9.999547e-01
    outer loop
      vertex   1.518679e+02 -1.120262e+02 1.151533e+01
      vertex   1.518906e+02 -1.120638e+02 1.151533e+01
      vertex   1.527363e+02 -1.115287e+02 1.150580e+01
    endloop
  endfacet
  facet normal 1.085251e-01 6.187410e-02 9.921663e-01
    outer loop
      vertex   1.468647e+02 -1.154637e+02 1.198102e+01
      vertex   1.474015e+02 -1.142842e+02 1.184875e+01
      vertex   1.468410e+02 -1.141520e+02 1.190181e+01
    endloop
  endfacet
  facet normal 1.055609e-01 4.888393e-02 9.932106e-01
    outer loop
      vertex   1.468410e+02 -1.141520e+02 1.190181e+01
      vertex   1.474015e+02 -1.142842e+02 1.184875e+01
      vertex   1.471842e+02 -1.138149e+02 1.184875e+01
    endloop
  endfacet
  facet normal 1.131526e-01 4.108090e-02 9.927280e-01
    outer loop
      vertex   1.468410e+02 -1.141520e+02 1.190181e+01
      vertex   1.471842e+02 -1.138149e+02 1.184875e+01
      vertex   1.470107e+02 -1.133370e+02 1.184875e+01
    endloop
  endfacet
  facet normal 9.797862e-02 3.557187e-02 9.945526e-01
    outer loop
      vertex   1.470107e+02 -1.133370e+02 1.184875e+01
      vertex   1.471842e+02 -1.138149e+02 1.184875e+01
      vertex   1.481095e+02 -1.134339e+02 1.174396e+01
    endloop
  endfacet
  facet normal 9.797862e-02 3.557187e-02 9.945526e-01
    outer loop
      vertex   1.470107e+02 -1.133370e+02 1.184875e+01
      vertex   1.481095e+02 -1.134339e+02 1.174396e+01
      vertex   1.479649e+02 -1.130357e+02 1.174396e+01
    endloop
  endfacet
  facet normal 8.030871e-02 2.915668e-02 9.963435e-01
    outer loop
      vertex   1.479649e+02 -1.130357e+02 1.174396e+01
      vertex   1.481095e+02 -1.134339e+02 1.174396e+01
      vertex   1.490349e+02 -1.130529e+02 1.165822e+01
    endloop
  endfacet
  facet normal 1.157627e-01 8.657545e-02 9.894967e-01
    outer loop
      vertex   1.468978e+02 -1.167755e+02 1.209192e+01
      vertex   1.469869e+02 -1.155307e+02 1.197259e+01
      vertex   1.468647e+02 -1.154637e+02 1.198102e+01
    endloop
  endfacet
  facet normal 1.042457e-01 6.520911e-02 9.924115e-01
    outer loop
      vertex   1.468647e+02 -1.154637e+02 1.198102e+01
      vertex   1.469869e+02 -1.155307e+02 1.197259e+01
      vertex   1.478082e+02 -1.149590e+02 1.184875e+01
    endloop
  endfacet
  facet normal 1.026635e-01 6.815834e-02 9.923783e-01
    outer loop
      vertex   1.468647e+02 -1.154637e+02 1.198102e+01
      vertex   1.478082e+02 -1.149590e+02 1.184875e+01
      vertex   1.476621e+02 -1.147389e+02 1.184875e+01
    endloop
  endfacet
  facet normal 8.678416e-02 5.761606e-02 9.945597e-01
    outer loop
      vertex   1.476621e+02 -1.147389e+02 1.184875e+01
      vertex   1.478082e+02 -1.149590e+02 1.184875e+01
      vertex   1.486296e+02 -1.143873e+02 1.174396e+01
    endloop
  endfacet
  facet normal 8.678416e-02 5.761606e-02 9.945597e-01
    outer loop
      vertex   1.476621e+02 -1.147389e+02 1.184875e+01
      vertex   1.486296e+02 -1.143873e+02 1.174396e+01
      vertex   1.485078e+02 -1.142039e+02 1.174396e+01
    endloop
  endfacet
  facet normal 7.113294e-02 4.722520e-02 9.963483e-01
    outer loop
      vertex   1.485078e+02 -1.142039e+02 1.174396e+01
      vertex   1.486296e+02 -1.143873e+02 1.174396e+01
      vertex   1.494509e+02 -1.138156e+02 1.165822e+01
    endloop
  endfacet
  facet normal 7.113294e-02 4.722520e-02 9.963483e-01
    outer loop
      vertex   1.485078e+02 -1.142039e+02 1.174396e+01
      vertex   1.494509e+02 -1.138156e+02 1.165822e+01
      vertex   1.493535e+02 -1.136689e+02 1.165822e+01
    endloop
  endfacet
  facet normal 5.540548e-02 3.678373e-02 9.977861e-01
    outer loop
      vertex   1.493535e+02 -1.136689e+02 1.165822e+01
      vertex   1.494509e+02 -1.138156e+02 1.165822e+01
      vertex   1.502722e+02 -1.132439e+02 1.159154e+01
    endloop
  endfacet
  facet normal 5.540548e-02 3.678373e-02 9.977861e-01
    outer loop
      vertex   1.493535e+02 -1.136689e+02 1.165822e+01
      vertex   1.502722e+02 -1.132439e+02 1.159154e+01
      vertex   1.501992e+02 -1.131338e+02 1.159154e+01
    endloop
  endfacet
  facet normal 3.961827e-02 2.630260e-02 9.988686e-01
    outer loop
      vertex   1.501992e+02 -1.131338e+02 1.159154e+01
      vertex   1.502722e+02 -1.132439e+02 1.159154e+01
      vertex   1.510936e+02 -1.126722e+02 1.154391e+01
    endloop
  endfacet
  facet normal 3.961827e-02 2.630260e-02 9.988686e-01
    outer loop
      vertex   1.501992e+02 -1.131338e+02 1.159154e+01
      vertex   1.510936e+02 -1.126722e+02 1.154391e+01
      vertex   1.510449e+02 -1.125988e+02 1.154391e+01
    endloop
  endfacet
  facet normal 2.378819e-02 1.579299e-02 9.995923e-01
    outer loop
      vertex   1.510449e+02 -1.125988e+02 1.154391e+01
      vertex   1.510936e+02 -1.126722e+02 1.154391e+01
      vertex   1.519149e+02 -1.121005e+02 1.151533e+01
    endloop
  endfacet
  facet normal 2.378819e-02 1.579299e-02 9.995923e-01
    outer loop
      vertex   1.510449e+02 -1.125988e+02 1.154391e+01
      vertex   1.519149e+02 -1.121005e+02 1.151533e+01
      vertex   1.518906e+02 -1.120638e+02 1.151533e+01
    endloop
  endfacet
  facet normal 7.932270e-03 5.266239e-03 9.999547e-01
    outer loop
      vertex   1.518906e+02 -1.120638e+02 1.151533e+01
      vertex   1.519149e+02 -1.121005e+02 1.151533e+01
      vertex   1.527363e+02 -1.115287e+02 1.150580e+01
    endloop
  endfacet
  facet normal 9.998734e-02 9.869992e-02 9.900812e-01
    outer loop
      vertex   1.469117e+02 -1.168895e+02 1.210188e+01
      vertex   1.475678e+02 -1.162572e+02 1.197259e+01
      vertex   1.468978e+02 -1.167755e+02 1.209192e+01
    endloop
  endfacet
  facet normal 1.051766e-01 9.201733e-02 9.901872e-01
    outer loop
      vertex   1.468978e+02 -1.167755e+02 1.209192e+01
      vertex   1.475678e+02 -1.162572e+02 1.197259e+01
      vertex   1.473630e+02 -1.160231e+02 1.197259e+01
    endloop
  endfacet
  facet normal 1.107392e-01 8.853212e-02 9.898984e-01
    outer loop
      vertex   1.468978e+02 -1.167755e+02 1.209192e+01
      vertex   1.473630e+02 -1.160231e+02 1.197259e+01
      vertex   1.471692e+02 -1.157807e+02 1.197259e+01
    endloop
  endfacet
  facet normal 9.595056e-02 7.670916e-02 9.924259e-01
    outer loop
      vertex   1.471692e+02 -1.157807e+02 1.197259e+01
      vertex   1.473630e+02 -1.160231e+02 1.197259e+01
      vertex   1.481306e+02 -1.153811e+02 1.184875e+01
    endloop
  endfacet
  facet normal 9.595056e-02 7.670916e-02 9.924259e-01
    outer loop
      vertex   1.471692e+02 -1.157807e+02 1.197259e+01
      vertex   1.481306e+02 -1.153811e+02 1.184875e+01
      vertex   1.479645e+02 -1.151733e+02 1.184875e+01
    endloop
  endfacet
  facet normal 8.136351e-02 6.504731e-02 9.945596e-01
    outer loop
      vertex   1.479645e+02 -1.151733e+02 1.184875e+01
      vertex   1.481306e+02 -1.153811e+02 1.184875e+01
      vertex   1.488982e+02 -1.147390e+02 1.174396e+01
    endloop
  endfacet
  facet normal 8.136351e-02 6.504731e-02 9.945596e-01
    outer loop
      vertex   1.479645e+02 -1.151733e+02 1.184875e+01
      vertex   1.488982e+02 -1.147390e+02 1.174396e+01
      vertex   1.487598e+02 -1.145659e+02 1.174396e+01
    endloop
  endfacet
  facet normal 6.668988e-02 5.331626e-02 9.963483e-01
    outer loop
      vertex   1.487598e+02 -1.145659e+02 1.174396e+01
      vertex   1.488982e+02 -1.147390e+02 1.174396e+01
      vertex   1.496658e+02 -1.140970e+02 1.165822e+01
    endloop
  endfacet
  facet normal 6.668988e-02 5.331626e-02 9.963483e-01
    outer loop
      vertex   1.487598e+02 -1.145659e+02 1.174396e+01
      vertex   1.496658e+02 -1.140970e+02 1.165822e+01
      vertex   1.495551e+02 -1.139585e+02 1.165822e+01
    endloop
  endfacet
  facet normal 5.194478e-02 4.152805e-02 9.977861e-01
    outer loop
      vertex   1.495551e+02 -1.139585e+02 1.165822e+01
      vertex   1.496658e+02 -1.140970e+02 1.165822e+01
      vertex   1.504334e+02 -1.134549e+02 1.159154e+01
    endloop
  endfacet
  facet normal 5.194478e-02 4.152805e-02 9.977861e-01
    outer loop
      vertex   1.495551e+02 -1.139585e+02 1.165822e+01
      vertex   1.504334e+02 -1.134549e+02 1.159154e+01
      vertex   1.503504e+02 -1.133510e+02 1.159154e+01
    endloop
  endfacet
  facet normal 3.714366e-02 2.969508e-02 9.988686e-01
    outer loop
      vertex   1.503504e+02 -1.133510e+02 1.159154e+01
      vertex   1.504334e+02 -1.134549e+02 1.159154e+01
      vertex   1.512010e+02 -1.128129e+02 1.154391e+01
    endloop
  endfacet
  facet normal 3.714366e-02 2.969508e-02 9.988686e-01
    outer loop
      vertex   1.503504e+02 -1.133510e+02 1.159154e+01
      vertex   1.512010e+02 -1.128129e+02 1.154391e+01
      vertex   1.511457e+02 -1.127436e+02 1.154391e+01
    endloop
  endfacet
  facet normal 2.230234e-02 1.782995e-02 9.995923e-01
    outer loop
      vertex   1.511457e+02 -1.127436e+02 1.154391e+01
      vertex   1.512010e+02 -1.128129e+02 1.154391e+01
      vertex   1.519686e+02 -1.121708e+02 1.151533e+01
    endloop
  endfacet
  facet normal 2.230234e-02 1.782995e-02 9.995923e-01
    outer loop
      vertex   1.511457e+02 -1.127436e+02 1.154391e+01
      vertex   1.519686e+02 -1.121708e+02 1.151533e+01
      vertex   1.519410e+02 -1.121362e+02 1.151533e+01
    endloop
  endfacet
  facet normal 7.436810e-03 5.945472e-03 9.999547e-01
    outer loop
      vertex   1.519410e+02 -1.121362e+02 1.151533e+01
      vertex   1.519686e+02 -1.121708e+02 1.151533e+01
      vertex   1.527363e+02 -1.115287e+02 1.150580e+01
    endloop
  endfacet
  facet normal 9.975457e-02 9.894129e-02 9.900806e-01
    outer loop
      vertex   1.469117e+02 -1.168895e+02 1.210188e+01
      vertex   1.469468e+02 -1.169993e+02 1.210933e+01
      vertex   1.475678e+02 -1.162572e+02 1.197259e+01
    endloop
  endfacet
  facet normal 1.017174e-01 9.729228e-02 9.900443e-01
    outer loop
      vertex   1.475678e+02 -1.162572e+02 1.197259e+01
      vertex   1.469468e+02 -1.169993e+02 1.210933e+01
      vertex   1.477828e+02 -1.164819e+02 1.197259e+01
    endloop
  endfacet
  facet normal 8.877391e-02 8.491191e-02 9.924259e-01
    outer loop
      vertex   1.475678e+02 -1.162572e+02 1.197259e+01
      vertex   1.477828e+02 -1.164819e+02 1.197259e+01
      vertex   1.483061e+02 -1.155817e+02 1.184875e+01
    endloop
  endfacet
  facet normal 8.877370e-02 8.491204e-02 9.924259e-01
    outer loop
      vertex   1.483061e+02 -1.155817e+02 1.184875e+01
      vertex   1.477828e+02 -1.164819e+02 1.197259e+01
      vertex   1.484904e+02 -1.157744e+02 1.184875e+01
    endloop
  endfacet
  facet normal 7.527776e-02 7.200318e-02 9.945596e-01
    outer loop
      vertex   1.483061e+02 -1.155817e+02 1.184875e+01
      vertex   1.484904e+02 -1.157744e+02 1.184875e+01
      vertex   1.490445e+02 -1.149062e+02 1.174396e+01
    endloop
  endfacet
  facet normal 7.527759e-02 7.200329e-02 9.945596e-01
    outer loop
      vertex   1.490445e+02 -1.149062e+02 1.174396e+01
      vertex   1.484904e+02 -1.157744e+02 1.184875e+01
      vertex   1.491981e+02 -1.150668e+02 1.174396e+01
    endloop
  endfacet
  facet normal 6.170157e-02 5.901778e-02 9.963482e-01
    outer loop
      vertex   1.490445e+02 -1.149062e+02 1.174396e+01
      vertex   1.491981e+02 -1.150668e+02 1.174396e+01
      vertex   1.497828e+02 -1.142307e+02 1.165822e+01
    endloop
  endfacet
  facet normal 6.170143e-02 5.901787e-02 9.963482e-01
    outer loop
      vertex   1.497828e+02 -1.142307e+02 1.165822e+01
      vertex   1.491981e+02 -1.150668e+02 1.174396e+01
      vertex   1.499057e+02 -1.143592e+02 1.165822e+01
    endloop
  endfacet
  facet normal 4.805929e-02 4.596906e-02 9.977861e-01
    outer loop
      vertex   1.497828e+02 -1.142307e+02 1.165822e+01
      vertex   1.499057e+02 -1.143592e+02 1.165822e+01
      vertex   1.505212e+02 -1.135552e+02 1.159154e+01
    endloop
  endfacet
  facet normal 4.805919e-02 4.596914e-02 9.977861e-01
    outer loop
      vertex   1.505212e+02 -1.135552e+02 1.159154e+01
      vertex   1.499057e+02 -1.143592e+02 1.165822e+01
      vertex   1.506134e+02 -1.136516e+02 1.159154e+01
    endloop
  endfacet
  facet normal 3.436525e-02 3.287073e-02 9.988686e-01
    outer loop
      vertex   1.505212e+02 -1.135552e+02 1.159154e+01
      vertex   1.506134e+02 -1.136516e+02 1.159154e+01
      vertex   1.512595e+02 -1.128797e+02 1.154391e+01
    endloop
  endfacet
  facet normal 3.436518e-02 3.287079e-02 9.988686e-01
    outer loop
      vertex   1.512595e+02 -1.128797e+02 1.154391e+01
      vertex   1.506134e+02 -1.136516e+02 1.159154e+01
      vertex   1.513210e+02 -1.129440e+02 1.154391e+01
    endloop
  endfacet
  facet normal 2.063405e-02 1.973677e-02 9.995923e-01
    outer loop
      vertex   1.512595e+02 -1.128797e+02 1.154391e+01
      vertex   1.513210e+02 -1.129440e+02 1.154391e+01
      vertex   1.519979e+02 -1.122042e+02 1.151533e+01
    endloop
  endfacet
  facet normal 2.063401e-02 1.973681e-02 9.995923e-01
    outer loop
      vertex   1.519979e+02 -1.122042e+02 1.151533e+01
      vertex   1.513210e+02 -1.129440e+02 1.154391e+01
      vertex   1.520286e+02 -1.122364e+02 1.151533e+01
    endloop
  endfacet
  facet normal 6.880498e-03 6.581322e-03 9.999547e-01
    outer loop
      vertex   1.519979e+02 -1.122042e+02 1.151533e+01
      vertex   1.520286e+02 -1.122364e+02 1.151533e+01
      vertex   1.527363e+02 -1.115287e+02 1.150580e+01
    endloop
  endfacet
  facet normal 1.003222e-01 9.952566e-02 9.899647e-01
    outer loop
      vertex   1.469468e+02 -1.169993e+02 1.210933e+01
      vertex   1.470016e+02 -1.171003e+02 1.211392e+01
      vertex   1.477828e+02 -1.164819e+02 1.197259e+01
    endloop
  endfacet
  facet normal 1.000863e-01 9.982229e-02 9.899587e-01
    outer loop
      vertex   1.477828e+02 -1.164819e+02 1.197259e+01
      vertex   1.470016e+02 -1.171003e+02 1.211392e+01
      vertex   1.470751e+02 -1.171895e+02 1.211548e+01
    endloop
  endfacet
  facet normal 9.982423e-02 1.000844e-01 9.899587e-01
    outer loop
      vertex   1.477828e+02 -1.164819e+02 1.197259e+01
      vertex   1.470751e+02 -1.171895e+02 1.211548e+01
      vertex   1.471638e+02 -1.172627e+02 1.211395e+01
    endloop
  endfacet
  facet normal 9.952789e-02 1.003204e-01 9.899647e-01
    outer loop
      vertex   1.471638e+02 -1.172627e+02 1.211395e+01
      vertex   1.472652e+02 -1.173180e+02 1.210936e+01
      vertex   1.477828e+02 -1.164819e+02 1.197259e+01
    endloop
  endfacet
  facet normal 9.918507e-02 1.005347e-01 9.899773e-01
    outer loop
      vertex   1.477828e+02 -1.164819e+02 1.197259e+01
      vertex   1.472652e+02 -1.173180e+02 1.210936e+01
      vertex   1.473748e+02 -1.173531e+02 1.210193e+01
    endloop
  endfacet
  facet normal 9.711056e-02 1.015220e-01 9.900822e-01
    outer loop
      vertex   1.477828e+02 -1.164819e+02 1.197259e+01
      vertex   1.473748e+02 -1.173531e+02 1.210193e+01
      vertex   1.480079e+02 -1.166972e+02 1.197259e+01
    endloop
  endfacet
  facet normal 9.870107e-02 9.998643e-02 9.900812e-01
    outer loop
      vertex   1.480079e+02 -1.166972e+02 1.197259e+01
      vertex   1.473748e+02 -1.173531e+02 1.210193e+01
      vertex   1.474895e+02 -1.173672e+02 1.209192e+01
    endloop
  endfacet
  facet normal 9.201731e-02 1.051766e-01 9.901872e-01
    outer loop
      vertex   1.480079e+02 -1.166972e+02 1.197259e+01
      vertex   1.474895e+02 -1.173672e+02 1.209192e+01
      vertex   1.482419e+02 -1.169020e+02 1.197259e+01
    endloop
  endfacet
  facet normal 8.654694e-02 1.139028e-01 9.897150e-01
    outer loop
      vertex   1.482419e+02 -1.169020e+02 1.197259e+01
      vertex   1.474895e+02 -1.173672e+02 1.209192e+01
      vertex   1.488013e+02 -1.174003e+02 1.198102e+01
    endloop
  endfacet
  facet normal 1.290811e-01 1.614593e-01 9.784012e-01
    outer loop
      vertex   1.482419e+02 -1.169020e+02 1.197259e+01
      vertex   1.488013e+02 -1.174003e+02 1.198102e+01
      vertex   1.484843e+02 -1.170958e+02 1.197259e+01
    endloop
  endfacet
  facet normal 8.305189e-02 1.138662e-01 9.900186e-01
    outer loop
      vertex   1.484843e+02 -1.170958e+02 1.197259e+01
      vertex   1.488013e+02 -1.174003e+02 1.198102e+01
      vertex   1.487343e+02 -1.172781e+02 1.197259e+01
    endloop
  endfacet
  facet normal 7.239044e-02 9.924911e-02 9.924259e-01
    outer loop
      vertex   1.484843e+02 -1.170958e+02 1.197259e+01
      vertex   1.487343e+02 -1.172781e+02 1.197259e+01
      vertex   1.493060e+02 -1.164568e+02 1.184875e+01
    endloop
  endfacet
  facet normal 6.794559e-02 1.023431e-01 9.924260e-01
    outer loop
      vertex   1.493060e+02 -1.164568e+02 1.184875e+01
      vertex   1.487343e+02 -1.172781e+02 1.197259e+01
      vertex   1.495261e+02 -1.166029e+02 1.184875e+01
    endloop
  endfacet
  facet normal 5.761604e-02 8.678418e-02 9.945597e-01
    outer loop
      vertex   1.493060e+02 -1.164568e+02 1.184875e+01
      vertex   1.495261e+02 -1.166029e+02 1.184875e+01
      vertex   1.500611e+02 -1.157572e+02 1.174396e+01
    endloop
  endfacet
  facet normal 5.375219e-02 8.922865e-02 9.945597e-01
    outer loop
      vertex   1.500611e+02 -1.157572e+02 1.174396e+01
      vertex   1.495261e+02 -1.166029e+02 1.184875e+01
      vertex   1.502488e+02 -1.158703e+02 1.174396e+01
    endloop
  endfacet
  facet normal 4.405817e-02 7.313658e-02 9.963483e-01
    outer loop
      vertex   1.500611e+02 -1.157572e+02 1.174396e+01
      vertex   1.502488e+02 -1.158703e+02 1.174396e+01
      vertex   1.507463e+02 -1.150020e+02 1.165822e+01
    endloop
  endfacet
  facet normal 4.082383e-02 7.498971e-02 9.963483e-01
    outer loop
      vertex   1.507463e+02 -1.150020e+02 1.165822e+01
      vertex   1.502488e+02 -1.158703e+02 1.174396e+01
      vertex   1.508993e+02 -1.150853e+02 1.165822e+01
    endloop
  endfacet
  facet normal 3.179769e-02 5.840951e-02 9.977862e-01
    outer loop
      vertex   1.507463e+02 -1.150020e+02 1.165822e+01
      vertex   1.508993e+02 -1.150853e+02 1.165822e+01
      vertex   1.513585e+02 -1.141961e+02 1.159154e+01
    endloop
  endfacet
  facet normal 2.796525e-02 6.038874e-02 9.977831e-01
    outer loop
      vertex   1.513585e+02 -1.141961e+02 1.159154e+01
      vertex   1.508993e+02 -1.150853e+02 1.165822e+01
      vertex   1.515932e+02 -1.143048e+02 1.159154e+01
    endloop
  endfacet
  facet normal 1.999688e-02 4.318168e-02 9.988671e-01
    outer loop
      vertex   1.513585e+02 -1.141961e+02 1.159154e+01
      vertex   1.515932e+02 -1.143048e+02 1.159154e+01
      vertex   1.519742e+02 -1.133794e+02 1.154391e+01
    endloop
  endfacet
  facet normal 1.623918e-02 4.472897e-02 9.988672e-01
    outer loop
      vertex   1.519742e+02 -1.133794e+02 1.154391e+01
      vertex   1.515932e+02 -1.143048e+02 1.159154e+01
      vertex   1.521335e+02 -1.134373e+02 1.154391e+01
    endloop
  endfacet
  facet normal 9.750573e-03 2.685685e-02 9.995917e-01
    outer loop
      vertex   1.519742e+02 -1.133794e+02 1.154391e+01
      vertex   1.521335e+02 -1.134373e+02 1.154391e+01
      vertex   1.524349e+02 -1.124830e+02 1.151533e+01
    endloop
  endfacet
  facet normal 7.467107e-03 2.757803e-02 9.995918e-01
    outer loop
      vertex   1.524349e+02 -1.124830e+02 1.151533e+01
      vertex   1.521335e+02 -1.134373e+02 1.154391e+01
      vertex   1.525150e+02 -1.125047e+02 1.151533e+01
    endloop
  endfacet
  facet normal 2.489939e-03 9.196012e-03 9.999546e-01
    outer loop
      vertex   1.524349e+02 -1.124830e+02 1.151533e+01
      vertex   1.525150e+02 -1.125047e+02 1.151533e+01
      vertex   1.527363e+02 -1.115287e+02 1.150580e+01
    endloop
  endfacet
  facet normal 6.596043e-02 1.046514e-01 9.923192e-01
    outer loop
      vertex   1.487343e+02 -1.172781e+02 1.197259e+01
      vertex   1.488013e+02 -1.174003e+02 1.198102e+01
      vertex   1.495261e+02 -1.166029e+02 1.184875e+01
    endloop
  endfacet
  facet normal 6.187205e-02 1.083454e-01 9.921860e-01
    outer loop
      vertex   1.495261e+02 -1.166029e+02 1.184875e+01
      vertex   1.488013e+02 -1.174003e+02 1.198102e+01
      vertex   1.501130e+02 -1.174240e+02 1.190181e+01
    endloop
  endfacet
  facet normal 6.777867e-02 1.125126e-01 9.913359e-01
    outer loop
      vertex   1.495261e+02 -1.166029e+02 1.184875e+01
      vertex   1.501130e+02 -1.174240e+02 1.190181e+01
      vertex   1.497513e+02 -1.167386e+02 1.184875e+01
    endloop
  endfacet
  facet normal 5.868492e-02 1.077989e-01 9.924392e-01
    outer loop
      vertex   1.497513e+02 -1.167386e+02 1.184875e+01
      vertex   1.501130e+02 -1.174240e+02 1.190181e+01
      vertex   1.499808e+02 -1.168635e+02 1.184875e+01
    endloop
  endfacet
  facet normal 4.980620e-02 9.148953e-02 9.945597e-01
    outer loop
      vertex   1.497513e+02 -1.167386e+02 1.184875e+01
      vertex   1.499808e+02 -1.168635e+02 1.184875e+01
      vertex   1.504401e+02 -1.159744e+02 1.174396e+01
    endloop
  endfacet
  facet normal 4.380307e-02 9.458926e-02 9.945522e-01
    outer loop
      vertex   1.504401e+02 -1.159744e+02 1.174396e+01
      vertex   1.499808e+02 -1.168635e+02 1.184875e+01
      vertex   1.508311e+02 -1.161555e+02 1.174396e+01
    endloop
  endfacet
  facet normal 3.590343e-02 7.753061e-02 9.963433e-01
    outer loop
      vertex   1.504401e+02 -1.159744e+02 1.174396e+01
      vertex   1.508311e+02 -1.161555e+02 1.174396e+01
      vertex   1.512121e+02 -1.152301e+02 1.165822e+01
    endloop
  endfacet
  facet normal 2.915666e-02 8.030871e-02 9.963435e-01
    outer loop
      vertex   1.512121e+02 -1.152301e+02 1.165822e+01
      vertex   1.508311e+02 -1.161555e+02 1.174396e+01
      vertex   1.515307e+02 -1.153458e+02 1.165822e+01
    endloop
  endfacet
  facet normal 2.271018e-02 6.255260e-02 9.977833e-01
    outer loop
      vertex   1.512121e+02 -1.152301e+02 1.165822e+01
      vertex   1.515307e+02 -1.153458e+02 1.165822e+01
      vertex   1.518321e+02 -1.143915e+02 1.159154e+01
    endloop
  endfacet
  facet normal 1.739173e-02 6.423232e-02 9.977834e-01
    outer loop
      vertex   1.518321e+02 -1.143915e+02 1.159154e+01
      vertex   1.515307e+02 -1.153458e+02 1.165822e+01
      vertex   1.520725e+02 -1.144566e+02 1.159154e+01
    endloop
  endfacet
  facet normal 1.243616e-02 4.593006e-02 9.988672e-01
    outer loop
      vertex   1.518321e+02 -1.143915e+02 1.159154e+01
      vertex   1.520725e+02 -1.144566e+02 1.159154e+01
      vertex   1.522937e+02 -1.134807e+02 1.154391e+01
    endloop
  endfacet
  facet normal 8.631634e-03 4.679256e-02 9.988673e-01
    outer loop
      vertex   1.522937e+02 -1.134807e+02 1.154391e+01
      vertex   1.520725e+02 -1.144566e+02 1.159154e+01
      vertex   1.524532e+02 -1.135101e+02 1.154391e+01
    endloop
  endfacet
  facet normal 5.182737e-03 2.809590e-02 9.995918e-01
    outer loop
      vertex   1.522937e+02 -1.134807e+02 1.154391e+01
      vertex   1.524532e+02 -1.135101e+02 1.154391e+01
      vertex   1.525947e+02 -1.125194e+02 1.151533e+01
    endloop
  endfacet
  facet normal 2.921570e-03 2.841892e-02 9.995918e-01
    outer loop
      vertex   1.525947e+02 -1.125194e+02 1.151533e+01
      vertex   1.524532e+02 -1.135101e+02 1.154391e+01
      vertex   1.526733e+02 -1.125275e+02 1.151533e+01
    endloop
  endfacet
  facet normal 9.742101e-04 9.476413e-03 9.999546e-01
    outer loop
      vertex   1.525947e+02 -1.125194e+02 1.151533e+01
      vertex   1.526733e+02 -1.125275e+02 1.151533e+01
      vertex   1.527363e+02 -1.115287e+02 1.150580e+01
    endloop
  endfacet
  facet normal 3.731311e-02 1.306294e-01 9.907289e-01
    outer loop
      vertex   1.514246e+02 -1.174382e+02 1.185428e+01
      vertex   1.509280e+02 -1.172543e+02 1.184875e+01
      vertex   1.501130e+02 -1.174240e+02 1.190181e+01
    endloop
  endfacet
  facet normal 4.108088e-02 1.131526e-01 9.927280e-01
    outer loop
      vertex   1.501130e+02 -1.174240e+02 1.190181e+01
      vertex   1.509280e+02 -1.172543e+02 1.184875e+01
      vertex   1.504501e+02 -1.170808e+02 1.184875e+01
    endloop
  endfacet
  facet normal 4.888390e-02 1.055609e-01 9.932106e-01
    outer loop
      vertex   1.501130e+02 -1.174240e+02 1.190181e+01
      vertex   1.504501e+02 -1.170808e+02 1.184875e+01
      vertex   1.499808e+02 -1.168635e+02 1.184875e+01
    endloop
  endfacet
  facet normal 4.380307e-02 9.458926e-02 9.945522e-01
    outer loop
      vertex   1.499808e+02 -1.168635e+02 1.184875e+01
      vertex   1.504501e+02 -1.170808e+02 1.184875e+01
      vertex   1.508311e+02 -1.161555e+02 1.174396e+01
    endloop
  endfacet
  facet normal 1.239417e-02 1.068897e-01 9.941936e-01
    outer loop
      vertex   1.527363e+02 -1.174429e+02 1.183844e+01
      vertex   1.520286e+02 -1.164821e+02 1.174396e+01
      vertex   1.514246e+02 -1.174382e+02 1.185428e+01
    endloop
  endfacet
  facet normal 1.895944e-02 1.027801e-01 9.945234e-01
    outer loop
      vertex   1.514246e+02 -1.174382e+02 1.185428e+01
      vertex   1.520286e+02 -1.164821e+02 1.174396e+01
      vertex   1.516300e+02 -1.164085e+02 1.174396e+01
    endloop
  endfacet
  facet normal 8.090421e-03 1.049397e-01 9.944457e-01
    outer loop
      vertex   1.514246e+02 -1.174382e+02 1.185428e+01
      vertex   1.516300e+02 -1.164085e+02 1.174396e+01
      vertex   1.514087e+02 -1.173845e+02 1.184875e+01
    endloop
  endfacet
  facet normal 2.724136e-02 1.006097e-01 9.945530e-01
    outer loop
      vertex   1.514087e+02 -1.173845e+02 1.184875e+01
      vertex   1.516300e+02 -1.164085e+02 1.174396e+01
      vertex   1.509280e+02 -1.172543e+02 1.184875e+01
    endloop
  endfacet
  facet normal 3.015181e-02 1.113587e-01 9.933228e-01
    outer loop
      vertex   1.514087e+02 -1.173845e+02 1.184875e+01
      vertex   1.509280e+02 -1.172543e+02 1.184875e+01
      vertex   1.514246e+02 -1.174382e+02 1.185428e+01
    endloop
  endfacet
  facet normal -1.239413e-02 1.068723e-01 9.941955e-01
    outer loop
      vertex   1.540479e+02 -1.174382e+02 1.185428e+01
      vertex   1.531753e+02 -1.165131e+02 1.174396e+01
      vertex   1.527363e+02 -1.174429e+02 1.183844e+01
    endloop
  endfacet
  facet normal -5.258881e-03 1.035454e-01 9.946108e-01
    outer loop
      vertex   1.527363e+02 -1.174429e+02 1.183844e+01
      vertex   1.531753e+02 -1.165131e+02 1.174396e+01
      vertex   1.528045e+02 -1.165319e+02 1.174396e+01
    endloop
  endfacet
  facet normal 2.541665e-03 1.029687e-01 9.946814e-01
    outer loop
      vertex   1.527363e+02 -1.174429e+02 1.183844e+01
      vertex   1.528045e+02 -1.165319e+02 1.174396e+01
      vertex   1.524213e+02 -1.165224e+02 1.174396e+01
    endloop
  endfacet
  facet normal 2.107950e-03 8.539787e-02 9.963447e-01
    outer loop
      vertex   1.524213e+02 -1.165224e+02 1.174396e+01
      vertex   1.528045e+02 -1.165319e+02 1.174396e+01
      vertex   1.527908e+02 -1.155313e+02 1.165822e+01
    endloop
  endfacet
  facet normal 2.107950e-03 8.539787e-02 9.963447e-01
    outer loop
      vertex   1.524213e+02 -1.165224e+02 1.174396e+01
      vertex   1.527908e+02 -1.155313e+02 1.165822e+01
      vertex   1.524843e+02 -1.155237e+02 1.165822e+01
    endloop
  endfacet
  facet normal 1.641885e-03 6.651653e-02 9.977840e-01
    outer loop
      vertex   1.524843e+02 -1.155237e+02 1.165822e+01
      vertex   1.527908e+02 -1.155313e+02 1.165822e+01
      vertex   1.527772e+02 -1.145306e+02 1.159154e+01
    endloop
  endfacet
  facet normal 1.641885e-03 6.651653e-02 9.977840e-01
    outer loop
      vertex   1.524843e+02 -1.155237e+02 1.165822e+01
      vertex   1.527772e+02 -1.145306e+02 1.159154e+01
      vertex   1.525473e+02 -1.145250e+02 1.159154e+01
    endloop
  endfacet
  facet normal 1.174049e-03 4.756340e-02 9.988675e-01
    outer loop
      vertex   1.525473e+02 -1.145250e+02 1.159154e+01
      vertex   1.527772e+02 -1.145306e+02 1.159154e+01
      vertex   1.527635e+02 -1.135300e+02 1.154391e+01
    endloop
  endfacet
  facet normal 1.174049e-03 4.756340e-02 9.988675e-01
    outer loop
      vertex   1.525473e+02 -1.145250e+02 1.159154e+01
      vertex   1.527635e+02 -1.135300e+02 1.154391e+01
      vertex   1.526103e+02 -1.135262e+02 1.154391e+01
    endloop
  endfacet
  facet normal 7.049401e-04 2.855874e-02 9.995919e-01
    outer loop
      vertex   1.526103e+02 -1.135262e+02 1.154391e+01
      vertex   1.527635e+02 -1.135300e+02 1.154391e+01
      vertex   1.527499e+02 -1.125294e+02 1.151533e+01
    endloop
  endfacet
  facet normal 7.049401e-04 2.855874e-02 9.995919e-01
    outer loop
      vertex   1.526103e+02 -1.135262e+02 1.154391e+01
      vertex   1.527499e+02 -1.125294e+02 1.151533e+01
      vertex   1.526733e+02 -1.125275e+02 1.151533e+01
    endloop
  endfacet
  facet normal 2.350653e-04 9.523033e-03 9.999546e-01
    outer loop
      vertex   1.526733e+02 -1.125275e+02 1.151533e+01
      vertex   1.527499e+02 -1.125294e+02 1.151533e+01
      vertex   1.527363e+02 -1.115287e+02 1.150580e+01
    endloop
  endfacet
  facet normal -3.732017e-02 1.318032e-01 9.905731e-01
    outer loop
      vertex   1.553595e+02 -1.174240e+02 1.190181e+01
      vertex   1.544845e+02 -1.172729e+02 1.184875e+01
      vertex   1.540479e+02 -1.174382e+02 1.185428e+01
    endloop
  endfacet
  facet normal -3.066308e-02 1.142897e-01 9.929741e-01
    outer loop
      vertex   1.540479e+02 -1.174382e+02 1.185428e+01
      vertex   1.544845e+02 -1.172729e+02 1.184875e+01
      vertex   1.540981e+02 -1.173766e+02 1.184875e+01
    endloop
  endfacet
  facet normal -1.670232e-02 1.030381e-01 9.945372e-01
    outer loop
      vertex   1.540479e+02 -1.174382e+02 1.185428e+01
      vertex   1.540981e+02 -1.173766e+02 1.184875e+01
      vertex   1.538711e+02 -1.164020e+02 1.174396e+01
    endloop
  endfacet
  facet normal -2.700143e-02 1.006417e-01 9.945563e-01
    outer loop
      vertex   1.538711e+02 -1.164020e+02 1.174396e+01
      vertex   1.540981e+02 -1.173766e+02 1.184875e+01
      vertex   1.541931e+02 -1.163156e+02 1.174396e+01
    endloop
  endfacet
  facet normal -2.213184e-02 8.249140e-02 9.963460e-01
    outer loop
      vertex   1.538711e+02 -1.164020e+02 1.174396e+01
      vertex   1.541931e+02 -1.163156e+02 1.174396e+01
      vertex   1.539017e+02 -1.153582e+02 1.165822e+01
    endloop
  endfacet
  facet normal -2.747135e-02 8.086636e-02 9.963463e-01
    outer loop
      vertex   1.539017e+02 -1.153582e+02 1.165822e+01
      vertex   1.541931e+02 -1.163156e+02 1.174396e+01
      vertex   1.541446e+02 -1.152757e+02 1.165822e+01
    endloop
  endfacet
  facet normal -2.139746e-02 6.298689e-02 9.977849e-01
    outer loop
      vertex   1.539017e+02 -1.153582e+02 1.165822e+01
      vertex   1.541446e+02 -1.152757e+02 1.165822e+01
      vertex   1.537925e+02 -1.143390e+02 1.159154e+01
    endloop
  endfacet
  facet normal -2.530789e-02 6.151714e-02 9.977851e-01
    outer loop
      vertex   1.537925e+02 -1.143390e+02 1.159154e+01
      vertex   1.541446e+02 -1.152757e+02 1.165822e+01
      vertex   1.539633e+02 -1.142687e+02 1.159154e+01
    endloop
  endfacet
  facet normal -1.809668e-02 4.398851e-02 9.988681e-01
    outer loop
      vertex   1.537925e+02 -1.143390e+02 1.159154e+01
      vertex   1.539633e+02 -1.142687e+02 1.159154e+01
      vertex   1.535543e+02 -1.133554e+02 1.154391e+01
    endloop
  endfacet
  facet normal -2.071344e-02 4.281661e-02 9.988682e-01
    outer loop
      vertex   1.535543e+02 -1.133554e+02 1.154391e+01
      vertex   1.539633e+02 -1.142687e+02 1.159154e+01
      vertex   1.536607e+02 -1.133039e+02 1.154391e+01
    endloop
  endfacet
  facet normal -1.243707e-02 2.570858e-02 9.995921e-01
    outer loop
      vertex   1.535543e+02 -1.133554e+02 1.154391e+01
      vertex   1.536607e+02 -1.133039e+02 1.154391e+01
      vertex   1.531985e+02 -1.124163e+02 1.151533e+01
    endloop
  endfacet
  facet normal -1.390127e-02 2.494612e-02 9.995921e-01
    outer loop
      vertex   1.531985e+02 -1.124163e+02 1.151533e+01
      vertex   1.536607e+02 -1.133039e+02 1.154391e+01
      vertex   1.532479e+02 -1.123888e+02 1.151533e+01
    endloop
  endfacet
  facet normal -4.635438e-03 8.318389e-03 9.999547e-01
    outer loop
      vertex   1.531985e+02 -1.124163e+02 1.151533e+01
      vertex   1.532479e+02 -1.123888e+02 1.151533e+01
      vertex   1.527363e+02 -1.115287e+02 1.150580e+01
    endloop
  endfacet
  facet normal -6.187607e-02 1.086985e-01 9.921472e-01
    outer loop
      vertex   1.566712e+02 -1.174003e+02 1.198102e+01
      vertex   1.555095e+02 -1.168543e+02 1.184875e+01
      vertex   1.553595e+02 -1.174240e+02 1.190181e+01
    endloop
  endfacet
  facet normal -5.127582e-02 1.059919e-01 9.930441e-01
    outer loop
      vertex   1.553595e+02 -1.174240e+02 1.190181e+01
      vertex   1.555095e+02 -1.168543e+02 1.184875e+01
      vertex   1.551904e+02 -1.170086e+02 1.184875e+01
    endloop
  endfacet
  facet normal -4.470655e-02 1.086704e-01 9.930720e-01
    outer loop
      vertex   1.553595e+02 -1.174240e+02 1.190181e+01
      vertex   1.551904e+02 -1.170086e+02 1.184875e+01
      vertex   1.548487e+02 -1.171492e+02 1.184875e+01
    endloop
  endfacet
  facet normal -3.964086e-02 9.635700e-02 9.945572e-01
    outer loop
      vertex   1.548487e+02 -1.171492e+02 1.184875e+01
      vertex   1.551904e+02 -1.170086e+02 1.184875e+01
      vertex   1.547814e+02 -1.160953e+02 1.174396e+01
    endloop
  endfacet
  facet normal -3.964086e-02 9.635700e-02 9.945572e-01
    outer loop
      vertex   1.548487e+02 -1.171492e+02 1.184875e+01
      vertex   1.547814e+02 -1.160953e+02 1.174396e+01
      vertex   1.544967e+02 -1.162125e+02 1.174396e+01
    endloop
  endfacet
  facet normal -3.249180e-02 7.897942e-02 9.963466e-01
    outer loop
      vertex   1.544967e+02 -1.162125e+02 1.174396e+01
      vertex   1.547814e+02 -1.160953e+02 1.174396e+01
      vertex   1.543724e+02 -1.151820e+02 1.165822e+01
    endloop
  endfacet
  facet normal -3.249180e-02 7.897942e-02 9.963466e-01
    outer loop
      vertex   1.544967e+02 -1.162125e+02 1.174396e+01
      vertex   1.543724e+02 -1.151820e+02 1.165822e+01
      vertex   1.541446e+02 -1.152757e+02 1.165822e+01
    endloop
  endfacet
  facet normal -2.530789e-02 6.151714e-02 9.977851e-01
    outer loop
      vertex   1.541446e+02 -1.152757e+02 1.165822e+01
      vertex   1.543724e+02 -1.151820e+02 1.165822e+01
      vertex   1.539633e+02 -1.142687e+02 1.159154e+01
    endloop
  endfacet
  facet normal -8.660944e-02 1.180066e-01 9.892286e-01
    outer loop
      vertex   1.579830e+02 -1.173672e+02 1.209192e+01
      vertex   1.569353e+02 -1.171358e+02 1.197259e+01
      vertex   1.566712e+02 -1.174003e+02 1.198102e+01
    endloop
  endfacet
  facet normal -7.674015e-02 1.082150e-01 9.911612e-01
    outer loop
      vertex   1.566712e+02 -1.174003e+02 1.198102e+01
      vertex   1.569353e+02 -1.171358e+02 1.197259e+01
      vertex   1.566388e+02 -1.173461e+02 1.197259e+01
    endloop
  endfacet
  facet normal -4.884956e-02 1.248630e-01 9.909707e-01
    outer loop
      vertex   1.566712e+02 -1.174003e+02 1.198102e+01
      vertex   1.566388e+02 -1.173461e+02 1.197259e+01
      vertex   1.558062e+02 -1.166889e+02 1.184875e+01
    endloop
  endfacet
  facet normal -6.565525e-02 1.038452e-01 9.924241e-01
    outer loop
      vertex   1.558062e+02 -1.166889e+02 1.184875e+01
      vertex   1.566388e+02 -1.173461e+02 1.197259e+01
      vertex   1.560813e+02 -1.165150e+02 1.184875e+01
    endloop
  endfacet
  facet normal -5.567393e-02 8.805796e-02 9.945583e-01
    outer loop
      vertex   1.558062e+02 -1.166889e+02 1.184875e+01
      vertex   1.560813e+02 -1.165150e+02 1.184875e+01
      vertex   1.555238e+02 -1.156840e+02 1.174396e+01
    endloop
  endfacet
  facet normal -6.026285e-02 8.497953e-02 9.945586e-01
    outer loop
      vertex   1.555238e+02 -1.156840e+02 1.174396e+01
      vertex   1.560813e+02 -1.165150e+02 1.184875e+01
      vertex   1.557355e+02 -1.155338e+02 1.174396e+01
    endloop
  endfacet
  facet normal -4.939467e-02 6.965379e-02 9.963476e-01
    outer loop
      vertex   1.555238e+02 -1.156840e+02 1.174396e+01
      vertex   1.557355e+02 -1.155338e+02 1.174396e+01
      vertex   1.551357e+02 -1.147328e+02 1.165822e+01
    endloop
  endfacet
  facet normal -6.251146e-03 7.182244e-03 9.999547e-01
    outer loop
      vertex   1.534110e+02 -1.122678e+02 1.151533e+01
      vertex   1.527363e+02 -1.115287e+02 1.150580e+01
      vertex   1.533751e+02 -1.122990e+02 1.151533e+01
    endloop
  endfacet
  facet normal -5.508167e-03 7.767330e-03 9.999547e-01
    outer loop
      vertex   1.533361e+02 -1.123298e+02 1.151533e+01
      vertex   1.527363e+02 -1.115287e+02 1.150580e+01
      vertex   1.532938e+02 -1.123598e+02 1.151533e+01
    endloop
  endfacet
  facet normal -5.088730e-03 8.048709e-03 9.999547e-01
    outer loop
      vertex   1.532938e+02 -1.123598e+02 1.151533e+01
      vertex   1.527363e+02 -1.115287e+02 1.150580e+01
      vertex   1.532479e+02 -1.123888e+02 1.151533e+01
    endloop
  endfacet
  facet normal -4.147195e-03 8.572635e-03 9.999547e-01
    outer loop
      vertex   1.531985e+02 -1.124163e+02 1.151533e+01
      vertex   1.527363e+02 -1.115287e+02 1.150580e+01
      vertex   1.531453e+02 -1.124421e+02 1.151533e+01
    endloop
  endfacet
  facet normal -3.623274e-03 8.807271e-03 9.999547e-01
    outer loop
      vertex   1.531453e+02 -1.124421e+02 1.151533e+01
      vertex   1.527363e+02 -1.115287e+02 1.150580e+01
      vertex   1.530883e+02 -1.124655e+02 1.151533e+01
    endloop
  endfacet
  facet normal -3.063427e-03 9.017693e-03 9.999546e-01
    outer loop
      vertex   1.530883e+02 -1.124655e+02 1.151533e+01
      vertex   1.527363e+02 -1.115287e+02 1.150580e+01
      vertex   1.530276e+02 -1.124861e+02 1.151533e+01
    endloop
  endfacet
  facet normal -2.468001e-03 9.198910e-03 9.999546e-01
    outer loop
      vertex   1.530276e+02 -1.124861e+02 1.151533e+01
      vertex   1.527363e+02 -1.115287e+02 1.150580e+01
      vertex   1.529632e+02 -1.125034e+02 1.151533e+01
    endloop
  endfacet
  facet normal -1.838057e-03 9.345609e-03 9.999546e-01
    outer loop
      vertex   1.529632e+02 -1.125034e+02 1.151533e+01
      vertex   1.527363e+02 -1.115287e+02 1.150580e+01
      vertex   1.528953e+02 -1.125168e+02 1.151533e+01
    endloop
  endfacet
  facet normal -1.175494e-03 9.452259e-03 9.999546e-01
    outer loop
      vertex   1.528953e+02 -1.125168e+02 1.151533e+01
      vertex   1.527363e+02 -1.115287e+02 1.150580e+01
      vertex   1.528241e+02 -1.125256e+02 1.151533e+01
    endloop
  endfacet
  facet normal -4.831598e-04 9.513241e-03 9.999546e-01
    outer loop
      vertex   1.528241e+02 -1.125256e+02 1.151533e+01
      vertex   1.527363e+02 -1.115287e+02 1.150580e+01
      vertex   1.527499e+02 -1.125294e+02 1.151533e+01
    endloop
  endfacet
  facet normal 1.728206e-03 9.368699e-03 9.999546e-01
    outer loop
      vertex   1.525947e+02 -1.125194e+02 1.151533e+01
      vertex   1.527363e+02 -1.115287e+02 1.150580e+01
      vertex   1.525150e+02 -1.125047e+02 1.151533e+01
    endloop
  endfacet
  facet normal 3.251371e-03 8.955533e-03 9.999546e-01
    outer loop
      vertex   1.524349e+02 -1.124830e+02 1.151533e+01
      vertex   1.527363e+02 -1.115287e+02 1.150580e+01
      vertex   1.523552e+02 -1.124541e+02 1.151533e+01
    endloop
  endfacet
  facet normal 4.003730e-03 8.645738e-03 9.999546e-01
    outer loop
      vertex   1.523552e+02 -1.124541e+02 1.151533e+01
      vertex   1.527363e+02 -1.115287e+02 1.150580e+01
      vertex   1.522770e+02 -1.124179e+02 1.151533e+01
    endloop
  endfacet
  facet normal 4.552400e-03 8.362350e-03 9.999547e-01
    outer loop
      vertex   1.522770e+02 -1.124179e+02 1.151533e+01
      vertex   1.527363e+02 -1.115287e+02 1.150580e+01
      vertex   1.522388e+02 -1.123971e+02 1.151533e+01
    endloop
  endfacet
  facet normal 4.913072e-03 8.155702e-03 9.999547e-01
    outer loop
      vertex   1.522388e+02 -1.123971e+02 1.151533e+01
      vertex   1.527363e+02 -1.115287e+02 1.150580e+01
      vertex   1.522012e+02 -1.123744e+02 1.151533e+01
    endloop
  endfacet
  facet normal 5.266237e-03 7.932271e-03 9.999547e-01
    outer loop
      vertex   1.522012e+02 -1.123744e+02 1.151533e+01
      vertex   1.527363e+02 -1.115287e+02 1.150580e+01
      vertex   1.521645e+02 -1.123501e+02 1.151533e+01
    endloop
  endfacet
  facet normal 5.610743e-03 7.692469e-03 9.999547e-01
    outer loop
      vertex   1.521645e+02 -1.123501e+02 1.151533e+01
      vertex   1.527363e+02 -1.115287e+02 1.150580e+01
      vertex   1.521288e+02 -1.123240e+02 1.151533e+01
    endloop
  endfacet
  facet normal 5.945471e-03 7.436811e-03 9.999547e-01
    outer loop
      vertex   1.521288e+02 -1.123240e+02 1.151533e+01
      vertex   1.527363e+02 -1.115287e+02 1.150580e+01
      vertex   1.520942e+02 -1.122964e+02 1.151533e+01
    endloop
  endfacet
  facet normal 6.269342e-03 7.165913e-03 9.999547e-01
    outer loop
      vertex   1.520942e+02 -1.122964e+02 1.151533e+01
      vertex   1.527363e+02 -1.115287e+02 1.150580e+01
      vertex   1.520608e+02 -1.122671e+02 1.151533e+01
    endloop
  endfacet
  facet normal 6.581347e-03 6.880474e-03 9.999547e-01
    outer loop
      vertex   1.520608e+02 -1.122671e+02 1.151533e+01
      vertex   1.527363e+02 -1.115287e+02 1.150580e+01
      vertex   1.520286e+02 -1.122364e+02 1.151533e+01
    endloop
  endfacet
  facet normal 7.165912e-03 6.269344e-03 9.999547e-01
    outer loop
      vertex   1.519979e+02 -1.122042e+02 1.151533e+01
      vertex   1.527363e+02 -1.115287e+02 1.150580e+01
      vertex   1.519686e+02 -1.121708e+02 1.151533e+01
    endloop
  endfacet
  facet normal 7.692468e-03 5.610745e-03 9.999547e-01
    outer loop
      vertex   1.519410e+02 -1.121362e+02 1.151533e+01
      vertex   1.527363e+02 -1.115287e+02 1.150580e+01
      vertex   1.519149e+02 -1.121005e+02 1.151533e+01
    endloop
  endfacet
  facet normal 8.362349e-03 4.552402e-03 9.999547e-01
    outer loop
      vertex   1.518679e+02 -1.120262e+02 1.151533e+01
      vertex   1.527363e+02 -1.115287e+02 1.150580e+01
      vertex   1.518471e+02 -1.119880e+02 1.151533e+01
    endloop
  endfacet
  facet normal 8.645737e-03 4.003732e-03 9.999546e-01
    outer loop
      vertex   1.518471e+02 -1.119880e+02 1.151533e+01
      vertex   1.527363e+02 -1.115287e+02 1.150580e+01
      vertex   1.518109e+02 -1.119098e+02 1.151533e+01
    endloop
  endfacet
  facet normal 8.955532e-03 3.251373e-03 9.999546e-01
    outer loop
      vertex   1.518109e+02 -1.119098e+02 1.151533e+01
      vertex   1.527363e+02 -1.115287e+02 1.150580e+01
      vertex   1.517820e+02 -1.118301e+02 1.151533e+01
    endloop
  endfacet
  facet normal 9.368699e-03 1.728207e-03 9.999546e-01
    outer loop
      vertex   1.517603e+02 -1.117500e+02 1.151533e+01
      vertex   1.527363e+02 -1.115287e+02 1.150580e+01
      vertex   1.517456e+02 -1.116703e+02 1.151533e+01
    endloop
  endfacet
  facet normal 9.523033e-03 2.350671e-04 9.999546e-01
    outer loop
      vertex   1.517375e+02 -1.115917e+02 1.151533e+01
      vertex   1.527363e+02 -1.115287e+02 1.150580e+01
      vertex   1.517356e+02 -1.115151e+02 1.151533e+01
    endloop
  endfacet
  facet normal 9.513241e-03 -4.831581e-04 9.999546e-01
    outer loop
      vertex   1.517356e+02 -1.115151e+02 1.151533e+01
      vertex   1.527363e+02 -1.115287e+02 1.150580e+01
      vertex   1.517394e+02 -1.114409e+02 1.151533e+01
    endloop
  endfacet
  facet normal 9.345610e-03 -1.838055e-03 9.999546e-01
    outer loop
      vertex   1.517482e+02 -1.113697e+02 1.151533e+01
      vertex   1.527363e+02 -1.115287e+02 1.150580e+01
      vertex   1.517616e+02 -1.113018e+02 1.151533e+01
    endloop
  endfacet
  facet normal 9.017694e-03 -3.063426e-03 9.999546e-01
    outer loop
      vertex   1.517789e+02 -1.112374e+02 1.151533e+01
      vertex   1.527363e+02 -1.115287e+02 1.150580e+01
      vertex   1.517995e+02 -1.111767e+02 1.151533e+01
    endloop
  endfacet
  facet normal 8.807272e-03 -3.623273e-03 9.999547e-01
    outer loop
      vertex   1.517995e+02 -1.111767e+02 1.151533e+01
      vertex   1.527363e+02 -1.115287e+02 1.150580e+01
      vertex   1.518229e+02 -1.111197e+02 1.151533e+01
    endloop
  endfacet
  facet normal 8.572636e-03 -4.147194e-03 9.999547e-01
    outer loop
      vertex   1.518229e+02 -1.111197e+02 1.151533e+01
      vertex   1.527363e+02 -1.115287e+02 1.150580e+01
      vertex   1.518487e+02 -1.110665e+02 1.151533e+01
    endloop
  endfacet
  facet normal 8.318389e-03 -4.635437e-03 9.999547e-01
    outer loop
      vertex   1.518487e+02 -1.110665e+02 1.151533e+01
      vertex   1.527363e+02 -1.115287e+02 1.150580e+01
      vertex   1.518762e+02 -1.110171e+02 1.151533e+01
    endloop
  endfacet
  facet normal 8.048709e-03 -5.088729e-03 9.999547e-01
    outer loop
      vertex   1.518762e+02 -1.110171e+02 1.151533e+01
      vertex   1.527363e+02 -1.115287e+02 1.150580e+01
      vertex   1.519052e+02 -1.109712e+02 1.151533e+01
    endloop
  endfacet
  facet normal 7.767331e-03 -5.508166e-03 9.999547e-01
    outer loop
      vertex   1.519052e+02 -1.109712e+02 1.151533e+01
      vertex   1.527363e+02 -1.115287e+02 1.150580e+01
      vertex   1.519352e+02 -1.109289e+02 1.151533e+01
    endloop
  endfacet
  facet normal 7.477551e-03 -5.895117e-03 9.999547e-01
    outer loop
      vertex   1.519352e+02 -1.109289e+02 1.151533e+01
      vertex   1.527363e+02 -1.115287e+02 1.150580e+01
      vertex   1.519660e+02 -1.108899e+02 1.151533e+01
    endloop
  endfacet
  facet normal 7.182244e-03 -6.251145e-03 9.999547e-01
    outer loop
      vertex   1.519660e+02 -1.108899e+02 1.151533e+01
      vertex   1.527363e+02 -1.115287e+02 1.150580e+01
      vertex   1.519972e+02 -1.108540e+02 1.151533e+01
    endloop
  endfacet
  facet normal 6.883874e-03 -6.577948e-03 9.999547e-01
    outer loop
      vertex   1.519972e+02 -1.108540e+02 1.151533e+01
      vertex   1.527363e+02 -1.115287e+02 1.150580e+01
      vertex   1.520286e+02 -1.108211e+02 1.151533e+01
    endloop
  endfacet
  facet normal 6.251147e-03 -7.182243e-03 9.999547e-01
    outer loop
      vertex   1.520615e+02 -1.107897e+02 1.151533e+01
      vertex   1.527363e+02 -1.115287e+02 1.150580e+01
      vertex   1.520974e+02 -1.107585e+02 1.151533e+01
    endloop
  endfacet
  facet normal 4.880129e-03 -8.180106e-03 9.999546e-01
    outer loop
      vertex   1.521927e+02 -1.106885e+02 1.151533e+01
      vertex   1.527363e+02 -1.115287e+02 1.150580e+01
      vertex   1.522551e+02 -1.106513e+02 1.151533e+01
    endloop
  endfacet
  facet normal 4.256448e-03 -8.522125e-03 9.999546e-01
    outer loop
      vertex   1.522551e+02 -1.106513e+02 1.151533e+01
      vertex   1.527363e+02 -1.115287e+02 1.150580e+01
      vertex   1.523238e+02 -1.106170e+02 1.151533e+01
    endloop
  endfacet
  facet normal 3.749867e-03 -8.751289e-03 9.999547e-01
    outer loop
      vertex   1.523238e+02 -1.106170e+02 1.151533e+01
      vertex   1.527363e+02 -1.115287e+02 1.150580e+01
      vertex   1.523606e+02 -1.106012e+02 1.151533e+01
    endloop
  endfacet
  facet normal 3.392127e-03 -8.896180e-03 9.999547e-01
    outer loop
      vertex   1.523606e+02 -1.106012e+02 1.151533e+01
      vertex   1.527363e+02 -1.115287e+02 1.150580e+01
      vertex   1.523990e+02 -1.105866e+02 1.151533e+01
    endloop
  endfacet
  facet normal 3.018938e-03 -9.029764e-03 9.999547e-01
    outer loop
      vertex   1.523990e+02 -1.105866e+02 1.151533e+01
      vertex   1.527363e+02 -1.115287e+02 1.150580e+01
      vertex   1.524390e+02 -1.105732e+02 1.151533e+01
    endloop
  endfacet
  facet normal 2.630442e-03 -9.150603e-03 9.999547e-01
    outer loop
      vertex   1.524390e+02 -1.105732e+02 1.151533e+01
      vertex   1.527363e+02 -1.115287e+02 1.150580e+01
      vertex   1.524807e+02 -1.105612e+02 1.151533e+01
    endloop
  endfacet
  facet normal 2.226917e-03 -9.257202e-03 9.999547e-01
    outer loop
      vertex   1.524807e+02 -1.105612e+02 1.151533e+01
      vertex   1.527363e+02 -1.115287e+02 1.150580e+01
      vertex   1.525238e+02 -1.105508e+02 1.151533e+01
    endloop
  endfacet
  facet normal 1.808790e-03 -9.348020e-03 9.999547e-01
    outer loop
      vertex   1.525238e+02 -1.105508e+02 1.151533e+01
      vertex   1.527363e+02 -1.115287e+02 1.150580e+01
      vertex   1.525685e+02 -1.105422e+02 1.151533e+01
    endloop
  endfacet
  facet normal 1.376651e-03 -9.421482e-03 9.999547e-01
    outer loop
      vertex   1.525685e+02 -1.105422e+02 1.151533e+01
      vertex   1.527363e+02 -1.115287e+02 1.150580e+01
      vertex   1.526147e+02 -1.105354e+02 1.151533e+01
    endloop
  endfacet
  facet normal 4.735966e-04 -9.509986e-03 9.999547e-01
    outer loop
      vertex   1.526621e+02 -1.105308e+02 1.151533e+01
      vertex   1.527363e+02 -1.115287e+02 1.150580e+01
      vertex   1.527108e+02 -1.105283e+02 1.151533e+01
    endloop
  endfacet
  facet normal 4.788677e-06 -9.521892e-03 9.999547e-01
    outer loop
      vertex   1.527108e+02 -1.105283e+02 1.151533e+01
      vertex   1.527363e+02 -1.115287e+02 1.150580e+01
      vertex   1.527607e+02 -1.105283e+02 1.151533e+01
    endloop
  endfacet
  facet normal -4.738000e-04 -9.510219e-03 9.999547e-01
    outer loop
      vertex   1.527607e+02 -1.105283e+02 1.151533e+01
      vertex   1.527363e+02 -1.115287e+02 1.150580e+01
      vertex   1.528114e+02 -1.105309e+02 1.151533e+01
    endloop
  endfacet
  facet normal -9.606089e-04 -9.473555e-03 9.999547e-01
    outer loop
      vertex   1.528114e+02 -1.105309e+02 1.151533e+01
      vertex   1.527363e+02 -1.115287e+02 1.150580e+01
      vertex   1.528629e+02 -1.105361e+02 1.151533e+01
    endloop
  endfacet
  facet normal -1.453875e-03 -9.410604e-03 9.999547e-01
    outer loop
      vertex   1.528629e+02 -1.105361e+02 1.151533e+01
      vertex   1.527363e+02 -1.115287e+02 1.150580e+01
      vertex   1.529150e+02 -1.105441e+02 1.151533e+01
    endloop
  endfacet
  facet normal -2.951943e-03 -9.053469e-03 9.999547e-01
    outer loop
      vertex   1.530201e+02 -1.105691e+02 1.151533e+01
      vertex   1.527363e+02 -1.115287e+02 1.150580e+01
      vertex   1.530726e+02 -1.105862e+02 1.151533e+01
    endloop
  endfacet
  facet normal -3.449733e-03 -8.875830e-03 9.999547e-01
    outer loop
      vertex   1.530726e+02 -1.105862e+02 1.151533e+01
      vertex   1.527363e+02 -1.115287e+02 1.150580e+01
      vertex   1.531247e+02 -1.106065e+02 1.151533e+01
    endloop
  endfacet
  facet normal -3.942583e-03 -8.668254e-03 9.999547e-01
    outer loop
      vertex   1.531247e+02 -1.106065e+02 1.151533e+01
      vertex   1.527363e+02 -1.115287e+02 1.150580e+01
      vertex   1.531761e+02 -1.106299e+02 1.151533e+01
    endloop
  endfacet
  facet normal -4.427868e-03 -8.430774e-03 9.999547e-01
    outer loop
      vertex   1.531761e+02 -1.106299e+02 1.151533e+01
      vertex   1.527363e+02 -1.115287e+02 1.150580e+01
      vertex   1.532266e+02 -1.106564e+02 1.151533e+01
    endloop
  endfacet
  facet normal -5.365123e-03 -7.867753e-03 9.999547e-01
    outer loop
      vertex   1.532759e+02 -1.106860e+02 1.151533e+01
      vertex   1.527363e+02 -1.115287e+02 1.150580e+01
      vertex   1.533237e+02 -1.107186e+02 1.151533e+01
    endloop
  endfacet
  facet normal -5.811851e-03 -7.543816e-03 9.999547e-01
    outer loop
      vertex   1.533237e+02 -1.107186e+02 1.151533e+01
      vertex   1.527363e+02 -1.115287e+02 1.150580e+01
      vertex   1.533698e+02 -1.107541e+02 1.151533e+01
    endloop
  endfacet
  facet normal -6.240768e-03 -7.193062e-03 9.999547e-01
    outer loop
      vertex   1.533698e+02 -1.107541e+02 1.151533e+01
      vertex   1.527363e+02 -1.115287e+02 1.150580e+01
      vertex   1.534138e+02 -1.107923e+02 1.151533e+01
    endloop
  endfacet
  facet normal -7.396727e-03 -5.997952e-03 9.999547e-01
    outer loop
      vertex   1.534949e+02 -1.108761e+02 1.151533e+01
      vertex   1.527363e+02 -1.115287e+02 1.150580e+01
      vertex   1.535315e+02 -1.109213e+02 1.151533e+01
    endloop
  endfacet
  facet normal -8.040371e-03 -5.102744e-03 9.999547e-01
    outer loop
      vertex   1.535654e+02 -1.109684e+02 1.151533e+01
      vertex   1.527363e+02 -1.115287e+02 1.150580e+01
      vertex   1.535963e+02 -1.110171e+02 1.151533e+01
    endloop
  endfacet
  facet normal -8.319913e-03 -4.632876e-03 9.999547e-01
    outer loop
      vertex   1.535963e+02 -1.110171e+02 1.151533e+01
      vertex   1.527363e+02 -1.115287e+02 1.150580e+01
      vertex   1.536241e+02 -1.110671e+02 1.151533e+01
    endloop
  endfacet
  facet normal -8.570125e-03 -4.151645e-03 9.999547e-01
    outer loop
      vertex   1.536241e+02 -1.110671e+02 1.151533e+01
      vertex   1.527363e+02 -1.115287e+02 1.150580e+01
      vertex   1.536489e+02 -1.111182e+02 1.151533e+01
    endloop
  endfacet
  facet normal -8.790538e-03 -3.661713e-03 9.999547e-01
    outer loop
      vertex   1.536489e+02 -1.111182e+02 1.151533e+01
      vertex   1.527363e+02 -1.115287e+02 1.150580e+01
      vertex   1.536705e+02 -1.111700e+02 1.151533e+01
    endloop
  endfacet
  facet normal -8.980993e-03 -3.165723e-03 9.999547e-01
    outer loop
      vertex   1.536705e+02 -1.111700e+02 1.151533e+01
      vertex   1.527363e+02 -1.115287e+02 1.150580e+01
      vertex   1.536889e+02 -1.112224e+02 1.151533e+01
    endloop
  endfacet
  facet normal -9.141622e-03 -2.666262e-03 9.999547e-01
    outer loop
      vertex   1.536889e+02 -1.112224e+02 1.151533e+01
      vertex   1.527363e+02 -1.115287e+02 1.150580e+01
      vertex   1.537043e+02 -1.112749e+02 1.151533e+01
    endloop
  endfacet
  facet normal -9.272834e-03 -2.165823e-03 9.999547e-01
    outer loop
      vertex   1.537043e+02 -1.112749e+02 1.151533e+01
      vertex   1.527363e+02 -1.115287e+02 1.150580e+01
      vertex   1.537165e+02 -1.113275e+02 1.151533e+01
    endloop
  endfacet
  facet normal -9.375287e-03 -1.666775e-03 9.999547e-01
    outer loop
      vertex   1.537165e+02 -1.113275e+02 1.151533e+01
      vertex   1.527363e+02 -1.115287e+02 1.150580e+01
      vertex   1.537258e+02 -1.113798e+02 1.151533e+01
    endloop
  endfacet
  facet normal -9.449866e-03 -1.171330e-03 9.999547e-01
    outer loop
      vertex   1.537258e+02 -1.113798e+02 1.151533e+01
      vertex   1.527363e+02 -1.115287e+02 1.150580e+01
      vertex   1.537322e+02 -1.114316e+02 1.151533e+01
    endloop
  endfacet
  facet normal -9.519861e-03 -1.992114e-04 9.999547e-01
    outer loop
      vertex   1.537359e+02 -1.114827e+02 1.151533e+01
      vertex   1.527363e+02 -1.115287e+02 1.150580e+01
      vertex   1.537370e+02 -1.115329e+02 1.151533e+01
    endloop
  endfacet
  facet normal -9.517881e-03 2.739662e-04 9.999547e-01
    outer loop
      vertex   1.537370e+02 -1.115329e+02 1.151533e+01
      vertex   1.527363e+02 -1.115287e+02 1.150580e+01
      vertex   1.537355e+02 -1.115821e+02 1.151533e+01
    endloop
  endfacet
  facet normal -9.493170e-03 7.365634e-04 9.999547e-01
    outer loop
      vertex   1.537355e+02 -1.115821e+02 1.151533e+01
      vertex   1.527363e+02 -1.115287e+02 1.150580e+01
      vertex   1.537318e+02 -1.116301e+02 1.151533e+01
    endloop
  endfacet
  facet normal -9.447259e-03 1.187341e-03 9.999547e-01
    outer loop
      vertex   1.537318e+02 -1.116301e+02 1.151533e+01
      vertex   1.527363e+02 -1.115287e+02 1.150580e+01
      vertex   1.537260e+02 -1.116769e+02 1.151533e+01
    endloop
  endfacet
  facet normal -9.381722e-03 1.625261e-03 9.999547e-01
    outer loop
      vertex   1.537260e+02 -1.116769e+02 1.151533e+01
      vertex   1.527363e+02 -1.115287e+02 1.150580e+01
      vertex   1.537181e+02 -1.117222e+02 1.151533e+01
    endloop
  endfacet
  facet normal -9.298148e-03 2.049475e-03 9.999547e-01
    outer loop
      vertex   1.537181e+02 -1.117222e+02 1.151533e+01
      vertex   1.527363e+02 -1.115287e+02 1.150580e+01
      vertex   1.537084e+02 -1.117660e+02 1.151533e+01
    endloop
  endfacet
  facet normal -9.083199e-03 2.854299e-03 9.999547e-01
    outer loop
      vertex   1.536971e+02 -1.118083e+02 1.151533e+01
      vertex   1.527363e+02 -1.115287e+02 1.150580e+01
      vertex   1.536843e+02 -1.118490e+02 1.151533e+01
    endloop
  endfacet
  facet normal -8.814681e-03 3.598444e-03 9.999547e-01
    outer loop
      vertex   1.536702e+02 -1.118882e+02 1.151533e+01
      vertex   1.527363e+02 -1.115287e+02 1.150580e+01
      vertex   1.536549e+02 -1.119256e+02 1.151533e+01
    endloop
  endfacet
  facet normal -8.663946e-03 3.947338e-03 9.999547e-01
    outer loop
      vertex   1.536549e+02 -1.119256e+02 1.151533e+01
      vertex   1.527363e+02 -1.115287e+02 1.150580e+01
      vertex   1.536386e+02 -1.119615e+02 1.151533e+01
    endloop
  endfacet
  facet normal -8.427269e-03 4.440825e-03 9.999546e-01
    outer loop
      vertex   1.536386e+02 -1.119615e+02 1.151533e+01
      vertex   1.527363e+02 -1.115287e+02 1.150580e+01
      vertex   1.536033e+02 -1.120284e+02 1.151533e+01
    endloop
  endfacet
  facet normal -8.077779e-03 5.047323e-03 9.999546e-01
    outer loop
      vertex   1.536033e+02 -1.120284e+02 1.151533e+01
      vertex   1.527363e+02 -1.115287e+02 1.150580e+01
      vertex   1.535654e+02 -1.120890e+02 1.151533e+01
    endloop
  endfacet
  facet normal -7.707533e-03 5.595302e-03 9.999546e-01
    outer loop
      vertex   1.535654e+02 -1.120890e+02 1.151533e+01
      vertex   1.527363e+02 -1.115287e+02 1.150580e+01
      vertex   1.535258e+02 -1.121436e+02 1.151533e+01
    endloop
  endfacet
  facet normal -7.323928e-03 6.087878e-03 9.999546e-01
    outer loop
      vertex   1.535258e+02 -1.121436e+02 1.151533e+01
      vertex   1.527363e+02 -1.115287e+02 1.150580e+01
      vertex   1.534851e+02 -1.121926e+02 1.151533e+01
    endloop
  endfacet
  facet normal -1.063268e-01 5.602988e-02 9.927514e-01
    outer loop
      vertex   1.579387e+02 -1.145266e+02 1.184875e+01
      vertex   1.586315e+02 -1.141520e+02 1.190181e+01
      vertex   1.581501e+02 -1.141253e+02 1.184875e+01
    endloop
  endfacet
  facet normal -1.067748e-01 4.864715e-02 9.930924e-01
    outer loop
      vertex   1.581501e+02 -1.141253e+02 1.184875e+01
      vertex   1.586315e+02 -1.141520e+02 1.190181e+01
      vertex   1.582482e+02 -1.139101e+02 1.184875e+01
    endloop
  endfacet
  facet normal -9.478922e-02 4.318645e-02 9.945602e-01
    outer loop
      vertex   1.581501e+02 -1.141253e+02 1.184875e+01
      vertex   1.582482e+02 -1.139101e+02 1.184875e+01
      vertex   1.573295e+02 -1.135132e+02 1.174396e+01
    endloop
  endfacet
  facet normal -1.859632e-01 5.843697e-02 9.808174e-01
    outer loop
      vertex   1.584247e+02 -1.134505e+02 1.184875e+01
      vertex   1.586457e+02 -1.128404e+02 1.185428e+01
      vertex   1.585015e+02 -1.132062e+02 1.184875e+01
    endloop
  endfacet
  facet normal -1.046869e-01 1.315716e-02 9.944182e-01
    outer loop
      vertex   1.586274e+02 -1.126893e+02 1.184875e+01
      vertex   1.577141e+02 -1.120357e+02 1.174396e+01
      vertex   1.576848e+02 -1.122693e+02 1.174396e+01
    endloop
  endfacet
  facet normal -8.471864e-02 1.064753e-02 9.963480e-01
    outer loop
      vertex   1.576848e+02 -1.122693e+02 1.174396e+01
      vertex   1.577141e+02 -1.120357e+02 1.174396e+01
      vertex   1.567185e+02 -1.119343e+02 1.165822e+01
    endloop
  endfacet
  facet normal -8.471864e-02 1.064753e-02 9.963480e-01
    outer loop
      vertex   1.576848e+02 -1.122693e+02 1.174396e+01
      vertex   1.567185e+02 -1.119343e+02 1.165822e+01
      vertex   1.566951e+02 -1.121212e+02 1.165822e+01
    endloop
  endfacet
  facet normal -6.598739e-02 8.293364e-03 9.977860e-01
    outer loop
      vertex   1.566951e+02 -1.121212e+02 1.165822e+01
      vertex   1.567185e+02 -1.119343e+02 1.165822e+01
      vertex   1.557230e+02 -1.118329e+02 1.159154e+01
    endloop
  endfacet
  facet normal -6.598739e-02 8.293364e-03 9.977860e-01
    outer loop
      vertex   1.566951e+02 -1.121212e+02 1.165822e+01
      vertex   1.557230e+02 -1.118329e+02 1.159154e+01
      vertex   1.557054e+02 -1.119731e+02 1.159154e+01
    endloop
  endfacet
  facet normal -4.718499e-02 5.930259e-03 9.988686e-01
    outer loop
      vertex   1.557054e+02 -1.119731e+02 1.159154e+01
      vertex   1.557230e+02 -1.118329e+02 1.159154e+01
      vertex   1.547274e+02 -1.117315e+02 1.154391e+01
    endloop
  endfacet
  facet normal -4.718499e-02 5.930259e-03 9.988686e-01
    outer loop
      vertex   1.557054e+02 -1.119731e+02 1.159154e+01
      vertex   1.547274e+02 -1.117315e+02 1.154391e+01
      vertex   1.547157e+02 -1.118250e+02 1.154391e+01
    endloop
  endfacet
  facet normal -2.833150e-02 3.560733e-03 9.995922e-01
    outer loop
      vertex   1.547157e+02 -1.118250e+02 1.154391e+01
      vertex   1.547274e+02 -1.117315e+02 1.154391e+01
      vertex   1.537318e+02 -1.116301e+02 1.151533e+01
    endloop
  endfacet
  facet normal -2.833150e-02 3.560733e-03 9.995922e-01
    outer loop
      vertex   1.547157e+02 -1.118250e+02 1.154391e+01
      vertex   1.537318e+02 -1.116301e+02 1.151533e+01
      vertex   1.537260e+02 -1.116769e+02 1.151533e+01
    endloop
  endfacet
  facet normal -1.032717e-01 2.972610e-03 9.946487e-01
    outer loop
      vertex   1.577327e+02 -1.117957e+02 1.174396e+01
      vertex   1.586504e+02 -1.115287e+02 1.183844e+01
      vertex   1.577398e+02 -1.115497e+02 1.174396e+01
    endloop
  endfacet
  facet normal -1.031552e-01 -2.158612e-03 9.946629e-01
    outer loop
      vertex   1.577398e+02 -1.115497e+02 1.174396e+01
      vertex   1.586504e+02 -1.115287e+02 1.183844e+01
      vertex   1.577346e+02 -1.112985e+02 1.174396e+01
    endloop
  endfacet
  facet normal -8.536968e-02 -1.786435e-03 9.963477e-01
    outer loop
      vertex   1.577398e+02 -1.115497e+02 1.174396e+01
      vertex   1.577346e+02 -1.112985e+02 1.174396e+01
      vertex   1.567349e+02 -1.113446e+02 1.165822e+01
    endloop
  endfacet
  facet normal -6.649225e-03 -6.817266e-03 9.999547e-01
    outer loop
      vertex   1.527363e+02 -1.115287e+02 1.150580e+01
      vertex   1.534556e+02 -1.108330e+02 1.151533e+01
      vertex   1.534138e+02 -1.107923e+02 1.151533e+01
    endloop
  endfacet
  facet normal -1.994040e-02 -2.044434e-02 9.995921e-01
    outer loop
      vertex   1.534138e+02 -1.107923e+02 1.151533e+01
      vertex   1.534556e+02 -1.108330e+02 1.151533e+01
      vertex   1.540914e+02 -1.100559e+02 1.154391e+01
    endloop
  endfacet
  facet normal -1.871597e-02 -2.157103e-02 9.995921e-01
    outer loop
      vertex   1.534138e+02 -1.107923e+02 1.151533e+01
      vertex   1.540914e+02 -1.100559e+02 1.154391e+01
      vertex   1.540033e+02 -1.099794e+02 1.154391e+01
    endloop
  endfacet
  facet normal -3.117065e-02 -3.592565e-02 9.988682e-01
    outer loop
      vertex   1.540033e+02 -1.099794e+02 1.154391e+01
      vertex   1.540914e+02 -1.100559e+02 1.154391e+01
      vertex   1.546368e+02 -1.092047e+02 1.159154e+01
    endloop
  endfacet
  facet normal -2.902769e-02 -3.767810e-02 9.988682e-01
    outer loop
      vertex   1.540033e+02 -1.099794e+02 1.154391e+01
      vertex   1.546368e+02 -1.092047e+02 1.159154e+01
      vertex   1.539112e+02 -1.099085e+02 1.154391e+01
    endloop
  endfacet
  facet normal -4.844366e-02 -9.223796e-02 9.945579e-01
    outer loop
      vertex   1.549356e+02 -1.070344e+02 1.174396e+01
      vertex   1.556785e+02 -1.062947e+02 1.184875e+01
      vertex   1.553755e+02 -1.061355e+02 1.184875e+01
    endloop
  endfacet
  facet normal -5.604298e-02 -1.067072e-01 9.927098e-01
    outer loop
      vertex   1.553755e+02 -1.061355e+02 1.184875e+01
      vertex   1.556785e+02 -1.062947e+02 1.184875e+01
      vertex   1.553595e+02 -1.056335e+02 1.190181e+01
    endloop
  endfacet
  facet normal -7.300087e-02 -2.238902e-01 9.718766e-01
    outer loop
      vertex   1.547543e+02 -1.058737e+02 1.184875e+01
      vertex   1.540479e+02 -1.056193e+02 1.185428e+01
      vertex   1.544394e+02 -1.057710e+02 1.184875e+01
    endloop
  endfacet
  facet normal -5.167609e-03 -1.037254e-01 9.945925e-01
    outer loop
      vertex   1.531120e+02 -1.065393e+02 1.174396e+01
      vertex   1.527363e+02 -1.056146e+02 1.183844e+01
      vertex   1.528583e+02 -1.065266e+02 1.174396e+01
    endloop
  endfacet
  facet normal 5.181808e-05 -1.030360e-01 9.946776e-01
    outer loop
      vertex   1.528583e+02 -1.065266e+02 1.174396e+01
      vertex   1.527363e+02 -1.056146e+02 1.183844e+01
      vertex   1.526092e+02 -1.065267e+02 1.174396e+01
    endloop
  endfacet
  facet normal 4.294263e-05 -8.538790e-02 9.963478e-01
    outer loop
      vertex   1.528583e+02 -1.065266e+02 1.174396e+01
      vertex   1.526092e+02 -1.065267e+02 1.174396e+01
      vertex   1.526346e+02 -1.075271e+02 1.165822e+01
    endloop
  endfacet
  facet normal 4.246994e-03 -8.528114e-02 9.963479e-01
    outer loop
      vertex   1.526346e+02 -1.075271e+02 1.165822e+01
      vertex   1.526092e+02 -1.065267e+02 1.174396e+01
      vertex   1.524398e+02 -1.075368e+02 1.165822e+01
    endloop
  endfacet
  facet normal 3.307986e-03 -6.642552e-02 9.977859e-01
    outer loop
      vertex   1.526346e+02 -1.075271e+02 1.165822e+01
      vertex   1.524398e+02 -1.075368e+02 1.165822e+01
      vertex   1.525139e+02 -1.085348e+02 1.159154e+01
    endloop
  endfacet
  facet normal 4.246994e-03 -8.528114e-02 9.963479e-01
    outer loop
      vertex   1.524398e+02 -1.075368e+02 1.165822e+01
      vertex   1.526092e+02 -1.065267e+02 1.174396e+01
      vertex   1.523657e+02 -1.065389e+02 1.174396e+01
    endloop
  endfacet
  facet normal 5.166210e-03 -1.037393e-01 9.945911e-01
    outer loop
      vertex   1.523657e+02 -1.065389e+02 1.174396e+01
      vertex   1.526092e+02 -1.065267e+02 1.174396e+01
      vertex   1.527363e+02 -1.056146e+02 1.183844e+01
    endloop
  endfacet
  facet normal 1.525099e-02 -1.043742e-01 9.944212e-01
    outer loop
      vertex   1.521283e+02 -1.065622e+02 1.174396e+01
      vertex   1.514618e+02 -1.056612e+02 1.184875e+01
      vertex   1.518977e+02 -1.065959e+02 1.174396e+01
    endloop
  endfacet
  facet normal 1.978933e-02 -1.022734e-01 9.945595e-01
    outer loop
      vertex   1.518977e+02 -1.065959e+02 1.174396e+01
      vertex   1.514618e+02 -1.056612e+02 1.184875e+01
      vertex   1.516742e+02 -1.066391e+02 1.174396e+01
    endloop
  endfacet
  facet normal 1.622039e-02 -8.382873e-02 9.963482e-01
    outer loop
      vertex   1.518977e+02 -1.065959e+02 1.174396e+01
      vertex   1.516742e+02 -1.066391e+02 1.174396e+01
      vertex   1.518866e+02 -1.076171e+02 1.165822e+01
    endloop
  endfacet
  facet normal 1.996997e-02 -8.301432e-02 9.963482e-01
    outer loop
      vertex   1.518866e+02 -1.076171e+02 1.165822e+01
      vertex   1.516742e+02 -1.066391e+02 1.174396e+01
      vertex   1.517139e+02 -1.076586e+02 1.165822e+01
    endloop
  endfacet
  facet normal 1.555461e-02 -6.465989e-02 9.977861e-01
    outer loop
      vertex   1.518866e+02 -1.076171e+02 1.165822e+01
      vertex   1.517139e+02 -1.076586e+02 1.165822e+01
      vertex   1.519695e+02 -1.086261e+02 1.159154e+01
    endloop
  endfacet
  facet normal 1.837316e-02 -6.391531e-02 9.977862e-01
    outer loop
      vertex   1.519695e+02 -1.086261e+02 1.159154e+01
      vertex   1.517139e+02 -1.076586e+02 1.165822e+01
      vertex   1.518446e+02 -1.086620e+02 1.159154e+01
    endloop
  endfacet
  facet normal 1.313793e-02 -4.570332e-02 9.988687e-01
    outer loop
      vertex   1.519695e+02 -1.086261e+02 1.159154e+01
      vertex   1.518446e+02 -1.086620e+02 1.159154e+01
      vertex   1.521418e+02 -1.096176e+02 1.154391e+01
    endloop
  endfacet
  facet normal 1.507830e-02 -4.509979e-02 9.988687e-01
    outer loop
      vertex   1.521418e+02 -1.096176e+02 1.154391e+01
      vertex   1.518446e+02 -1.086620e+02 1.159154e+01
      vertex   1.520617e+02 -1.096444e+02 1.154391e+01
    endloop
  endfacet
  facet normal 9.053531e-03 -2.707947e-02 9.995923e-01
    outer loop
      vertex   1.521418e+02 -1.096176e+02 1.154391e+01
      vertex   1.520617e+02 -1.096444e+02 1.154391e+01
      vertex   1.523990e+02 -1.105866e+02 1.151533e+01
    endloop
  endfacet
  facet normal 1.017269e-02 -2.667887e-02 9.995923e-01
    outer loop
      vertex   1.523990e+02 -1.105866e+02 1.151533e+01
      vertex   1.520617e+02 -1.096444e+02 1.154391e+01
      vertex   1.523606e+02 -1.106012e+02 1.151533e+01
    endloop
  endfacet
  facet normal 3.711208e-02 -9.733000e-02 9.945600e-01
    outer loop
      vertex   1.508579e+02 -1.068911e+02 1.174396e+01
      vertex   1.507127e+02 -1.058757e+02 1.184875e+01
      vertex   1.504822e+02 -1.059635e+02 1.184875e+01
    endloop
  endfacet
  facet normal 4.266465e-02 -1.118922e-01 9.928040e-01
    outer loop
      vertex   1.504822e+02 -1.059635e+02 1.184875e+01
      vertex   1.507127e+02 -1.058757e+02 1.184875e+01
      vertex   1.501130e+02 -1.056335e+02 1.190181e+01
    endloop
  endfacet
  facet normal 6.355653e-02 -1.065339e-01 9.922757e-01
    outer loop
      vertex   1.488013e+02 -1.056572e+02 1.198102e+01
      vertex   1.494749e+02 -1.064874e+02 1.184875e+01
      vertex   1.498492e+02 -1.062641e+02 1.184875e+01
    endloop
  endfacet
  facet normal 5.339153e-02 -8.949525e-02 9.945551e-01
    outer loop
      vertex   1.498492e+02 -1.062641e+02 1.184875e+01
      vertex   1.494749e+02 -1.064874e+02 1.184875e+01
      vertex   1.500184e+02 -1.073276e+02 1.174396e+01
    endloop
  endfacet
  facet normal 5.339153e-02 -8.949525e-02 9.945551e-01
    outer loop
      vertex   1.498492e+02 -1.062641e+02 1.184875e+01
      vertex   1.500184e+02 -1.073276e+02 1.174396e+01
      vertex   1.503303e+02 -1.071415e+02 1.174396e+01
    endloop
  endfacet
  facet normal 4.376262e-02 -7.335520e-02 9.963452e-01
    outer loop
      vertex   1.503303e+02 -1.071415e+02 1.174396e+01
      vertex   1.500184e+02 -1.073276e+02 1.174396e+01
      vertex   1.505620e+02 -1.081678e+02 1.165822e+01
    endloop
  endfacet
  facet normal 4.376262e-02 -7.335520e-02 9.963452e-01
    outer loop
      vertex   1.503303e+02 -1.071415e+02 1.174396e+01
      vertex   1.505620e+02 -1.081678e+02 1.165822e+01
      vertex   1.508115e+02 -1.080190e+02 1.165822e+01
    endloop
  endfacet
  facet normal 3.408676e-02 -5.713646e-02 9.977843e-01
    outer loop
      vertex   1.508115e+02 -1.080190e+02 1.165822e+01
      vertex   1.505620e+02 -1.081678e+02 1.165822e+01
      vertex   1.511056e+02 -1.090081e+02 1.159154e+01
    endloop
  endfacet
  facet normal 3.408676e-02 -5.713646e-02 9.977843e-01
    outer loop
      vertex   1.508115e+02 -1.080190e+02 1.165822e+01
      vertex   1.511056e+02 -1.090081e+02 1.159154e+01
      vertex   1.512927e+02 -1.088964e+02 1.159154e+01
    endloop
  endfacet
  facet normal 2.437412e-02 -4.085607e-02 9.988677e-01
    outer loop
      vertex   1.512927e+02 -1.088964e+02 1.159154e+01
      vertex   1.511056e+02 -1.090081e+02 1.159154e+01
      vertex   1.516491e+02 -1.098483e+02 1.154391e+01
    endloop
  endfacet
  facet normal 9.476412e-03 9.742113e-04 9.999546e-01
    outer loop
      vertex   1.517456e+02 -1.116703e+02 1.151533e+01
      vertex   1.527363e+02 -1.115287e+02 1.150580e+01
      vertex   1.517375e+02 -1.115917e+02 1.151533e+01
    endloop
  endfacet
  facet normal 1.183998e-01 8.635864e-02 9.892036e-01
    outer loop
      vertex   1.469869e+02 -1.155307e+02 1.197259e+01
      vertex   1.468978e+02 -1.167755e+02 1.209192e+01
      vertex   1.471692e+02 -1.157807e+02 1.197259e+01
    endloop
  endfacet
  facet normal 1.087501e-02 1.057842e-01 9.943296e-01
    outer loop
      vertex   1.527363e+02 -1.174429e+02 1.183844e+01
      vertex   1.524213e+02 -1.165224e+02 1.174396e+01
      vertex   1.520286e+02 -1.164821e+02 1.174396e+01
    endloop
  endfacet
  facet normal 8.736233e-03 8.497977e-02 9.963444e-01
    outer loop
      vertex   1.520286e+02 -1.164821e+02 1.174396e+01
      vertex   1.524213e+02 -1.165224e+02 1.174396e+01
      vertex   1.524843e+02 -1.155237e+02 1.165822e+01
    endloop
  endfacet
  facet normal 8.736233e-03 8.497977e-02 9.963444e-01
    outer loop
      vertex   1.520286e+02 -1.164821e+02 1.174396e+01
      vertex   1.524843e+02 -1.155237e+02 1.165822e+01
      vertex   1.521702e+02 -1.154914e+02 1.165822e+01
    endloop
  endfacet
  facet normal 6.804666e-03 6.619088e-02 9.977838e-01
    outer loop
      vertex   1.521702e+02 -1.154914e+02 1.165822e+01
      vertex   1.524843e+02 -1.155237e+02 1.165822e+01
      vertex   1.525473e+02 -1.145250e+02 1.159154e+01
    endloop
  endfacet
  facet normal 6.804666e-03 6.619088e-02 9.977838e-01
    outer loop
      vertex   1.521702e+02 -1.154914e+02 1.165822e+01
      vertex   1.525473e+02 -1.145250e+02 1.159154e+01
      vertex   1.523117e+02 -1.145007e+02 1.159154e+01
    endloop
  endfacet
  facet normal 4.865754e-03 4.733055e-02 9.988674e-01
    outer loop
      vertex   1.523117e+02 -1.145007e+02 1.159154e+01
      vertex   1.525473e+02 -1.145250e+02 1.159154e+01
      vertex   1.526103e+02 -1.135262e+02 1.154391e+01
    endloop
  endfacet
  facet normal 4.865754e-03 4.733055e-02 9.988674e-01
    outer loop
      vertex   1.523117e+02 -1.145007e+02 1.159154e+01
      vertex   1.526103e+02 -1.135262e+02 1.154391e+01
      vertex   1.524532e+02 -1.135101e+02 1.154391e+01
    endloop
  endfacet
  facet normal 2.921570e-03 2.841892e-02 9.995918e-01
    outer loop
      vertex   1.524532e+02 -1.135101e+02 1.154391e+01
      vertex   1.526103e+02 -1.135262e+02 1.154391e+01
      vertex   1.526733e+02 -1.125275e+02 1.151533e+01
    endloop
  endfacet
  facet normal -1.319756e-02 1.061228e-01 9.942654e-01
    outer loop
      vertex   1.531753e+02 -1.165131e+02 1.174396e+01
      vertex   1.540479e+02 -1.174382e+02 1.185428e+01
      vertex   1.535314e+02 -1.164688e+02 1.174396e+01
    endloop
  endfacet
  facet normal -2.014939e-02 1.024497e-01 9.945341e-01
    outer loop
      vertex   1.535314e+02 -1.164688e+02 1.174396e+01
      vertex   1.540479e+02 -1.174382e+02 1.185428e+01
      vertex   1.538711e+02 -1.164020e+02 1.174396e+01
    endloop
  endfacet
  facet normal -1.648280e-02 8.380690e-02 9.963457e-01
    outer loop
      vertex   1.535314e+02 -1.164688e+02 1.174396e+01
      vertex   1.538711e+02 -1.164020e+02 1.174396e+01
      vertex   1.536441e+02 -1.154273e+02 1.165822e+01
    endloop
  endfacet
  facet normal -2.213184e-02 8.249140e-02 9.963460e-01
    outer loop
      vertex   1.536441e+02 -1.154273e+02 1.165822e+01
      vertex   1.538711e+02 -1.164020e+02 1.174396e+01
      vertex   1.539017e+02 -1.153582e+02 1.165822e+01
    endloop
  endfacet
  facet normal -1.723852e-02 6.425264e-02 9.977848e-01
    outer loop
      vertex   1.536441e+02 -1.154273e+02 1.165822e+01
      vertex   1.539017e+02 -1.153582e+02 1.165822e+01
      vertex   1.536104e+02 -1.144009e+02 1.159154e+01
    endloop
  endfacet
  facet normal -2.139746e-02 6.298689e-02 9.977849e-01
    outer loop
      vertex   1.536104e+02 -1.144009e+02 1.159154e+01
      vertex   1.539017e+02 -1.153582e+02 1.165822e+01
      vertex   1.537925e+02 -1.143390e+02 1.159154e+01
    endloop
  endfacet
  facet normal -1.530049e-02 4.503947e-02 9.988680e-01
    outer loop
      vertex   1.536104e+02 -1.144009e+02 1.159154e+01
      vertex   1.537925e+02 -1.143390e+02 1.159154e+01
      vertex   1.534404e+02 -1.134022e+02 1.154391e+01
    endloop
  endfacet
  facet normal -1.809668e-02 4.398851e-02 9.988681e-01
    outer loop
      vertex   1.534404e+02 -1.134022e+02 1.154391e+01
      vertex   1.537925e+02 -1.143390e+02 1.159154e+01
      vertex   1.535543e+02 -1.133554e+02 1.154391e+01
    endloop
  endfacet
  facet normal -1.086588e-02 2.641223e-02 9.995921e-01
    outer loop
      vertex   1.534404e+02 -1.134022e+02 1.154391e+01
      vertex   1.535543e+02 -1.133554e+02 1.154391e+01
      vertex   1.531453e+02 -1.124421e+02 1.151533e+01
    endloop
  endfacet
  facet normal -1.243707e-02 2.570858e-02 9.995921e-01
    outer loop
      vertex   1.531453e+02 -1.124421e+02 1.151533e+01
      vertex   1.535543e+02 -1.133554e+02 1.154391e+01
      vertex   1.531985e+02 -1.124163e+02 1.151533e+01
    endloop
  endfacet
  facet normal -3.990008e-02 1.174523e-01 9.922766e-01
    outer loop
      vertex   1.553595e+02 -1.174240e+02 1.190181e+01
      vertex   1.548487e+02 -1.171492e+02 1.184875e+01
      vertex   1.544845e+02 -1.172729e+02 1.184875e+01
    endloop
  endfacet
  facet normal -3.351578e-02 9.865911e-02 9.945567e-01
    outer loop
      vertex   1.544845e+02 -1.172729e+02 1.184875e+01
      vertex   1.548487e+02 -1.171492e+02 1.184875e+01
      vertex   1.544967e+02 -1.162125e+02 1.174396e+01
    endloop
  endfacet
  facet normal -3.351578e-02 9.865911e-02 9.945567e-01
    outer loop
      vertex   1.544845e+02 -1.172729e+02 1.184875e+01
      vertex   1.544967e+02 -1.162125e+02 1.174396e+01
      vertex   1.541931e+02 -1.163156e+02 1.174396e+01
    endloop
  endfacet
  facet normal -2.747135e-02 8.086636e-02 9.963463e-01
    outer loop
      vertex   1.541931e+02 -1.163156e+02 1.174396e+01
      vertex   1.544967e+02 -1.162125e+02 1.174396e+01
      vertex   1.541446e+02 -1.152757e+02 1.165822e+01
    endloop
  endfacet
  facet normal -1.874664e-02 2.153892e-02 9.995922e-01
    outer loop
      vertex   1.533751e+02 -1.122990e+02 1.151533e+01
      vertex   1.540140e+02 -1.130692e+02 1.154391e+01
      vertex   1.534110e+02 -1.122678e+02 1.151533e+01
    endloop
  endfacet
  facet normal -1.874664e-02 2.153892e-02 9.995922e-01
    outer loop
      vertex   1.534110e+02 -1.122678e+02 1.151533e+01
      vertex   1.540140e+02 -1.130692e+02 1.154391e+01
      vertex   1.540857e+02 -1.130068e+02 1.154391e+01
    endloop
  endfacet
  facet normal -3.122178e-02 3.587221e-02 9.988686e-01
    outer loop
      vertex   1.540140e+02 -1.130692e+02 1.154391e+01
      vertex   1.546529e+02 -1.138395e+02 1.159154e+01
      vertex   1.540857e+02 -1.130068e+02 1.154391e+01
    endloop
  endfacet
  facet normal -3.122178e-02 3.587221e-02 9.988686e-01
    outer loop
      vertex   1.540857e+02 -1.130068e+02 1.154391e+01
      vertex   1.546529e+02 -1.138395e+02 1.159154e+01
      vertex   1.547605e+02 -1.137459e+02 1.159154e+01
    endloop
  endfacet
  facet normal -4.366312e-02 5.016667e-02 9.977860e-01
    outer loop
      vertex   1.546529e+02 -1.138395e+02 1.159154e+01
      vertex   1.552918e+02 -1.146097e+02 1.165822e+01
      vertex   1.547605e+02 -1.137459e+02 1.159154e+01
    endloop
  endfacet
  facet normal -4.366312e-02 5.016667e-02 9.977860e-01
    outer loop
      vertex   1.547605e+02 -1.137459e+02 1.159154e+01
      vertex   1.552918e+02 -1.146097e+02 1.165822e+01
      vertex   1.554352e+02 -1.144849e+02 1.165822e+01
    endloop
  endfacet
  facet normal -5.605738e-02 6.440703e-02 9.963480e-01
    outer loop
      vertex   1.552918e+02 -1.146097e+02 1.165822e+01
      vertex   1.559307e+02 -1.153800e+02 1.174396e+01
      vertex   1.554352e+02 -1.144849e+02 1.165822e+01
    endloop
  endfacet
  facet normal -5.605738e-02 6.440703e-02 9.963480e-01
    outer loop
      vertex   1.554352e+02 -1.144849e+02 1.165822e+01
      vertex   1.559307e+02 -1.153800e+02 1.174396e+01
      vertex   1.561100e+02 -1.152239e+02 1.174396e+01
    endloop
  endfacet
  facet normal -8.065295e-02 9.266607e-02 9.924254e-01
    outer loop
      vertex   1.572084e+02 -1.169205e+02 1.197259e+01
      vertex   1.574594e+02 -1.167020e+02 1.197259e+01
      vertex   1.567847e+02 -1.159630e+02 1.184875e+01
    endloop
  endfacet
  facet normal -6.839155e-02 7.857836e-02 9.945592e-01
    outer loop
      vertex   1.559307e+02 -1.153800e+02 1.174396e+01
      vertex   1.565695e+02 -1.161502e+02 1.184875e+01
      vertex   1.561100e+02 -1.152239e+02 1.174396e+01
    endloop
  endfacet
  facet normal -6.839155e-02 7.857836e-02 9.945592e-01
    outer loop
      vertex   1.561100e+02 -1.152239e+02 1.174396e+01
      vertex   1.565695e+02 -1.161502e+02 1.184875e+01
      vertex   1.567847e+02 -1.159630e+02 1.184875e+01
    endloop
  endfacet
  facet normal -8.065295e-02 9.266607e-02 9.924254e-01
    outer loop
      vertex   1.565695e+02 -1.161502e+02 1.184875e+01
      vertex   1.572084e+02 -1.169205e+02 1.197259e+01
      vertex   1.567847e+02 -1.159630e+02 1.184875e+01
    endloop
  endfacet
  facet normal -9.449378e-02 7.854618e-02 9.924220e-01
    outer loop
      vertex   1.579780e+02 -1.161758e+02 1.197259e+01
      vertex   1.574735e+02 -1.152180e+02 1.184875e+01
      vertex   1.572292e+02 -1.155119e+02 1.184875e+01
    endloop
  endfacet
  facet normal -8.012828e-02 6.660513e-02 9.945568e-01
    outer loop
      vertex   1.572292e+02 -1.155119e+02 1.184875e+01
      vertex   1.574735e+02 -1.152180e+02 1.184875e+01
      vertex   1.566840e+02 -1.146031e+02 1.174396e+01
    endloop
  endfacet
  facet normal -8.012828e-02 6.660513e-02 9.945568e-01
    outer loop
      vertex   1.572292e+02 -1.155119e+02 1.184875e+01
      vertex   1.566840e+02 -1.146031e+02 1.174396e+01
      vertex   1.564804e+02 -1.148481e+02 1.174396e+01
    endloop
  endfacet
  facet normal -6.567749e-02 5.459318e-02 9.963464e-01
    outer loop
      vertex   1.564804e+02 -1.148481e+02 1.174396e+01
      vertex   1.566840e+02 -1.146031e+02 1.174396e+01
      vertex   1.558944e+02 -1.139882e+02 1.165822e+01
    endloop
  endfacet
  facet normal -6.567749e-02 5.459318e-02 9.963464e-01
    outer loop
      vertex   1.564804e+02 -1.148481e+02 1.174396e+01
      vertex   1.558944e+02 -1.139882e+02 1.165822e+01
      vertex   1.557315e+02 -1.141842e+02 1.165822e+01
    endloop
  endfacet
  facet normal -5.115626e-02 4.252268e-02 9.977850e-01
    outer loop
      vertex   1.557315e+02 -1.141842e+02 1.165822e+01
      vertex   1.558944e+02 -1.139882e+02 1.165822e+01
      vertex   1.551049e+02 -1.133734e+02 1.159154e+01
    endloop
  endfacet
  facet normal -5.115626e-02 4.252268e-02 9.977850e-01
    outer loop
      vertex   1.557315e+02 -1.141842e+02 1.165822e+01
      vertex   1.551049e+02 -1.133734e+02 1.159154e+01
      vertex   1.549827e+02 -1.135203e+02 1.159154e+01
    endloop
  endfacet
  facet normal -3.657985e-02 3.040631e-02 9.988680e-01
    outer loop
      vertex   1.549827e+02 -1.135203e+02 1.159154e+01
      vertex   1.551049e+02 -1.133734e+02 1.159154e+01
      vertex   1.543153e+02 -1.127585e+02 1.154391e+01
    endloop
  endfacet
  facet normal -3.657985e-02 3.040631e-02 9.988680e-01
    outer loop
      vertex   1.549827e+02 -1.135203e+02 1.159154e+01
      vertex   1.543153e+02 -1.127585e+02 1.154391e+01
      vertex   1.542339e+02 -1.128565e+02 1.154391e+01
    endloop
  endfacet
  facet normal -2.196382e-02 1.825701e-02 9.995921e-01
    outer loop
      vertex   1.542339e+02 -1.128565e+02 1.154391e+01
      vertex   1.543153e+02 -1.127585e+02 1.154391e+01
      vertex   1.535258e+02 -1.121436e+02 1.151533e+01
    endloop
  endfacet
  facet normal -2.196382e-02 1.825701e-02 9.995921e-01
    outer loop
      vertex   1.542339e+02 -1.128565e+02 1.154391e+01
      vertex   1.535258e+02 -1.121436e+02 1.151533e+01
      vertex   1.534851e+02 -1.121926e+02 1.151533e+01
    endloop
  endfacet
  facet normal -2.422455e-02 1.513648e-02 9.995919e-01
    outer loop
      vertex   1.535654e+02 -1.120890e+02 1.151533e+01
      vertex   1.543946e+02 -1.126493e+02 1.154391e+01
      vertex   1.536033e+02 -1.120284e+02 1.151533e+01
    endloop
  endfacet
  facet normal -2.422455e-02 1.513648e-02 9.995919e-01
    outer loop
      vertex   1.536033e+02 -1.120284e+02 1.151533e+01
      vertex   1.543946e+02 -1.126493e+02 1.154391e+01
      vertex   1.544704e+02 -1.125280e+02 1.154391e+01
    endloop
  endfacet
  facet normal -2.527264e-02 1.331764e-02 9.995919e-01
    outer loop
      vertex   1.536033e+02 -1.120284e+02 1.151533e+01
      vertex   1.544704e+02 -1.125280e+02 1.154391e+01
      vertex   1.536386e+02 -1.119615e+02 1.151533e+01
    endloop
  endfacet
  facet normal -2.527264e-02 1.331764e-02 9.995919e-01
    outer loop
      vertex   1.536386e+02 -1.119615e+02 1.151533e+01
      vertex   1.544704e+02 -1.125280e+02 1.154391e+01
      vertex   1.545409e+02 -1.123943e+02 1.154391e+01
    endloop
  endfacet
  facet normal -2.598242e-02 1.183772e-02 9.995923e-01
    outer loop
      vertex   1.536386e+02 -1.119615e+02 1.151533e+01
      vertex   1.545409e+02 -1.123943e+02 1.154391e+01
      vertex   1.536549e+02 -1.119256e+02 1.151533e+01
    endloop
  endfacet
  facet normal -2.598242e-02 1.183772e-02 9.995923e-01
    outer loop
      vertex   1.536549e+02 -1.119256e+02 1.151533e+01
      vertex   1.545409e+02 -1.123943e+02 1.154391e+01
      vertex   1.545736e+02 -1.123225e+02 1.154391e+01
    endloop
  endfacet
  facet normal -2.643446e-02 1.079142e-02 9.995923e-01
    outer loop
      vertex   1.536549e+02 -1.119256e+02 1.151533e+01
      vertex   1.545736e+02 -1.123225e+02 1.154391e+01
      vertex   1.536702e+02 -1.118882e+02 1.151533e+01
    endloop
  endfacet
  facet normal -4.034500e-02 2.520919e-02 9.988677e-01
    outer loop
      vertex   1.543946e+02 -1.126493e+02 1.154391e+01
      vertex   1.552238e+02 -1.132095e+02 1.159154e+01
      vertex   1.544704e+02 -1.125280e+02 1.154391e+01
    endloop
  endfacet
  facet normal -4.034500e-02 2.520919e-02 9.988677e-01
    outer loop
      vertex   1.544704e+02 -1.125280e+02 1.154391e+01
      vertex   1.552238e+02 -1.132095e+02 1.159154e+01
      vertex   1.553375e+02 -1.130277e+02 1.159154e+01
    endloop
  endfacet
  facet normal -4.209054e-02 2.217999e-02 9.988676e-01
    outer loop
      vertex   1.544704e+02 -1.125280e+02 1.154391e+01
      vertex   1.553375e+02 -1.130277e+02 1.159154e+01
      vertex   1.545409e+02 -1.123943e+02 1.154391e+01
    endloop
  endfacet
  facet normal -4.209054e-02 2.217999e-02 9.988676e-01
    outer loop
      vertex   1.545409e+02 -1.123943e+02 1.154391e+01
      vertex   1.553375e+02 -1.130277e+02 1.159154e+01
      vertex   1.554432e+02 -1.128270e+02 1.159154e+01
    endloop
  endfacet
  facet normal -4.327269e-02 1.971526e-02 9.988688e-01
    outer loop
      vertex   1.545409e+02 -1.123943e+02 1.154391e+01
      vertex   1.554432e+02 -1.128270e+02 1.159154e+01
      vertex   1.545736e+02 -1.123225e+02 1.154391e+01
    endloop
  endfacet
  facet normal -2.311421e-02 1.677982e-02 9.995920e-01
    outer loop
      vertex   1.535258e+02 -1.121436e+02 1.151533e+01
      vertex   1.543153e+02 -1.127585e+02 1.154391e+01
      vertex   1.535654e+02 -1.120890e+02 1.151533e+01
    endloop
  endfacet
  facet normal -2.311421e-02 1.677982e-02 9.995920e-01
    outer loop
      vertex   1.535654e+02 -1.120890e+02 1.151533e+01
      vertex   1.543153e+02 -1.127585e+02 1.154391e+01
      vertex   1.543946e+02 -1.126493e+02 1.154391e+01
    endloop
  endfacet
  facet normal -5.642173e-02 3.525458e-02 9.977844e-01
    outer loop
      vertex   1.552238e+02 -1.132095e+02 1.159154e+01
      vertex   1.560530e+02 -1.137698e+02 1.165822e+01
      vertex   1.553375e+02 -1.130277e+02 1.159154e+01
    endloop
  endfacet
  facet normal -5.642173e-02 3.525458e-02 9.977844e-01
    outer loop
      vertex   1.553375e+02 -1.130277e+02 1.159154e+01
      vertex   1.560530e+02 -1.137698e+02 1.165822e+01
      vertex   1.562045e+02 -1.135273e+02 1.165822e+01
    endloop
  endfacet
  facet normal -5.886283e-02 3.101830e-02 9.977841e-01
    outer loop
      vertex   1.553375e+02 -1.130277e+02 1.159154e+01
      vertex   1.562045e+02 -1.135273e+02 1.165822e+01
      vertex   1.554432e+02 -1.128270e+02 1.159154e+01
    endloop
  endfacet
  facet normal -3.849578e-02 2.794611e-02 9.988679e-01
    outer loop
      vertex   1.543153e+02 -1.127585e+02 1.154391e+01
      vertex   1.551049e+02 -1.133734e+02 1.159154e+01
      vertex   1.543946e+02 -1.126493e+02 1.154391e+01
    endloop
  endfacet
  facet normal -3.849578e-02 2.794611e-02 9.988679e-01
    outer loop
      vertex   1.543946e+02 -1.126493e+02 1.154391e+01
      vertex   1.551049e+02 -1.133734e+02 1.159154e+01
      vertex   1.552238e+02 -1.132095e+02 1.159154e+01
    endloop
  endfacet
  facet normal -7.243759e-02 4.526194e-02 9.963454e-01
    outer loop
      vertex   1.562045e+02 -1.135273e+02 1.165822e+01
      vertex   1.560530e+02 -1.137698e+02 1.165822e+01
      vertex   1.568822e+02 -1.143300e+02 1.174396e+01
    endloop
  endfacet
  facet normal -6.911744e-02 5.017597e-02 9.963459e-01
    outer loop
      vertex   1.568822e+02 -1.143300e+02 1.174396e+01
      vertex   1.560530e+02 -1.137698e+02 1.165822e+01
      vertex   1.566840e+02 -1.146031e+02 1.174396e+01
    endloop
  endfacet
  facet normal -8.432510e-02 6.121601e-02 9.945561e-01
    outer loop
      vertex   1.568822e+02 -1.143300e+02 1.174396e+01
      vertex   1.566840e+02 -1.146031e+02 1.174396e+01
      vertex   1.574735e+02 -1.152180e+02 1.184875e+01
    endloop
  endfacet
  facet normal -5.383565e-02 3.908212e-02 9.977847e-01
    outer loop
      vertex   1.551049e+02 -1.133734e+02 1.159154e+01
      vertex   1.558944e+02 -1.139882e+02 1.165822e+01
      vertex   1.552238e+02 -1.132095e+02 1.159154e+01
    endloop
  endfacet
  facet normal -5.383565e-02 3.908212e-02 9.977847e-01
    outer loop
      vertex   1.552238e+02 -1.132095e+02 1.159154e+01
      vertex   1.558944e+02 -1.139882e+02 1.165822e+01
      vertex   1.560530e+02 -1.137698e+02 1.165822e+01
    endloop
  endfacet
  facet normal -6.911744e-02 5.017597e-02 9.963459e-01
    outer loop
      vertex   1.558944e+02 -1.139882e+02 1.165822e+01
      vertex   1.566840e+02 -1.146031e+02 1.174396e+01
      vertex   1.560530e+02 -1.137698e+02 1.165822e+01
    endloop
  endfacet
  facet normal -8.837575e-02 5.522075e-02 9.945554e-01
    outer loop
      vertex   1.577114e+02 -1.148903e+02 1.184875e+01
      vertex   1.579387e+02 -1.145266e+02 1.184875e+01
      vertex   1.570716e+02 -1.140270e+02 1.174396e+01
    endloop
  endfacet
  facet normal -9.219930e-02 4.858525e-02 9.945546e-01
    outer loop
      vertex   1.570716e+02 -1.140270e+02 1.174396e+01
      vertex   1.579387e+02 -1.145266e+02 1.184875e+01
      vertex   1.572478e+02 -1.136925e+02 1.174396e+01
    endloop
  endfacet
  facet normal -7.557161e-02 3.982314e-02 9.963448e-01
    outer loop
      vertex   1.570716e+02 -1.140270e+02 1.174396e+01
      vertex   1.572478e+02 -1.136925e+02 1.174396e+01
      vertex   1.563455e+02 -1.132598e+02 1.165822e+01
    endloop
  endfacet
  facet normal -7.769430e-02 3.539792e-02 9.963486e-01
    outer loop
      vertex   1.563455e+02 -1.132598e+02 1.165822e+01
      vertex   1.572478e+02 -1.136925e+02 1.174396e+01
      vertex   1.564109e+02 -1.131163e+02 1.165822e+01
    endloop
  endfacet
  facet normal -6.051611e-02 2.757145e-02 9.977864e-01
    outer loop
      vertex   1.563455e+02 -1.132598e+02 1.165822e+01
      vertex   1.564109e+02 -1.131163e+02 1.165822e+01
      vertex   1.554922e+02 -1.127194e+02 1.159154e+01
    endloop
  endfacet
  facet normal -7.769430e-02 3.539792e-02 9.963486e-01
    outer loop
      vertex   1.573295e+02 -1.135132e+02 1.174396e+01
      vertex   1.564109e+02 -1.131163e+02 1.165822e+01
      vertex   1.572478e+02 -1.136925e+02 1.174396e+01
    endloop
  endfacet
  facet normal -9.219930e-02 4.858525e-02 9.945546e-01
    outer loop
      vertex   1.579387e+02 -1.145266e+02 1.184875e+01
      vertex   1.581501e+02 -1.141253e+02 1.184875e+01
      vertex   1.572478e+02 -1.136925e+02 1.174396e+01
    endloop
  endfacet
  facet normal -9.478922e-02 4.318645e-02 9.945602e-01
    outer loop
      vertex   1.572478e+02 -1.136925e+02 1.174396e+01
      vertex   1.581501e+02 -1.141253e+02 1.184875e+01
      vertex   1.573295e+02 -1.135132e+02 1.174396e+01
    endloop
  endfacet
  facet normal -2.788434e-02 6.146198e-03 9.995923e-01
    outer loop
      vertex   1.537084e+02 -1.117660e+02 1.151533e+01
      vertex   1.546806e+02 -1.120033e+02 1.154391e+01
      vertex   1.537181e+02 -1.117222e+02 1.151533e+01
    endloop
  endfacet
  facet normal -2.788434e-02 6.146198e-03 9.995923e-01
    outer loop
      vertex   1.537181e+02 -1.117222e+02 1.151533e+01
      vertex   1.546806e+02 -1.120033e+02 1.154391e+01
      vertex   1.547000e+02 -1.119156e+02 1.154391e+01
    endloop
  endfacet
  facet normal -2.813496e-02 4.874016e-03 9.995923e-01
    outer loop
      vertex   1.537181e+02 -1.117222e+02 1.151533e+01
      vertex   1.547000e+02 -1.119156e+02 1.154391e+01
      vertex   1.537260e+02 -1.116769e+02 1.151533e+01
    endloop
  endfacet
  facet normal -2.813496e-02 4.874016e-03 9.995923e-01
    outer loop
      vertex   1.537260e+02 -1.116769e+02 1.151533e+01
      vertex   1.547000e+02 -1.119156e+02 1.154391e+01
      vertex   1.547157e+02 -1.118250e+02 1.154391e+01
    endloop
  endfacet
  facet normal -4.644025e-02 1.023625e-02 9.988686e-01
    outer loop
      vertex   1.546806e+02 -1.120033e+02 1.154391e+01
      vertex   1.556528e+02 -1.122406e+02 1.159154e+01
      vertex   1.547000e+02 -1.119156e+02 1.154391e+01
    endloop
  endfacet
  facet normal -4.644025e-02 1.023625e-02 9.988686e-01
    outer loop
      vertex   1.547000e+02 -1.119156e+02 1.154391e+01
      vertex   1.556528e+02 -1.122406e+02 1.159154e+01
      vertex   1.556818e+02 -1.121090e+02 1.159154e+01
    endloop
  endfacet
  facet normal -4.685766e-02 8.117478e-03 9.988686e-01
    outer loop
      vertex   1.547000e+02 -1.119156e+02 1.154391e+01
      vertex   1.556818e+02 -1.121090e+02 1.159154e+01
      vertex   1.547157e+02 -1.118250e+02 1.154391e+01
    endloop
  endfacet
  facet normal -4.685766e-02 8.117478e-03 9.988686e-01
    outer loop
      vertex   1.547157e+02 -1.118250e+02 1.154391e+01
      vertex   1.556818e+02 -1.121090e+02 1.159154e+01
      vertex   1.557054e+02 -1.119731e+02 1.159154e+01
    endloop
  endfacet
  facet normal -6.494589e-02 1.431522e-02 9.977861e-01
    outer loop
      vertex   1.556528e+02 -1.122406e+02 1.159154e+01
      vertex   1.566250e+02 -1.124778e+02 1.165822e+01
      vertex   1.556818e+02 -1.121090e+02 1.159154e+01
    endloop
  endfacet
  facet normal -6.494589e-02 1.431522e-02 9.977861e-01
    outer loop
      vertex   1.556818e+02 -1.121090e+02 1.159154e+01
      vertex   1.566250e+02 -1.124778e+02 1.165822e+01
      vertex   1.566637e+02 -1.123025e+02 1.165822e+01
    endloop
  endfacet
  facet normal -6.552963e-02 1.135215e-02 9.977860e-01
    outer loop
      vertex   1.556818e+02 -1.121090e+02 1.159154e+01
      vertex   1.566637e+02 -1.123025e+02 1.165822e+01
      vertex   1.557054e+02 -1.119731e+02 1.159154e+01
    endloop
  endfacet
  facet normal -6.552963e-02 1.135215e-02 9.977860e-01
    outer loop
      vertex   1.557054e+02 -1.119731e+02 1.159154e+01
      vertex   1.566637e+02 -1.123025e+02 1.165822e+01
      vertex   1.566951e+02 -1.121212e+02 1.165822e+01
    endloop
  endfacet
  facet normal -8.338150e-02 1.837875e-02 9.963482e-01
    outer loop
      vertex   1.566250e+02 -1.124778e+02 1.165822e+01
      vertex   1.575972e+02 -1.127151e+02 1.174396e+01
      vertex   1.566637e+02 -1.123025e+02 1.165822e+01
    endloop
  endfacet
  facet normal -8.338150e-02 1.837875e-02 9.963482e-01
    outer loop
      vertex   1.566637e+02 -1.123025e+02 1.165822e+01
      vertex   1.575972e+02 -1.127151e+02 1.174396e+01
      vertex   1.576455e+02 -1.124959e+02 1.174396e+01
    endloop
  endfacet
  facet normal -8.413094e-02 1.457459e-02 9.963481e-01
    outer loop
      vertex   1.566637e+02 -1.123025e+02 1.165822e+01
      vertex   1.576455e+02 -1.124959e+02 1.174396e+01
      vertex   1.566951e+02 -1.121212e+02 1.165822e+01
    endloop
  endfacet
  facet normal -8.413094e-02 1.457459e-02 9.963481e-01
    outer loop
      vertex   1.566951e+02 -1.121212e+02 1.165822e+01
      vertex   1.576455e+02 -1.124959e+02 1.174396e+01
      vertex   1.576848e+02 -1.122693e+02 1.174396e+01
    endloop
  endfacet
  facet normal -1.017277e-01 2.242258e-02 9.945595e-01
    outer loop
      vertex   1.575972e+02 -1.127151e+02 1.174396e+01
      vertex   1.585694e+02 -1.129524e+02 1.184875e+01
      vertex   1.576455e+02 -1.124959e+02 1.174396e+01
    endloop
  endfacet
  facet normal -1.017277e-01 2.242258e-02 9.945595e-01
    outer loop
      vertex   1.576455e+02 -1.124959e+02 1.174396e+01
      vertex   1.585694e+02 -1.129524e+02 1.184875e+01
      vertex   1.586274e+02 -1.126893e+02 1.184875e+01
    endloop
  endfacet
  facet normal -1.026421e-01 1.778140e-02 9.945594e-01
    outer loop
      vertex   1.576455e+02 -1.124959e+02 1.174396e+01
      vertex   1.586274e+02 -1.126893e+02 1.184875e+01
      vertex   1.576848e+02 -1.122693e+02 1.174396e+01
    endloop
  endfacet
  facet normal -6.649449e-02 -1.391455e-03 9.977858e-01
    outer loop
      vertex   1.567349e+02 -1.113446e+02 1.165822e+01
      vertex   1.557352e+02 -1.113906e+02 1.159154e+01
      vertex   1.567391e+02 -1.115455e+02 1.165822e+01
    endloop
  endfacet
  facet normal -6.649449e-02 -1.391455e-03 9.977858e-01
    outer loop
      vertex   1.567391e+02 -1.115455e+02 1.165822e+01
      vertex   1.557352e+02 -1.113906e+02 1.159154e+01
      vertex   1.557384e+02 -1.115413e+02 1.159154e+01
    endloop
  endfacet
  facet normal -6.648067e-02 1.913604e-03 9.977859e-01
    outer loop
      vertex   1.567391e+02 -1.115455e+02 1.165822e+01
      vertex   1.557384e+02 -1.115413e+02 1.159154e+01
      vertex   1.567334e+02 -1.117423e+02 1.165822e+01
    endloop
  endfacet
  facet normal -6.648067e-02 1.913604e-03 9.977859e-01
    outer loop
      vertex   1.567334e+02 -1.117423e+02 1.165822e+01
      vertex   1.557384e+02 -1.115413e+02 1.159154e+01
      vertex   1.557341e+02 -1.116889e+02 1.159154e+01
    endloop
  endfacet
  facet normal -6.630806e-02 5.144762e-03 9.977859e-01
    outer loop
      vertex   1.567334e+02 -1.117423e+02 1.165822e+01
      vertex   1.557341e+02 -1.116889e+02 1.159154e+01
      vertex   1.567185e+02 -1.119343e+02 1.165822e+01
    endloop
  endfacet
  facet normal -6.630806e-02 5.144762e-03 9.977859e-01
    outer loop
      vertex   1.567185e+02 -1.119343e+02 1.165822e+01
      vertex   1.557341e+02 -1.116889e+02 1.159154e+01
      vertex   1.557230e+02 -1.118329e+02 1.159154e+01
    endloop
  endfacet
  facet normal -4.754760e-02 -9.949750e-04 9.988685e-01
    outer loop
      vertex   1.557352e+02 -1.113906e+02 1.159154e+01
      vertex   1.547356e+02 -1.114367e+02 1.154391e+01
      vertex   1.557384e+02 -1.115413e+02 1.159154e+01
    endloop
  endfacet
  facet normal -4.754760e-02 -9.949750e-04 9.988685e-01
    outer loop
      vertex   1.557384e+02 -1.115413e+02 1.159154e+01
      vertex   1.547356e+02 -1.114367e+02 1.154391e+01
      vertex   1.547377e+02 -1.115371e+02 1.154391e+01
    endloop
  endfacet
  facet normal -4.753771e-02 1.368343e-03 9.988685e-01
    outer loop
      vertex   1.557384e+02 -1.115413e+02 1.159154e+01
      vertex   1.547377e+02 -1.115371e+02 1.154391e+01
      vertex   1.557341e+02 -1.116889e+02 1.159154e+01
    endloop
  endfacet
  facet normal -4.753771e-02 1.368343e-03 9.988685e-01
    outer loop
      vertex   1.557341e+02 -1.116889e+02 1.159154e+01
      vertex   1.547377e+02 -1.115371e+02 1.154391e+01
      vertex   1.547348e+02 -1.116355e+02 1.154391e+01
    endloop
  endfacet
  facet normal -4.741429e-02 3.678817e-03 9.988685e-01
    outer loop
      vertex   1.557341e+02 -1.116889e+02 1.159154e+01
      vertex   1.547348e+02 -1.116355e+02 1.154391e+01
      vertex   1.557230e+02 -1.118329e+02 1.159154e+01
    endloop
  endfacet
  facet normal -4.741429e-02 3.678817e-03 9.988685e-01
    outer loop
      vertex   1.557230e+02 -1.118329e+02 1.159154e+01
      vertex   1.547348e+02 -1.116355e+02 1.154391e+01
      vertex   1.547274e+02 -1.117315e+02 1.154391e+01
    endloop
  endfacet
  facet normal -2.854923e-02 -5.974175e-04 9.995922e-01
    outer loop
      vertex   1.547356e+02 -1.114367e+02 1.154391e+01
      vertex   1.537359e+02 -1.114827e+02 1.151533e+01
      vertex   1.547377e+02 -1.115371e+02 1.154391e+01
    endloop
  endfacet
  facet normal -2.854923e-02 -5.974175e-04 9.995922e-01
    outer loop
      vertex   1.547377e+02 -1.115371e+02 1.154391e+01
      vertex   1.537359e+02 -1.114827e+02 1.151533e+01
      vertex   1.537370e+02 -1.115329e+02 1.151533e+01
    endloop
  endfacet
  facet normal -2.854329e-02 8.216007e-04 9.995922e-01
    outer loop
      vertex   1.547377e+02 -1.115371e+02 1.154391e+01
      vertex   1.537370e+02 -1.115329e+02 1.151533e+01
      vertex   1.547348e+02 -1.116355e+02 1.154391e+01
    endloop
  endfacet
  facet normal -2.854329e-02 8.216007e-04 9.995922e-01
    outer loop
      vertex   1.547348e+02 -1.116355e+02 1.154391e+01
      vertex   1.537370e+02 -1.115329e+02 1.151533e+01
      vertex   1.537355e+02 -1.115821e+02 1.151533e+01
    endloop
  endfacet
  facet normal -2.846919e-02 2.208889e-03 9.995922e-01
    outer loop
      vertex   1.547348e+02 -1.116355e+02 1.154391e+01
      vertex   1.537355e+02 -1.115821e+02 1.151533e+01
      vertex   1.547274e+02 -1.117315e+02 1.154391e+01
    endloop
  endfacet
  facet normal -2.846919e-02 2.208889e-03 9.995922e-01
    outer loop
      vertex   1.547274e+02 -1.117315e+02 1.154391e+01
      vertex   1.537355e+02 -1.115821e+02 1.151533e+01
      vertex   1.537318e+02 -1.116301e+02 1.151533e+01
    endloop
  endfacet
  facet normal -8.535194e-02 2.456802e-03 9.963478e-01
    outer loop
      vertex   1.577327e+02 -1.117957e+02 1.174396e+01
      vertex   1.577398e+02 -1.115497e+02 1.174396e+01
      vertex   1.567391e+02 -1.115455e+02 1.165822e+01
    endloop
  endfacet
  facet normal -8.536968e-02 -1.786435e-03 9.963477e-01
    outer loop
      vertex   1.567391e+02 -1.115455e+02 1.165822e+01
      vertex   1.577398e+02 -1.115497e+02 1.174396e+01
      vertex   1.567349e+02 -1.113446e+02 1.165822e+01
    endloop
  endfacet
  facet normal -8.535194e-02 2.456802e-03 9.963478e-01
    outer loop
      vertex   1.577327e+02 -1.117957e+02 1.174396e+01
      vertex   1.567391e+02 -1.115455e+02 1.165822e+01
      vertex   1.567334e+02 -1.117423e+02 1.165822e+01
    endloop
  endfacet
  facet normal -1.047522e-01 8.127594e-03 9.944651e-01
    outer loop
      vertex   1.586504e+02 -1.115287e+02 1.183844e+01
      vertex   1.577327e+02 -1.117957e+02 1.174396e+01
      vertex   1.577141e+02 -1.120357e+02 1.174396e+01
    endloop
  endfacet
  facet normal -8.513034e-02 6.605159e-03 9.963479e-01
    outer loop
      vertex   1.577141e+02 -1.120357e+02 1.174396e+01
      vertex   1.577327e+02 -1.117957e+02 1.174396e+01
      vertex   1.567334e+02 -1.117423e+02 1.165822e+01
    endloop
  endfacet
  facet normal -8.513034e-02 6.605159e-03 9.963479e-01
    outer loop
      vertex   1.577141e+02 -1.120357e+02 1.174396e+01
      vertex   1.567334e+02 -1.117423e+02 1.165822e+01
      vertex   1.567185e+02 -1.119343e+02 1.165822e+01
    endloop
  endfacet
  facet normal -1.014507e-01 -2.369548e-02 9.945583e-01
    outer loop
      vertex   1.585443e+02 -1.100059e+02 1.184875e+01
      vertex   1.575763e+02 -1.102597e+02 1.174396e+01
      vertex   1.586179e+02 -1.103213e+02 1.184875e+01
    endloop
  endfacet
  facet normal -1.014507e-01 -2.369548e-02 9.945583e-01
    outer loop
      vertex   1.586179e+02 -1.103213e+02 1.184875e+01
      vertex   1.575763e+02 -1.102597e+02 1.174396e+01
      vertex   1.576376e+02 -1.105225e+02 1.174396e+01
    endloop
  endfacet
  facet normal -1.025716e-01 -1.823558e-02 9.945585e-01
    outer loop
      vertex   1.586179e+02 -1.103213e+02 1.184875e+01
      vertex   1.576376e+02 -1.105225e+02 1.174396e+01
      vertex   1.576841e+02 -1.107840e+02 1.174396e+01
    endloop
  endfacet
  facet normal -8.407319e-02 -1.494686e-02 9.963475e-01
    outer loop
      vertex   1.576841e+02 -1.107840e+02 1.174396e+01
      vertex   1.576376e+02 -1.105225e+02 1.174396e+01
      vertex   1.566574e+02 -1.107238e+02 1.165822e+01
    endloop
  endfacet
  facet normal -8.407319e-02 -1.494686e-02 9.963475e-01
    outer loop
      vertex   1.576841e+02 -1.107840e+02 1.174396e+01
      vertex   1.566574e+02 -1.107238e+02 1.165822e+01
      vertex   1.566946e+02 -1.109329e+02 1.165822e+01
    endloop
  endfacet
  facet normal -6.548466e-02 -1.164212e-02 9.977857e-01
    outer loop
      vertex   1.566946e+02 -1.109329e+02 1.165822e+01
      vertex   1.566574e+02 -1.107238e+02 1.165822e+01
      vertex   1.556771e+02 -1.109250e+02 1.159154e+01
    endloop
  endfacet
  facet normal -6.548466e-02 -1.164212e-02 9.977857e-01
    outer loop
      vertex   1.566946e+02 -1.109329e+02 1.165822e+01
      vertex   1.556771e+02 -1.109250e+02 1.159154e+01
      vertex   1.557050e+02 -1.110819e+02 1.159154e+01
    endloop
  endfacet
  facet normal -4.682551e-02 -8.324823e-03 9.988684e-01
    outer loop
      vertex   1.557050e+02 -1.110819e+02 1.159154e+01
      vertex   1.556771e+02 -1.109250e+02 1.159154e+01
      vertex   1.546968e+02 -1.111263e+02 1.154391e+01
    endloop
  endfacet
  facet normal -4.682551e-02 -8.324823e-03 9.988684e-01
    outer loop
      vertex   1.557050e+02 -1.110819e+02 1.159154e+01
      vertex   1.546968e+02 -1.111263e+02 1.154391e+01
      vertex   1.547154e+02 -1.112308e+02 1.154391e+01
    endloop
  endfacet
  facet normal -2.811567e-02 -4.998513e-03 9.995922e-01
    outer loop
      vertex   1.547154e+02 -1.112308e+02 1.154391e+01
      vertex   1.546968e+02 -1.111263e+02 1.154391e+01
      vertex   1.537165e+02 -1.113275e+02 1.151533e+01
    endloop
  endfacet
  facet normal -2.811567e-02 -4.998513e-03 9.995922e-01
    outer loop
      vertex   1.547154e+02 -1.112308e+02 1.154391e+01
      vertex   1.537165e+02 -1.113275e+02 1.151533e+01
      vertex   1.537258e+02 -1.113798e+02 1.151533e+01
    endloop
  endfacet
  facet normal -8.315443e-02 -1.942209e-02 9.963474e-01
    outer loop
      vertex   1.566574e+02 -1.107238e+02 1.165822e+01
      vertex   1.576376e+02 -1.105225e+02 1.174396e+01
      vertex   1.566083e+02 -1.105135e+02 1.165822e+01
    endloop
  endfacet
  facet normal -8.315443e-02 -1.942209e-02 9.963474e-01
    outer loop
      vertex   1.566083e+02 -1.105135e+02 1.165822e+01
      vertex   1.576376e+02 -1.105225e+02 1.174396e+01
      vertex   1.575763e+02 -1.102597e+02 1.174396e+01
    endloop
  endfacet
  facet normal -8.197777e-02 -2.390978e-02 9.963473e-01
    outer loop
      vertex   1.566083e+02 -1.105135e+02 1.165822e+01
      vertex   1.575763e+02 -1.102597e+02 1.174396e+01
      vertex   1.565469e+02 -1.103032e+02 1.165822e+01
    endloop
  endfacet
  facet normal -8.197777e-02 -2.390978e-02 9.963473e-01
    outer loop
      vertex   1.565469e+02 -1.103032e+02 1.165822e+01
      vertex   1.575763e+02 -1.102597e+02 1.174396e+01
      vertex   1.574996e+02 -1.099968e+02 1.174396e+01
    endloop
  endfacet
  facet normal -8.053732e-02 -2.838871e-02 9.963472e-01
    outer loop
      vertex   1.565469e+02 -1.103032e+02 1.165822e+01
      vertex   1.574996e+02 -1.099968e+02 1.174396e+01
      vertex   1.564731e+02 -1.100938e+02 1.165822e+01
    endloop
  endfacet
  facet normal -8.053732e-02 -2.838871e-02 9.963472e-01
    outer loop
      vertex   1.564731e+02 -1.100938e+02 1.165822e+01
      vertex   1.574996e+02 -1.099968e+02 1.174396e+01
      vertex   1.574073e+02 -1.097351e+02 1.174396e+01
    endloop
  endfacet
  facet normal -7.882941e-02 -3.283652e-02 9.963472e-01
    outer loop
      vertex   1.564731e+02 -1.100938e+02 1.165822e+01
      vertex   1.574073e+02 -1.097351e+02 1.174396e+01
      vertex   1.563867e+02 -1.098864e+02 1.165822e+01
    endloop
  endfacet
  facet normal -1.000151e-01 -2.917058e-02 9.945582e-01
    outer loop
      vertex   1.575763e+02 -1.102597e+02 1.174396e+01
      vertex   1.585443e+02 -1.100059e+02 1.184875e+01
      vertex   1.574996e+02 -1.099968e+02 1.174396e+01
    endloop
  endfacet
  facet normal -1.000151e-01 -2.917058e-02 9.945582e-01
    outer loop
      vertex   1.574996e+02 -1.099968e+02 1.174396e+01
      vertex   1.585443e+02 -1.100059e+02 1.184875e+01
      vertex   1.584523e+02 -1.096905e+02 1.184875e+01
    endloop
  endfacet
  facet normal -9.825772e-02 -3.463500e-02 9.945581e-01
    outer loop
      vertex   1.574996e+02 -1.099968e+02 1.174396e+01
      vertex   1.584523e+02 -1.096905e+02 1.184875e+01
      vertex   1.574073e+02 -1.097351e+02 1.174396e+01
    endloop
  endfacet
  facet normal -6.476904e-02 -1.512788e-02 9.977856e-01
    outer loop
      vertex   1.556771e+02 -1.109250e+02 1.159154e+01
      vertex   1.566574e+02 -1.107238e+02 1.165822e+01
      vertex   1.556403e+02 -1.107673e+02 1.159154e+01
    endloop
  endfacet
  facet normal -6.476904e-02 -1.512788e-02 9.977856e-01
    outer loop
      vertex   1.556403e+02 -1.107673e+02 1.159154e+01
      vertex   1.566574e+02 -1.107238e+02 1.165822e+01
      vertex   1.566083e+02 -1.105135e+02 1.165822e+01
    endloop
  endfacet
  facet normal -6.385254e-02 -1.862335e-02 9.977856e-01
    outer loop
      vertex   1.556403e+02 -1.107673e+02 1.159154e+01
      vertex   1.566083e+02 -1.105135e+02 1.165822e+01
      vertex   1.555943e+02 -1.106096e+02 1.159154e+01
    endloop
  endfacet
  facet normal -6.385254e-02 -1.862335e-02 9.977856e-01
    outer loop
      vertex   1.555943e+02 -1.106096e+02 1.159154e+01
      vertex   1.566083e+02 -1.105135e+02 1.165822e+01
      vertex   1.565469e+02 -1.103032e+02 1.165822e+01
    endloop
  endfacet
  facet normal -6.273058e-02 -2.211199e-02 9.977855e-01
    outer loop
      vertex   1.555943e+02 -1.106096e+02 1.159154e+01
      vertex   1.565469e+02 -1.103032e+02 1.165822e+01
      vertex   1.555389e+02 -1.104526e+02 1.159154e+01
    endloop
  endfacet
  facet normal -6.273058e-02 -2.211199e-02 9.977855e-01
    outer loop
      vertex   1.555389e+02 -1.104526e+02 1.159154e+01
      vertex   1.565469e+02 -1.103032e+02 1.165822e+01
      vertex   1.564731e+02 -1.100938e+02 1.165822e+01
    endloop
  endfacet
  facet normal -6.140029e-02 -2.557639e-02 9.977855e-01
    outer loop
      vertex   1.555389e+02 -1.104526e+02 1.159154e+01
      vertex   1.564731e+02 -1.100938e+02 1.165822e+01
      vertex   1.554741e+02 -1.102970e+02 1.159154e+01
    endloop
  endfacet
  facet normal -6.140029e-02 -2.557639e-02 9.977855e-01
    outer loop
      vertex   1.554741e+02 -1.102970e+02 1.159154e+01
      vertex   1.564731e+02 -1.100938e+02 1.165822e+01
      vertex   1.563867e+02 -1.098864e+02 1.165822e+01
    endloop
  endfacet
  facet normal -5.986074e-02 -2.899847e-02 9.977854e-01
    outer loop
      vertex   1.554741e+02 -1.102970e+02 1.159154e+01
      vertex   1.563867e+02 -1.098864e+02 1.165822e+01
      vertex   1.553999e+02 -1.101438e+02 1.159154e+01
    endloop
  endfacet
  facet normal -4.631380e-02 -1.081735e-02 9.988684e-01
    outer loop
      vertex   1.546968e+02 -1.111263e+02 1.154391e+01
      vertex   1.556771e+02 -1.109250e+02 1.159154e+01
      vertex   1.546723e+02 -1.110211e+02 1.154391e+01
    endloop
  endfacet
  facet normal -4.631380e-02 -1.081735e-02 9.988684e-01
    outer loop
      vertex   1.546723e+02 -1.110211e+02 1.154391e+01
      vertex   1.556771e+02 -1.109250e+02 1.159154e+01
      vertex   1.556403e+02 -1.107673e+02 1.159154e+01
    endloop
  endfacet
  facet normal -4.565845e-02 -1.331683e-02 9.988683e-01
    outer loop
      vertex   1.546723e+02 -1.110211e+02 1.154391e+01
      vertex   1.556403e+02 -1.107673e+02 1.159154e+01
      vertex   1.546416e+02 -1.109160e+02 1.154391e+01
    endloop
  endfacet
  facet normal -4.565845e-02 -1.331683e-02 9.988683e-01
    outer loop
      vertex   1.546416e+02 -1.109160e+02 1.154391e+01
      vertex   1.556403e+02 -1.107673e+02 1.159154e+01
      vertex   1.555943e+02 -1.106096e+02 1.159154e+01
    endloop
  endfacet
  facet normal -4.485618e-02 -1.581142e-02 9.988683e-01
    outer loop
      vertex   1.546416e+02 -1.109160e+02 1.154391e+01
      vertex   1.555943e+02 -1.106096e+02 1.159154e+01
      vertex   1.546047e+02 -1.108113e+02 1.154391e+01
    endloop
  endfacet
  facet normal -4.485618e-02 -1.581142e-02 9.988683e-01
    outer loop
      vertex   1.546047e+02 -1.108113e+02 1.154391e+01
      vertex   1.555943e+02 -1.106096e+02 1.159154e+01
      vertex   1.555389e+02 -1.104526e+02 1.159154e+01
    endloop
  endfacet
  facet normal -4.390494e-02 -1.828867e-02 9.988683e-01
    outer loop
      vertex   1.546047e+02 -1.108113e+02 1.154391e+01
      vertex   1.555389e+02 -1.104526e+02 1.159154e+01
      vertex   1.545615e+02 -1.107076e+02 1.154391e+01
    endloop
  endfacet
  facet normal -4.390494e-02 -1.828867e-02 9.988683e-01
    outer loop
      vertex   1.545615e+02 -1.107076e+02 1.154391e+01
      vertex   1.555389e+02 -1.104526e+02 1.159154e+01
      vertex   1.554741e+02 -1.102970e+02 1.159154e+01
    endloop
  endfacet
  facet normal -4.280407e-02 -2.073567e-02 9.988683e-01
    outer loop
      vertex   1.545615e+02 -1.107076e+02 1.154391e+01
      vertex   1.554741e+02 -1.102970e+02 1.159154e+01
      vertex   1.545120e+02 -1.106055e+02 1.154391e+01
    endloop
  endfacet
  facet normal -4.280407e-02 -2.073567e-02 9.988683e-01
    outer loop
      vertex   1.545120e+02 -1.106055e+02 1.154391e+01
      vertex   1.554741e+02 -1.102970e+02 1.159154e+01
      vertex   1.553999e+02 -1.101438e+02 1.159154e+01
    endloop
  endfacet
  facet normal -4.155437e-02 -2.313921e-02 9.988683e-01
    outer loop
      vertex   1.545120e+02 -1.106055e+02 1.154391e+01
      vertex   1.553999e+02 -1.101438e+02 1.159154e+01
      vertex   1.544563e+02 -1.105054e+02 1.154391e+01
    endloop
  endfacet
  facet normal -2.780842e-02 -6.495115e-03 9.995922e-01
    outer loop
      vertex   1.537165e+02 -1.113275e+02 1.151533e+01
      vertex   1.546968e+02 -1.111263e+02 1.154391e+01
      vertex   1.537043e+02 -1.112749e+02 1.151533e+01
    endloop
  endfacet
  facet normal -2.780842e-02 -6.495115e-03 9.995922e-01
    outer loop
      vertex   1.537043e+02 -1.112749e+02 1.151533e+01
      vertex   1.546968e+02 -1.111263e+02 1.154391e+01
      vertex   1.546723e+02 -1.110211e+02 1.154391e+01
    endloop
  endfacet
  facet normal -2.741492e-02 -7.995885e-03 9.995922e-01
    outer loop
      vertex   1.537043e+02 -1.112749e+02 1.151533e+01
      vertex   1.546723e+02 -1.110211e+02 1.154391e+01
      vertex   1.536889e+02 -1.112224e+02 1.151533e+01
    endloop
  endfacet
  facet normal -2.741492e-02 -7.995885e-03 9.995922e-01
    outer loop
      vertex   1.536889e+02 -1.112224e+02 1.151533e+01
      vertex   1.546723e+02 -1.110211e+02 1.154391e+01
      vertex   1.546416e+02 -1.109160e+02 1.154391e+01
    endloop
  endfacet
  facet normal -2.693321e-02 -9.493725e-03 9.995922e-01
    outer loop
      vertex   1.536889e+02 -1.112224e+02 1.151533e+01
      vertex   1.546416e+02 -1.109160e+02 1.154391e+01
      vertex   1.536705e+02 -1.111700e+02 1.151533e+01
    endloop
  endfacet
  facet normal -2.693321e-02 -9.493725e-03 9.995922e-01
    outer loop
      vertex   1.536705e+02 -1.111700e+02 1.151533e+01
      vertex   1.546416e+02 -1.109160e+02 1.154391e+01
      vertex   1.546047e+02 -1.108113e+02 1.154391e+01
    endloop
  endfacet
  facet normal -2.636205e-02 -1.098116e-02 9.995921e-01
    outer loop
      vertex   1.536705e+02 -1.111700e+02 1.151533e+01
      vertex   1.546047e+02 -1.108113e+02 1.154391e+01
      vertex   1.536489e+02 -1.111182e+02 1.151533e+01
    endloop
  endfacet
  facet normal -2.636205e-02 -1.098116e-02 9.995921e-01
    outer loop
      vertex   1.536489e+02 -1.111182e+02 1.151533e+01
      vertex   1.546047e+02 -1.108113e+02 1.154391e+01
      vertex   1.545615e+02 -1.107076e+02 1.154391e+01
    endloop
  endfacet
  facet normal -2.570105e-02 -1.245042e-02 9.995921e-01
    outer loop
      vertex   1.536489e+02 -1.111182e+02 1.151533e+01
      vertex   1.545615e+02 -1.107076e+02 1.154391e+01
      vertex   1.536241e+02 -1.110671e+02 1.151533e+01
    endloop
  endfacet
  facet normal -2.570105e-02 -1.245042e-02 9.995921e-01
    outer loop
      vertex   1.536241e+02 -1.110671e+02 1.151533e+01
      vertex   1.545615e+02 -1.107076e+02 1.154391e+01
      vertex   1.545120e+02 -1.106055e+02 1.154391e+01
    endloop
  endfacet
  facet normal -2.495069e-02 -1.389359e-02 9.995921e-01
    outer loop
      vertex   1.536241e+02 -1.110671e+02 1.151533e+01
      vertex   1.545120e+02 -1.106055e+02 1.154391e+01
      vertex   1.535963e+02 -1.110171e+02 1.151533e+01
    endloop
  endfacet
  facet normal -2.495069e-02 -1.389359e-02 9.995921e-01
    outer loop
      vertex   1.535963e+02 -1.110171e+02 1.151533e+01
      vertex   1.545120e+02 -1.106055e+02 1.154391e+01
      vertex   1.544563e+02 -1.105054e+02 1.154391e+01
    endloop
  endfacet
  facet normal -2.411237e-02 -1.530268e-02 9.995921e-01
    outer loop
      vertex   1.535963e+02 -1.110171e+02 1.151533e+01
      vertex   1.544563e+02 -1.105054e+02 1.154391e+01
      vertex   1.535654e+02 -1.109684e+02 1.151533e+01
    endloop
  endfacet
  facet normal -1.051297e-01 -1.303104e-02 9.943731e-01
    outer loop
      vertex   1.577162e+02 -1.110430e+02 1.174396e+01
      vertex   1.586179e+02 -1.103213e+02 1.184875e+01
      vertex   1.576841e+02 -1.107840e+02 1.174396e+01
    endloop
  endfacet
  facet normal -9.376255e-02 -4.542161e-02 9.945579e-01
    outer loop
      vertex   1.572994e+02 -1.094759e+02 1.174396e+01
      vertex   1.582120e+02 -1.090653e+02 1.184875e+01
      vertex   1.571757e+02 -1.092205e+02 1.174396e+01
    endloop
  endfacet
  facet normal -9.376255e-02 -4.542161e-02 9.945579e-01
    outer loop
      vertex   1.571757e+02 -1.092205e+02 1.174396e+01
      vertex   1.582120e+02 -1.090653e+02 1.184875e+01
      vertex   1.580635e+02 -1.087589e+02 1.184875e+01
    endloop
  endfacet
  facet normal -9.102507e-02 -5.068656e-02 9.945578e-01
    outer loop
      vertex   1.571757e+02 -1.092205e+02 1.174396e+01
      vertex   1.580635e+02 -1.087589e+02 1.184875e+01
      vertex   1.570364e+02 -1.089704e+02 1.174396e+01
    endloop
  endfacet
  facet normal -9.102507e-02 -5.068656e-02 9.945578e-01
    outer loop
      vertex   1.570364e+02 -1.089704e+02 1.174396e+01
      vertex   1.580635e+02 -1.087589e+02 1.184875e+01
      vertex   1.578964e+02 -1.084588e+02 1.184875e+01
    endloop
  endfacet
  facet normal -8.796670e-02 -5.582722e-02 9.945578e-01
    outer loop
      vertex   1.570364e+02 -1.089704e+02 1.174396e+01
      vertex   1.578964e+02 -1.084588e+02 1.184875e+01
      vertex   1.568819e+02 -1.087270e+02 1.174396e+01
    endloop
  endfacet
  facet normal -8.796670e-02 -5.582722e-02 9.945578e-01
    outer loop
      vertex   1.568819e+02 -1.087270e+02 1.174396e+01
      vertex   1.578964e+02 -1.084588e+02 1.184875e+01
      vertex   1.577110e+02 -1.081667e+02 1.184875e+01
    endloop
  endfacet
  facet normal -8.459597e-02 -6.081480e-02 9.945577e-01
    outer loop
      vertex   1.568819e+02 -1.087270e+02 1.174396e+01
      vertex   1.577110e+02 -1.081667e+02 1.184875e+01
      vertex   1.567127e+02 -1.084916e+02 1.174396e+01
    endloop
  endfacet
  facet normal -1.041495e-01 -6.609748e-02 9.923628e-01
    outer loop
      vertex   1.586078e+02 -1.075938e+02 1.198102e+01
      vertex   1.577110e+02 -1.081667e+02 1.184875e+01
      vertex   1.578964e+02 -1.084588e+02 1.184875e+01
    endloop
  endfacet
  facet normal -9.976247e-02 -7.171777e-02 9.924233e-01
    outer loop
      vertex   1.583033e+02 -1.072768e+02 1.197259e+01
      vertex   1.575080e+02 -1.078842e+02 1.184875e+01
      vertex   1.585402e+02 -1.076063e+02 1.197259e+01
    endloop
  endfacet
  facet normal -7.210225e-02 -4.575900e-02 9.963470e-01
    outer loop
      vertex   1.568819e+02 -1.087270e+02 1.174396e+01
      vertex   1.560528e+02 -1.092874e+02 1.165822e+01
      vertex   1.570364e+02 -1.089704e+02 1.174396e+01
    endloop
  endfacet
  facet normal -7.210225e-02 -4.575900e-02 9.963470e-01
    outer loop
      vertex   1.570364e+02 -1.089704e+02 1.174396e+01
      vertex   1.560528e+02 -1.092874e+02 1.165822e+01
      vertex   1.561764e+02 -1.094821e+02 1.165822e+01
    endloop
  endfacet
  facet normal -7.460906e-02 -4.154544e-02 9.963471e-01
    outer loop
      vertex   1.570364e+02 -1.089704e+02 1.174396e+01
      vertex   1.561764e+02 -1.094821e+02 1.165822e+01
      vertex   1.571757e+02 -1.092205e+02 1.174396e+01
    endloop
  endfacet
  facet normal -7.460906e-02 -4.154544e-02 9.963471e-01
    outer loop
      vertex   1.571757e+02 -1.092205e+02 1.174396e+01
      vertex   1.561764e+02 -1.094821e+02 1.165822e+01
      vertex   1.562878e+02 -1.096822e+02 1.165822e+01
    endloop
  endfacet
  facet normal -7.685284e-02 -3.723000e-02 9.963471e-01
    outer loop
      vertex   1.571757e+02 -1.092205e+02 1.174396e+01
      vertex   1.562878e+02 -1.096822e+02 1.165822e+01
      vertex   1.572994e+02 -1.094759e+02 1.174396e+01
    endloop
  endfacet
  facet normal -5.616050e-02 -3.564172e-02 9.977854e-01
    outer loop
      vertex   1.560528e+02 -1.092874e+02 1.165822e+01
      vertex   1.552236e+02 -1.098477e+02 1.159154e+01
      vertex   1.561764e+02 -1.094821e+02 1.165822e+01
    endloop
  endfacet
  facet normal -5.616050e-02 -3.564172e-02 9.977854e-01
    outer loop
      vertex   1.561764e+02 -1.094821e+02 1.165822e+01
      vertex   1.552236e+02 -1.098477e+02 1.159154e+01
      vertex   1.553163e+02 -1.099938e+02 1.159154e+01
    endloop
  endfacet
  facet normal -5.811305e-02 -3.235978e-02 9.977854e-01
    outer loop
      vertex   1.561764e+02 -1.094821e+02 1.165822e+01
      vertex   1.553163e+02 -1.099938e+02 1.159154e+01
      vertex   1.562878e+02 -1.096822e+02 1.165822e+01
    endloop
  endfacet
  facet normal -6.933942e-02 -4.984709e-02 9.963470e-01
    outer loop
      vertex   1.560528e+02 -1.092874e+02 1.165822e+01
      vertex   1.568819e+02 -1.087270e+02 1.174396e+01
      vertex   1.559174e+02 -1.090990e+02 1.165822e+01
    endloop
  endfacet
  facet normal -6.933942e-02 -4.984709e-02 9.963470e-01
    outer loop
      vertex   1.559174e+02 -1.090990e+02 1.165822e+01
      vertex   1.568819e+02 -1.087270e+02 1.174396e+01
      vertex   1.567127e+02 -1.084916e+02 1.174396e+01
    endloop
  endfacet
  facet normal -6.633035e-02 -5.378680e-02 9.963470e-01
    outer loop
      vertex   1.559174e+02 -1.090990e+02 1.165822e+01
      vertex   1.567127e+02 -1.084916e+02 1.174396e+01
      vertex   1.557708e+02 -1.089182e+02 1.165822e+01
    endloop
  endfacet
  facet normal -4.015818e-02 -2.548600e-02 9.988683e-01
    outer loop
      vertex   1.553163e+02 -1.099938e+02 1.159154e+01
      vertex   1.552236e+02 -1.098477e+02 1.159154e+01
      vertex   1.543945e+02 -1.104081e+02 1.154391e+01
    endloop
  endfacet
  facet normal -3.861939e-02 -2.776291e-02 9.988682e-01
    outer loop
      vertex   1.543945e+02 -1.104081e+02 1.154391e+01
      vertex   1.552236e+02 -1.098477e+02 1.159154e+01
      vertex   1.543268e+02 -1.103139e+02 1.154391e+01
    endloop
  endfacet
  facet normal -2.318843e-02 -1.666982e-02 9.995921e-01
    outer loop
      vertex   1.543945e+02 -1.104081e+02 1.154391e+01
      vertex   1.543268e+02 -1.103139e+02 1.154391e+01
      vertex   1.535315e+02 -1.109213e+02 1.151533e+01
    endloop
  endfacet
  facet normal -2.218214e-02 -1.798733e-02 9.995921e-01
    outer loop
      vertex   1.535315e+02 -1.109213e+02 1.151533e+01
      vertex   1.543268e+02 -1.103139e+02 1.154391e+01
      vertex   1.534949e+02 -1.108761e+02 1.151533e+01
    endloop
  endfacet
  facet normal -5.400853e-02 -3.882594e-02 9.977854e-01
    outer loop
      vertex   1.552236e+02 -1.098477e+02 1.159154e+01
      vertex   1.560528e+02 -1.092874e+02 1.165822e+01
      vertex   1.551221e+02 -1.097065e+02 1.159154e+01
    endloop
  endfacet
  facet normal -5.400853e-02 -3.882594e-02 9.977854e-01
    outer loop
      vertex   1.551221e+02 -1.097065e+02 1.159154e+01
      vertex   1.560528e+02 -1.092874e+02 1.165822e+01
      vertex   1.559174e+02 -1.090990e+02 1.165822e+01
    endloop
  endfacet
  facet normal -5.166476e-02 -4.189458e-02 9.977853e-01
    outer loop
      vertex   1.551221e+02 -1.097065e+02 1.159154e+01
      vertex   1.559174e+02 -1.090990e+02 1.165822e+01
      vertex   1.550121e+02 -1.095708e+02 1.159154e+01
    endloop
  endfacet
  facet normal -5.166476e-02 -4.189458e-02 9.977853e-01
    outer loop
      vertex   1.550121e+02 -1.095708e+02 1.159154e+01
      vertex   1.559174e+02 -1.090990e+02 1.165822e+01
      vertex   1.557708e+02 -1.089182e+02 1.165822e+01
    endloop
  endfacet
  facet normal -4.913892e-02 -4.483064e-02 9.977853e-01
    outer loop
      vertex   1.550121e+02 -1.095708e+02 1.159154e+01
      vertex   1.557708e+02 -1.089182e+02 1.165822e+01
      vertex   1.548942e+02 -1.094416e+02 1.159154e+01
    endloop
  endfacet
  facet normal -1.099888e-01 -6.124638e-02 9.920440e-01
    outer loop
      vertex   1.586078e+02 -1.075938e+02 1.198102e+01
      vertex   1.578964e+02 -1.084588e+02 1.184875e+01
      vertex   1.580635e+02 -1.087589e+02 1.184875e+01
    endloop
  endfacet
  facet normal -9.076751e-02 -8.280943e-02 9.924232e-01
    outer loop
      vertex   1.572880e+02 -1.076129e+02 1.184875e+01
      vertex   1.580466e+02 -1.069603e+02 1.197259e+01
      vertex   1.570521e+02 -1.073544e+02 1.184875e+01
    endloop
  endfacet
  facet normal -9.076751e-02 -8.280943e-02 9.924232e-01
    outer loop
      vertex   1.570521e+02 -1.073544e+02 1.184875e+01
      vertex   1.580466e+02 -1.069603e+02 1.197259e+01
      vertex   1.577714e+02 -1.066587e+02 1.197259e+01
    endloop
  endfacet
  facet normal -7.696847e-02 -7.022023e-02 9.945577e-01
    outer loop
      vertex   1.565294e+02 -1.082656e+02 1.174396e+01
      vertex   1.572880e+02 -1.076129e+02 1.184875e+01
      vertex   1.563328e+02 -1.080501e+02 1.174396e+01
    endloop
  endfacet
  facet normal -7.696847e-02 -7.022023e-02 9.945577e-01
    outer loop
      vertex   1.563328e+02 -1.080501e+02 1.174396e+01
      vertex   1.572880e+02 -1.076129e+02 1.184875e+01
      vertex   1.570521e+02 -1.073544e+02 1.184875e+01
    endloop
  endfacet
  facet normal -6.308752e-02 -5.755630e-02 9.963469e-01
    outer loop
      vertex   1.563328e+02 -1.080501e+02 1.174396e+01
      vertex   1.556135e+02 -1.087458e+02 1.165822e+01
      vertex   1.565294e+02 -1.082656e+02 1.174396e+01
    endloop
  endfacet
  facet normal -3.513732e-02 -3.205664e-02 9.988682e-01
    outer loop
      vertex   1.548942e+02 -1.094416e+02 1.159154e+01
      vertex   1.541749e+02 -1.101373e+02 1.154391e+01
      vertex   1.550121e+02 -1.095708e+02 1.159154e+01
    endloop
  endfacet
  facet normal -3.513732e-02 -3.205664e-02 9.988682e-01
    outer loop
      vertex   1.550121e+02 -1.095708e+02 1.159154e+01
      vertex   1.541749e+02 -1.101373e+02 1.154391e+01
      vertex   1.542535e+02 -1.102235e+02 1.154391e+01
    endloop
  endfacet
  facet normal -3.694345e-02 -2.995718e-02 9.988682e-01
    outer loop
      vertex   1.550121e+02 -1.095708e+02 1.159154e+01
      vertex   1.542535e+02 -1.102235e+02 1.154391e+01
      vertex   1.551221e+02 -1.097065e+02 1.159154e+01
    endloop
  endfacet
  facet normal -3.694345e-02 -2.995718e-02 9.988682e-01
    outer loop
      vertex   1.551221e+02 -1.097065e+02 1.159154e+01
      vertex   1.542535e+02 -1.102235e+02 1.154391e+01
      vertex   1.543268e+02 -1.103139e+02 1.154391e+01
    endloop
  endfacet
  facet normal -3.861939e-02 -2.776291e-02 9.988682e-01
    outer loop
      vertex   1.551221e+02 -1.097065e+02 1.159154e+01
      vertex   1.543268e+02 -1.103139e+02 1.154391e+01
      vertex   1.552236e+02 -1.098477e+02 1.159154e+01
    endloop
  endfacet
  facet normal -2.109767e-02 -1.924792e-02 9.995921e-01
    outer loop
      vertex   1.541749e+02 -1.101373e+02 1.154391e+01
      vertex   1.534556e+02 -1.108330e+02 1.151533e+01
      vertex   1.542535e+02 -1.102235e+02 1.154391e+01
    endloop
  endfacet
  facet normal -2.109767e-02 -1.924792e-02 9.995921e-01
    outer loop
      vertex   1.542535e+02 -1.102235e+02 1.154391e+01
      vertex   1.534556e+02 -1.108330e+02 1.151533e+01
      vertex   1.534949e+02 -1.108761e+02 1.151533e+01
    endloop
  endfacet
  facet normal -2.218214e-02 -1.798733e-02 9.995921e-01
    outer loop
      vertex   1.542535e+02 -1.102235e+02 1.154391e+01
      vertex   1.534949e+02 -1.108761e+02 1.151533e+01
      vertex   1.543268e+02 -1.103139e+02 1.154391e+01
    endloop
  endfacet
  facet normal -3.321129e-02 -3.404796e-02 9.988682e-01
    outer loop
      vertex   1.548942e+02 -1.094416e+02 1.159154e+01
      vertex   1.547691e+02 -1.093196e+02 1.159154e+01
      vertex   1.541749e+02 -1.101373e+02 1.154391e+01
    endloop
  endfacet
  facet normal -3.321053e-02 -3.404852e-02 9.988682e-01
    outer loop
      vertex   1.541749e+02 -1.101373e+02 1.154391e+01
      vertex   1.547691e+02 -1.093196e+02 1.159154e+01
      vertex   1.540914e+02 -1.100559e+02 1.154391e+01
    endloop
  endfacet
  facet normal -1.994083e-02 -2.044398e-02 9.995921e-01
    outer loop
      vertex   1.541749e+02 -1.101373e+02 1.154391e+01
      vertex   1.540914e+02 -1.100559e+02 1.154391e+01
      vertex   1.534556e+02 -1.108330e+02 1.151533e+01
    endloop
  endfacet
  facet normal -7.035107e-03 -6.418302e-03 9.999547e-01
    outer loop
      vertex   1.534556e+02 -1.108330e+02 1.151533e+01
      vertex   1.527363e+02 -1.115287e+02 1.150580e+01
      vertex   1.534949e+02 -1.108761e+02 1.151533e+01
    endloop
  endfacet
  facet normal -8.053052e-02 -9.279698e-02 9.924231e-01
    outer loop
      vertex   1.574804e+02 -1.063747e+02 1.197259e+01
      vertex   1.571708e+02 -1.061060e+02 1.197259e+01
      vertex   1.568025e+02 -1.071108e+02 1.184875e+01
    endloop
  endfacet
  facet normal -8.052813e-02 -9.279787e-02 9.924232e-01
    outer loop
      vertex   1.568025e+02 -1.071108e+02 1.184875e+01
      vertex   1.571708e+02 -1.061060e+02 1.197259e+01
      vertex   1.565373e+02 -1.068807e+02 1.184875e+01
    endloop
  endfacet
  facet normal -6.828614e-02 -7.869061e-02 9.945576e-01
    outer loop
      vertex   1.568025e+02 -1.071108e+02 1.184875e+01
      vertex   1.565373e+02 -1.068807e+02 1.184875e+01
      vertex   1.561246e+02 -1.078470e+02 1.174396e+01
    endloop
  endfacet
  facet normal -6.828418e-02 -7.869146e-02 9.945577e-01
    outer loop
      vertex   1.561246e+02 -1.078470e+02 1.174396e+01
      vertex   1.565373e+02 -1.068807e+02 1.184875e+01
      vertex   1.559038e+02 -1.076554e+02 1.174396e+01
    endloop
  endfacet
  facet normal -5.596966e-02 -6.450006e-02 9.963469e-01
    outer loop
      vertex   1.561246e+02 -1.078470e+02 1.174396e+01
      vertex   1.559038e+02 -1.076554e+02 1.174396e+01
      vertex   1.554468e+02 -1.085833e+02 1.165822e+01
    endloop
  endfacet
  facet normal -5.596812e-02 -6.450082e-02 9.963469e-01
    outer loop
      vertex   1.554468e+02 -1.085833e+02 1.165822e+01
      vertex   1.559038e+02 -1.076554e+02 1.174396e+01
      vertex   1.552703e+02 -1.084300e+02 1.165822e+01
    endloop
  endfacet
  facet normal -3.117144e-02 -3.592514e-02 9.988682e-01
    outer loop
      vertex   1.546368e+02 -1.092047e+02 1.159154e+01
      vertex   1.540914e+02 -1.100559e+02 1.154391e+01
      vertex   1.547691e+02 -1.093196e+02 1.159154e+01
    endloop
  endfacet
  facet normal -1.871552e-02 -2.157136e-02 9.995921e-01
    outer loop
      vertex   1.533698e+02 -1.107541e+02 1.151533e+01
      vertex   1.534138e+02 -1.107923e+02 1.151533e+01
      vertex   1.540033e+02 -1.099794e+02 1.154391e+01
    endloop
  endfacet
  facet normal -7.498496e-02 -9.733091e-02 9.924233e-01
    outer loop
      vertex   1.568485e+02 -1.058577e+02 1.197259e+01
      vertex   1.562610e+02 -1.066679e+02 1.184875e+01
      vertex   1.571708e+02 -1.061060e+02 1.197259e+01
    endloop
  endfacet
  facet normal -7.498496e-02 -9.733091e-02 9.924233e-01
    outer loop
      vertex   1.571708e+02 -1.061060e+02 1.197259e+01
      vertex   1.562610e+02 -1.066679e+02 1.184875e+01
      vertex   1.565373e+02 -1.068807e+02 1.184875e+01
    endloop
  endfacet
  facet normal -6.358529e-02 -8.253406e-02 9.945577e-01
    outer loop
      vertex   1.562610e+02 -1.066679e+02 1.184875e+01
      vertex   1.556736e+02 -1.074780e+02 1.174396e+01
      vertex   1.565373e+02 -1.068807e+02 1.184875e+01
    endloop
  endfacet
  facet normal -6.358529e-02 -8.253406e-02 9.945577e-01
    outer loop
      vertex   1.565373e+02 -1.068807e+02 1.184875e+01
      vertex   1.556736e+02 -1.074780e+02 1.174396e+01
      vertex   1.559038e+02 -1.076554e+02 1.174396e+01
    endloop
  endfacet
  facet normal -5.211794e-02 -6.764938e-02 9.963470e-01
    outer loop
      vertex   1.556736e+02 -1.074780e+02 1.174396e+01
      vertex   1.550861e+02 -1.082882e+02 1.165822e+01
      vertex   1.559038e+02 -1.076554e+02 1.174396e+01
    endloop
  endfacet
  facet normal -5.211794e-02 -6.764938e-02 9.963470e-01
    outer loop
      vertex   1.559038e+02 -1.076554e+02 1.174396e+01
      vertex   1.550861e+02 -1.082882e+02 1.165822e+01
      vertex   1.552703e+02 -1.084300e+02 1.165822e+01
    endloop
  endfacet
  facet normal -4.059470e-02 -5.269215e-02 9.977854e-01
    outer loop
      vertex   1.550861e+02 -1.082882e+02 1.165822e+01
      vertex   1.544986e+02 -1.090983e+02 1.159154e+01
      vertex   1.552703e+02 -1.084300e+02 1.165822e+01
    endloop
  endfacet
  facet normal -1.742923e-02 -2.262324e-02 9.995921e-01
    outer loop
      vertex   1.533237e+02 -1.107186e+02 1.151533e+01
      vertex   1.533698e+02 -1.107541e+02 1.151533e+01
      vertex   1.540033e+02 -1.099794e+02 1.154391e+01
    endloop
  endfacet
  facet normal -1.742923e-02 -2.262324e-02 9.995921e-01
    outer loop
      vertex   1.533237e+02 -1.107186e+02 1.151533e+01
      vertex   1.540033e+02 -1.099794e+02 1.154391e+01
      vertex   1.539112e+02 -1.099085e+02 1.154391e+01
    endloop
  endfacet
  facet normal -1.608953e-02 -2.359470e-02 9.995921e-01
    outer loop
      vertex   1.533237e+02 -1.107186e+02 1.151533e+01
      vertex   1.539112e+02 -1.099085e+02 1.154391e+01
      vertex   1.532759e+02 -1.106860e+02 1.151533e+01
    endloop
  endfacet
  facet normal -5.364114e-02 -8.931626e-02 9.945578e-01
    outer loop
      vertex   1.559742e+02 -1.064723e+02 1.184875e+01
      vertex   1.551881e+02 -1.071670e+02 1.174396e+01
      vertex   1.554346e+02 -1.073150e+02 1.174396e+01
    endloop
  endfacet
  facet normal -4.396717e-02 -7.320843e-02 9.963470e-01
    outer loop
      vertex   1.554346e+02 -1.073150e+02 1.174396e+01
      vertex   1.551881e+02 -1.071670e+02 1.174396e+01
      vertex   1.546977e+02 -1.080394e+02 1.165822e+01
    endloop
  endfacet
  facet normal -4.396717e-02 -7.320843e-02 9.963470e-01
    outer loop
      vertex   1.554346e+02 -1.073150e+02 1.174396e+01
      vertex   1.546977e+02 -1.080394e+02 1.165822e+01
      vertex   1.548949e+02 -1.081578e+02 1.165822e+01
    endloop
  endfacet
  facet normal -3.424606e-02 -5.702210e-02 9.977854e-01
    outer loop
      vertex   1.548949e+02 -1.081578e+02 1.165822e+01
      vertex   1.546977e+02 -1.080394e+02 1.165822e+01
      vertex   1.542074e+02 -1.089117e+02 1.159154e+01
    endloop
  endfacet
  facet normal -3.424606e-02 -5.702210e-02 9.977854e-01
    outer loop
      vertex   1.548949e+02 -1.081578e+02 1.165822e+01
      vertex   1.542074e+02 -1.089117e+02 1.159154e+01
      vertex   1.543552e+02 -1.090005e+02 1.159154e+01
    endloop
  endfacet
  facet normal -2.448802e-02 -4.077428e-02 9.988683e-01
    outer loop
      vertex   1.543552e+02 -1.090005e+02 1.159154e+01
      vertex   1.542074e+02 -1.089117e+02 1.159154e+01
      vertex   1.537170e+02 -1.097841e+02 1.154391e+01
    endloop
  endfacet
  facet normal -2.448802e-02 -4.077428e-02 9.988683e-01
    outer loop
      vertex   1.543552e+02 -1.090005e+02 1.159154e+01
      vertex   1.537170e+02 -1.097841e+02 1.154391e+01
      vertex   1.538156e+02 -1.098433e+02 1.154391e+01
    endloop
  endfacet
  facet normal -1.470346e-02 -2.448230e-02 9.995921e-01
    outer loop
      vertex   1.538156e+02 -1.098433e+02 1.154391e+01
      vertex   1.537170e+02 -1.097841e+02 1.154391e+01
      vertex   1.532266e+02 -1.106564e+02 1.151533e+01
    endloop
  endfacet
  facet normal -1.182346e-02 -2.599533e-02 9.995921e-01
    outer loop
      vertex   1.531761e+02 -1.106299e+02 1.151533e+01
      vertex   1.536160e+02 -1.097310e+02 1.154391e+01
      vertex   1.531247e+02 -1.106065e+02 1.151533e+01
    endloop
  endfacet
  facet normal -1.182346e-02 -2.599533e-02 9.995921e-01
    outer loop
      vertex   1.531247e+02 -1.106065e+02 1.151533e+01
      vertex   1.536160e+02 -1.097310e+02 1.154391e+01
      vertex   1.535131e+02 -1.096842e+02 1.154391e+01
    endloop
  endfacet
  facet normal -1.034545e-02 -2.661784e-02 9.995921e-01
    outer loop
      vertex   1.531247e+02 -1.106065e+02 1.151533e+01
      vertex   1.535131e+02 -1.096842e+02 1.154391e+01
      vertex   1.530726e+02 -1.105862e+02 1.151533e+01
    endloop
  endfacet
  facet normal -1.034545e-02 -2.661784e-02 9.995921e-01
    outer loop
      vertex   1.530726e+02 -1.105862e+02 1.151533e+01
      vertex   1.535131e+02 -1.096842e+02 1.154391e+01
      vertex   1.534089e+02 -1.096437e+02 1.154391e+01
    endloop
  endfacet
  facet normal -8.852618e-03 -2.715056e-02 9.995922e-01
    outer loop
      vertex   1.530726e+02 -1.105862e+02 1.151533e+01
      vertex   1.534089e+02 -1.096437e+02 1.154391e+01
      vertex   1.530201e+02 -1.105691e+02 1.151533e+01
    endloop
  endfacet
  facet normal -1.969150e-02 -4.329418e-02 9.988683e-01
    outer loop
      vertex   1.536160e+02 -1.097310e+02 1.154391e+01
      vertex   1.540559e+02 -1.088321e+02 1.159154e+01
      vertex   1.535131e+02 -1.096842e+02 1.154391e+01
    endloop
  endfacet
  facet normal -1.969150e-02 -4.329418e-02 9.988683e-01
    outer loop
      vertex   1.535131e+02 -1.096842e+02 1.154391e+01
      vertex   1.540559e+02 -1.088321e+02 1.159154e+01
      vertex   1.539016e+02 -1.087620e+02 1.159154e+01
    endloop
  endfacet
  facet normal -1.722993e-02 -4.433094e-02 9.988683e-01
    outer loop
      vertex   1.535131e+02 -1.096842e+02 1.154391e+01
      vertex   1.539016e+02 -1.087620e+02 1.159154e+01
      vertex   1.534089e+02 -1.096437e+02 1.154391e+01
    endloop
  endfacet
  facet normal -1.327879e-02 -2.528315e-02 9.995921e-01
    outer loop
      vertex   1.532266e+02 -1.106564e+02 1.151533e+01
      vertex   1.537170e+02 -1.097841e+02 1.154391e+01
      vertex   1.531761e+02 -1.106299e+02 1.151533e+01
    endloop
  endfacet
  facet normal -1.327879e-02 -2.528315e-02 9.995921e-01
    outer loop
      vertex   1.531761e+02 -1.106299e+02 1.151533e+01
      vertex   1.537170e+02 -1.097841e+02 1.154391e+01
      vertex   1.536160e+02 -1.097310e+02 1.154391e+01
    endloop
  endfacet
  facet normal -2.753821e-02 -6.054615e-02 9.977855e-01
    outer loop
      vertex   1.539016e+02 -1.087620e+02 1.159154e+01
      vertex   1.540559e+02 -1.088321e+02 1.159154e+01
      vertex   1.544957e+02 -1.079333e+02 1.165822e+01
    endloop
  endfacet
  facet normal -3.092784e-02 -5.888739e-02 9.977854e-01
    outer loop
      vertex   1.544957e+02 -1.079333e+02 1.165822e+01
      vertex   1.540559e+02 -1.088321e+02 1.159154e+01
      vertex   1.546977e+02 -1.080394e+02 1.165822e+01
    endloop
  endfacet
  facet normal -3.970704e-02 -7.560321e-02 9.963471e-01
    outer loop
      vertex   1.544957e+02 -1.079333e+02 1.165822e+01
      vertex   1.546977e+02 -1.080394e+02 1.165822e+01
      vertex   1.551881e+02 -1.071670e+02 1.174396e+01
    endloop
  endfacet
  facet normal -2.211529e-02 -4.210807e-02 9.988683e-01
    outer loop
      vertex   1.537170e+02 -1.097841e+02 1.154391e+01
      vertex   1.542074e+02 -1.089117e+02 1.159154e+01
      vertex   1.536160e+02 -1.097310e+02 1.154391e+01
    endloop
  endfacet
  facet normal -2.211529e-02 -4.210807e-02 9.988683e-01
    outer loop
      vertex   1.536160e+02 -1.097310e+02 1.154391e+01
      vertex   1.542074e+02 -1.089117e+02 1.159154e+01
      vertex   1.540559e+02 -1.088321e+02 1.159154e+01
    endloop
  endfacet
  facet normal -3.092784e-02 -5.888739e-02 9.977854e-01
    outer loop
      vertex   1.542074e+02 -1.089117e+02 1.159154e+01
      vertex   1.546977e+02 -1.080394e+02 1.165822e+01
      vertex   1.540559e+02 -1.088321e+02 1.159154e+01
    endloop
  endfacet
  facet normal -3.774225e-02 -9.710716e-02 9.945581e-01
    outer loop
      vertex   1.546784e+02 -1.069174e+02 1.174396e+01
      vertex   1.550669e+02 -1.059952e+02 1.184875e+01
      vertex   1.544179e+02 -1.068162e+02 1.174396e+01
    endloop
  endfacet
  facet normal -3.774225e-02 -9.710716e-02 9.945581e-01
    outer loop
      vertex   1.544179e+02 -1.068162e+02 1.174396e+01
      vertex   1.550669e+02 -1.059952e+02 1.184875e+01
      vertex   1.547543e+02 -1.058737e+02 1.184875e+01
    endloop
  endfacet
  facet normal -3.229612e-02 -9.905066e-02 9.945582e-01
    outer loop
      vertex   1.544179e+02 -1.068162e+02 1.174396e+01
      vertex   1.547543e+02 -1.058737e+02 1.184875e+01
      vertex   1.541556e+02 -1.067306e+02 1.174396e+01
    endloop
  endfacet
  facet normal -3.229612e-02 -9.905066e-02 9.945582e-01
    outer loop
      vertex   1.541556e+02 -1.067306e+02 1.174396e+01
      vertex   1.547543e+02 -1.058737e+02 1.184875e+01
      vertex   1.544394e+02 -1.057710e+02 1.184875e+01
    endloop
  endfacet
  facet normal -3.093558e-02 -7.959427e-02 9.963472e-01
    outer loop
      vertex   1.542900e+02 -1.078397e+02 1.165822e+01
      vertex   1.546784e+02 -1.069174e+02 1.174396e+01
      vertex   1.540816e+02 -1.077587e+02 1.165822e+01
    endloop
  endfacet
  facet normal -3.093558e-02 -7.959427e-02 9.963472e-01
    outer loop
      vertex   1.540816e+02 -1.077587e+02 1.165822e+01
      vertex   1.546784e+02 -1.069174e+02 1.174396e+01
      vertex   1.544179e+02 -1.068162e+02 1.174396e+01
    endloop
  endfacet
  facet normal -2.647164e-02 -8.118726e-02 9.963473e-01
    outer loop
      vertex   1.540816e+02 -1.077587e+02 1.165822e+01
      vertex   1.544179e+02 -1.068162e+02 1.174396e+01
      vertex   1.538717e+02 -1.076903e+02 1.165822e+01
    endloop
  endfacet
  facet normal -2.647164e-02 -8.118726e-02 9.963473e-01
    outer loop
      vertex   1.538717e+02 -1.076903e+02 1.165822e+01
      vertex   1.544179e+02 -1.068162e+02 1.174396e+01
      vertex   1.541556e+02 -1.067306e+02 1.174396e+01
    endloop
  endfacet
  facet normal -5.852799e-03 -2.795052e-02 9.995922e-01
    outer loop
      vertex   1.529675e+02 -1.105551e+02 1.151533e+01
      vertex   1.531988e+02 -1.095815e+02 1.154391e+01
      vertex   1.529150e+02 -1.105441e+02 1.151533e+01
    endloop
  endfacet
  facet normal -5.852799e-03 -2.795052e-02 9.995922e-01
    outer loop
      vertex   1.529150e+02 -1.105441e+02 1.151533e+01
      vertex   1.531988e+02 -1.095815e+02 1.154391e+01
      vertex   1.530938e+02 -1.095595e+02 1.154391e+01
    endloop
  endfacet
  facet normal -4.360045e-03 -2.822158e-02 9.995922e-01
    outer loop
      vertex   1.529150e+02 -1.105441e+02 1.151533e+01
      vertex   1.530938e+02 -1.095595e+02 1.154391e+01
      vertex   1.528629e+02 -1.105361e+02 1.151533e+01
    endloop
  endfacet
  facet normal -4.360045e-03 -2.822158e-02 9.995922e-01
    outer loop
      vertex   1.528629e+02 -1.105361e+02 1.151533e+01
      vertex   1.530938e+02 -1.095595e+02 1.154391e+01
      vertex   1.529896e+02 -1.095434e+02 1.154391e+01
    endloop
  endfacet
  facet normal -2.880782e-03 -2.841036e-02 9.995922e-01
    outer loop
      vertex   1.528629e+02 -1.105361e+02 1.151533e+01
      vertex   1.529896e+02 -1.095434e+02 1.154391e+01
      vertex   1.528114e+02 -1.105309e+02 1.151533e+01
    endloop
  endfacet
  facet normal -2.880782e-03 -2.841036e-02 9.995922e-01
    outer loop
      vertex   1.528114e+02 -1.105309e+02 1.151533e+01
      vertex   1.529896e+02 -1.095434e+02 1.154391e+01
      vertex   1.528866e+02 -1.095330e+02 1.154391e+01
    endloop
  endfacet
  facet normal -1.420885e-03 -2.852032e-02 9.995922e-01
    outer loop
      vertex   1.528114e+02 -1.105309e+02 1.151533e+01
      vertex   1.528866e+02 -1.095330e+02 1.154391e+01
      vertex   1.527607e+02 -1.105283e+02 1.151533e+01
    endloop
  endfacet
  facet normal -1.420885e-03 -2.852032e-02 9.995922e-01
    outer loop
      vertex   1.527607e+02 -1.105283e+02 1.151533e+01
      vertex   1.528866e+02 -1.095330e+02 1.154391e+01
      vertex   1.527851e+02 -1.095279e+02 1.154391e+01
    endloop
  endfacet
  facet normal 1.436082e-05 -2.855532e-02 9.995922e-01
    outer loop
      vertex   1.527607e+02 -1.105283e+02 1.151533e+01
      vertex   1.527851e+02 -1.095279e+02 1.154391e+01
      vertex   1.527108e+02 -1.105283e+02 1.151533e+01
    endloop
  endfacet
  facet normal 1.436082e-05 -2.855532e-02 9.995922e-01
    outer loop
      vertex   1.527108e+02 -1.105283e+02 1.151533e+01
      vertex   1.527851e+02 -1.095279e+02 1.154391e+01
      vertex   1.526854e+02 -1.095279e+02 1.154391e+01
    endloop
  endfacet
  facet normal 1.420275e-03 -2.851962e-02 9.995922e-01
    outer loop
      vertex   1.527108e+02 -1.105283e+02 1.151533e+01
      vertex   1.526854e+02 -1.095279e+02 1.154391e+01
      vertex   1.526621e+02 -1.105308e+02 1.151533e+01
    endloop
  endfacet
  facet normal 1.420275e-03 -2.851962e-02 9.995922e-01
    outer loop
      vertex   1.526621e+02 -1.105308e+02 1.151533e+01
      vertex   1.526854e+02 -1.095279e+02 1.154391e+01
      vertex   1.525880e+02 -1.095328e+02 1.154391e+01
    endloop
  endfacet
  facet normal -9.747602e-03 -4.655046e-02 9.988684e-01
    outer loop
      vertex   1.531988e+02 -1.095815e+02 1.154391e+01
      vertex   1.534300e+02 -1.086078e+02 1.159154e+01
      vertex   1.530938e+02 -1.095595e+02 1.154391e+01
    endloop
  endfacet
  facet normal -9.747602e-03 -4.655046e-02 9.988684e-01
    outer loop
      vertex   1.530938e+02 -1.095595e+02 1.154391e+01
      vertex   1.534300e+02 -1.086078e+02 1.159154e+01
      vertex   1.532726e+02 -1.085749e+02 1.159154e+01
    endloop
  endfacet
  facet normal -7.261479e-03 -4.700191e-02 9.988684e-01
    outer loop
      vertex   1.530938e+02 -1.095595e+02 1.154391e+01
      vertex   1.532726e+02 -1.085749e+02 1.159154e+01
      vertex   1.529896e+02 -1.095434e+02 1.154391e+01
    endloop
  endfacet
  facet normal -7.261479e-03 -4.700191e-02 9.988684e-01
    outer loop
      vertex   1.529896e+02 -1.095434e+02 1.154391e+01
      vertex   1.532726e+02 -1.085749e+02 1.159154e+01
      vertex   1.531163e+02 -1.085507e+02 1.159154e+01
    endloop
  endfacet
  facet normal -4.797827e-03 -4.731632e-02 9.988684e-01
    outer loop
      vertex   1.529896e+02 -1.095434e+02 1.154391e+01
      vertex   1.531163e+02 -1.085507e+02 1.159154e+01
      vertex   1.528866e+02 -1.095330e+02 1.154391e+01
    endloop
  endfacet
  facet normal -4.797827e-03 -4.731632e-02 9.988684e-01
    outer loop
      vertex   1.528866e+02 -1.095330e+02 1.154391e+01
      vertex   1.531163e+02 -1.085507e+02 1.159154e+01
      vertex   1.529617e+02 -1.085351e+02 1.159154e+01
    endloop
  endfacet
  facet normal -2.366426e-03 -4.749944e-02 9.988685e-01
    outer loop
      vertex   1.528866e+02 -1.095330e+02 1.154391e+01
      vertex   1.529617e+02 -1.085351e+02 1.159154e+01
      vertex   1.527851e+02 -1.095279e+02 1.154391e+01
    endloop
  endfacet
  facet normal -2.366426e-03 -4.749944e-02 9.988685e-01
    outer loop
      vertex   1.527851e+02 -1.095279e+02 1.154391e+01
      vertex   1.529617e+02 -1.085351e+02 1.159154e+01
      vertex   1.528095e+02 -1.085275e+02 1.159154e+01
    endloop
  endfacet
  facet normal 2.391738e-05 -4.755775e-02 9.988685e-01
    outer loop
      vertex   1.527851e+02 -1.095279e+02 1.154391e+01
      vertex   1.528095e+02 -1.085275e+02 1.159154e+01
      vertex   1.526854e+02 -1.095279e+02 1.154391e+01
    endloop
  endfacet
  facet normal 2.391738e-05 -4.755775e-02 9.988685e-01
    outer loop
      vertex   1.526854e+02 -1.095279e+02 1.154391e+01
      vertex   1.528095e+02 -1.085275e+02 1.159154e+01
      vertex   1.526600e+02 -1.085275e+02 1.159154e+01
    endloop
  endfacet
  facet normal 2.365411e-03 -4.749828e-02 9.988685e-01
    outer loop
      vertex   1.526854e+02 -1.095279e+02 1.154391e+01
      vertex   1.526600e+02 -1.085275e+02 1.159154e+01
      vertex   1.525880e+02 -1.095328e+02 1.154391e+01
    endloop
  endfacet
  facet normal 2.365411e-03 -4.749828e-02 9.988685e-01
    outer loop
      vertex   1.525880e+02 -1.095328e+02 1.154391e+01
      vertex   1.526600e+02 -1.085275e+02 1.159154e+01
      vertex   1.525139e+02 -1.085348e+02 1.159154e+01
    endloop
  endfacet
  facet normal -1.363185e-02 -6.510000e-02 9.977856e-01
    outer loop
      vertex   1.534300e+02 -1.086078e+02 1.159154e+01
      vertex   1.536613e+02 -1.076342e+02 1.165822e+01
      vertex   1.532726e+02 -1.085749e+02 1.159154e+01
    endloop
  endfacet
  facet normal -1.363185e-02 -6.510000e-02 9.977856e-01
    outer loop
      vertex   1.532726e+02 -1.085749e+02 1.159154e+01
      vertex   1.536613e+02 -1.076342e+02 1.165822e+01
      vertex   1.534514e+02 -1.075903e+02 1.165822e+01
    endloop
  endfacet
  facet normal -1.015505e-02 -6.573134e-02 9.977857e-01
    outer loop
      vertex   1.532726e+02 -1.085749e+02 1.159154e+01
      vertex   1.534514e+02 -1.075903e+02 1.165822e+01
      vertex   1.531163e+02 -1.085507e+02 1.159154e+01
    endloop
  endfacet
  facet normal -1.015505e-02 -6.573134e-02 9.977857e-01
    outer loop
      vertex   1.531163e+02 -1.085507e+02 1.159154e+01
      vertex   1.534514e+02 -1.075903e+02 1.165822e+01
      vertex   1.532430e+02 -1.075581e+02 1.165822e+01
    endloop
  endfacet
  facet normal -6.709677e-03 -6.617105e-02 9.977857e-01
    outer loop
      vertex   1.531163e+02 -1.085507e+02 1.159154e+01
      vertex   1.532430e+02 -1.075581e+02 1.165822e+01
      vertex   1.529617e+02 -1.085351e+02 1.159154e+01
    endloop
  endfacet
  facet normal -6.709677e-03 -6.617105e-02 9.977857e-01
    outer loop
      vertex   1.529617e+02 -1.085351e+02 1.159154e+01
      vertex   1.532430e+02 -1.075581e+02 1.165822e+01
      vertex   1.530369e+02 -1.075372e+02 1.165822e+01
    endloop
  endfacet
  facet normal -3.309406e-03 -6.642714e-02 9.977858e-01
    outer loop
      vertex   1.529617e+02 -1.085351e+02 1.159154e+01
      vertex   1.530369e+02 -1.075372e+02 1.165822e+01
      vertex   1.528095e+02 -1.085275e+02 1.159154e+01
    endloop
  endfacet
  facet normal -3.309406e-03 -6.642714e-02 9.977858e-01
    outer loop
      vertex   1.528095e+02 -1.085275e+02 1.159154e+01
      vertex   1.530369e+02 -1.075372e+02 1.165822e+01
      vertex   1.528339e+02 -1.075270e+02 1.165822e+01
    endloop
  endfacet
  facet normal 3.344804e-05 -6.650868e-02 9.977858e-01
    outer loop
      vertex   1.528095e+02 -1.085275e+02 1.159154e+01
      vertex   1.528339e+02 -1.075270e+02 1.165822e+01
      vertex   1.526600e+02 -1.085275e+02 1.159154e+01
    endloop
  endfacet
  facet normal 3.344804e-05 -6.650868e-02 9.977858e-01
    outer loop
      vertex   1.526600e+02 -1.085275e+02 1.159154e+01
      vertex   1.528339e+02 -1.075270e+02 1.165822e+01
      vertex   1.526346e+02 -1.075271e+02 1.165822e+01
    endloop
  endfacet
  facet normal 3.307986e-03 -6.642552e-02 9.977859e-01
    outer loop
      vertex   1.526600e+02 -1.085275e+02 1.159154e+01
      vertex   1.526346e+02 -1.075271e+02 1.165822e+01
      vertex   1.525139e+02 -1.085348e+02 1.159154e+01
    endloop
  endfacet
  facet normal -1.750140e-02 -8.357934e-02 9.963474e-01
    outer loop
      vertex   1.536613e+02 -1.076342e+02 1.165822e+01
      vertex   1.538926e+02 -1.066606e+02 1.174396e+01
      vertex   1.534514e+02 -1.075903e+02 1.165822e+01
    endloop
  endfacet
  facet normal -1.750140e-02 -8.357934e-02 9.963474e-01
    outer loop
      vertex   1.534514e+02 -1.075903e+02 1.165822e+01
      vertex   1.538926e+02 -1.066606e+02 1.174396e+01
      vertex   1.536302e+02 -1.066056e+02 1.174396e+01
    endloop
  endfacet
  facet normal -1.303767e-02 -8.438990e-02 9.963475e-01
    outer loop
      vertex   1.534514e+02 -1.075903e+02 1.165822e+01
      vertex   1.536302e+02 -1.066056e+02 1.174396e+01
      vertex   1.532430e+02 -1.075581e+02 1.165822e+01
    endloop
  endfacet
  facet normal -1.303767e-02 -8.438990e-02 9.963475e-01
    outer loop
      vertex   1.532430e+02 -1.075581e+02 1.165822e+01
      vertex   1.536302e+02 -1.066056e+02 1.174396e+01
      vertex   1.533697e+02 -1.065654e+02 1.174396e+01
    endloop
  endfacet
  facet normal -8.614293e-03 -8.495442e-02 9.963476e-01
    outer loop
      vertex   1.532430e+02 -1.075581e+02 1.165822e+01
      vertex   1.533697e+02 -1.065654e+02 1.174396e+01
      vertex   1.530369e+02 -1.075372e+02 1.165822e+01
    endloop
  endfacet
  facet normal -8.614293e-03 -8.495442e-02 9.963476e-01
    outer loop
      vertex   1.530369e+02 -1.075372e+02 1.165822e+01
      vertex   1.533697e+02 -1.065654e+02 1.174396e+01
      vertex   1.531120e+02 -1.065393e+02 1.174396e+01
    endloop
  endfacet
  facet normal -4.248817e-03 -8.528321e-02 9.963477e-01
    outer loop
      vertex   1.530369e+02 -1.075372e+02 1.165822e+01
      vertex   1.531120e+02 -1.065393e+02 1.174396e+01
      vertex   1.528339e+02 -1.075270e+02 1.165822e+01
    endloop
  endfacet
  facet normal -4.248817e-03 -8.528321e-02 9.963477e-01
    outer loop
      vertex   1.528339e+02 -1.075270e+02 1.165822e+01
      vertex   1.531120e+02 -1.065393e+02 1.174396e+01
      vertex   1.528583e+02 -1.065266e+02 1.174396e+01
    endloop
  endfacet
  facet normal 4.294263e-05 -8.538790e-02 9.963478e-01
    outer loop
      vertex   1.528339e+02 -1.075270e+02 1.165822e+01
      vertex   1.528583e+02 -1.065266e+02 1.174396e+01
      vertex   1.526346e+02 -1.075271e+02 1.165822e+01
    endloop
  endfacet
  facet normal -2.135218e-02 -1.019691e-01 9.945584e-01
    outer loop
      vertex   1.538926e+02 -1.066606e+02 1.174396e+01
      vertex   1.541238e+02 -1.056869e+02 1.184875e+01
      vertex   1.536302e+02 -1.066056e+02 1.174396e+01
    endloop
  endfacet
  facet normal -2.135218e-02 -1.019691e-01 9.945584e-01
    outer loop
      vertex   1.536302e+02 -1.066056e+02 1.174396e+01
      vertex   1.541238e+02 -1.056869e+02 1.184875e+01
      vertex   1.538090e+02 -1.056210e+02 1.184875e+01
    endloop
  endfacet
  facet normal -1.590632e-02 -1.029580e-01 9.945585e-01
    outer loop
      vertex   1.536302e+02 -1.066056e+02 1.174396e+01
      vertex   1.538090e+02 -1.056210e+02 1.184875e+01
      vertex   1.533697e+02 -1.065654e+02 1.174396e+01
    endloop
  endfacet
  facet normal -1.018704e-02 -1.055963e-01 9.943569e-01
    outer loop
      vertex   1.533697e+02 -1.065654e+02 1.174396e+01
      vertex   1.538090e+02 -1.056210e+02 1.184875e+01
      vertex   1.527363e+02 -1.056146e+02 1.183844e+01
    endloop
  endfacet
  facet normal -1.074457e-02 -1.059633e-01 9.943120e-01
    outer loop
      vertex   1.533697e+02 -1.065654e+02 1.174396e+01
      vertex   1.527363e+02 -1.056146e+02 1.183844e+01
      vertex   1.531120e+02 -1.065393e+02 1.174396e+01
    endloop
  endfacet
  facet normal -1.951641e-03 -9.320217e-03 9.999547e-01
    outer loop
      vertex   1.529150e+02 -1.105441e+02 1.151533e+01
      vertex   1.527363e+02 -1.115287e+02 1.150580e+01
      vertex   1.529675e+02 -1.105551e+02 1.151533e+01
    endloop
  endfacet
  facet normal 2.436391e-02 -1.012798e-01 9.945596e-01
    outer loop
      vertex   1.516742e+02 -1.066391e+02 1.174396e+01
      vertex   1.514618e+02 -1.056612e+02 1.184875e+01
      vertex   1.514583e+02 -1.066911e+02 1.174396e+01
    endloop
  endfacet
  facet normal 2.436391e-02 -1.012798e-01 9.945596e-01
    outer loop
      vertex   1.514583e+02 -1.066911e+02 1.174396e+01
      vertex   1.514618e+02 -1.056612e+02 1.184875e+01
      vertex   1.512027e+02 -1.057236e+02 1.184875e+01
    endloop
  endfacet
  facet normal 2.877874e-02 -1.001135e-01 9.945597e-01
    outer loop
      vertex   1.514583e+02 -1.066911e+02 1.174396e+01
      vertex   1.512027e+02 -1.057236e+02 1.184875e+01
      vertex   1.512501e+02 -1.067509e+02 1.174396e+01
    endloop
  endfacet
  facet normal 2.877874e-02 -1.001135e-01 9.945597e-01
    outer loop
      vertex   1.512501e+02 -1.067509e+02 1.174396e+01
      vertex   1.512027e+02 -1.057236e+02 1.184875e+01
      vertex   1.509529e+02 -1.057954e+02 1.184875e+01
    endloop
  endfacet
  facet normal 3.302914e-02 -9.879148e-02 9.945599e-01
    outer loop
      vertex   1.512501e+02 -1.067509e+02 1.174396e+01
      vertex   1.509529e+02 -1.057954e+02 1.184875e+01
      vertex   1.510500e+02 -1.068178e+02 1.174396e+01
    endloop
  endfacet
  facet normal 1.996997e-02 -8.301432e-02 9.963482e-01
    outer loop
      vertex   1.516742e+02 -1.066391e+02 1.174396e+01
      vertex   1.514583e+02 -1.066911e+02 1.174396e+01
      vertex   1.517139e+02 -1.076586e+02 1.165822e+01
    endloop
  endfacet
  facet normal 2.358859e-02 -8.205840e-02 9.963483e-01
    outer loop
      vertex   1.517139e+02 -1.076586e+02 1.165822e+01
      vertex   1.514583e+02 -1.066911e+02 1.174396e+01
      vertex   1.515474e+02 -1.077065e+02 1.165822e+01
    endloop
  endfacet
  facet normal 1.837316e-02 -6.391531e-02 9.977862e-01
    outer loop
      vertex   1.517139e+02 -1.076586e+02 1.165822e+01
      vertex   1.515474e+02 -1.077065e+02 1.165822e+01
      vertex   1.518446e+02 -1.086620e+02 1.159154e+01
    endloop
  endfacet
  facet normal 2.108674e-02 -6.307128e-02 9.977862e-01
    outer loop
      vertex   1.518446e+02 -1.086620e+02 1.159154e+01
      vertex   1.515474e+02 -1.077065e+02 1.165822e+01
      vertex   1.517245e+02 -1.087022e+02 1.159154e+01
    endloop
  endfacet
  facet normal 1.507830e-02 -4.509979e-02 9.988687e-01
    outer loop
      vertex   1.518446e+02 -1.086620e+02 1.159154e+01
      vertex   1.517245e+02 -1.087022e+02 1.159154e+01
      vertex   1.520617e+02 -1.096444e+02 1.154391e+01
    endloop
  endfacet
  facet normal 1.694222e-02 -4.443260e-02 9.988687e-01
    outer loop
      vertex   1.520617e+02 -1.096444e+02 1.154391e+01
      vertex   1.517245e+02 -1.087022e+02 1.159154e+01
      vertex   1.519849e+02 -1.096737e+02 1.154391e+01
    endloop
  endfacet
  facet normal 1.017269e-02 -2.667887e-02 9.995923e-01
    outer loop
      vertex   1.520617e+02 -1.096444e+02 1.154391e+01
      vertex   1.519849e+02 -1.096737e+02 1.154391e+01
      vertex   1.523606e+02 -1.106012e+02 1.151533e+01
    endloop
  endfacet
  facet normal 1.124552e-02 -2.624435e-02 9.995923e-01
    outer loop
      vertex   1.523606e+02 -1.106012e+02 1.151533e+01
      vertex   1.519849e+02 -1.096737e+02 1.154391e+01
      vertex   1.523238e+02 -1.106170e+02 1.151533e+01
    endloop
  endfacet
  facet normal 2.358859e-02 -8.205840e-02 9.963483e-01
    outer loop
      vertex   1.515474e+02 -1.077065e+02 1.165822e+01
      vertex   1.514583e+02 -1.066911e+02 1.174396e+01
      vertex   1.512501e+02 -1.067509e+02 1.174396e+01
    endloop
  endfacet
  facet normal 1.112249e-02 -4.623574e-02 9.988686e-01
    outer loop
      vertex   1.519695e+02 -1.086261e+02 1.159154e+01
      vertex   1.522251e+02 -1.095937e+02 1.154391e+01
      vertex   1.520990e+02 -1.085950e+02 1.159154e+01
    endloop
  endfacet
  facet normal 1.112249e-02 -4.623574e-02 9.988686e-01
    outer loop
      vertex   1.520990e+02 -1.085950e+02 1.159154e+01
      vertex   1.522251e+02 -1.095937e+02 1.154391e+01
      vertex   1.523114e+02 -1.095729e+02 1.154391e+01
    endloop
  endfacet
  facet normal 9.034127e-03 -4.668934e-02 9.988686e-01
    outer loop
      vertex   1.520990e+02 -1.085950e+02 1.159154e+01
      vertex   1.523114e+02 -1.095729e+02 1.154391e+01
      vertex   1.522331e+02 -1.085690e+02 1.159154e+01
    endloop
  endfacet
  facet normal 9.034127e-03 -4.668934e-02 9.988686e-01
    outer loop
      vertex   1.522331e+02 -1.085690e+02 1.159154e+01
      vertex   1.523114e+02 -1.095729e+02 1.154391e+01
      vertex   1.524008e+02 -1.095556e+02 1.154391e+01
    endloop
  endfacet
  facet normal 6.875780e-03 -4.705624e-02 9.988686e-01
    outer loop
      vertex   1.522331e+02 -1.085690e+02 1.159154e+01
      vertex   1.524008e+02 -1.095556e+02 1.154391e+01
      vertex   1.523715e+02 -1.085488e+02 1.159154e+01
    endloop
  endfacet
  facet normal 6.875780e-03 -4.705624e-02 9.988686e-01
    outer loop
      vertex   1.523715e+02 -1.085488e+02 1.159154e+01
      vertex   1.524008e+02 -1.095556e+02 1.154391e+01
      vertex   1.524931e+02 -1.095421e+02 1.154391e+01
    endloop
  endfacet
  facet normal 6.678330e-03 -2.776154e-02 9.995923e-01
    outer loop
      vertex   1.522251e+02 -1.095937e+02 1.154391e+01
      vertex   1.524807e+02 -1.105612e+02 1.151533e+01
      vertex   1.523114e+02 -1.095729e+02 1.154391e+01
    endloop
  endfacet
  facet normal 6.678330e-03 -2.776154e-02 9.995923e-01
    outer loop
      vertex   1.523114e+02 -1.095729e+02 1.154391e+01
      vertex   1.524807e+02 -1.105612e+02 1.151533e+01
      vertex   1.525238e+02 -1.105508e+02 1.151533e+01
    endloop
  endfacet
  facet normal 5.424403e-03 -2.803390e-02 9.995923e-01
    outer loop
      vertex   1.523114e+02 -1.095729e+02 1.154391e+01
      vertex   1.525238e+02 -1.105508e+02 1.151533e+01
      vertex   1.524008e+02 -1.095556e+02 1.154391e+01
    endloop
  endfacet
  facet normal 5.424403e-03 -2.803390e-02 9.995923e-01
    outer loop
      vertex   1.524008e+02 -1.095556e+02 1.154391e+01
      vertex   1.525238e+02 -1.105508e+02 1.151533e+01
      vertex   1.525685e+02 -1.105422e+02 1.151533e+01
    endloop
  endfacet
  facet normal 4.128457e-03 -2.825420e-02 9.995922e-01
    outer loop
      vertex   1.524008e+02 -1.095556e+02 1.154391e+01
      vertex   1.525685e+02 -1.105422e+02 1.151533e+01
      vertex   1.524931e+02 -1.095421e+02 1.154391e+01
    endloop
  endfacet
  facet normal 4.128457e-03 -2.825420e-02 9.995922e-01
    outer loop
      vertex   1.524931e+02 -1.095421e+02 1.154391e+01
      vertex   1.525685e+02 -1.105422e+02 1.151533e+01
      vertex   1.526147e+02 -1.105354e+02 1.151533e+01
    endloop
  endfacet
  facet normal 1.313793e-02 -4.570332e-02 9.988687e-01
    outer loop
      vertex   1.519695e+02 -1.086261e+02 1.159154e+01
      vertex   1.521418e+02 -1.096176e+02 1.154391e+01
      vertex   1.522251e+02 -1.095937e+02 1.154391e+01
    endloop
  endfacet
  facet normal 7.888466e-03 -2.744186e-02 9.995923e-01
    outer loop
      vertex   1.522251e+02 -1.095937e+02 1.154391e+01
      vertex   1.521418e+02 -1.096176e+02 1.154391e+01
      vertex   1.524390e+02 -1.105732e+02 1.151533e+01
    endloop
  endfacet
  facet normal 7.888466e-03 -2.744186e-02 9.995923e-01
    outer loop
      vertex   1.522251e+02 -1.095937e+02 1.154391e+01
      vertex   1.524390e+02 -1.105732e+02 1.151533e+01
      vertex   1.524807e+02 -1.105612e+02 1.151533e+01
    endloop
  endfacet
  facet normal 1.555461e-02 -6.465989e-02 9.977861e-01
    outer loop
      vertex   1.519695e+02 -1.086261e+02 1.159154e+01
      vertex   1.520990e+02 -1.085950e+02 1.159154e+01
      vertex   1.518866e+02 -1.076171e+02 1.165822e+01
    endloop
  endfacet
  facet normal 1.263407e-02 -6.529423e-02 9.977861e-01
    outer loop
      vertex   1.518866e+02 -1.076171e+02 1.165822e+01
      vertex   1.520990e+02 -1.085950e+02 1.159154e+01
      vertex   1.520654e+02 -1.075825e+02 1.165822e+01
    endloop
  endfacet
  facet normal 1.622039e-02 -8.382873e-02 9.963482e-01
    outer loop
      vertex   1.518866e+02 -1.076171e+02 1.165822e+01
      vertex   1.520654e+02 -1.075825e+02 1.165822e+01
      vertex   1.518977e+02 -1.065959e+02 1.174396e+01
    endloop
  endfacet
  facet normal 1.234517e-02 -8.448749e-02 9.963481e-01
    outer loop
      vertex   1.518977e+02 -1.065959e+02 1.174396e+01
      vertex   1.520654e+02 -1.075825e+02 1.165822e+01
      vertex   1.521283e+02 -1.065622e+02 1.174396e+01
    endloop
  endfacet
  facet normal 1.263407e-02 -6.529423e-02 9.977861e-01
    outer loop
      vertex   1.520654e+02 -1.075825e+02 1.165822e+01
      vertex   1.520990e+02 -1.085950e+02 1.159154e+01
      vertex   1.522331e+02 -1.085690e+02 1.159154e+01
    endloop
  endfacet
  facet normal 4.656804e-02 -9.323707e-02 9.945543e-01
    outer loop
      vertex   1.498492e+02 -1.062641e+02 1.184875e+01
      vertex   1.503303e+02 -1.071415e+02 1.174396e+01
      vertex   1.502615e+02 -1.060581e+02 1.184875e+01
    endloop
  endfacet
  facet normal 4.656804e-02 -9.323707e-02 9.945543e-01
    outer loop
      vertex   1.502615e+02 -1.060581e+02 1.184875e+01
      vertex   1.503303e+02 -1.071415e+02 1.174396e+01
      vertex   1.506740e+02 -1.069699e+02 1.174396e+01
    endloop
  endfacet
  facet normal 3.816972e-02 -7.642222e-02 9.963447e-01
    outer loop
      vertex   1.503303e+02 -1.071415e+02 1.174396e+01
      vertex   1.508115e+02 -1.080190e+02 1.165822e+01
      vertex   1.506740e+02 -1.069699e+02 1.174396e+01
    endloop
  endfacet
  facet normal 3.816972e-02 -7.642222e-02 9.963447e-01
    outer loop
      vertex   1.506740e+02 -1.069699e+02 1.174396e+01
      vertex   1.508115e+02 -1.080190e+02 1.165822e+01
      vertex   1.510864e+02 -1.078817e+02 1.165822e+01
    endloop
  endfacet
  facet normal 1.872897e-02 -4.370892e-02 9.988687e-01
    outer loop
      vertex   1.514989e+02 -1.087934e+02 1.159154e+01
      vertex   1.519113e+02 -1.097052e+02 1.154391e+01
      vertex   1.516092e+02 -1.087461e+02 1.159154e+01
    endloop
  endfacet
  facet normal 1.872897e-02 -4.370892e-02 9.988687e-01
    outer loop
      vertex   1.516092e+02 -1.087461e+02 1.159154e+01
      vertex   1.519113e+02 -1.097052e+02 1.154391e+01
      vertex   1.519849e+02 -1.096737e+02 1.154391e+01
    endloop
  endfacet
  facet normal 1.694222e-02 -4.443260e-02 9.988687e-01
    outer loop
      vertex   1.516092e+02 -1.087461e+02 1.159154e+01
      vertex   1.519849e+02 -1.096737e+02 1.154391e+01
      vertex   1.517245e+02 -1.087022e+02 1.159154e+01
    endloop
  endfacet
  facet normal 2.973045e-02 -5.952538e-02 9.977840e-01
    outer loop
      vertex   1.508115e+02 -1.080190e+02 1.165822e+01
      vertex   1.512927e+02 -1.088964e+02 1.159154e+01
      vertex   1.510864e+02 -1.078817e+02 1.165822e+01
    endloop
  endfacet
  facet normal 1.276471e-02 -2.555710e-02 9.995919e-01
    outer loop
      vertex   1.522551e+02 -1.106513e+02 1.151533e+01
      vertex   1.523238e+02 -1.106170e+02 1.151533e+01
      vertex   1.519113e+02 -1.097052e+02 1.154391e+01
    endloop
  endfacet
  facet normal 1.124552e-02 -2.624435e-02 9.995923e-01
    outer loop
      vertex   1.519113e+02 -1.097052e+02 1.154391e+01
      vertex   1.523238e+02 -1.106170e+02 1.151533e+01
      vertex   1.519849e+02 -1.096737e+02 1.154391e+01
    endloop
  endfacet
  facet normal 1.276471e-02 -2.555710e-02 9.995919e-01
    outer loop
      vertex   1.522551e+02 -1.106513e+02 1.151533e+01
      vertex   1.519113e+02 -1.097052e+02 1.154391e+01
      vertex   1.517739e+02 -1.097739e+02 1.154391e+01
    endloop
  endfacet
  facet normal 2.125910e-02 -4.256430e-02 9.988675e-01
    outer loop
      vertex   1.517739e+02 -1.097739e+02 1.154391e+01
      vertex   1.519113e+02 -1.097052e+02 1.154391e+01
      vertex   1.514989e+02 -1.087934e+02 1.159154e+01
    endloop
  endfacet
  facet normal 2.619215e-02 -6.112618e-02 9.977863e-01
    outer loop
      vertex   1.514989e+02 -1.087934e+02 1.159154e+01
      vertex   1.516092e+02 -1.087461e+02 1.159154e+01
      vertex   1.512336e+02 -1.078186e+02 1.165822e+01
    endloop
  endfacet
  facet normal 2.369340e-02 -6.213822e-02 9.977863e-01
    outer loop
      vertex   1.512336e+02 -1.078186e+02 1.165822e+01
      vertex   1.516092e+02 -1.087461e+02 1.159154e+01
      vertex   1.513872e+02 -1.077600e+02 1.165822e+01
    endloop
  endfacet
  facet normal 3.041904e-02 -7.977686e-02 9.963485e-01
    outer loop
      vertex   1.512336e+02 -1.078186e+02 1.165822e+01
      vertex   1.513872e+02 -1.077600e+02 1.165822e+01
      vertex   1.510500e+02 -1.068178e+02 1.174396e+01
    endloop
  endfacet
  facet normal 2.707245e-02 -8.097477e-02 9.963484e-01
    outer loop
      vertex   1.510500e+02 -1.068178e+02 1.174396e+01
      vertex   1.513872e+02 -1.077600e+02 1.165822e+01
      vertex   1.512501e+02 -1.067509e+02 1.174396e+01
    endloop
  endfacet
  facet normal 2.369340e-02 -6.213822e-02 9.977863e-01
    outer loop
      vertex   1.513872e+02 -1.077600e+02 1.165822e+01
      vertex   1.516092e+02 -1.087461e+02 1.159154e+01
      vertex   1.517245e+02 -1.087022e+02 1.159154e+01
    endloop
  endfacet
  facet normal 1.463508e-02 -2.453142e-02 9.995919e-01
    outer loop
      vertex   1.517739e+02 -1.097739e+02 1.154391e+01
      vertex   1.521927e+02 -1.106885e+02 1.151533e+01
      vertex   1.522551e+02 -1.106513e+02 1.151533e+01
    endloop
  endfacet
  facet normal 8.065296e-02 -9.266606e-02 9.924254e-01
    outer loop
      vertex   1.489030e+02 -1.069073e+02 1.184875e+01
      vertex   1.482641e+02 -1.061370e+02 1.197259e+01
      vertex   1.486878e+02 -1.070945e+02 1.184875e+01
    endloop
  endfacet
  facet normal 8.065296e-02 -9.266606e-02 9.924254e-01
    outer loop
      vertex   1.486878e+02 -1.070945e+02 1.184875e+01
      vertex   1.482641e+02 -1.061370e+02 1.197259e+01
      vertex   1.480131e+02 -1.063555e+02 1.197259e+01
    endloop
  endfacet
  facet normal 6.839156e-02 -7.857835e-02 9.945592e-01
    outer loop
      vertex   1.495418e+02 -1.076775e+02 1.174396e+01
      vertex   1.489030e+02 -1.069073e+02 1.184875e+01
      vertex   1.493625e+02 -1.078336e+02 1.174396e+01
    endloop
  endfacet
  facet normal 6.839156e-02 -7.857835e-02 9.945592e-01
    outer loop
      vertex   1.493625e+02 -1.078336e+02 1.174396e+01
      vertex   1.489030e+02 -1.069073e+02 1.184875e+01
      vertex   1.486878e+02 -1.070945e+02 1.184875e+01
    endloop
  endfacet
  facet normal 5.605739e-02 -6.440703e-02 9.963480e-01
    outer loop
      vertex   1.501807e+02 -1.084478e+02 1.165822e+01
      vertex   1.495418e+02 -1.076775e+02 1.174396e+01
      vertex   1.500373e+02 -1.085726e+02 1.165822e+01
    endloop
  endfacet
  facet normal 5.605739e-02 -6.440703e-02 9.963480e-01
    outer loop
      vertex   1.500373e+02 -1.085726e+02 1.165822e+01
      vertex   1.495418e+02 -1.076775e+02 1.174396e+01
      vertex   1.493625e+02 -1.078336e+02 1.174396e+01
    endloop
  endfacet
  facet normal 4.366313e-02 -5.016666e-02 9.977860e-01
    outer loop
      vertex   1.508196e+02 -1.092180e+02 1.159154e+01
      vertex   1.501807e+02 -1.084478e+02 1.165822e+01
      vertex   1.507120e+02 -1.093116e+02 1.159154e+01
    endloop
  endfacet
  facet normal 4.366313e-02 -5.016666e-02 9.977860e-01
    outer loop
      vertex   1.507120e+02 -1.093116e+02 1.159154e+01
      vertex   1.501807e+02 -1.084478e+02 1.165822e+01
      vertex   1.500373e+02 -1.085726e+02 1.165822e+01
    endloop
  endfacet
  facet normal 3.122179e-02 -3.587221e-02 9.988686e-01
    outer loop
      vertex   1.514585e+02 -1.099883e+02 1.154391e+01
      vertex   1.508196e+02 -1.092180e+02 1.159154e+01
      vertex   1.513868e+02 -1.100507e+02 1.154391e+01
    endloop
  endfacet
  facet normal 3.122179e-02 -3.587221e-02 9.988686e-01
    outer loop
      vertex   1.513868e+02 -1.100507e+02 1.154391e+01
      vertex   1.508196e+02 -1.092180e+02 1.159154e+01
      vertex   1.507120e+02 -1.093116e+02 1.159154e+01
    endloop
  endfacet
  facet normal 1.874664e-02 -2.153892e-02 9.995922e-01
    outer loop
      vertex   1.520974e+02 -1.107585e+02 1.151533e+01
      vertex   1.514585e+02 -1.099883e+02 1.154391e+01
      vertex   1.520615e+02 -1.107897e+02 1.151533e+01
    endloop
  endfacet
  facet normal 1.874664e-02 -2.153892e-02 9.995922e-01
    outer loop
      vertex   1.520615e+02 -1.107897e+02 1.151533e+01
      vertex   1.514585e+02 -1.099883e+02 1.154391e+01
      vertex   1.513868e+02 -1.100507e+02 1.154391e+01
    endloop
  endfacet
  facet normal 8.881559e-02 -8.487049e-02 9.924257e-01
    outer loop
      vertex   1.477831e+02 -1.065753e+02 1.197259e+01
      vertex   1.475630e+02 -1.068056e+02 1.197259e+01
      vertex   1.484906e+02 -1.072829e+02 1.184875e+01
    endloop
  endfacet
  facet normal 8.881571e-02 -8.487027e-02 9.924257e-01
    outer loop
      vertex   1.484906e+02 -1.072829e+02 1.184875e+01
      vertex   1.475630e+02 -1.068056e+02 1.197259e+01
      vertex   1.483020e+02 -1.074803e+02 1.184875e+01
    endloop
  endfacet
  facet normal 7.531338e-02 -7.196776e-02 9.945595e-01
    outer loop
      vertex   1.484906e+02 -1.072829e+02 1.184875e+01
      vertex   1.483020e+02 -1.074803e+02 1.184875e+01
      vertex   1.491982e+02 -1.079906e+02 1.174396e+01
    endloop
  endfacet
  facet normal 7.531348e-02 -7.196758e-02 9.945595e-01
    outer loop
      vertex   1.491982e+02 -1.079906e+02 1.174396e+01
      vertex   1.483020e+02 -1.074803e+02 1.184875e+01
      vertex   1.490411e+02 -1.081550e+02 1.174396e+01
    endloop
  endfacet
  facet normal 6.173098e-02 -5.898850e-02 9.963482e-01
    outer loop
      vertex   1.491982e+02 -1.079906e+02 1.174396e+01
      vertex   1.490411e+02 -1.081550e+02 1.174396e+01
      vertex   1.499058e+02 -1.086982e+02 1.165822e+01
    endloop
  endfacet
  facet normal 6.173107e-02 -5.898836e-02 9.963482e-01
    outer loop
      vertex   1.499058e+02 -1.086982e+02 1.165822e+01
      vertex   1.490411e+02 -1.081550e+02 1.174396e+01
      vertex   1.497801e+02 -1.088298e+02 1.165822e+01
    endloop
  endfacet
  facet normal 4.808237e-02 -4.594607e-02 9.977861e-01
    outer loop
      vertex   1.499058e+02 -1.086982e+02 1.165822e+01
      vertex   1.497801e+02 -1.088298e+02 1.165822e+01
      vertex   1.506134e+02 -1.094059e+02 1.159154e+01
    endloop
  endfacet
  facet normal 4.808244e-02 -4.594596e-02 9.977861e-01
    outer loop
      vertex   1.506134e+02 -1.094059e+02 1.159154e+01
      vertex   1.497801e+02 -1.088298e+02 1.165822e+01
      vertex   1.505191e+02 -1.095045e+02 1.159154e+01
    endloop
  endfacet
  facet normal 3.438187e-02 -3.285416e-02 9.988686e-01
    outer loop
      vertex   1.506134e+02 -1.094059e+02 1.159154e+01
      vertex   1.505191e+02 -1.095045e+02 1.159154e+01
      vertex   1.513210e+02 -1.101135e+02 1.154391e+01
    endloop
  endfacet
  facet normal 3.438192e-02 -3.285408e-02 9.988686e-01
    outer loop
      vertex   1.513210e+02 -1.101135e+02 1.154391e+01
      vertex   1.505191e+02 -1.095045e+02 1.159154e+01
      vertex   1.512582e+02 -1.101793e+02 1.154391e+01
    endloop
  endfacet
  facet normal 2.064410e-02 -1.972673e-02 9.995923e-01
    outer loop
      vertex   1.513210e+02 -1.101135e+02 1.154391e+01
      vertex   1.512582e+02 -1.101793e+02 1.154391e+01
      vertex   1.520286e+02 -1.108211e+02 1.151533e+01
    endloop
  endfacet
  facet normal 2.064414e-02 -1.972669e-02 9.995923e-01
    outer loop
      vertex   1.520286e+02 -1.108211e+02 1.151533e+01
      vertex   1.512582e+02 -1.101793e+02 1.154391e+01
      vertex   1.519972e+02 -1.108540e+02 1.151533e+01
    endloop
  endfacet
  facet normal 9.266607e-02 -8.065294e-02 9.924254e-01
    outer loop
      vertex   1.483020e+02 -1.074803e+02 1.184875e+01
      vertex   1.475630e+02 -1.068056e+02 1.197259e+01
      vertex   1.481148e+02 -1.076955e+02 1.184875e+01
    endloop
  endfacet
  facet normal 9.266607e-02 -8.065294e-02 9.924254e-01
    outer loop
      vertex   1.481148e+02 -1.076955e+02 1.184875e+01
      vertex   1.475630e+02 -1.068056e+02 1.197259e+01
      vertex   1.473445e+02 -1.070566e+02 1.197259e+01
    endloop
  endfacet
  facet normal 9.647612e-02 -7.605940e-02 9.924250e-01
    outer loop
      vertex   1.481148e+02 -1.076955e+02 1.184875e+01
      vertex   1.473445e+02 -1.070566e+02 1.197259e+01
      vertex   1.479302e+02 -1.079296e+02 1.184875e+01
    endloop
  endfacet
  facet normal 9.647612e-02 -7.605940e-02 9.924250e-01
    outer loop
      vertex   1.479302e+02 -1.079296e+02 1.184875e+01
      vertex   1.473445e+02 -1.070566e+02 1.197259e+01
      vertex   1.471292e+02 -1.073297e+02 1.197259e+01
    endloop
  endfacet
  facet normal 1.002148e-01 -7.106688e-02 9.924245e-01
    outer loop
      vertex   1.479302e+02 -1.079296e+02 1.184875e+01
      vertex   1.471292e+02 -1.073297e+02 1.197259e+01
      vertex   1.477500e+02 -1.081837e+02 1.184875e+01
    endloop
  endfacet
  facet normal 7.857836e-02 -6.839154e-02 9.945592e-01
    outer loop
      vertex   1.490411e+02 -1.081550e+02 1.174396e+01
      vertex   1.483020e+02 -1.074803e+02 1.184875e+01
      vertex   1.488850e+02 -1.083343e+02 1.174396e+01
    endloop
  endfacet
  facet normal 7.857836e-02 -6.839154e-02 9.945592e-01
    outer loop
      vertex   1.488850e+02 -1.083343e+02 1.174396e+01
      vertex   1.483020e+02 -1.074803e+02 1.184875e+01
      vertex   1.481148e+02 -1.076955e+02 1.184875e+01
    endloop
  endfacet
  facet normal 8.180919e-02 -6.449635e-02 9.945589e-01
    outer loop
      vertex   1.488850e+02 -1.083343e+02 1.174396e+01
      vertex   1.481148e+02 -1.076955e+02 1.184875e+01
      vertex   1.487312e+02 -1.085295e+02 1.174396e+01
    endloop
  endfacet
  facet normal 8.180919e-02 -6.449635e-02 9.945589e-01
    outer loop
      vertex   1.487312e+02 -1.085295e+02 1.174396e+01
      vertex   1.481148e+02 -1.076955e+02 1.184875e+01
      vertex   1.479302e+02 -1.079296e+02 1.184875e+01
    endloop
  endfacet
  facet normal 8.497954e-02 -6.026284e-02 9.945586e-01
    outer loop
      vertex   1.487312e+02 -1.085295e+02 1.174396e+01
      vertex   1.479302e+02 -1.079296e+02 1.184875e+01
      vertex   1.485810e+02 -1.087412e+02 1.174396e+01
    endloop
  endfacet
  facet normal 8.497954e-02 -6.026284e-02 9.945586e-01
    outer loop
      vertex   1.485810e+02 -1.087412e+02 1.174396e+01
      vertex   1.479302e+02 -1.079296e+02 1.184875e+01
      vertex   1.477500e+02 -1.081837e+02 1.184875e+01
    endloop
  endfacet
  facet normal 8.805797e-02 -5.567391e-02 9.945583e-01
    outer loop
      vertex   1.485810e+02 -1.087412e+02 1.174396e+01
      vertex   1.477500e+02 -1.081837e+02 1.184875e+01
      vertex   1.484361e+02 -1.089704e+02 1.174396e+01
    endloop
  endfacet
  facet normal 6.440704e-02 -5.605737e-02 9.963480e-01
    outer loop
      vertex   1.497801e+02 -1.088298e+02 1.165822e+01
      vertex   1.490411e+02 -1.081550e+02 1.174396e+01
      vertex   1.496553e+02 -1.089732e+02 1.165822e+01
    endloop
  endfacet
  facet normal 6.440704e-02 -5.605737e-02 9.963480e-01
    outer loop
      vertex   1.496553e+02 -1.089732e+02 1.165822e+01
      vertex   1.490411e+02 -1.081550e+02 1.174396e+01
      vertex   1.488850e+02 -1.083343e+02 1.174396e+01
    endloop
  endfacet
  facet normal 6.705520e-02 -5.286467e-02 9.963478e-01
    outer loop
      vertex   1.496553e+02 -1.089732e+02 1.165822e+01
      vertex   1.488850e+02 -1.083343e+02 1.174396e+01
      vertex   1.495322e+02 -1.091293e+02 1.165822e+01
    endloop
  endfacet
  facet normal 6.705520e-02 -5.286467e-02 9.963478e-01
    outer loop
      vertex   1.495322e+02 -1.091293e+02 1.165822e+01
      vertex   1.488850e+02 -1.083343e+02 1.174396e+01
      vertex   1.487312e+02 -1.085295e+02 1.174396e+01
    endloop
  endfacet
  facet normal 6.965380e-02 -4.939466e-02 9.963476e-01
    outer loop
      vertex   1.495322e+02 -1.091293e+02 1.165822e+01
      vertex   1.487312e+02 -1.085295e+02 1.174396e+01
      vertex   1.494121e+02 -1.092987e+02 1.165822e+01
    endloop
  endfacet
  facet normal 6.965380e-02 -4.939466e-02 9.963476e-01
    outer loop
      vertex   1.494121e+02 -1.092987e+02 1.165822e+01
      vertex   1.487312e+02 -1.085295e+02 1.174396e+01
      vertex   1.485810e+02 -1.087412e+02 1.174396e+01
    endloop
  endfacet
  facet normal 7.217705e-02 -4.563334e-02 9.963474e-01
    outer loop
      vertex   1.494121e+02 -1.092987e+02 1.165822e+01
      vertex   1.485810e+02 -1.087412e+02 1.174396e+01
      vertex   1.492961e+02 -1.094821e+02 1.165822e+01
    endloop
  endfacet
  facet normal 7.217705e-02 -4.563334e-02 9.963474e-01
    outer loop
      vertex   1.492961e+02 -1.094821e+02 1.165822e+01
      vertex   1.485810e+02 -1.087412e+02 1.174396e+01
      vertex   1.484361e+02 -1.089704e+02 1.174396e+01
    endloop
  endfacet
  facet normal 7.459540e-02 -4.156842e-02 9.963471e-01
    outer loop
      vertex   1.492961e+02 -1.094821e+02 1.165822e+01
      vertex   1.484361e+02 -1.089704e+02 1.174396e+01
      vertex   1.491859e+02 -1.096799e+02 1.165822e+01
    endloop
  endfacet
  facet normal 5.016667e-02 -4.366312e-02 9.977860e-01
    outer loop
      vertex   1.505191e+02 -1.095045e+02 1.159154e+01
      vertex   1.497801e+02 -1.088298e+02 1.165822e+01
      vertex   1.504255e+02 -1.096121e+02 1.159154e+01
    endloop
  endfacet
  facet normal 5.016667e-02 -4.366312e-02 9.977860e-01
    outer loop
      vertex   1.504255e+02 -1.096121e+02 1.159154e+01
      vertex   1.497801e+02 -1.088298e+02 1.165822e+01
      vertex   1.496553e+02 -1.089732e+02 1.165822e+01
    endloop
  endfacet
  facet normal 5.222933e-02 -4.117632e-02 9.977859e-01
    outer loop
      vertex   1.504255e+02 -1.096121e+02 1.159154e+01
      vertex   1.496553e+02 -1.089732e+02 1.165822e+01
      vertex   1.503332e+02 -1.097292e+02 1.159154e+01
    endloop
  endfacet
  facet normal 5.222933e-02 -4.117632e-02 9.977859e-01
    outer loop
      vertex   1.503332e+02 -1.097292e+02 1.159154e+01
      vertex   1.496553e+02 -1.089732e+02 1.165822e+01
      vertex   1.495322e+02 -1.091293e+02 1.165822e+01
    endloop
  endfacet
  facet normal 5.425338e-02 -3.847353e-02 9.977857e-01
    outer loop
      vertex   1.503332e+02 -1.097292e+02 1.159154e+01
      vertex   1.495322e+02 -1.091293e+02 1.165822e+01
      vertex   1.502431e+02 -1.098562e+02 1.159154e+01
    endloop
  endfacet
  facet normal 5.425338e-02 -3.847353e-02 9.977857e-01
    outer loop
      vertex   1.502431e+02 -1.098562e+02 1.159154e+01
      vertex   1.495322e+02 -1.091293e+02 1.165822e+01
      vertex   1.494121e+02 -1.092987e+02 1.165822e+01
    endloop
  endfacet
  facet normal 5.621875e-02 -3.554384e-02 9.977856e-01
    outer loop
      vertex   1.502431e+02 -1.098562e+02 1.159154e+01
      vertex   1.494121e+02 -1.092987e+02 1.165822e+01
      vertex   1.501562e+02 -1.099938e+02 1.159154e+01
    endloop
  endfacet
  facet normal 5.621875e-02 -3.554384e-02 9.977856e-01
    outer loop
      vertex   1.501562e+02 -1.099938e+02 1.159154e+01
      vertex   1.494121e+02 -1.092987e+02 1.165822e+01
      vertex   1.492961e+02 -1.094821e+02 1.165822e+01
    endloop
  endfacet
  facet normal 5.810241e-02 -3.237767e-02 9.977854e-01
    outer loop
      vertex   1.501562e+02 -1.099938e+02 1.159154e+01
      vertex   1.492961e+02 -1.094821e+02 1.165822e+01
      vertex   1.500735e+02 -1.101421e+02 1.159154e+01
    endloop
  endfacet
  facet normal 5.810241e-02 -3.237767e-02 9.977854e-01
    outer loop
      vertex   1.500735e+02 -1.101421e+02 1.159154e+01
      vertex   1.492961e+02 -1.094821e+02 1.165822e+01
      vertex   1.491859e+02 -1.096799e+02 1.165822e+01
    endloop
  endfacet
  facet normal 5.987827e-02 -2.896737e-02 9.977853e-01
    outer loop
      vertex   1.500735e+02 -1.101421e+02 1.159154e+01
      vertex   1.491859e+02 -1.096799e+02 1.165822e+01
      vertex   1.499963e+02 -1.103017e+02 1.159154e+01
    endloop
  endfacet
  facet normal 2.153892e-02 -1.874664e-02 9.995922e-01
    outer loop
      vertex   1.519660e+02 -1.108899e+02 1.151533e+01
      vertex   1.519972e+02 -1.108540e+02 1.151533e+01
      vertex   1.512582e+02 -1.101793e+02 1.154391e+01
    endloop
  endfacet
  facet normal 3.587222e-02 -3.122178e-02 9.988686e-01
    outer loop
      vertex   1.512582e+02 -1.101793e+02 1.154391e+01
      vertex   1.505191e+02 -1.095045e+02 1.159154e+01
      vertex   1.511958e+02 -1.102510e+02 1.154391e+01
    endloop
  endfacet
  facet normal 3.587222e-02 -3.122178e-02 9.988686e-01
    outer loop
      vertex   1.511958e+02 -1.102510e+02 1.154391e+01
      vertex   1.505191e+02 -1.095045e+02 1.159154e+01
      vertex   1.504255e+02 -1.096121e+02 1.159154e+01
    endloop
  endfacet
  facet normal 3.734715e-02 -2.944357e-02 9.988685e-01
    outer loop
      vertex   1.511958e+02 -1.102510e+02 1.154391e+01
      vertex   1.504255e+02 -1.096121e+02 1.159154e+01
      vertex   1.511342e+02 -1.103290e+02 1.154391e+01
    endloop
  endfacet
  facet normal 3.734715e-02 -2.944357e-02 9.988685e-01
    outer loop
      vertex   1.511342e+02 -1.103290e+02 1.154391e+01
      vertex   1.504255e+02 -1.096121e+02 1.159154e+01
      vertex   1.503332e+02 -1.097292e+02 1.159154e+01
    endloop
  endfacet
  facet normal 3.879447e-02 -2.751091e-02 9.988684e-01
    outer loop
      vertex   1.511342e+02 -1.103290e+02 1.154391e+01
      vertex   1.503332e+02 -1.097292e+02 1.159154e+01
      vertex   1.510742e+02 -1.104137e+02 1.154391e+01
    endloop
  endfacet
  facet normal 3.879447e-02 -2.751091e-02 9.988684e-01
    outer loop
      vertex   1.510742e+02 -1.104137e+02 1.154391e+01
      vertex   1.503332e+02 -1.097292e+02 1.159154e+01
      vertex   1.502431e+02 -1.098562e+02 1.159154e+01
    endloop
  endfacet
  facet normal 4.019983e-02 -2.541601e-02 9.988684e-01
    outer loop
      vertex   1.510742e+02 -1.104137e+02 1.154391e+01
      vertex   1.502431e+02 -1.098562e+02 1.159154e+01
      vertex   1.510162e+02 -1.105054e+02 1.154391e+01
    endloop
  endfacet
  facet normal 4.019983e-02 -2.541601e-02 9.988684e-01
    outer loop
      vertex   1.510162e+02 -1.105054e+02 1.154391e+01
      vertex   1.502431e+02 -1.098562e+02 1.159154e+01
      vertex   1.501562e+02 -1.099938e+02 1.159154e+01
    endloop
  endfacet
  facet normal 4.154676e-02 -2.315201e-02 9.988683e-01
    outer loop
      vertex   1.510162e+02 -1.105054e+02 1.154391e+01
      vertex   1.501562e+02 -1.099938e+02 1.159154e+01
      vertex   1.509611e+02 -1.106043e+02 1.154391e+01
    endloop
  endfacet
  facet normal 4.154676e-02 -2.315201e-02 9.988683e-01
    outer loop
      vertex   1.509611e+02 -1.106043e+02 1.154391e+01
      vertex   1.501562e+02 -1.099938e+02 1.159154e+01
      vertex   1.500735e+02 -1.101421e+02 1.159154e+01
    endloop
  endfacet
  facet normal 4.281661e-02 -2.071344e-02 9.988682e-01
    outer loop
      vertex   1.509611e+02 -1.106043e+02 1.154391e+01
      vertex   1.500735e+02 -1.101421e+02 1.159154e+01
      vertex   1.509096e+02 -1.107107e+02 1.154391e+01
    endloop
  endfacet
  facet normal 4.281661e-02 -2.071344e-02 9.988682e-01
    outer loop
      vertex   1.509096e+02 -1.107107e+02 1.154391e+01
      vertex   1.500735e+02 -1.101421e+02 1.159154e+01
      vertex   1.499963e+02 -1.103017e+02 1.159154e+01
    endloop
  endfacet
  facet normal 4.398851e-02 -1.809668e-02 9.988681e-01
    outer loop
      vertex   1.509096e+02 -1.107107e+02 1.154391e+01
      vertex   1.499963e+02 -1.103017e+02 1.159154e+01
      vertex   1.508628e+02 -1.108246e+02 1.154391e+01
    endloop
  endfacet
  facet normal 2.242452e-02 -1.767894e-02 9.995922e-01
    outer loop
      vertex   1.519352e+02 -1.109289e+02 1.151533e+01
      vertex   1.519660e+02 -1.108899e+02 1.151533e+01
      vertex   1.511958e+02 -1.102510e+02 1.154391e+01
    endloop
  endfacet
  facet normal 2.153892e-02 -1.874664e-02 9.995922e-01
    outer loop
      vertex   1.511958e+02 -1.102510e+02 1.154391e+01
      vertex   1.519660e+02 -1.108899e+02 1.151533e+01
      vertex   1.512582e+02 -1.101793e+02 1.154391e+01
    endloop
  endfacet
  facet normal 2.242452e-02 -1.767894e-02 9.995922e-01
    outer loop
      vertex   1.519352e+02 -1.109289e+02 1.151533e+01
      vertex   1.511958e+02 -1.102510e+02 1.154391e+01
      vertex   1.511342e+02 -1.103290e+02 1.154391e+01
    endloop
  endfacet
  facet normal 2.413737e-02 -1.526065e-02 9.995922e-01
    outer loop
      vertex   1.519052e+02 -1.109712e+02 1.151533e+01
      vertex   1.510742e+02 -1.104137e+02 1.154391e+01
      vertex   1.518762e+02 -1.110171e+02 1.151533e+01
    endloop
  endfacet
  facet normal 2.413737e-02 -1.526065e-02 9.995922e-01
    outer loop
      vertex   1.518762e+02 -1.110171e+02 1.151533e+01
      vertex   1.510742e+02 -1.104137e+02 1.154391e+01
      vertex   1.510162e+02 -1.105054e+02 1.154391e+01
    endloop
  endfacet
  facet normal 2.494612e-02 -1.390127e-02 9.995921e-01
    outer loop
      vertex   1.518762e+02 -1.110171e+02 1.151533e+01
      vertex   1.510162e+02 -1.105054e+02 1.154391e+01
      vertex   1.518487e+02 -1.110665e+02 1.151533e+01
    endloop
  endfacet
  facet normal 2.494612e-02 -1.390127e-02 9.995921e-01
    outer loop
      vertex   1.518487e+02 -1.110665e+02 1.151533e+01
      vertex   1.510162e+02 -1.105054e+02 1.154391e+01
      vertex   1.509611e+02 -1.106043e+02 1.154391e+01
    endloop
  endfacet
  facet normal 2.570858e-02 -1.243707e-02 9.995921e-01
    outer loop
      vertex   1.518487e+02 -1.110665e+02 1.151533e+01
      vertex   1.509611e+02 -1.106043e+02 1.154391e+01
      vertex   1.518229e+02 -1.111197e+02 1.151533e+01
    endloop
  endfacet
  facet normal 2.570858e-02 -1.243707e-02 9.995921e-01
    outer loop
      vertex   1.518229e+02 -1.111197e+02 1.151533e+01
      vertex   1.509611e+02 -1.106043e+02 1.154391e+01
      vertex   1.509096e+02 -1.107107e+02 1.154391e+01
    endloop
  endfacet
  facet normal 2.641224e-02 -1.086588e-02 9.995921e-01
    outer loop
      vertex   1.518229e+02 -1.111197e+02 1.151533e+01
      vertex   1.509096e+02 -1.107107e+02 1.154391e+01
      vertex   1.517995e+02 -1.111767e+02 1.151533e+01
    endloop
  endfacet
  facet normal 2.641224e-02 -1.086588e-02 9.995921e-01
    outer loop
      vertex   1.517995e+02 -1.111767e+02 1.151533e+01
      vertex   1.509096e+02 -1.107107e+02 1.154391e+01
      vertex   1.508628e+02 -1.108246e+02 1.154391e+01
    endloop
  endfacet
  facet normal 2.704327e-02 -9.186945e-03 9.995920e-01
    outer loop
      vertex   1.517995e+02 -1.111767e+02 1.151533e+01
      vertex   1.508628e+02 -1.108246e+02 1.154391e+01
      vertex   1.517789e+02 -1.112374e+02 1.151533e+01
    endloop
  endfacet
  facet normal 2.329355e-02 -1.651851e-02 9.995922e-01
    outer loop
      vertex   1.519352e+02 -1.109289e+02 1.151533e+01
      vertex   1.511342e+02 -1.103290e+02 1.154391e+01
      vertex   1.519052e+02 -1.109712e+02 1.151533e+01
    endloop
  endfacet
  facet normal 2.329355e-02 -1.651851e-02 9.995922e-01
    outer loop
      vertex   1.519052e+02 -1.109712e+02 1.151533e+01
      vertex   1.511342e+02 -1.103290e+02 1.154391e+01
      vertex   1.510742e+02 -1.104137e+02 1.154391e+01
    endloop
  endfacet
  facet normal 6.151714e-02 -2.530788e-02 9.977851e-01
    outer loop
      vertex   1.499260e+02 -1.104725e+02 1.159154e+01
      vertex   1.490830e+02 -1.098926e+02 1.165822e+01
      vertex   1.489893e+02 -1.101204e+02 1.165822e+01
    endloop
  endfacet
  facet normal 7.897942e-02 -3.249179e-02 9.963466e-01
    outer loop
      vertex   1.489893e+02 -1.101204e+02 1.165822e+01
      vertex   1.490830e+02 -1.098926e+02 1.165822e+01
      vertex   1.481697e+02 -1.094836e+02 1.174396e+01
    endloop
  endfacet
  facet normal 9.378999e-02 -4.537288e-02 9.945576e-01
    outer loop
      vertex   1.474107e+02 -1.087555e+02 1.184875e+01
      vertex   1.481697e+02 -1.094836e+02 1.174396e+01
      vertex   1.482983e+02 -1.092177e+02 1.174396e+01
    endloop
  endfacet
  facet normal 7.687534e-02 -3.719007e-02 9.963469e-01
    outer loop
      vertex   1.482983e+02 -1.092177e+02 1.174396e+01
      vertex   1.481697e+02 -1.094836e+02 1.174396e+01
      vertex   1.490830e+02 -1.098926e+02 1.165822e+01
    endloop
  endfacet
  facet normal 9.100840e-02 -5.071459e-02 9.945579e-01
    outer loop
      vertex   1.482983e+02 -1.092177e+02 1.174396e+01
      vertex   1.475761e+02 -1.084588e+02 1.184875e+01
      vertex   1.474107e+02 -1.087555e+02 1.184875e+01
    endloop
  endfacet
  facet normal 9.635701e-02 -3.964085e-02 9.945572e-01
    outer loop
      vertex   1.472564e+02 -1.090746e+02 1.184875e+01
      vertex   1.471158e+02 -1.094163e+02 1.184875e+01
      vertex   1.480525e+02 -1.097683e+02 1.174396e+01
    endloop
  endfacet
  facet normal 9.865911e-02 -3.351576e-02 9.945567e-01
    outer loop
      vertex   1.480525e+02 -1.097683e+02 1.174396e+01
      vertex   1.471158e+02 -1.094163e+02 1.184875e+01
      vertex   1.479494e+02 -1.100719e+02 1.174396e+01
    endloop
  endfacet
  facet normal 8.086636e-02 -2.747134e-02 9.963463e-01
    outer loop
      vertex   1.480525e+02 -1.097683e+02 1.174396e+01
      vertex   1.479494e+02 -1.100719e+02 1.174396e+01
      vertex   1.489068e+02 -1.103633e+02 1.165822e+01
    endloop
  endfacet
  facet normal 8.249140e-02 -2.213183e-02 9.963460e-01
    outer loop
      vertex   1.489068e+02 -1.103633e+02 1.165822e+01
      vertex   1.479494e+02 -1.100719e+02 1.174396e+01
      vertex   1.488377e+02 -1.106209e+02 1.165822e+01
    endloop
  endfacet
  facet normal 6.425264e-02 -1.723851e-02 9.977848e-01
    outer loop
      vertex   1.489068e+02 -1.103633e+02 1.165822e+01
      vertex   1.488377e+02 -1.106209e+02 1.165822e+01
      vertex   1.498123e+02 -1.108478e+02 1.159154e+01
    endloop
  endfacet
  facet normal 6.527730e-02 -1.283846e-02 9.977846e-01
    outer loop
      vertex   1.498123e+02 -1.108478e+02 1.159154e+01
      vertex   1.488377e+02 -1.106209e+02 1.165822e+01
      vertex   1.497722e+02 -1.110516e+02 1.159154e+01
    endloop
  endfacet
  facet normal 4.667726e-02 -9.180286e-03 9.988678e-01
    outer loop
      vertex   1.498123e+02 -1.108478e+02 1.159154e+01
      vertex   1.497722e+02 -1.110516e+02 1.159154e+01
      vertex   1.507602e+02 -1.112107e+02 1.154391e+01
    endloop
  endfacet
  facet normal 4.720992e-02 -5.871075e-03 9.988677e-01
    outer loop
      vertex   1.507602e+02 -1.112107e+02 1.154391e+01
      vertex   1.497722e+02 -1.110516e+02 1.159154e+01
      vertex   1.507425e+02 -1.113531e+02 1.154391e+01
    endloop
  endfacet
  facet normal 2.834649e-02 -3.525199e-03 9.995919e-01
    outer loop
      vertex   1.507602e+02 -1.112107e+02 1.154391e+01
      vertex   1.507425e+02 -1.113531e+02 1.154391e+01
      vertex   1.517394e+02 -1.114409e+02 1.151533e+01
    endloop
  endfacet
  facet normal 2.852937e-02 -1.448949e-03 9.995919e-01
    outer loop
      vertex   1.517394e+02 -1.114409e+02 1.151533e+01
      vertex   1.507425e+02 -1.113531e+02 1.154391e+01
      vertex   1.517356e+02 -1.115151e+02 1.151533e+01
    endloop
  endfacet
  facet normal 4.503947e-02 -1.530048e-02 9.988680e-01
    outer loop
      vertex   1.508215e+02 -1.109460e+02 1.154391e+01
      vertex   1.499260e+02 -1.104725e+02 1.159154e+01
      vertex   1.498641e+02 -1.106546e+02 1.159154e+01
    endloop
  endfacet
  facet normal 6.298689e-02 -2.139745e-02 9.977849e-01
    outer loop
      vertex   1.498641e+02 -1.106546e+02 1.159154e+01
      vertex   1.499260e+02 -1.104725e+02 1.159154e+01
      vertex   1.489893e+02 -1.101204e+02 1.165822e+01
    endloop
  endfacet
  facet normal 2.802666e-02 -5.512165e-03 9.995920e-01
    outer loop
      vertex   1.517482e+02 -1.113697e+02 1.151533e+01
      vertex   1.517616e+02 -1.113018e+02 1.151533e+01
      vertex   1.507870e+02 -1.110748e+02 1.154391e+01
    endloop
  endfacet
  facet normal 2.758672e-02 -7.401312e-03 9.995920e-01
    outer loop
      vertex   1.507870e+02 -1.110748e+02 1.154391e+01
      vertex   1.517616e+02 -1.113018e+02 1.151533e+01
      vertex   1.508215e+02 -1.109460e+02 1.154391e+01
    endloop
  endfacet
  facet normal 4.594457e-02 -1.232659e-02 9.988679e-01
    outer loop
      vertex   1.507870e+02 -1.110748e+02 1.154391e+01
      vertex   1.508215e+02 -1.109460e+02 1.154391e+01
      vertex   1.498641e+02 -1.106546e+02 1.159154e+01
    endloop
  endfacet
  facet normal 8.380691e-02 -1.648279e-02 9.963457e-01
    outer loop
      vertex   1.488377e+02 -1.106209e+02 1.165822e+01
      vertex   1.478630e+02 -1.103939e+02 1.174396e+01
      vertex   1.487842e+02 -1.108926e+02 1.165822e+01
    endloop
  endfacet
  facet normal 8.380691e-02 -1.648279e-02 9.963457e-01
    outer loop
      vertex   1.487842e+02 -1.108926e+02 1.165822e+01
      vertex   1.478630e+02 -1.103939e+02 1.174396e+01
      vertex   1.477962e+02 -1.107336e+02 1.174396e+01
    endloop
  endfacet
  facet normal 8.476326e-02 -1.054125e-02 9.963454e-01
    outer loop
      vertex   1.487842e+02 -1.108926e+02 1.165822e+01
      vertex   1.477962e+02 -1.107336e+02 1.174396e+01
      vertex   1.487488e+02 -1.111775e+02 1.165822e+01
    endloop
  endfacet
  facet normal 8.476326e-02 -1.054125e-02 9.963454e-01
    outer loop
      vertex   1.487488e+02 -1.111775e+02 1.165822e+01
      vertex   1.477962e+02 -1.107336e+02 1.174396e+01
      vertex   1.477519e+02 -1.110897e+02 1.174396e+01
    endloop
  endfacet
  facet normal 8.531009e-02 -4.332726e-03 9.963450e-01
    outer loop
      vertex   1.487488e+02 -1.111775e+02 1.165822e+01
      vertex   1.477519e+02 -1.110897e+02 1.174396e+01
      vertex   1.487337e+02 -1.114742e+02 1.165822e+01
    endloop
  endfacet
  facet normal 1.006417e-01 -2.700142e-02 9.945563e-01
    outer loop
      vertex   1.469921e+02 -1.097805e+02 1.184875e+01
      vertex   1.478630e+02 -1.103939e+02 1.174396e+01
      vertex   1.479494e+02 -1.100719e+02 1.174396e+01
    endloop
  endfacet
  facet normal 8.249140e-02 -2.213183e-02 9.963460e-01
    outer loop
      vertex   1.479494e+02 -1.100719e+02 1.174396e+01
      vertex   1.478630e+02 -1.103939e+02 1.174396e+01
      vertex   1.488377e+02 -1.106209e+02 1.165822e+01
    endloop
  endfacet
  facet normal 9.865911e-02 -3.351576e-02 9.945567e-01
    outer loop
      vertex   1.479494e+02 -1.100719e+02 1.174396e+01
      vertex   1.471158e+02 -1.094163e+02 1.184875e+01
      vertex   1.469921e+02 -1.097805e+02 1.184875e+01
    endloop
  endfacet
  facet normal 6.527730e-02 -1.283846e-02 9.977846e-01
    outer loop
      vertex   1.488377e+02 -1.106209e+02 1.165822e+01
      vertex   1.487842e+02 -1.108926e+02 1.165822e+01
      vertex   1.497722e+02 -1.110516e+02 1.159154e+01
    endloop
  endfacet
  facet normal 6.602221e-02 -8.210590e-03 9.977844e-01
    outer loop
      vertex   1.497722e+02 -1.110516e+02 1.159154e+01
      vertex   1.487842e+02 -1.108926e+02 1.165822e+01
      vertex   1.497457e+02 -1.112653e+02 1.159154e+01
    endloop
  endfacet
  facet normal 4.720992e-02 -5.871075e-03 9.988677e-01
    outer loop
      vertex   1.497722e+02 -1.110516e+02 1.159154e+01
      vertex   1.497457e+02 -1.112653e+02 1.159154e+01
      vertex   1.507425e+02 -1.113531e+02 1.154391e+01
    endloop
  endfacet
  facet normal 4.751450e-02 -2.413165e-03 9.988676e-01
    outer loop
      vertex   1.507425e+02 -1.113531e+02 1.154391e+01
      vertex   1.497457e+02 -1.112653e+02 1.159154e+01
      vertex   1.507350e+02 -1.115015e+02 1.154391e+01
    endloop
  endfacet
  facet normal 2.852937e-02 -1.448949e-03 9.995919e-01
    outer loop
      vertex   1.507425e+02 -1.113531e+02 1.154391e+01
      vertex   1.507350e+02 -1.115015e+02 1.154391e+01
      vertex   1.517356e+02 -1.115151e+02 1.151533e+01
    endloop
  endfacet
  facet normal 2.855874e-02 7.049454e-04 9.995919e-01
    outer loop
      vertex   1.517356e+02 -1.115151e+02 1.151533e+01
      vertex   1.507350e+02 -1.115015e+02 1.154391e+01
      vertex   1.517375e+02 -1.115917e+02 1.151533e+01
    endloop
  endfacet
  facet normal 6.602221e-02 -8.210590e-03 9.977844e-01
    outer loop
      vertex   1.497457e+02 -1.112653e+02 1.159154e+01
      vertex   1.487842e+02 -1.108926e+02 1.165822e+01
      vertex   1.487488e+02 -1.111775e+02 1.165822e+01
    endloop
  endfacet
  facet normal 8.497977e-02 8.736247e-03 9.963444e-01
    outer loop
      vertex   1.487413e+02 -1.117807e+02 1.165822e+01
      vertex   1.477426e+02 -1.118437e+02 1.174396e+01
      vertex   1.487736e+02 -1.120948e+02 1.165822e+01
    endloop
  endfacet
  facet normal 8.497977e-02 8.736248e-03 9.963444e-01
    outer loop
      vertex   1.487736e+02 -1.120948e+02 1.165822e+01
      vertex   1.477426e+02 -1.118437e+02 1.174396e+01
      vertex   1.477829e+02 -1.122364e+02 1.174396e+01
    endloop
  endfacet
  facet normal 8.401382e-02 1.549770e-02 9.963441e-01
    outer loop
      vertex   1.487736e+02 -1.120948e+02 1.165822e+01
      vertex   1.477829e+02 -1.122364e+02 1.174396e+01
      vertex   1.488324e+02 -1.124138e+02 1.165822e+01
    endloop
  endfacet
  facet normal 8.401382e-02 1.549771e-02 9.963441e-01
    outer loop
      vertex   1.488324e+02 -1.124138e+02 1.165822e+01
      vertex   1.477829e+02 -1.122364e+02 1.174396e+01
      vertex   1.478565e+02 -1.126350e+02 1.174396e+01
    endloop
  endfacet
  facet normal 8.246523e-02 2.232854e-02 9.963438e-01
    outer loop
      vertex   1.488324e+02 -1.124138e+02 1.165822e+01
      vertex   1.478565e+02 -1.126350e+02 1.174396e+01
      vertex   1.489192e+02 -1.127343e+02 1.165822e+01
    endloop
  endfacet
  facet normal 4.756340e-02 1.174058e-03 9.988675e-01
    outer loop
      vertex   1.497400e+02 -1.117177e+02 1.159154e+01
      vertex   1.507388e+02 -1.116547e+02 1.154391e+01
      vertex   1.497344e+02 -1.114878e+02 1.159154e+01
    endloop
  endfacet
  facet normal 4.756340e-02 1.174058e-03 9.988675e-01
    outer loop
      vertex   1.497344e+02 -1.114878e+02 1.159154e+01
      vertex   1.507388e+02 -1.116547e+02 1.154391e+01
      vertex   1.507350e+02 -1.115015e+02 1.154391e+01
    endloop
  endfacet
  facet normal 4.751450e-02 -2.413165e-03 9.988676e-01
    outer loop
      vertex   1.497344e+02 -1.114878e+02 1.159154e+01
      vertex   1.507350e+02 -1.115015e+02 1.154391e+01
      vertex   1.497457e+02 -1.112653e+02 1.159154e+01
    endloop
  endfacet
  facet normal 2.841892e-02 2.921574e-03 9.995918e-01
    outer loop
      vertex   1.517456e+02 -1.116703e+02 1.151533e+01
      vertex   1.517375e+02 -1.115917e+02 1.151533e+01
      vertex   1.507388e+02 -1.116547e+02 1.154391e+01
    endloop
  endfacet
  facet normal 2.855874e-02 7.049454e-04 9.995919e-01
    outer loop
      vertex   1.507388e+02 -1.116547e+02 1.154391e+01
      vertex   1.517375e+02 -1.115917e+02 1.151533e+01
      vertex   1.507350e+02 -1.115015e+02 1.154391e+01
    endloop
  endfacet
  facet normal 2.841892e-02 2.921574e-03 9.995918e-01
    outer loop
      vertex   1.517456e+02 -1.116703e+02 1.151533e+01
      vertex   1.507388e+02 -1.116547e+02 1.154391e+01
      vertex   1.507549e+02 -1.118118e+02 1.154391e+01
    endloop
  endfacet
  facet normal 4.733055e-02 4.865761e-03 9.988674e-01
    outer loop
      vertex   1.507549e+02 -1.118118e+02 1.154391e+01
      vertex   1.507388e+02 -1.116547e+02 1.154391e+01
      vertex   1.497400e+02 -1.117177e+02 1.159154e+01
    endloop
  endfacet
  facet normal 6.644815e-02 -3.374766e-03 9.977842e-01
    outer loop
      vertex   1.487488e+02 -1.111775e+02 1.165822e+01
      vertex   1.487337e+02 -1.114742e+02 1.165822e+01
      vertex   1.497344e+02 -1.114878e+02 1.159154e+01
    endloop
  endfacet
  facet normal 6.651653e-02 1.641898e-03 9.977840e-01
    outer loop
      vertex   1.497344e+02 -1.114878e+02 1.159154e+01
      vertex   1.487337e+02 -1.114742e+02 1.165822e+01
      vertex   1.497400e+02 -1.117177e+02 1.159154e+01
    endloop
  endfacet
  facet normal 6.644815e-02 -3.374766e-03 9.977842e-01
    outer loop
      vertex   1.487488e+02 -1.111775e+02 1.165822e+01
      vertex   1.497344e+02 -1.114878e+02 1.159154e+01
      vertex   1.497457e+02 -1.112653e+02 1.159154e+01
    endloop
  endfacet
  facet normal 1.027801e-01 1.895945e-02 9.945234e-01
    outer loop
      vertex   1.477829e+02 -1.122364e+02 1.174396e+01
      vertex   1.468268e+02 -1.128404e+02 1.185428e+01
      vertex   1.478565e+02 -1.126350e+02 1.174396e+01
    endloop
  endfacet
  facet normal 1.006096e-01 2.724138e-02 9.945530e-01
    outer loop
      vertex   1.470107e+02 -1.133370e+02 1.184875e+01
      vertex   1.479649e+02 -1.130357e+02 1.174396e+01
      vertex   1.468805e+02 -1.128563e+02 1.184875e+01
    endloop
  endfacet
  facet normal 6.543851e-02 1.207119e-02 9.977836e-01
    outer loop
      vertex   1.488324e+02 -1.124138e+02 1.165822e+01
      vertex   1.498084e+02 -1.121925e+02 1.159154e+01
      vertex   1.487736e+02 -1.120948e+02 1.165822e+01
    endloop
  endfacet
  facet normal 6.543851e-02 1.207119e-02 9.977836e-01
    outer loop
      vertex   1.487736e+02 -1.120948e+02 1.165822e+01
      vertex   1.498084e+02 -1.121925e+02 1.159154e+01
      vertex   1.497643e+02 -1.119533e+02 1.159154e+01
    endloop
  endfacet
  facet normal 6.619088e-02 6.804677e-03 9.977838e-01
    outer loop
      vertex   1.487736e+02 -1.120948e+02 1.165822e+01
      vertex   1.497643e+02 -1.119533e+02 1.159154e+01
      vertex   1.487413e+02 -1.117807e+02 1.165822e+01
    endloop
  endfacet
  facet normal 4.679256e-02 8.631642e-03 9.988673e-01
    outer loop
      vertex   1.497643e+02 -1.119533e+02 1.159154e+01
      vertex   1.498084e+02 -1.121925e+02 1.159154e+01
      vertex   1.507843e+02 -1.119713e+02 1.154391e+01
    endloop
  endfacet
  facet normal 4.593006e-02 1.243617e-02 9.988672e-01
    outer loop
      vertex   1.507843e+02 -1.119713e+02 1.154391e+01
      vertex   1.498084e+02 -1.121925e+02 1.159154e+01
      vertex   1.508277e+02 -1.121315e+02 1.154391e+01
    endloop
  endfacet
  facet normal 2.757803e-02 7.467113e-03 9.995918e-01
    outer loop
      vertex   1.507843e+02 -1.119713e+02 1.154391e+01
      vertex   1.508277e+02 -1.121315e+02 1.154391e+01
      vertex   1.517820e+02 -1.118301e+02 1.151533e+01
    endloop
  endfacet
  facet normal 2.685685e-02 9.750579e-03 9.995917e-01
    outer loop
      vertex   1.517820e+02 -1.118301e+02 1.151533e+01
      vertex   1.508277e+02 -1.121315e+02 1.154391e+01
      vertex   1.518109e+02 -1.119098e+02 1.151533e+01
    endloop
  endfacet
  facet normal 6.423231e-02 1.739174e-02 9.977834e-01
    outer loop
      vertex   1.498084e+02 -1.121925e+02 1.159154e+01
      vertex   1.488324e+02 -1.124138e+02 1.165822e+01
      vertex   1.498735e+02 -1.124329e+02 1.159154e+01
    endloop
  endfacet
  facet normal 6.423231e-02 1.739174e-02 9.977834e-01
    outer loop
      vertex   1.498735e+02 -1.124329e+02 1.159154e+01
      vertex   1.488324e+02 -1.124138e+02 1.165822e+01
      vertex   1.489192e+02 -1.127343e+02 1.165822e+01
    endloop
  endfacet
  facet normal 6.255260e-02 2.271019e-02 9.977833e-01
    outer loop
      vertex   1.498735e+02 -1.124329e+02 1.159154e+01
      vertex   1.489192e+02 -1.127343e+02 1.165822e+01
      vertex   1.499602e+02 -1.126718e+02 1.159154e+01
    endloop
  endfacet
  facet normal 2.809590e-02 5.182741e-03 9.995918e-01
    outer loop
      vertex   1.517456e+02 -1.116703e+02 1.151533e+01
      vertex   1.507549e+02 -1.118118e+02 1.154391e+01
      vertex   1.517603e+02 -1.117500e+02 1.151533e+01
    endloop
  endfacet
  facet normal 9.458926e-02 4.380309e-02 9.945522e-01
    outer loop
      vertex   1.481095e+02 -1.134339e+02 1.174396e+01
      vertex   1.471842e+02 -1.138149e+02 1.184875e+01
      vertex   1.482906e+02 -1.138249e+02 1.174396e+01
    endloop
  endfacet
  facet normal 9.458926e-02 4.380309e-02 9.945522e-01
    outer loop
      vertex   1.482906e+02 -1.138249e+02 1.174396e+01
      vertex   1.471842e+02 -1.138149e+02 1.184875e+01
      vertex   1.474015e+02 -1.142842e+02 1.184875e+01
    endloop
  endfacet
  facet normal 9.148952e-02 4.980622e-02 9.945597e-01
    outer loop
      vertex   1.482906e+02 -1.138249e+02 1.174396e+01
      vertex   1.474015e+02 -1.142842e+02 1.184875e+01
      vertex   1.483947e+02 -1.140162e+02 1.174396e+01
    endloop
  endfacet
  facet normal 9.148952e-02 4.980622e-02 9.945597e-01
    outer loop
      vertex   1.483947e+02 -1.140162e+02 1.174396e+01
      vertex   1.474015e+02 -1.142842e+02 1.184875e+01
      vertex   1.475264e+02 -1.145137e+02 1.184875e+01
    endloop
  endfacet
  facet normal 8.922864e-02 5.375221e-02 9.945597e-01
    outer loop
      vertex   1.483947e+02 -1.140162e+02 1.174396e+01
      vertex   1.475264e+02 -1.145137e+02 1.184875e+01
      vertex   1.485078e+02 -1.142039e+02 1.174396e+01
    endloop
  endfacet
  facet normal 8.922864e-02 5.375221e-02 9.945597e-01
    outer loop
      vertex   1.485078e+02 -1.142039e+02 1.174396e+01
      vertex   1.475264e+02 -1.145137e+02 1.184875e+01
      vertex   1.476621e+02 -1.147389e+02 1.184875e+01
    endloop
  endfacet
  facet normal 7.753060e-02 3.590344e-02 9.963433e-01
    outer loop
      vertex   1.490349e+02 -1.130529e+02 1.165822e+01
      vertex   1.481095e+02 -1.134339e+02 1.174396e+01
      vertex   1.491797e+02 -1.133657e+02 1.165822e+01
    endloop
  endfacet
  facet normal 7.753060e-02 3.590344e-02 9.963433e-01
    outer loop
      vertex   1.491797e+02 -1.133657e+02 1.165822e+01
      vertex   1.481095e+02 -1.134339e+02 1.174396e+01
      vertex   1.482906e+02 -1.138249e+02 1.174396e+01
    endloop
  endfacet
  facet normal 7.498970e-02 4.082384e-02 9.963483e-01
    outer loop
      vertex   1.491797e+02 -1.133657e+02 1.165822e+01
      vertex   1.482906e+02 -1.138249e+02 1.174396e+01
      vertex   1.492630e+02 -1.135187e+02 1.165822e+01
    endloop
  endfacet
  facet normal 7.498970e-02 4.082384e-02 9.963483e-01
    outer loop
      vertex   1.492630e+02 -1.135187e+02 1.165822e+01
      vertex   1.482906e+02 -1.138249e+02 1.174396e+01
      vertex   1.483947e+02 -1.140162e+02 1.174396e+01
    endloop
  endfacet
  facet normal 7.313657e-02 4.405818e-02 9.963483e-01
    outer loop
      vertex   1.492630e+02 -1.135187e+02 1.165822e+01
      vertex   1.483947e+02 -1.140162e+02 1.174396e+01
      vertex   1.493535e+02 -1.136689e+02 1.165822e+01
    endloop
  endfacet
  facet normal 7.313657e-02 4.405818e-02 9.963483e-01
    outer loop
      vertex   1.493535e+02 -1.136689e+02 1.165822e+01
      vertex   1.483947e+02 -1.140162e+02 1.174396e+01
      vertex   1.485078e+02 -1.142039e+02 1.174396e+01
    endloop
  endfacet
  facet normal 6.038873e-02 2.796526e-02 9.977831e-01
    outer loop
      vertex   1.490349e+02 -1.130529e+02 1.165822e+01
      vertex   1.491797e+02 -1.133657e+02 1.165822e+01
      vertex   1.500689e+02 -1.129065e+02 1.159154e+01
    endloop
  endfacet
  facet normal 5.840950e-02 3.179771e-02 9.977862e-01
    outer loop
      vertex   1.500689e+02 -1.129065e+02 1.159154e+01
      vertex   1.491797e+02 -1.133657e+02 1.165822e+01
      vertex   1.501313e+02 -1.130212e+02 1.159154e+01
    endloop
  endfacet
  facet normal 4.176634e-02 2.273729e-02 9.988687e-01
    outer loop
      vertex   1.500689e+02 -1.129065e+02 1.159154e+01
      vertex   1.501313e+02 -1.130212e+02 1.159154e+01
      vertex   1.509996e+02 -1.125237e+02 1.154391e+01
    endloop
  endfacet
  facet normal 4.073422e-02 2.453869e-02 9.988686e-01
    outer loop
      vertex   1.509996e+02 -1.125237e+02 1.154391e+01
      vertex   1.501313e+02 -1.130212e+02 1.159154e+01
      vertex   1.510449e+02 -1.125988e+02 1.154391e+01
    endloop
  endfacet
  facet normal 2.445823e-02 1.473388e-02 9.995923e-01
    outer loop
      vertex   1.509996e+02 -1.125237e+02 1.154391e+01
      vertex   1.510449e+02 -1.125988e+02 1.154391e+01
      vertex   1.518906e+02 -1.120638e+02 1.151533e+01
    endloop
  endfacet
  facet normal 5.840950e-02 3.179771e-02 9.977862e-01
    outer loop
      vertex   1.501313e+02 -1.130212e+02 1.159154e+01
      vertex   1.491797e+02 -1.133657e+02 1.165822e+01
      vertex   1.492630e+02 -1.135187e+02 1.165822e+01
    endloop
  endfacet
  facet normal 2.592780e-02 1.200684e-02 9.995917e-01
    outer loop
      vertex   1.509580e+02 -1.124472e+02 1.154391e+01
      vertex   1.518471e+02 -1.119880e+02 1.151533e+01
      vertex   1.508856e+02 -1.122908e+02 1.154391e+01
    endloop
  endfacet
  facet normal 2.592780e-02 1.200684e-02 9.995917e-01
    outer loop
      vertex   1.508856e+02 -1.122908e+02 1.154391e+01
      vertex   1.518471e+02 -1.119880e+02 1.151533e+01
      vertex   1.518109e+02 -1.119098e+02 1.151533e+01
    endloop
  endfacet
  facet normal 2.685685e-02 9.750579e-03 9.995917e-01
    outer loop
      vertex   1.508856e+02 -1.122908e+02 1.154391e+01
      vertex   1.518109e+02 -1.119098e+02 1.151533e+01
      vertex   1.508277e+02 -1.121315e+02 1.154391e+01
    endloop
  endfacet
  facet normal 2.507796e-02 1.365226e-02 9.995923e-01
    outer loop
      vertex   1.518471e+02 -1.119880e+02 1.151533e+01
      vertex   1.509580e+02 -1.124472e+02 1.154391e+01
      vertex   1.518679e+02 -1.120262e+02 1.151533e+01
    endloop
  endfacet
  facet normal 4.472896e-02 1.623918e-02 9.988672e-01
    outer loop
      vertex   1.498735e+02 -1.124329e+02 1.159154e+01
      vertex   1.499602e+02 -1.126718e+02 1.159154e+01
      vertex   1.508856e+02 -1.122908e+02 1.154391e+01
    endloop
  endfacet
  facet normal 4.318167e-02 1.999689e-02 9.988671e-01
    outer loop
      vertex   1.508856e+02 -1.122908e+02 1.154391e+01
      vertex   1.499602e+02 -1.126718e+02 1.159154e+01
      vertex   1.509580e+02 -1.124472e+02 1.154391e+01
    endloop
  endfacet
  facet normal 4.472896e-02 1.623918e-02 9.988672e-01
    outer loop
      vertex   1.498735e+02 -1.124329e+02 1.159154e+01
      vertex   1.508856e+02 -1.122908e+02 1.154391e+01
      vertex   1.508277e+02 -1.121315e+02 1.154391e+01
    endloop
  endfacet
  facet normal 9.924909e-02 7.239046e-02 9.924259e-01
    outer loop
      vertex   1.471692e+02 -1.157807e+02 1.197259e+01
      vertex   1.479645e+02 -1.151733e+02 1.184875e+01
      vertex   1.469869e+02 -1.155307e+02 1.197259e+01
    endloop
  endfacet
  facet normal 9.924909e-02 7.239046e-02 9.924259e-01
    outer loop
      vertex   1.469869e+02 -1.155307e+02 1.197259e+01
      vertex   1.479645e+02 -1.151733e+02 1.184875e+01
      vertex   1.478082e+02 -1.149590e+02 1.184875e+01
    endloop
  endfacet
  facet normal 8.416057e-02 6.138518e-02 9.945596e-01
    outer loop
      vertex   1.479645e+02 -1.151733e+02 1.184875e+01
      vertex   1.487598e+02 -1.145659e+02 1.174396e+01
      vertex   1.478082e+02 -1.149590e+02 1.184875e+01
    endloop
  endfacet
  facet normal 8.416057e-02 6.138518e-02 9.945596e-01
    outer loop
      vertex   1.478082e+02 -1.149590e+02 1.184875e+01
      vertex   1.487598e+02 -1.145659e+02 1.174396e+01
      vertex   1.486296e+02 -1.143873e+02 1.174396e+01
    endloop
  endfacet
  facet normal 6.898251e-02 5.031457e-02 9.963483e-01
    outer loop
      vertex   1.487598e+02 -1.145659e+02 1.174396e+01
      vertex   1.495551e+02 -1.139585e+02 1.165822e+01
      vertex   1.486296e+02 -1.143873e+02 1.174396e+01
    endloop
  endfacet
  facet normal 6.898251e-02 5.031457e-02 9.963483e-01
    outer loop
      vertex   1.486296e+02 -1.143873e+02 1.174396e+01
      vertex   1.495551e+02 -1.139585e+02 1.165822e+01
      vertex   1.494509e+02 -1.138156e+02 1.165822e+01
    endloop
  endfacet
  facet normal 5.373050e-02 3.919004e-02 9.977861e-01
    outer loop
      vertex   1.495551e+02 -1.139585e+02 1.165822e+01
      vertex   1.503504e+02 -1.133510e+02 1.159154e+01
      vertex   1.494509e+02 -1.138156e+02 1.165822e+01
    endloop
  endfacet
  facet normal 5.373050e-02 3.919004e-02 9.977861e-01
    outer loop
      vertex   1.494509e+02 -1.138156e+02 1.165822e+01
      vertex   1.503504e+02 -1.133510e+02 1.159154e+01
      vertex   1.502722e+02 -1.132439e+02 1.159154e+01
    endloop
  endfacet
  facet normal 2.306904e-02 1.682613e-02 9.995923e-01
    outer loop
      vertex   1.519410e+02 -1.121362e+02 1.151533e+01
      vertex   1.519149e+02 -1.121005e+02 1.151533e+01
      vertex   1.510936e+02 -1.126722e+02 1.154391e+01
    endloop
  endfacet
  facet normal 3.842057e-02 2.802326e-02 9.988686e-01
    outer loop
      vertex   1.503504e+02 -1.133510e+02 1.159154e+01
      vertex   1.511457e+02 -1.127436e+02 1.154391e+01
      vertex   1.502722e+02 -1.132439e+02 1.159154e+01
    endloop
  endfacet
  facet normal 3.842057e-02 2.802326e-02 9.988686e-01
    outer loop
      vertex   1.502722e+02 -1.132439e+02 1.159154e+01
      vertex   1.511457e+02 -1.127436e+02 1.154391e+01
      vertex   1.510936e+02 -1.126722e+02 1.154391e+01
    endloop
  endfacet
  facet normal 2.306904e-02 1.682613e-02 9.995923e-01
    outer loop
      vertex   1.511457e+02 -1.127436e+02 1.154391e+01
      vertex   1.519410e+02 -1.121362e+02 1.151533e+01
      vertex   1.510936e+02 -1.126722e+02 1.154391e+01
    endloop
  endfacet
  facet normal 5.696610e-02 3.431694e-02 9.977862e-01
    outer loop
      vertex   1.492630e+02 -1.135187e+02 1.165822e+01
      vertex   1.493535e+02 -1.136689e+02 1.165822e+01
      vertex   1.501992e+02 -1.131338e+02 1.159154e+01
    endloop
  endfacet
  facet normal 5.696610e-02 3.431694e-02 9.977862e-01
    outer loop
      vertex   1.492630e+02 -1.135187e+02 1.165822e+01
      vertex   1.501992e+02 -1.131338e+02 1.159154e+01
      vertex   1.501313e+02 -1.130212e+02 1.159154e+01
    endloop
  endfacet
  facet normal 4.073422e-02 2.453869e-02 9.988686e-01
    outer loop
      vertex   1.501313e+02 -1.130212e+02 1.159154e+01
      vertex   1.501992e+02 -1.131338e+02 1.159154e+01
      vertex   1.510449e+02 -1.125988e+02 1.154391e+01
    endloop
  endfacet
  facet normal 1.063587e-01 6.407154e-02 9.922614e-01
    outer loop
      vertex   1.476621e+02 -1.147389e+02 1.184875e+01
      vertex   1.475264e+02 -1.145137e+02 1.184875e+01
      vertex   1.468647e+02 -1.154637e+02 1.198102e+01
    endloop
  endfacet
  facet normal 1.112949e-01 6.058814e-02 9.919388e-01
    outer loop
      vertex   1.468647e+02 -1.154637e+02 1.198102e+01
      vertex   1.475264e+02 -1.145137e+02 1.184875e+01
      vertex   1.474015e+02 -1.142842e+02 1.184875e+01
    endloop
  endfacet
  facet normal 9.245540e-02 8.088778e-02 9.924259e-01
    outer loop
      vertex   1.481306e+02 -1.153811e+02 1.184875e+01
      vertex   1.473630e+02 -1.160231e+02 1.197259e+01
      vertex   1.483061e+02 -1.155817e+02 1.184875e+01
    endloop
  endfacet
  facet normal 9.245540e-02 8.088778e-02 9.924259e-01
    outer loop
      vertex   1.483061e+02 -1.155817e+02 1.184875e+01
      vertex   1.473630e+02 -1.160231e+02 1.197259e+01
      vertex   1.475678e+02 -1.162572e+02 1.197259e+01
    endloop
  endfacet
  facet normal 7.839970e-02 6.859067e-02 9.945596e-01
    outer loop
      vertex   1.488982e+02 -1.147390e+02 1.174396e+01
      vertex   1.481306e+02 -1.153811e+02 1.184875e+01
      vertex   1.490445e+02 -1.149062e+02 1.174396e+01
    endloop
  endfacet
  facet normal 7.839970e-02 6.859067e-02 9.945596e-01
    outer loop
      vertex   1.490445e+02 -1.149062e+02 1.174396e+01
      vertex   1.481306e+02 -1.153811e+02 1.184875e+01
      vertex   1.483061e+02 -1.155817e+02 1.184875e+01
    endloop
  endfacet
  facet normal 6.426059e-02 5.622058e-02 9.963482e-01
    outer loop
      vertex   1.496658e+02 -1.140970e+02 1.165822e+01
      vertex   1.488982e+02 -1.147390e+02 1.174396e+01
      vertex   1.497828e+02 -1.142307e+02 1.165822e+01
    endloop
  endfacet
  facet normal 6.426059e-02 5.622058e-02 9.963482e-01
    outer loop
      vertex   1.497828e+02 -1.142307e+02 1.165822e+01
      vertex   1.488982e+02 -1.147390e+02 1.174396e+01
      vertex   1.490445e+02 -1.149062e+02 1.174396e+01
    endloop
  endfacet
  facet normal 5.005260e-02 4.379023e-02 9.977861e-01
    outer loop
      vertex   1.504334e+02 -1.134549e+02 1.159154e+01
      vertex   1.496658e+02 -1.140970e+02 1.165822e+01
      vertex   1.505212e+02 -1.135552e+02 1.159154e+01
    endloop
  endfacet
  facet normal 5.005260e-02 4.379023e-02 9.977861e-01
    outer loop
      vertex   1.505212e+02 -1.135552e+02 1.159154e+01
      vertex   1.496658e+02 -1.140970e+02 1.165822e+01
      vertex   1.497828e+02 -1.142307e+02 1.165822e+01
    endloop
  endfacet
  facet normal 3.579064e-02 3.131267e-02 9.988686e-01
    outer loop
      vertex   1.512010e+02 -1.128129e+02 1.154391e+01
      vertex   1.504334e+02 -1.134549e+02 1.159154e+01
      vertex   1.512595e+02 -1.128797e+02 1.154391e+01
    endloop
  endfacet
  facet normal 3.579064e-02 3.131267e-02 9.988686e-01
    outer loop
      vertex   1.512595e+02 -1.128797e+02 1.154391e+01
      vertex   1.504334e+02 -1.134549e+02 1.159154e+01
      vertex   1.505212e+02 -1.135552e+02 1.159154e+01
    endloop
  endfacet
  facet normal 2.148994e-02 1.880122e-02 9.995923e-01
    outer loop
      vertex   1.519686e+02 -1.121708e+02 1.151533e+01
      vertex   1.512010e+02 -1.128129e+02 1.154391e+01
      vertex   1.519979e+02 -1.122042e+02 1.151533e+01
    endloop
  endfacet
  facet normal 2.148994e-02 1.880122e-02 9.995923e-01
    outer loop
      vertex   1.519979e+02 -1.122042e+02 1.151533e+01
      vertex   1.512010e+02 -1.128129e+02 1.154391e+01
      vertex   1.512595e+02 -1.128797e+02 1.154391e+01
    endloop
  endfacet
  facet normal 8.491436e-02 8.877175e-02 9.924259e-01
    outer loop
      vertex   1.477828e+02 -1.164819e+02 1.197259e+01
      vertex   1.480079e+02 -1.166972e+02 1.197259e+01
      vertex   1.484904e+02 -1.157744e+02 1.184875e+01
    endloop
  endfacet
  facet normal 8.491415e-02 8.877186e-02 9.924259e-01
    outer loop
      vertex   1.484904e+02 -1.157744e+02 1.184875e+01
      vertex   1.480079e+02 -1.166972e+02 1.197259e+01
      vertex   1.486833e+02 -1.159589e+02 1.184875e+01
    endloop
  endfacet
  facet normal 7.200496e-02 7.527619e-02 9.945596e-01
    outer loop
      vertex   1.484904e+02 -1.157744e+02 1.184875e+01
      vertex   1.486833e+02 -1.159589e+02 1.184875e+01
      vertex   1.491981e+02 -1.150668e+02 1.174396e+01
    endloop
  endfacet
  facet normal 7.200478e-02 7.527630e-02 9.945596e-01
    outer loop
      vertex   1.491981e+02 -1.150668e+02 1.174396e+01
      vertex   1.486833e+02 -1.159589e+02 1.184875e+01
      vertex   1.493588e+02 -1.152205e+02 1.174396e+01
    endloop
  endfacet
  facet normal 5.901899e-02 6.170050e-02 9.963482e-01
    outer loop
      vertex   1.491981e+02 -1.150668e+02 1.174396e+01
      vertex   1.493588e+02 -1.152205e+02 1.174396e+01
      vertex   1.499057e+02 -1.143592e+02 1.165822e+01
    endloop
  endfacet
  facet normal 5.901885e-02 6.170059e-02 9.963482e-01
    outer loop
      vertex   1.499057e+02 -1.143592e+02 1.165822e+01
      vertex   1.493588e+02 -1.152205e+02 1.174396e+01
      vertex   1.500343e+02 -1.144822e+02 1.165822e+01
    endloop
  endfacet
  facet normal 4.596981e-02 4.805863e-02 9.977861e-01
    outer loop
      vertex   1.499057e+02 -1.143592e+02 1.165822e+01
      vertex   1.500343e+02 -1.144822e+02 1.165822e+01
      vertex   1.506134e+02 -1.136516e+02 1.159154e+01
    endloop
  endfacet
  facet normal 4.596971e-02 4.805870e-02 9.977861e-01
    outer loop
      vertex   1.506134e+02 -1.136516e+02 1.159154e+01
      vertex   1.500343e+02 -1.144822e+02 1.165822e+01
      vertex   1.507098e+02 -1.137438e+02 1.159154e+01
    endloop
  endfacet
  facet normal 3.287114e-02 3.436489e-02 9.988686e-01
    outer loop
      vertex   1.506134e+02 -1.136516e+02 1.159154e+01
      vertex   1.507098e+02 -1.137438e+02 1.159154e+01
      vertex   1.513210e+02 -1.129440e+02 1.154391e+01
    endloop
  endfacet
  facet normal 3.287106e-02 3.436495e-02 9.988686e-01
    outer loop
      vertex   1.513210e+02 -1.129440e+02 1.154391e+01
      vertex   1.507098e+02 -1.137438e+02 1.159154e+01
      vertex   1.513853e+02 -1.130055e+02 1.154391e+01
    endloop
  endfacet
  facet normal 1.973693e-02 2.063391e-02 9.995923e-01
    outer loop
      vertex   1.513210e+02 -1.129440e+02 1.154391e+01
      vertex   1.513853e+02 -1.130055e+02 1.154391e+01
      vertex   1.520286e+02 -1.122364e+02 1.151533e+01
    endloop
  endfacet
  facet normal 1.973689e-02 2.063394e-02 9.995923e-01
    outer loop
      vertex   1.520286e+02 -1.122364e+02 1.151533e+01
      vertex   1.513853e+02 -1.130055e+02 1.154391e+01
      vertex   1.520608e+02 -1.122671e+02 1.151533e+01
    endloop
  endfacet
  facet normal 8.088776e-02 9.245541e-02 9.924259e-01
    outer loop
      vertex   1.486833e+02 -1.159589e+02 1.184875e+01
      vertex   1.480079e+02 -1.166972e+02 1.197259e+01
      vertex   1.488839e+02 -1.161344e+02 1.184875e+01
    endloop
  endfacet
  facet normal 8.088776e-02 9.245541e-02 9.924259e-01
    outer loop
      vertex   1.488839e+02 -1.161344e+02 1.184875e+01
      vertex   1.480079e+02 -1.166972e+02 1.197259e+01
      vertex   1.482419e+02 -1.169020e+02 1.197259e+01
    endloop
  endfacet
  facet normal 7.670914e-02 9.595058e-02 9.924259e-01
    outer loop
      vertex   1.488839e+02 -1.161344e+02 1.184875e+01
      vertex   1.482419e+02 -1.169020e+02 1.197259e+01
      vertex   1.490917e+02 -1.163005e+02 1.184875e+01
    endloop
  endfacet
  facet normal 7.670914e-02 9.595058e-02 9.924259e-01
    outer loop
      vertex   1.490917e+02 -1.163005e+02 1.184875e+01
      vertex   1.482419e+02 -1.169020e+02 1.197259e+01
      vertex   1.484843e+02 -1.170958e+02 1.197259e+01
    endloop
  endfacet
  facet normal 7.239044e-02 9.924911e-02 9.924259e-01
    outer loop
      vertex   1.490917e+02 -1.163005e+02 1.184875e+01
      vertex   1.484843e+02 -1.170958e+02 1.197259e+01
      vertex   1.493060e+02 -1.164568e+02 1.184875e+01
    endloop
  endfacet
  facet normal 6.859066e-02 7.839972e-02 9.945596e-01
    outer loop
      vertex   1.493588e+02 -1.152205e+02 1.174396e+01
      vertex   1.486833e+02 -1.159589e+02 1.184875e+01
      vertex   1.495260e+02 -1.153668e+02 1.174396e+01
    endloop
  endfacet
  facet normal 6.859066e-02 7.839972e-02 9.945596e-01
    outer loop
      vertex   1.495260e+02 -1.153668e+02 1.174396e+01
      vertex   1.486833e+02 -1.159589e+02 1.184875e+01
      vertex   1.488839e+02 -1.161344e+02 1.184875e+01
    endloop
  endfacet
  facet normal 6.504729e-02 8.136352e-02 9.945596e-01
    outer loop
      vertex   1.495260e+02 -1.153668e+02 1.174396e+01
      vertex   1.488839e+02 -1.161344e+02 1.184875e+01
      vertex   1.496991e+02 -1.155052e+02 1.174396e+01
    endloop
  endfacet
  facet normal 6.504729e-02 8.136352e-02 9.945596e-01
    outer loop
      vertex   1.496991e+02 -1.155052e+02 1.174396e+01
      vertex   1.488839e+02 -1.161344e+02 1.184875e+01
      vertex   1.490917e+02 -1.163005e+02 1.184875e+01
    endloop
  endfacet
  facet normal 6.138516e-02 8.416059e-02 9.945596e-01
    outer loop
      vertex   1.496991e+02 -1.155052e+02 1.174396e+01
      vertex   1.490917e+02 -1.163005e+02 1.184875e+01
      vertex   1.498777e+02 -1.156354e+02 1.174396e+01
    endloop
  endfacet
  facet normal 6.138516e-02 8.416059e-02 9.945596e-01
    outer loop
      vertex   1.498777e+02 -1.156354e+02 1.174396e+01
      vertex   1.490917e+02 -1.163005e+02 1.184875e+01
      vertex   1.493060e+02 -1.164568e+02 1.184875e+01
    endloop
  endfacet
  facet normal 5.761604e-02 8.678418e-02 9.945597e-01
    outer loop
      vertex   1.498777e+02 -1.156354e+02 1.174396e+01
      vertex   1.493060e+02 -1.164568e+02 1.184875e+01
      vertex   1.500611e+02 -1.157572e+02 1.174396e+01
    endloop
  endfacet
  facet normal 5.622057e-02 6.426060e-02 9.963482e-01
    outer loop
      vertex   1.500343e+02 -1.144822e+02 1.165822e+01
      vertex   1.493588e+02 -1.152205e+02 1.174396e+01
      vertex   1.501680e+02 -1.145992e+02 1.165822e+01
    endloop
  endfacet
  facet normal 5.622057e-02 6.426060e-02 9.963482e-01
    outer loop
      vertex   1.501680e+02 -1.145992e+02 1.165822e+01
      vertex   1.493588e+02 -1.152205e+02 1.174396e+01
      vertex   1.495260e+02 -1.153668e+02 1.174396e+01
    endloop
  endfacet
  facet normal 5.331624e-02 6.668989e-02 9.963483e-01
    outer loop
      vertex   1.501680e+02 -1.145992e+02 1.165822e+01
      vertex   1.495260e+02 -1.153668e+02 1.174396e+01
      vertex   1.503065e+02 -1.147099e+02 1.165822e+01
    endloop
  endfacet
  facet normal 5.331624e-02 6.668989e-02 9.963483e-01
    outer loop
      vertex   1.503065e+02 -1.147099e+02 1.165822e+01
      vertex   1.495260e+02 -1.153668e+02 1.174396e+01
      vertex   1.496991e+02 -1.155052e+02 1.174396e+01
    endloop
  endfacet
  facet normal 5.031456e-02 6.898252e-02 9.963483e-01
    outer loop
      vertex   1.503065e+02 -1.147099e+02 1.165822e+01
      vertex   1.496991e+02 -1.155052e+02 1.174396e+01
      vertex   1.504494e+02 -1.148141e+02 1.165822e+01
    endloop
  endfacet
  facet normal 5.031456e-02 6.898252e-02 9.963483e-01
    outer loop
      vertex   1.504494e+02 -1.148141e+02 1.165822e+01
      vertex   1.496991e+02 -1.155052e+02 1.174396e+01
      vertex   1.498777e+02 -1.156354e+02 1.174396e+01
    endloop
  endfacet
  facet normal 4.722519e-02 7.113295e-02 9.963483e-01
    outer loop
      vertex   1.504494e+02 -1.148141e+02 1.165822e+01
      vertex   1.498777e+02 -1.156354e+02 1.174396e+01
      vertex   1.505961e+02 -1.149115e+02 1.165822e+01
    endloop
  endfacet
  facet normal 4.722519e-02 7.113295e-02 9.963483e-01
    outer loop
      vertex   1.505961e+02 -1.149115e+02 1.165822e+01
      vertex   1.498777e+02 -1.156354e+02 1.174396e+01
      vertex   1.500611e+02 -1.157572e+02 1.174396e+01
    endloop
  endfacet
  facet normal 4.405817e-02 7.313658e-02 9.963483e-01
    outer loop
      vertex   1.505961e+02 -1.149115e+02 1.165822e+01
      vertex   1.500611e+02 -1.157572e+02 1.174396e+01
      vertex   1.507463e+02 -1.150020e+02 1.165822e+01
    endloop
  endfacet
  facet normal 4.379022e-02 5.005261e-02 9.977861e-01
    outer loop
      vertex   1.507098e+02 -1.137438e+02 1.159154e+01
      vertex   1.500343e+02 -1.144822e+02 1.165822e+01
      vertex   1.508101e+02 -1.138316e+02 1.159154e+01
    endloop
  endfacet
  facet normal 4.379022e-02 5.005261e-02 9.977861e-01
    outer loop
      vertex   1.508101e+02 -1.138316e+02 1.159154e+01
      vertex   1.500343e+02 -1.144822e+02 1.165822e+01
      vertex   1.501680e+02 -1.145992e+02 1.165822e+01
    endloop
  endfacet
  facet normal 4.152804e-02 5.194478e-02 9.977861e-01
    outer loop
      vertex   1.508101e+02 -1.138316e+02 1.159154e+01
      vertex   1.501680e+02 -1.145992e+02 1.165822e+01
      vertex   1.509140e+02 -1.139146e+02 1.159154e+01
    endloop
  endfacet
  facet normal 4.152804e-02 5.194478e-02 9.977861e-01
    outer loop
      vertex   1.509140e+02 -1.139146e+02 1.159154e+01
      vertex   1.501680e+02 -1.145992e+02 1.165822e+01
      vertex   1.503065e+02 -1.147099e+02 1.165822e+01
    endloop
  endfacet
  facet normal 3.919003e-02 5.373051e-02 9.977861e-01
    outer loop
      vertex   1.509140e+02 -1.139146e+02 1.159154e+01
      vertex   1.503065e+02 -1.147099e+02 1.165822e+01
      vertex   1.510211e+02 -1.139928e+02 1.159154e+01
    endloop
  endfacet
  facet normal 3.919003e-02 5.373051e-02 9.977861e-01
    outer loop
      vertex   1.510211e+02 -1.139928e+02 1.159154e+01
      vertex   1.503065e+02 -1.147099e+02 1.165822e+01
      vertex   1.504494e+02 -1.148141e+02 1.165822e+01
    endloop
  endfacet
  facet normal 3.678372e-02 5.540548e-02 9.977861e-01
    outer loop
      vertex   1.510211e+02 -1.139928e+02 1.159154e+01
      vertex   1.504494e+02 -1.148141e+02 1.165822e+01
      vertex   1.511312e+02 -1.140658e+02 1.159154e+01
    endloop
  endfacet
  facet normal 3.678372e-02 5.540548e-02 9.977861e-01
    outer loop
      vertex   1.511312e+02 -1.140658e+02 1.159154e+01
      vertex   1.504494e+02 -1.148141e+02 1.165822e+01
      vertex   1.505961e+02 -1.149115e+02 1.165822e+01
    endloop
  endfacet
  facet normal 3.431692e-02 5.696611e-02 9.977862e-01
    outer loop
      vertex   1.511312e+02 -1.140658e+02 1.159154e+01
      vertex   1.505961e+02 -1.149115e+02 1.165822e+01
      vertex   1.512438e+02 -1.141337e+02 1.159154e+01
    endloop
  endfacet
  facet normal 3.431692e-02 5.696611e-02 9.977862e-01
    outer loop
      vertex   1.512438e+02 -1.141337e+02 1.159154e+01
      vertex   1.505961e+02 -1.149115e+02 1.165822e+01
      vertex   1.507463e+02 -1.150020e+02 1.165822e+01
    endloop
  endfacet
  facet normal 3.179769e-02 5.840951e-02 9.977862e-01
    outer loop
      vertex   1.512438e+02 -1.141337e+02 1.159154e+01
      vertex   1.507463e+02 -1.150020e+02 1.165822e+01
      vertex   1.513585e+02 -1.141961e+02 1.159154e+01
    endloop
  endfacet
  facet normal 1.880121e-02 2.148995e-02 9.995923e-01
    outer loop
      vertex   1.520942e+02 -1.122964e+02 1.151533e+01
      vertex   1.520608e+02 -1.122671e+02 1.151533e+01
      vertex   1.513853e+02 -1.130055e+02 1.154391e+01
    endloop
  endfacet
  facet normal 3.131267e-02 3.579065e-02 9.988686e-01
    outer loop
      vertex   1.513853e+02 -1.130055e+02 1.154391e+01
      vertex   1.507098e+02 -1.137438e+02 1.159154e+01
      vertex   1.514521e+02 -1.130640e+02 1.154391e+01
    endloop
  endfacet
  facet normal 3.131267e-02 3.579065e-02 9.988686e-01
    outer loop
      vertex   1.514521e+02 -1.130640e+02 1.154391e+01
      vertex   1.507098e+02 -1.137438e+02 1.159154e+01
      vertex   1.508101e+02 -1.138316e+02 1.159154e+01
    endloop
  endfacet
  facet normal 2.969507e-02 3.714367e-02 9.988686e-01
    outer loop
      vertex   1.514521e+02 -1.130640e+02 1.154391e+01
      vertex   1.508101e+02 -1.138316e+02 1.159154e+01
      vertex   1.515214e+02 -1.131193e+02 1.154391e+01
    endloop
  endfacet
  facet normal 2.969507e-02 3.714367e-02 9.988686e-01
    outer loop
      vertex   1.515214e+02 -1.131193e+02 1.154391e+01
      vertex   1.508101e+02 -1.138316e+02 1.159154e+01
      vertex   1.509140e+02 -1.139146e+02 1.159154e+01
    endloop
  endfacet
  facet normal 2.802325e-02 3.842057e-02 9.988686e-01
    outer loop
      vertex   1.515214e+02 -1.131193e+02 1.154391e+01
      vertex   1.509140e+02 -1.139146e+02 1.159154e+01
      vertex   1.515928e+02 -1.131714e+02 1.154391e+01
    endloop
  endfacet
  facet normal 2.802325e-02 3.842057e-02 9.988686e-01
    outer loop
      vertex   1.515928e+02 -1.131714e+02 1.154391e+01
      vertex   1.509140e+02 -1.139146e+02 1.159154e+01
      vertex   1.510211e+02 -1.139928e+02 1.159154e+01
    endloop
  endfacet
  facet normal 2.630259e-02 3.961828e-02 9.988686e-01
    outer loop
      vertex   1.515928e+02 -1.131714e+02 1.154391e+01
      vertex   1.510211e+02 -1.139928e+02 1.159154e+01
      vertex   1.516662e+02 -1.132201e+02 1.154391e+01
    endloop
  endfacet
  facet normal 2.630259e-02 3.961828e-02 9.988686e-01
    outer loop
      vertex   1.516662e+02 -1.132201e+02 1.154391e+01
      vertex   1.510211e+02 -1.139928e+02 1.159154e+01
      vertex   1.511312e+02 -1.140658e+02 1.159154e+01
    endloop
  endfacet
  facet normal 2.453868e-02 4.073422e-02 9.988686e-01
    outer loop
      vertex   1.516662e+02 -1.132201e+02 1.154391e+01
      vertex   1.511312e+02 -1.140658e+02 1.159154e+01
      vertex   1.517413e+02 -1.132654e+02 1.154391e+01
    endloop
  endfacet
  facet normal 2.453868e-02 4.073422e-02 9.988686e-01
    outer loop
      vertex   1.517413e+02 -1.132654e+02 1.154391e+01
      vertex   1.511312e+02 -1.140658e+02 1.159154e+01
      vertex   1.512438e+02 -1.141337e+02 1.159154e+01
    endloop
  endfacet
  facet normal 2.273728e-02 4.176634e-02 9.988687e-01
    outer loop
      vertex   1.517413e+02 -1.132654e+02 1.154391e+01
      vertex   1.512438e+02 -1.141337e+02 1.159154e+01
      vertex   1.518178e+02 -1.133070e+02 1.154391e+01
    endloop
  endfacet
  facet normal 2.273728e-02 4.176634e-02 9.988687e-01
    outer loop
      vertex   1.518178e+02 -1.133070e+02 1.154391e+01
      vertex   1.512438e+02 -1.141337e+02 1.159154e+01
      vertex   1.513585e+02 -1.141961e+02 1.159154e+01
    endloop
  endfacet
  facet normal 1.999688e-02 4.318168e-02 9.988671e-01
    outer loop
      vertex   1.518178e+02 -1.133070e+02 1.154391e+01
      vertex   1.513585e+02 -1.141961e+02 1.159154e+01
      vertex   1.519742e+02 -1.133794e+02 1.154391e+01
    endloop
  endfacet
  facet normal 1.782995e-02 2.230235e-02 9.995923e-01
    outer loop
      vertex   1.521288e+02 -1.123240e+02 1.151533e+01
      vertex   1.520942e+02 -1.122964e+02 1.151533e+01
      vertex   1.514521e+02 -1.130640e+02 1.154391e+01
    endloop
  endfacet
  facet normal 1.880121e-02 2.148995e-02 9.995923e-01
    outer loop
      vertex   1.514521e+02 -1.130640e+02 1.154391e+01
      vertex   1.520942e+02 -1.122964e+02 1.151533e+01
      vertex   1.513853e+02 -1.130055e+02 1.154391e+01
    endloop
  endfacet
  facet normal 1.782995e-02 2.230235e-02 9.995923e-01
    outer loop
      vertex   1.521288e+02 -1.123240e+02 1.151533e+01
      vertex   1.514521e+02 -1.130640e+02 1.154391e+01
      vertex   1.515214e+02 -1.131193e+02 1.154391e+01
    endloop
  endfacet
  facet normal 1.579299e-02 2.378819e-02 9.995923e-01
    outer loop
      vertex   1.521645e+02 -1.123501e+02 1.151533e+01
      vertex   1.515928e+02 -1.131714e+02 1.154391e+01
      vertex   1.522012e+02 -1.123744e+02 1.151533e+01
    endloop
  endfacet
  facet normal 1.579299e-02 2.378819e-02 9.995923e-01
    outer loop
      vertex   1.522012e+02 -1.123744e+02 1.151533e+01
      vertex   1.515928e+02 -1.131714e+02 1.154391e+01
      vertex   1.516662e+02 -1.132201e+02 1.154391e+01
    endloop
  endfacet
  facet normal 1.473388e-02 2.445824e-02 9.995923e-01
    outer loop
      vertex   1.522012e+02 -1.123744e+02 1.151533e+01
      vertex   1.516662e+02 -1.132201e+02 1.154391e+01
      vertex   1.522388e+02 -1.123971e+02 1.151533e+01
    endloop
  endfacet
  facet normal 1.473388e-02 2.445824e-02 9.995923e-01
    outer loop
      vertex   1.522388e+02 -1.123971e+02 1.151533e+01
      vertex   1.516662e+02 -1.132201e+02 1.154391e+01
      vertex   1.517413e+02 -1.132654e+02 1.154391e+01
    endloop
  endfacet
  facet normal 1.365225e-02 2.507796e-02 9.995923e-01
    outer loop
      vertex   1.522388e+02 -1.123971e+02 1.151533e+01
      vertex   1.517413e+02 -1.132654e+02 1.154391e+01
      vertex   1.522770e+02 -1.124179e+02 1.151533e+01
    endloop
  endfacet
  facet normal 1.365225e-02 2.507796e-02 9.995923e-01
    outer loop
      vertex   1.522770e+02 -1.124179e+02 1.151533e+01
      vertex   1.517413e+02 -1.132654e+02 1.154391e+01
      vertex   1.518178e+02 -1.133070e+02 1.154391e+01
    endloop
  endfacet
  facet normal 1.200683e-02 2.592780e-02 9.995917e-01
    outer loop
      vertex   1.522770e+02 -1.124179e+02 1.151533e+01
      vertex   1.518178e+02 -1.133070e+02 1.154391e+01
      vertex   1.523552e+02 -1.124541e+02 1.151533e+01
    endloop
  endfacet
  facet normal 1.200683e-02 2.592780e-02 9.995917e-01
    outer loop
      vertex   1.523552e+02 -1.124541e+02 1.151533e+01
      vertex   1.518178e+02 -1.133070e+02 1.154391e+01
      vertex   1.519742e+02 -1.133794e+02 1.154391e+01
    endloop
  endfacet
  facet normal 9.750573e-03 2.685685e-02 9.995917e-01
    outer loop
      vertex   1.523552e+02 -1.124541e+02 1.151533e+01
      vertex   1.519742e+02 -1.133794e+02 1.154391e+01
      vertex   1.524349e+02 -1.124830e+02 1.151533e+01
    endloop
  endfacet
  facet normal 1.682613e-02 2.306904e-02 9.995923e-01
    outer loop
      vertex   1.521288e+02 -1.123240e+02 1.151533e+01
      vertex   1.515214e+02 -1.131193e+02 1.154391e+01
      vertex   1.521645e+02 -1.123501e+02 1.151533e+01
    endloop
  endfacet
  facet normal 1.682613e-02 2.306904e-02 9.995923e-01
    outer loop
      vertex   1.521645e+02 -1.123501e+02 1.151533e+01
      vertex   1.515214e+02 -1.131193e+02 1.154391e+01
      vertex   1.515928e+02 -1.131714e+02 1.154391e+01
    endloop
  endfacet
  facet normal 2.796525e-02 6.038874e-02 9.977831e-01
    outer loop
      vertex   1.515932e+02 -1.143048e+02 1.159154e+01
      vertex   1.508993e+02 -1.150853e+02 1.165822e+01
      vertex   1.512121e+02 -1.152301e+02 1.165822e+01
    endloop
  endfacet
  facet normal 3.590343e-02 7.753061e-02 9.963433e-01
    outer loop
      vertex   1.512121e+02 -1.152301e+02 1.165822e+01
      vertex   1.508993e+02 -1.150853e+02 1.165822e+01
      vertex   1.504401e+02 -1.159744e+02 1.174396e+01
    endloop
  endfacet
  facet normal 4.980620e-02 9.148953e-02 9.945597e-01
    outer loop
      vertex   1.497513e+02 -1.167386e+02 1.184875e+01
      vertex   1.504401e+02 -1.159744e+02 1.174396e+01
      vertex   1.502488e+02 -1.158703e+02 1.174396e+01
    endloop
  endfacet
  facet normal 4.082383e-02 7.498971e-02 9.963483e-01
    outer loop
      vertex   1.502488e+02 -1.158703e+02 1.174396e+01
      vertex   1.504401e+02 -1.159744e+02 1.174396e+01
      vertex   1.508993e+02 -1.150853e+02 1.165822e+01
    endloop
  endfacet
  facet normal 5.375219e-02 8.922865e-02 9.945597e-01
    outer loop
      vertex   1.502488e+02 -1.158703e+02 1.174396e+01
      vertex   1.495261e+02 -1.166029e+02 1.184875e+01
      vertex   1.497513e+02 -1.167386e+02 1.184875e+01
    endloop
  endfacet
  facet normal 3.557185e-02 9.797863e-02 9.945526e-01
    outer loop
      vertex   1.508311e+02 -1.161555e+02 1.174396e+01
      vertex   1.504501e+02 -1.170808e+02 1.184875e+01
      vertex   1.512293e+02 -1.163001e+02 1.174396e+01
    endloop
  endfacet
  facet normal 3.557185e-02 9.797863e-02 9.945526e-01
    outer loop
      vertex   1.512293e+02 -1.163001e+02 1.174396e+01
      vertex   1.504501e+02 -1.170808e+02 1.184875e+01
      vertex   1.509280e+02 -1.172543e+02 1.184875e+01
    endloop
  endfacet
  facet normal 2.724136e-02 1.006097e-01 9.945530e-01
    outer loop
      vertex   1.512293e+02 -1.163001e+02 1.174396e+01
      vertex   1.509280e+02 -1.172543e+02 1.184875e+01
      vertex   1.516300e+02 -1.164085e+02 1.174396e+01
    endloop
  endfacet
  facet normal 1.623918e-02 4.472897e-02 9.988672e-01
    outer loop
      vertex   1.521335e+02 -1.134373e+02 1.154391e+01
      vertex   1.515932e+02 -1.143048e+02 1.159154e+01
      vertex   1.518321e+02 -1.143915e+02 1.159154e+01
    endloop
  endfacet
  facet normal 2.271018e-02 6.255260e-02 9.977833e-01
    outer loop
      vertex   1.518321e+02 -1.143915e+02 1.159154e+01
      vertex   1.515932e+02 -1.143048e+02 1.159154e+01
      vertex   1.512121e+02 -1.152301e+02 1.165822e+01
    endloop
  endfacet
  facet normal 5.182737e-03 2.809590e-02 9.995918e-01
    outer loop
      vertex   1.525947e+02 -1.125194e+02 1.151533e+01
      vertex   1.525150e+02 -1.125047e+02 1.151533e+01
      vertex   1.522937e+02 -1.134807e+02 1.154391e+01
    endloop
  endfacet
  facet normal 7.467107e-03 2.757803e-02 9.995918e-01
    outer loop
      vertex   1.522937e+02 -1.134807e+02 1.154391e+01
      vertex   1.525150e+02 -1.125047e+02 1.151533e+01
      vertex   1.521335e+02 -1.134373e+02 1.154391e+01
    endloop
  endfacet
  facet normal 1.243616e-02 4.593006e-02 9.988672e-01
    outer loop
      vertex   1.522937e+02 -1.134807e+02 1.154391e+01
      vertex   1.521335e+02 -1.134373e+02 1.154391e+01
      vertex   1.518321e+02 -1.143915e+02 1.159154e+01
    endloop
  endfacet
  facet normal 8.631634e-03 4.679256e-02 9.988673e-01
    outer loop
      vertex   1.523117e+02 -1.145007e+02 1.159154e+01
      vertex   1.524532e+02 -1.135101e+02 1.154391e+01
      vertex   1.520725e+02 -1.144566e+02 1.159154e+01
    endloop
  endfacet
  facet normal 1.207118e-02 6.543851e-02 9.977836e-01
    outer loop
      vertex   1.521702e+02 -1.154914e+02 1.165822e+01
      vertex   1.523117e+02 -1.145007e+02 1.159154e+01
      vertex   1.518512e+02 -1.154326e+02 1.165822e+01
    endloop
  endfacet
  facet normal 1.207118e-02 6.543851e-02 9.977836e-01
    outer loop
      vertex   1.518512e+02 -1.154326e+02 1.165822e+01
      vertex   1.523117e+02 -1.145007e+02 1.159154e+01
      vertex   1.520725e+02 -1.144566e+02 1.159154e+01
    endloop
  endfacet
  facet normal 1.739173e-02 6.423232e-02 9.977834e-01
    outer loop
      vertex   1.518512e+02 -1.154326e+02 1.165822e+01
      vertex   1.520725e+02 -1.144566e+02 1.159154e+01
      vertex   1.515307e+02 -1.153458e+02 1.165822e+01
    endloop
  endfacet
  facet normal 1.549769e-02 8.401382e-02 9.963441e-01
    outer loop
      vertex   1.520286e+02 -1.164821e+02 1.174396e+01
      vertex   1.521702e+02 -1.154914e+02 1.165822e+01
      vertex   1.516300e+02 -1.164085e+02 1.174396e+01
    endloop
  endfacet
  facet normal 1.549769e-02 8.401382e-02 9.963441e-01
    outer loop
      vertex   1.516300e+02 -1.164085e+02 1.174396e+01
      vertex   1.521702e+02 -1.154914e+02 1.165822e+01
      vertex   1.518512e+02 -1.154326e+02 1.165822e+01
    endloop
  endfacet
  facet normal 2.232853e-02 8.246523e-02 9.963438e-01
    outer loop
      vertex   1.516300e+02 -1.164085e+02 1.174396e+01
      vertex   1.518512e+02 -1.154326e+02 1.165822e+01
      vertex   1.512293e+02 -1.163001e+02 1.174396e+01
    endloop
  endfacet
  facet normal 2.232853e-02 8.246523e-02 9.963438e-01
    outer loop
      vertex   1.512293e+02 -1.163001e+02 1.174396e+01
      vertex   1.518512e+02 -1.154326e+02 1.165822e+01
      vertex   1.515307e+02 -1.153458e+02 1.165822e+01
    endloop
  endfacet
  facet normal 2.915666e-02 8.030871e-02 9.963435e-01
    outer loop
      vertex   1.512293e+02 -1.163001e+02 1.174396e+01
      vertex   1.515307e+02 -1.153458e+02 1.165822e+01
      vertex   1.508311e+02 -1.161555e+02 1.174396e+01
    endloop
  endfacet
  facet normal -4.332741e-03 8.531009e-02 9.963450e-01
    outer loop
      vertex   1.527908e+02 -1.155313e+02 1.165822e+01
      vertex   1.528045e+02 -1.165319e+02 1.174396e+01
      vertex   1.530875e+02 -1.155162e+02 1.165822e+01
    endloop
  endfacet
  facet normal -4.332741e-03 8.531009e-02 9.963450e-01
    outer loop
      vertex   1.530875e+02 -1.155162e+02 1.165822e+01
      vertex   1.528045e+02 -1.165319e+02 1.174396e+01
      vertex   1.531753e+02 -1.165131e+02 1.174396e+01
    endloop
  endfacet
  facet normal -1.054126e-02 8.476325e-02 9.963454e-01
    outer loop
      vertex   1.530875e+02 -1.155162e+02 1.165822e+01
      vertex   1.531753e+02 -1.165131e+02 1.174396e+01
      vertex   1.533724e+02 -1.154808e+02 1.165822e+01
    endloop
  endfacet
  facet normal -1.054126e-02 8.476325e-02 9.963454e-01
    outer loop
      vertex   1.533724e+02 -1.154808e+02 1.165822e+01
      vertex   1.531753e+02 -1.165131e+02 1.174396e+01
      vertex   1.535314e+02 -1.164688e+02 1.174396e+01
    endloop
  endfacet
  facet normal -1.648280e-02 8.380690e-02 9.963457e-01
    outer loop
      vertex   1.533724e+02 -1.154808e+02 1.165822e+01
      vertex   1.535314e+02 -1.164688e+02 1.174396e+01
      vertex   1.536441e+02 -1.154273e+02 1.165822e+01
    endloop
  endfacet
  facet normal -3.374778e-03 6.644815e-02 9.977842e-01
    outer loop
      vertex   1.527772e+02 -1.145306e+02 1.159154e+01
      vertex   1.527908e+02 -1.155313e+02 1.165822e+01
      vertex   1.529997e+02 -1.145193e+02 1.159154e+01
    endloop
  endfacet
  facet normal -3.374778e-03 6.644815e-02 9.977842e-01
    outer loop
      vertex   1.529997e+02 -1.145193e+02 1.159154e+01
      vertex   1.527908e+02 -1.155313e+02 1.165822e+01
      vertex   1.530875e+02 -1.155162e+02 1.165822e+01
    endloop
  endfacet
  facet normal -8.210601e-03 6.602221e-02 9.977844e-01
    outer loop
      vertex   1.529997e+02 -1.145193e+02 1.159154e+01
      vertex   1.530875e+02 -1.155162e+02 1.165822e+01
      vertex   1.532134e+02 -1.144928e+02 1.159154e+01
    endloop
  endfacet
  facet normal -8.210601e-03 6.602221e-02 9.977844e-01
    outer loop
      vertex   1.532134e+02 -1.144928e+02 1.159154e+01
      vertex   1.530875e+02 -1.155162e+02 1.165822e+01
      vertex   1.533724e+02 -1.154808e+02 1.165822e+01
    endloop
  endfacet
  facet normal -1.283847e-02 6.527730e-02 9.977846e-01
    outer loop
      vertex   1.532134e+02 -1.144928e+02 1.159154e+01
      vertex   1.533724e+02 -1.154808e+02 1.165822e+01
      vertex   1.534172e+02 -1.144527e+02 1.159154e+01
    endloop
  endfacet
  facet normal -1.283847e-02 6.527730e-02 9.977846e-01
    outer loop
      vertex   1.534172e+02 -1.144527e+02 1.159154e+01
      vertex   1.533724e+02 -1.154808e+02 1.165822e+01
      vertex   1.536441e+02 -1.154273e+02 1.165822e+01
    endloop
  endfacet
  facet normal -1.723852e-02 6.425264e-02 9.977848e-01
    outer loop
      vertex   1.534172e+02 -1.144527e+02 1.159154e+01
      vertex   1.536441e+02 -1.154273e+02 1.165822e+01
      vertex   1.536104e+02 -1.144009e+02 1.159154e+01
    endloop
  endfacet
  facet normal -1.448954e-03 2.852937e-02 9.995919e-01
    outer loop
      vertex   1.528241e+02 -1.125256e+02 1.151533e+01
      vertex   1.527499e+02 -1.125294e+02 1.151533e+01
      vertex   1.527635e+02 -1.135300e+02 1.154391e+01
    endloop
  endfacet
  facet normal -2.413173e-03 4.751450e-02 9.988676e-01
    outer loop
      vertex   1.527635e+02 -1.135300e+02 1.154391e+01
      vertex   1.527772e+02 -1.145306e+02 1.159154e+01
      vertex   1.529119e+02 -1.135225e+02 1.154391e+01
    endloop
  endfacet
  facet normal -2.413173e-03 4.751450e-02 9.988676e-01
    outer loop
      vertex   1.529119e+02 -1.135225e+02 1.154391e+01
      vertex   1.527772e+02 -1.145306e+02 1.159154e+01
      vertex   1.529997e+02 -1.145193e+02 1.159154e+01
    endloop
  endfacet
  facet normal -5.871083e-03 4.720992e-02 9.988677e-01
    outer loop
      vertex   1.529119e+02 -1.135225e+02 1.154391e+01
      vertex   1.529997e+02 -1.145193e+02 1.159154e+01
      vertex   1.530543e+02 -1.135048e+02 1.154391e+01
    endloop
  endfacet
  facet normal -5.871083e-03 4.720992e-02 9.988677e-01
    outer loop
      vertex   1.530543e+02 -1.135048e+02 1.154391e+01
      vertex   1.529997e+02 -1.145193e+02 1.159154e+01
      vertex   1.532134e+02 -1.144928e+02 1.159154e+01
    endloop
  endfacet
  facet normal -9.180294e-03 4.667726e-02 9.988678e-01
    outer loop
      vertex   1.530543e+02 -1.135048e+02 1.154391e+01
      vertex   1.532134e+02 -1.144928e+02 1.159154e+01
      vertex   1.531902e+02 -1.134780e+02 1.154391e+01
    endloop
  endfacet
  facet normal -9.180294e-03 4.667726e-02 9.988678e-01
    outer loop
      vertex   1.531902e+02 -1.134780e+02 1.154391e+01
      vertex   1.532134e+02 -1.144928e+02 1.159154e+01
      vertex   1.534172e+02 -1.144527e+02 1.159154e+01
    endloop
  endfacet
  facet normal -1.232659e-02 4.594457e-02 9.988679e-01
    outer loop
      vertex   1.531902e+02 -1.134780e+02 1.154391e+01
      vertex   1.534172e+02 -1.144527e+02 1.159154e+01
      vertex   1.533190e+02 -1.134435e+02 1.154391e+01
    endloop
  endfacet
  facet normal -1.232659e-02 4.594457e-02 9.988679e-01
    outer loop
      vertex   1.533190e+02 -1.134435e+02 1.154391e+01
      vertex   1.534172e+02 -1.144527e+02 1.159154e+01
      vertex   1.536104e+02 -1.144009e+02 1.159154e+01
    endloop
  endfacet
  facet normal -1.530049e-02 4.503947e-02 9.988680e-01
    outer loop
      vertex   1.533190e+02 -1.134435e+02 1.154391e+01
      vertex   1.536104e+02 -1.144009e+02 1.159154e+01
      vertex   1.534404e+02 -1.134022e+02 1.154391e+01
    endloop
  endfacet
  facet normal -2.700143e-02 1.006417e-01 9.945563e-01
    outer loop
      vertex   1.544845e+02 -1.172729e+02 1.184875e+01
      vertex   1.541931e+02 -1.163156e+02 1.174396e+01
      vertex   1.540981e+02 -1.173766e+02 1.184875e+01
    endloop
  endfacet
  facet normal -5.512170e-03 2.802666e-02 9.995920e-01
    outer loop
      vertex   1.531902e+02 -1.134780e+02 1.154391e+01
      vertex   1.529632e+02 -1.125034e+02 1.151533e+01
      vertex   1.530543e+02 -1.135048e+02 1.154391e+01
    endloop
  endfacet
  facet normal -5.512170e-03 2.802666e-02 9.995920e-01
    outer loop
      vertex   1.530543e+02 -1.135048e+02 1.154391e+01
      vertex   1.529632e+02 -1.125034e+02 1.151533e+01
      vertex   1.528953e+02 -1.125168e+02 1.151533e+01
    endloop
  endfacet
  facet normal -3.525204e-03 2.834649e-02 9.995919e-01
    outer loop
      vertex   1.530543e+02 -1.135048e+02 1.154391e+01
      vertex   1.528953e+02 -1.125168e+02 1.151533e+01
      vertex   1.529119e+02 -1.135225e+02 1.154391e+01
    endloop
  endfacet
  facet normal -3.525204e-03 2.834649e-02 9.995919e-01
    outer loop
      vertex   1.529119e+02 -1.135225e+02 1.154391e+01
      vertex   1.528953e+02 -1.125168e+02 1.151533e+01
      vertex   1.528241e+02 -1.125256e+02 1.151533e+01
    endloop
  endfacet
  facet normal -1.448954e-03 2.852937e-02 9.995919e-01
    outer loop
      vertex   1.529119e+02 -1.135225e+02 1.154391e+01
      vertex   1.528241e+02 -1.125256e+02 1.151533e+01
      vertex   1.527635e+02 -1.135300e+02 1.154391e+01
    endloop
  endfacet
  facet normal -7.401317e-03 2.758672e-02 9.995920e-01
    outer loop
      vertex   1.529632e+02 -1.125034e+02 1.151533e+01
      vertex   1.531902e+02 -1.134780e+02 1.154391e+01
      vertex   1.530276e+02 -1.124861e+02 1.151533e+01
    endloop
  endfacet
  facet normal -7.401317e-03 2.758672e-02 9.995920e-01
    outer loop
      vertex   1.530276e+02 -1.124861e+02 1.151533e+01
      vertex   1.531902e+02 -1.134780e+02 1.154391e+01
      vertex   1.533190e+02 -1.134435e+02 1.154391e+01
    endloop
  endfacet
  facet normal -9.186949e-03 2.704327e-02 9.995920e-01
    outer loop
      vertex   1.530276e+02 -1.124861e+02 1.151533e+01
      vertex   1.533190e+02 -1.134435e+02 1.154391e+01
      vertex   1.530883e+02 -1.124655e+02 1.151533e+01
    endloop
  endfacet
  facet normal -9.186949e-03 2.704327e-02 9.995920e-01
    outer loop
      vertex   1.530883e+02 -1.124655e+02 1.151533e+01
      vertex   1.533190e+02 -1.134435e+02 1.154391e+01
      vertex   1.534404e+02 -1.134022e+02 1.154391e+01
    endloop
  endfacet
  facet normal -1.086588e-02 2.641223e-02 9.995921e-01
    outer loop
      vertex   1.530883e+02 -1.124655e+02 1.151533e+01
      vertex   1.534404e+02 -1.134022e+02 1.154391e+01
      vertex   1.531453e+02 -1.124421e+02 1.151533e+01
    endloop
  endfacet
  facet normal -4.537290e-02 9.378998e-02 9.945576e-01
    outer loop
      vertex   1.547814e+02 -1.160953e+02 1.174396e+01
      vertex   1.551904e+02 -1.170086e+02 1.184875e+01
      vertex   1.550473e+02 -1.159667e+02 1.174396e+01
    endloop
  endfacet
  facet normal -4.537290e-02 9.378998e-02 9.945576e-01
    outer loop
      vertex   1.550473e+02 -1.159667e+02 1.174396e+01
      vertex   1.551904e+02 -1.170086e+02 1.184875e+01
      vertex   1.555095e+02 -1.168543e+02 1.184875e+01
    endloop
  endfacet
  facet normal -5.071461e-02 9.100840e-02 9.945579e-01
    outer loop
      vertex   1.550473e+02 -1.159667e+02 1.174396e+01
      vertex   1.555095e+02 -1.168543e+02 1.184875e+01
      vertex   1.552946e+02 -1.158289e+02 1.174396e+01
    endloop
  endfacet
  facet normal -5.071461e-02 9.100840e-02 9.945579e-01
    outer loop
      vertex   1.552946e+02 -1.158289e+02 1.174396e+01
      vertex   1.555095e+02 -1.168543e+02 1.184875e+01
      vertex   1.558062e+02 -1.166889e+02 1.184875e+01
    endloop
  endfacet
  facet normal -5.567393e-02 8.805796e-02 9.945583e-01
    outer loop
      vertex   1.552946e+02 -1.158289e+02 1.174396e+01
      vertex   1.558062e+02 -1.166889e+02 1.184875e+01
      vertex   1.555238e+02 -1.156840e+02 1.174396e+01
    endloop
  endfacet
  facet normal -3.719008e-02 7.687534e-02 9.963469e-01
    outer loop
      vertex   1.543724e+02 -1.151820e+02 1.165822e+01
      vertex   1.547814e+02 -1.160953e+02 1.174396e+01
      vertex   1.545851e+02 -1.150791e+02 1.165822e+01
    endloop
  endfacet
  facet normal -3.719008e-02 7.687534e-02 9.963469e-01
    outer loop
      vertex   1.545851e+02 -1.150791e+02 1.165822e+01
      vertex   1.547814e+02 -1.160953e+02 1.174396e+01
      vertex   1.550473e+02 -1.159667e+02 1.174396e+01
    endloop
  endfacet
  facet normal -4.156843e-02 7.459539e-02 9.963471e-01
    outer loop
      vertex   1.545851e+02 -1.150791e+02 1.165822e+01
      vertex   1.550473e+02 -1.159667e+02 1.174396e+01
      vertex   1.547829e+02 -1.149689e+02 1.165822e+01
    endloop
  endfacet
  facet normal -4.156843e-02 7.459539e-02 9.963471e-01
    outer loop
      vertex   1.547829e+02 -1.149689e+02 1.165822e+01
      vertex   1.550473e+02 -1.159667e+02 1.174396e+01
      vertex   1.552946e+02 -1.158289e+02 1.174396e+01
    endloop
  endfacet
  facet normal -4.563335e-02 7.217704e-02 9.963474e-01
    outer loop
      vertex   1.547829e+02 -1.149689e+02 1.165822e+01
      vertex   1.552946e+02 -1.158289e+02 1.174396e+01
      vertex   1.549663e+02 -1.148529e+02 1.165822e+01
    endloop
  endfacet
  facet normal -4.563335e-02 7.217704e-02 9.963474e-01
    outer loop
      vertex   1.549663e+02 -1.148529e+02 1.165822e+01
      vertex   1.552946e+02 -1.158289e+02 1.174396e+01
      vertex   1.555238e+02 -1.156840e+02 1.174396e+01
    endloop
  endfacet
  facet normal -4.939467e-02 6.965379e-02 9.963476e-01
    outer loop
      vertex   1.549663e+02 -1.148529e+02 1.165822e+01
      vertex   1.555238e+02 -1.156840e+02 1.174396e+01
      vertex   1.551357e+02 -1.147328e+02 1.165822e+01
    endloop
  endfacet
  facet normal -2.896738e-02 5.987826e-02 9.977853e-01
    outer loop
      vertex   1.539633e+02 -1.142687e+02 1.159154e+01
      vertex   1.543724e+02 -1.151820e+02 1.165822e+01
      vertex   1.541229e+02 -1.141915e+02 1.159154e+01
    endloop
  endfacet
  facet normal -2.896738e-02 5.987826e-02 9.977853e-01
    outer loop
      vertex   1.541229e+02 -1.141915e+02 1.159154e+01
      vertex   1.543724e+02 -1.151820e+02 1.165822e+01
      vertex   1.545851e+02 -1.150791e+02 1.165822e+01
    endloop
  endfacet
  facet normal -3.237768e-02 5.810241e-02 9.977854e-01
    outer loop
      vertex   1.541229e+02 -1.141915e+02 1.159154e+01
      vertex   1.545851e+02 -1.150791e+02 1.165822e+01
      vertex   1.542712e+02 -1.141088e+02 1.159154e+01
    endloop
  endfacet
  facet normal -3.237768e-02 5.810241e-02 9.977854e-01
    outer loop
      vertex   1.542712e+02 -1.141088e+02 1.159154e+01
      vertex   1.545851e+02 -1.150791e+02 1.165822e+01
      vertex   1.547829e+02 -1.149689e+02 1.165822e+01
    endloop
  endfacet
  facet normal -3.554384e-02 5.621875e-02 9.977856e-01
    outer loop
      vertex   1.542712e+02 -1.141088e+02 1.159154e+01
      vertex   1.547829e+02 -1.149689e+02 1.165822e+01
      vertex   1.544088e+02 -1.140219e+02 1.159154e+01
    endloop
  endfacet
  facet normal -3.554384e-02 5.621875e-02 9.977856e-01
    outer loop
      vertex   1.544088e+02 -1.140219e+02 1.159154e+01
      vertex   1.547829e+02 -1.149689e+02 1.165822e+01
      vertex   1.549663e+02 -1.148529e+02 1.165822e+01
    endloop
  endfacet
  facet normal -3.847354e-02 5.425338e-02 9.977857e-01
    outer loop
      vertex   1.544088e+02 -1.140219e+02 1.159154e+01
      vertex   1.549663e+02 -1.148529e+02 1.165822e+01
      vertex   1.545358e+02 -1.139318e+02 1.159154e+01
    endloop
  endfacet
  facet normal -3.847354e-02 5.425338e-02 9.977857e-01
    outer loop
      vertex   1.545358e+02 -1.139318e+02 1.159154e+01
      vertex   1.549663e+02 -1.148529e+02 1.165822e+01
      vertex   1.551357e+02 -1.147328e+02 1.165822e+01
    endloop
  endfacet
  facet normal -7.106689e-02 1.002148e-01 9.924245e-01
    outer loop
      vertex   1.569353e+02 -1.171358e+02 1.197259e+01
      vertex   1.563354e+02 -1.163348e+02 1.184875e+01
      vertex   1.566388e+02 -1.173461e+02 1.197259e+01
    endloop
  endfacet
  facet normal -7.106689e-02 1.002148e-01 9.924245e-01
    outer loop
      vertex   1.566388e+02 -1.173461e+02 1.197259e+01
      vertex   1.563354e+02 -1.163348e+02 1.184875e+01
      vertex   1.560813e+02 -1.165150e+02 1.184875e+01
    endloop
  endfacet
  facet normal -6.026285e-02 8.497953e-02 9.945586e-01
    outer loop
      vertex   1.563354e+02 -1.163348e+02 1.184875e+01
      vertex   1.557355e+02 -1.155338e+02 1.174396e+01
      vertex   1.560813e+02 -1.165150e+02 1.184875e+01
    endloop
  endfacet
  facet normal -2.541601e-02 4.019982e-02 9.988684e-01
    outer loop
      vertex   1.544088e+02 -1.140219e+02 1.159154e+01
      vertex   1.538513e+02 -1.131908e+02 1.154391e+01
      vertex   1.542712e+02 -1.141088e+02 1.159154e+01
    endloop
  endfacet
  facet normal -2.541601e-02 4.019982e-02 9.988684e-01
    outer loop
      vertex   1.542712e+02 -1.141088e+02 1.159154e+01
      vertex   1.538513e+02 -1.131908e+02 1.154391e+01
      vertex   1.537596e+02 -1.132488e+02 1.154391e+01
    endloop
  endfacet
  facet normal -2.315201e-02 4.154676e-02 9.988683e-01
    outer loop
      vertex   1.542712e+02 -1.141088e+02 1.159154e+01
      vertex   1.537596e+02 -1.132488e+02 1.154391e+01
      vertex   1.541229e+02 -1.141915e+02 1.159154e+01
    endloop
  endfacet
  facet normal -2.315201e-02 4.154676e-02 9.988683e-01
    outer loop
      vertex   1.541229e+02 -1.141915e+02 1.159154e+01
      vertex   1.537596e+02 -1.132488e+02 1.154391e+01
      vertex   1.536607e+02 -1.133039e+02 1.154391e+01
    endloop
  endfacet
  facet normal -2.071344e-02 4.281661e-02 9.988682e-01
    outer loop
      vertex   1.541229e+02 -1.141915e+02 1.159154e+01
      vertex   1.536607e+02 -1.133039e+02 1.154391e+01
      vertex   1.539633e+02 -1.142687e+02 1.159154e+01
    endloop
  endfacet
  facet normal -1.526066e-02 2.413737e-02 9.995922e-01
    outer loop
      vertex   1.538513e+02 -1.131908e+02 1.154391e+01
      vertex   1.532938e+02 -1.123598e+02 1.151533e+01
      vertex   1.537596e+02 -1.132488e+02 1.154391e+01
    endloop
  endfacet
  facet normal -1.526066e-02 2.413737e-02 9.995922e-01
    outer loop
      vertex   1.537596e+02 -1.132488e+02 1.154391e+01
      vertex   1.532938e+02 -1.123598e+02 1.151533e+01
      vertex   1.532479e+02 -1.123888e+02 1.151533e+01
    endloop
  endfacet
  facet normal -1.390127e-02 2.494612e-02 9.995921e-01
    outer loop
      vertex   1.537596e+02 -1.132488e+02 1.154391e+01
      vertex   1.532479e+02 -1.123888e+02 1.151533e+01
      vertex   1.536607e+02 -1.133039e+02 1.154391e+01
    endloop
  endfacet
  facet normal -2.751092e-02 3.879446e-02 9.988684e-01
    outer loop
      vertex   1.545358e+02 -1.139318e+02 1.159154e+01
      vertex   1.539360e+02 -1.131308e+02 1.154391e+01
      vertex   1.544088e+02 -1.140219e+02 1.159154e+01
    endloop
  endfacet
  facet normal -2.751092e-02 3.879446e-02 9.988684e-01
    outer loop
      vertex   1.544088e+02 -1.140219e+02 1.159154e+01
      vertex   1.539360e+02 -1.131308e+02 1.154391e+01
      vertex   1.538513e+02 -1.131908e+02 1.154391e+01
    endloop
  endfacet
  facet normal -1.651851e-02 2.329354e-02 9.995922e-01
    outer loop
      vertex   1.539360e+02 -1.131308e+02 1.154391e+01
      vertex   1.533361e+02 -1.123298e+02 1.151533e+01
      vertex   1.538513e+02 -1.131908e+02 1.154391e+01
    endloop
  endfacet
  facet normal -1.651851e-02 2.329354e-02 9.995922e-01
    outer loop
      vertex   1.538513e+02 -1.131908e+02 1.154391e+01
      vertex   1.533361e+02 -1.123298e+02 1.151533e+01
      vertex   1.532938e+02 -1.123598e+02 1.151533e+01
    endloop
  endfacet
  facet normal -6.127339e-02 1.099564e-01 9.920460e-01
    outer loop
      vertex   1.566712e+02 -1.174003e+02 1.198102e+01
      vertex   1.558062e+02 -1.166889e+02 1.184875e+01
      vertex   1.555095e+02 -1.168543e+02 1.184875e+01
    endloop
  endfacet
  facet normal -2.723972e-02 8.559795e-03 9.995923e-01
    outer loop
      vertex   1.546580e+02 -1.120879e+02 1.154391e+01
      vertex   1.536971e+02 -1.118083e+02 1.151533e+01
      vertex   1.546324e+02 -1.121693e+02 1.154391e+01
    endloop
  endfacet
  facet normal -2.723972e-02 8.559795e-03 9.995923e-01
    outer loop
      vertex   1.546324e+02 -1.121693e+02 1.154391e+01
      vertex   1.536971e+02 -1.118083e+02 1.151533e+01
      vertex   1.536843e+02 -1.118490e+02 1.151533e+01
    endloop
  endfacet
  facet normal -2.685496e-02 9.698705e-03 9.995923e-01
    outer loop
      vertex   1.546324e+02 -1.121693e+02 1.154391e+01
      vertex   1.536843e+02 -1.118490e+02 1.151533e+01
      vertex   1.546042e+02 -1.122476e+02 1.154391e+01
    endloop
  endfacet
  facet normal -4.536667e-02 1.425600e-02 9.988687e-01
    outer loop
      vertex   1.556189e+02 -1.123675e+02 1.159154e+01
      vertex   1.546580e+02 -1.120879e+02 1.154391e+01
      vertex   1.555805e+02 -1.124896e+02 1.159154e+01
    endloop
  endfacet
  facet normal -4.536667e-02 1.425600e-02 9.988687e-01
    outer loop
      vertex   1.555805e+02 -1.124896e+02 1.159154e+01
      vertex   1.546580e+02 -1.120879e+02 1.154391e+01
      vertex   1.546324e+02 -1.121693e+02 1.154391e+01
    endloop
  endfacet
  facet normal -4.472586e-02 1.615281e-02 9.988687e-01
    outer loop
      vertex   1.555805e+02 -1.124896e+02 1.159154e+01
      vertex   1.546324e+02 -1.121693e+02 1.154391e+01
      vertex   1.555381e+02 -1.126070e+02 1.159154e+01
    endloop
  endfacet
  facet normal -4.472586e-02 1.615281e-02 9.988687e-01
    outer loop
      vertex   1.555381e+02 -1.126070e+02 1.159154e+01
      vertex   1.546324e+02 -1.121693e+02 1.154391e+01
      vertex   1.546042e+02 -1.122476e+02 1.154391e+01
    endloop
  endfacet
  facet normal -6.344451e-02 1.993677e-02 9.977862e-01
    outer loop
      vertex   1.565798e+02 -1.126471e+02 1.165822e+01
      vertex   1.556189e+02 -1.123675e+02 1.159154e+01
      vertex   1.565286e+02 -1.128099e+02 1.165822e+01
    endloop
  endfacet
  facet normal -6.344451e-02 1.993677e-02 9.977862e-01
    outer loop
      vertex   1.565286e+02 -1.128099e+02 1.165822e+01
      vertex   1.556189e+02 -1.123675e+02 1.159154e+01
      vertex   1.555805e+02 -1.124896e+02 1.159154e+01
    endloop
  endfacet
  facet normal -6.254835e-02 2.258942e-02 9.977863e-01
    outer loop
      vertex   1.565286e+02 -1.128099e+02 1.165822e+01
      vertex   1.555805e+02 -1.124896e+02 1.159154e+01
      vertex   1.564721e+02 -1.129664e+02 1.165822e+01
    endloop
  endfacet
  facet normal -6.254835e-02 2.258942e-02 9.977863e-01
    outer loop
      vertex   1.564721e+02 -1.129664e+02 1.165822e+01
      vertex   1.555805e+02 -1.124896e+02 1.159154e+01
      vertex   1.555381e+02 -1.126070e+02 1.159154e+01
    endloop
  endfacet
  facet normal -8.145395e-02 2.559604e-02 9.963484e-01
    outer loop
      vertex   1.575406e+02 -1.129266e+02 1.174396e+01
      vertex   1.565798e+02 -1.126471e+02 1.165822e+01
      vertex   1.574767e+02 -1.131302e+02 1.174396e+01
    endloop
  endfacet
  facet normal -8.145395e-02 2.559604e-02 9.963484e-01
    outer loop
      vertex   1.574767e+02 -1.131302e+02 1.174396e+01
      vertex   1.565798e+02 -1.126471e+02 1.165822e+01
      vertex   1.565286e+02 -1.128099e+02 1.165822e+01
    endloop
  endfacet
  facet normal -8.030341e-02 2.900169e-02 9.963485e-01
    outer loop
      vertex   1.574767e+02 -1.131302e+02 1.174396e+01
      vertex   1.565286e+02 -1.128099e+02 1.165822e+01
      vertex   1.574060e+02 -1.133258e+02 1.174396e+01
    endloop
  endfacet
  facet normal -8.030341e-02 2.900169e-02 9.963485e-01
    outer loop
      vertex   1.574060e+02 -1.133258e+02 1.174396e+01
      vertex   1.565286e+02 -1.128099e+02 1.165822e+01
      vertex   1.564721e+02 -1.129664e+02 1.165822e+01
    endloop
  endfacet
  facet normal -9.937609e-02 3.122789e-02 9.945598e-01
    outer loop
      vertex   1.585015e+02 -1.132062e+02 1.184875e+01
      vertex   1.575406e+02 -1.129266e+02 1.174396e+01
      vertex   1.584247e+02 -1.134505e+02 1.184875e+01
    endloop
  endfacet
  facet normal -9.937609e-02 3.122789e-02 9.945598e-01
    outer loop
      vertex   1.584247e+02 -1.134505e+02 1.184875e+01
      vertex   1.575406e+02 -1.129266e+02 1.174396e+01
      vertex   1.574767e+02 -1.131302e+02 1.174396e+01
    endloop
  endfacet
  facet normal -9.797240e-02 3.538287e-02 9.945599e-01
    outer loop
      vertex   1.584247e+02 -1.134505e+02 1.184875e+01
      vertex   1.574767e+02 -1.131302e+02 1.174396e+01
      vertex   1.583400e+02 -1.136852e+02 1.184875e+01
    endloop
  endfacet
  facet normal -9.797240e-02 3.538287e-02 9.945599e-01
    outer loop
      vertex   1.583400e+02 -1.136852e+02 1.184875e+01
      vertex   1.574767e+02 -1.131302e+02 1.174396e+01
      vertex   1.574060e+02 -1.133258e+02 1.174396e+01
    endloop
  endfacet
  facet normal -1.062569e-01 1.094117e-02 9.942785e-01
    outer loop
      vertex   1.586504e+02 -1.115287e+02 1.183844e+01
      vertex   1.577141e+02 -1.120357e+02 1.174396e+01
      vertex   1.586274e+02 -1.126893e+02 1.184875e+01
    endloop
  endfacet
  facet normal -8.474198e-02 -1.050394e-02 9.963476e-01
    outer loop
      vertex   1.567202e+02 -1.111401e+02 1.165822e+01
      vertex   1.577162e+02 -1.110430e+02 1.174396e+01
      vertex   1.566946e+02 -1.109329e+02 1.165822e+01
    endloop
  endfacet
  facet normal -8.474198e-02 -1.050394e-02 9.963476e-01
    outer loop
      vertex   1.566946e+02 -1.109329e+02 1.165822e+01
      vertex   1.577162e+02 -1.110430e+02 1.174396e+01
      vertex   1.576841e+02 -1.107840e+02 1.174396e+01
    endloop
  endfacet
  facet normal -6.600558e-02 -8.181525e-03 9.977857e-01
    outer loop
      vertex   1.557242e+02 -1.112373e+02 1.159154e+01
      vertex   1.567202e+02 -1.111401e+02 1.165822e+01
      vertex   1.557050e+02 -1.110819e+02 1.159154e+01
    endloop
  endfacet
  facet normal -6.600558e-02 -8.181525e-03 9.977857e-01
    outer loop
      vertex   1.557050e+02 -1.110819e+02 1.159154e+01
      vertex   1.567202e+02 -1.111401e+02 1.165822e+01
      vertex   1.566946e+02 -1.109329e+02 1.165822e+01
    endloop
  endfacet
  facet normal -4.719800e-02 -5.850288e-03 9.988684e-01
    outer loop
      vertex   1.547282e+02 -1.113344e+02 1.154391e+01
      vertex   1.557242e+02 -1.112373e+02 1.159154e+01
      vertex   1.547154e+02 -1.112308e+02 1.154391e+01
    endloop
  endfacet
  facet normal -4.719800e-02 -5.850288e-03 9.988684e-01
    outer loop
      vertex   1.547154e+02 -1.112308e+02 1.154391e+01
      vertex   1.557242e+02 -1.112373e+02 1.159154e+01
      vertex   1.557050e+02 -1.110819e+02 1.159154e+01
    endloop
  endfacet
  facet normal -2.833932e-02 -3.512716e-03 9.995922e-01
    outer loop
      vertex   1.537322e+02 -1.114316e+02 1.151533e+01
      vertex   1.547282e+02 -1.113344e+02 1.154391e+01
      vertex   1.537258e+02 -1.113798e+02 1.151533e+01
    endloop
  endfacet
  facet normal -2.833932e-02 -3.512716e-03 9.995922e-01
    outer loop
      vertex   1.537258e+02 -1.113798e+02 1.151533e+01
      vertex   1.547282e+02 -1.113344e+02 1.154391e+01
      vertex   1.547154e+02 -1.112308e+02 1.154391e+01
    endloop
  endfacet
  facet normal -1.474368e-02 -4.521817e-02 9.988683e-01
    outer loop
      vertex   1.535878e+02 -1.086499e+02 1.159154e+01
      vertex   1.533040e+02 -1.096095e+02 1.154391e+01
      vertex   1.537453e+02 -1.087012e+02 1.159154e+01
    endloop
  endfacet
  facet normal -2.061878e-02 -6.323681e-02 9.977855e-01
    outer loop
      vertex   1.538717e+02 -1.076903e+02 1.165822e+01
      vertex   1.535878e+02 -1.086499e+02 1.159154e+01
      vertex   1.540816e+02 -1.077587e+02 1.165822e+01
    endloop
  endfacet
  facet normal -2.061878e-02 -6.323681e-02 9.977855e-01
    outer loop
      vertex   1.540816e+02 -1.077587e+02 1.165822e+01
      vertex   1.535878e+02 -1.086499e+02 1.159154e+01
      vertex   1.537453e+02 -1.087012e+02 1.159154e+01
    endloop
  endfacet
  facet normal -2.409575e-02 -6.199603e-02 9.977855e-01
    outer loop
      vertex   1.540816e+02 -1.077587e+02 1.165822e+01
      vertex   1.537453e+02 -1.087012e+02 1.159154e+01
      vertex   1.542900e+02 -1.078397e+02 1.165822e+01
    endloop
  endfacet
  facet normal 9.615659e-03 -6.580734e-02 9.977860e-01
    outer loop
      vertex   1.522331e+02 -1.085690e+02 1.159154e+01
      vertex   1.523715e+02 -1.085488e+02 1.159154e+01
      vertex   1.522499e+02 -1.075555e+02 1.165822e+01
    endloop
  endfacet
  facet normal 9.615659e-03 -6.580734e-02 9.977860e-01
    outer loop
      vertex   1.522331e+02 -1.085690e+02 1.159154e+01
      vertex   1.522499e+02 -1.075555e+02 1.165822e+01
      vertex   1.520654e+02 -1.075825e+02 1.165822e+01
    endloop
  endfacet
  facet normal 1.234517e-02 -8.448749e-02 9.963481e-01
    outer loop
      vertex   1.520654e+02 -1.075825e+02 1.165822e+01
      vertex   1.522499e+02 -1.075555e+02 1.165822e+01
      vertex   1.521283e+02 -1.065622e+02 1.174396e+01
    endloop
  endfacet
  facet normal 2.707245e-02 -8.097477e-02 9.963484e-01
    outer loop
      vertex   1.515474e+02 -1.077065e+02 1.165822e+01
      vertex   1.512501e+02 -1.067509e+02 1.174396e+01
      vertex   1.513872e+02 -1.077600e+02 1.165822e+01
    endloop
  endfacet
  facet normal 2.108674e-02 -6.307128e-02 9.977862e-01
    outer loop
      vertex   1.513872e+02 -1.077600e+02 1.165822e+01
      vertex   1.517245e+02 -1.087022e+02 1.159154e+01
      vertex   1.515474e+02 -1.077065e+02 1.165822e+01
    endloop
  endfacet
  facet normal 9.053531e-03 -2.707947e-02 9.995923e-01
    outer loop
      vertex   1.524390e+02 -1.105732e+02 1.151533e+01
      vertex   1.521418e+02 -1.096176e+02 1.154391e+01
      vertex   1.523990e+02 -1.105866e+02 1.151533e+01
    endloop
  endfacet
  facet normal 4.593006e-02 1.243617e-02 9.988672e-01
    outer loop
      vertex   1.498084e+02 -1.121925e+02 1.159154e+01
      vertex   1.498735e+02 -1.124329e+02 1.159154e+01
      vertex   1.508277e+02 -1.121315e+02 1.154391e+01
    endloop
  endfacet
  facet normal -8.938535e-02 -9.462945e-01 3.107040e-01
    outer loop
      vertex   1.474278e+02 -1.180345e+02 1.165337e+01
      vertex   1.472008e+02 -1.180007e+02 1.169092e+01
      vertex   1.461835e+02 -1.192787e+02 7.505804e+00
    endloop
  endfacet
  facet normal -1.019922e-01 -9.442165e-01 3.131338e-01
    outer loop
      vertex   1.461835e+02 -1.192787e+02 7.505804e+00
      vertex   1.472008e+02 -1.180007e+02 1.169092e+01
      vertex   1.459115e+02 -1.192494e+02 7.505804e+00
    endloop
  endfacet
  facet normal -2.637790e-01 -8.990402e-01 3.494957e-01
    outer loop
      vertex   1.459115e+02 -1.192494e+02 7.505804e+00
      vertex   1.472008e+02 -1.180007e+02 1.169092e+01
      vertex   1.469830e+02 -1.179260e+02 1.171875e+01
    endloop
  endfacet
  facet normal -3.014515e-01 -8.850572e-01 3.546839e-01
    outer loop
      vertex   1.459115e+02 -1.192494e+02 7.505804e+00
      vertex   1.469830e+02 -1.179260e+02 1.171875e+01
      vertex   1.456567e+02 -1.191626e+02 7.505804e+00
    endloop
  endfacet
  facet normal -4.304893e-01 -8.203998e-01 3.763285e-01
    outer loop
      vertex   1.456567e+02 -1.191626e+02 7.505804e+00
      vertex   1.469830e+02 -1.179260e+02 1.171875e+01
      vertex   1.467801e+02 -1.178116e+02 1.173595e+01
    endloop
  endfacet
  facet normal -4.873860e-01 -7.859527e-01 3.804382e-01
    outer loop
      vertex   1.456567e+02 -1.191626e+02 7.505804e+00
      vertex   1.467801e+02 -1.178116e+02 1.173595e+01
      vertex   1.454303e+02 -1.190222e+02 7.505804e+00
    endloop
  endfacet
  facet normal -5.823506e-01 -7.133071e-01 3.899497e-01
    outer loop
      vertex   1.454303e+02 -1.190222e+02 7.505804e+00
      vertex   1.467801e+02 -1.178116e+02 1.173595e+01
      vertex   1.466016e+02 -1.176627e+02 1.174171e+01
    endloop
  endfacet
  facet normal -6.513675e-01 -6.513675e-01 3.891539e-01
    outer loop
      vertex   1.454303e+02 -1.190222e+02 7.505804e+00
      vertex   1.466016e+02 -1.176627e+02 1.174171e+01
      vertex   1.452428e+02 -1.188347e+02 7.505804e+00
    endloop
  endfacet
  facet normal -7.141730e-01 -5.813097e-01 3.899179e-01
    outer loop
      vertex   1.452428e+02 -1.188347e+02 7.505804e+00
      vertex   1.466016e+02 -1.176627e+02 1.174171e+01
      vertex   1.464520e+02 -1.174829e+02 1.173583e+01
    endloop
  endfacet
  facet normal -7.859571e-01 -4.873888e-01 3.804257e-01
    outer loop
      vertex   1.452428e+02 -1.188347e+02 7.505804e+00
      vertex   1.464520e+02 -1.174829e+02 1.173583e+01
      vertex   1.451024e+02 -1.186083e+02 7.505804e+00
    endloop
  endfacet
  facet normal -8.210868e-01 -4.293069e-01 3.761808e-01
    outer loop
      vertex   1.451024e+02 -1.186083e+02 7.505804e+00
      vertex   1.464520e+02 -1.174829e+02 1.173583e+01
      vertex   1.463386e+02 -1.172811e+02 1.171864e+01
    endloop
  endfacet
  facet normal -8.850613e-01 -3.014529e-01 3.546726e-01
    outer loop
      vertex   1.451024e+02 -1.186083e+02 7.505804e+00
      vertex   1.463386e+02 -1.172811e+02 1.171864e+01
      vertex   1.450156e+02 -1.183535e+02 7.505804e+00
    endloop
  endfacet
  facet normal -8.992887e-01 -2.630904e-01 3.493755e-01
    outer loop
      vertex   1.450156e+02 -1.183535e+02 7.505804e+00
      vertex   1.463386e+02 -1.172811e+02 1.171864e+01
      vertex   1.462639e+02 -1.170627e+02 1.169072e+01
    endloop
  endfacet
  facet normal -9.442300e-01 -1.019937e-01 3.130927e-01
    outer loop
      vertex   1.450156e+02 -1.183535e+02 7.505804e+00
      vertex   1.462639e+02 -1.170627e+02 1.169072e+01
      vertex   1.449862e+02 -1.180815e+02 7.505804e+00
    endloop
  endfacet
  facet normal -9.464479e-01 -8.851008e-02 3.104874e-01
    outer loop
      vertex   1.449862e+02 -1.180815e+02 7.505804e+00
      vertex   1.462639e+02 -1.170627e+02 1.169072e+01
      vertex   1.462305e+02 -1.168372e+02 1.165337e+01
    endloop
  endfacet
  facet normal 9.464479e-01 -8.851008e-02 3.104874e-01
    outer loop
      vertex   1.592420e+02 -1.168372e+02 1.165337e+01
      vertex   1.592086e+02 -1.170627e+02 1.169072e+01
      vertex   1.604862e+02 -1.180815e+02 7.505804e+00
    endloop
  endfacet
  facet normal 9.442300e-01 -1.019937e-01 3.130927e-01
    outer loop
      vertex   1.604862e+02 -1.180815e+02 7.505804e+00
      vertex   1.592086e+02 -1.170627e+02 1.169072e+01
      vertex   1.604569e+02 -1.183535e+02 7.505804e+00
    endloop
  endfacet
  facet normal 8.992887e-01 -2.630904e-01 3.493755e-01
    outer loop
      vertex   1.604569e+02 -1.183535e+02 7.505804e+00
      vertex   1.592086e+02 -1.170627e+02 1.169072e+01
      vertex   1.591339e+02 -1.172811e+02 1.171864e+01
    endloop
  endfacet
  facet normal 8.850613e-01 -3.014529e-01 3.546726e-01
    outer loop
      vertex   1.604569e+02 -1.183535e+02 7.505804e+00
      vertex   1.591339e+02 -1.172811e+02 1.171864e+01
      vertex   1.603701e+02 -1.186083e+02 7.505804e+00
    endloop
  endfacet
  facet normal 8.210868e-01 -4.293069e-01 3.761808e-01
    outer loop
      vertex   1.603701e+02 -1.186083e+02 7.505804e+00
      vertex   1.591339e+02 -1.172811e+02 1.171864e+01
      vertex   1.590205e+02 -1.174829e+02 1.173583e+01
    endloop
  endfacet
  facet normal 7.859571e-01 -4.873888e-01 3.804257e-01
    outer loop
      vertex   1.603701e+02 -1.186083e+02 7.505804e+00
      vertex   1.590205e+02 -1.174829e+02 1.173583e+01
      vertex   1.602297e+02 -1.188347e+02 7.505804e+00
    endloop
  endfacet
  facet normal 7.141730e-01 -5.813097e-01 3.899179e-01
    outer loop
      vertex   1.602297e+02 -1.188347e+02 7.505804e+00
      vertex   1.590205e+02 -1.174829e+02 1.173583e+01
      vertex   1.588709e+02 -1.176627e+02 1.174171e+01
    endloop
  endfacet
  facet normal 6.513675e-01 -6.513675e-01 3.891539e-01
    outer loop
      vertex   1.602297e+02 -1.188347e+02 7.505804e+00
      vertex   1.588709e+02 -1.176627e+02 1.174171e+01
      vertex   1.600422e+02 -1.190222e+02 7.505804e+00
    endloop
  endfacet
  facet normal 5.823506e-01 -7.133071e-01 3.899497e-01
    outer loop
      vertex   1.600422e+02 -1.190222e+02 7.505804e+00
      vertex   1.588709e+02 -1.176627e+02 1.174171e+01
      vertex   1.586924e+02 -1.178116e+02 1.173595e+01
    endloop
  endfacet
  facet normal 4.873860e-01 -7.859527e-01 3.804382e-01
    outer loop
      vertex   1.600422e+02 -1.190222e+02 7.505804e+00
      vertex   1.586924e+02 -1.178116e+02 1.173595e+01
      vertex   1.598158e+02 -1.191626e+02 7.505804e+00
    endloop
  endfacet
  facet normal 4.304894e-01 -8.203997e-01 3.763286e-01
    outer loop
      vertex   1.598158e+02 -1.191626e+02 7.505804e+00
      vertex   1.586924e+02 -1.178116e+02 1.173595e+01
      vertex   1.584895e+02 -1.179260e+02 1.171875e+01
    endloop
  endfacet
  facet normal 3.014515e-01 -8.850572e-01 3.546839e-01
    outer loop
      vertex   1.598158e+02 -1.191626e+02 7.505804e+00
      vertex   1.584895e+02 -1.179260e+02 1.171875e+01
      vertex   1.595610e+02 -1.192494e+02 7.505804e+00
    endloop
  endfacet
  facet normal 2.637792e-01 -8.990402e-01 3.494957e-01
    outer loop
      vertex   1.595610e+02 -1.192494e+02 7.505804e+00
      vertex   1.584895e+02 -1.179260e+02 1.171875e+01
      vertex   1.582717e+02 -1.180007e+02 1.169092e+01
    endloop
  endfacet
  facet normal 1.019922e-01 -9.442165e-01 3.131338e-01
    outer loop
      vertex   1.595610e+02 -1.192494e+02 7.505804e+00
      vertex   1.582717e+02 -1.180007e+02 1.169092e+01
      vertex   1.592890e+02 -1.192787e+02 7.505804e+00
    endloop
  endfacet
  facet normal 8.938533e-02 -9.462945e-01 3.107040e-01
    outer loop
      vertex   1.592890e+02 -1.192787e+02 7.505804e+00
      vertex   1.582717e+02 -1.180007e+02 1.169092e+01
      vertex   1.580447e+02 -1.180345e+02 1.165337e+01
    endloop
  endfacet
  facet normal 8.938535e-02 9.462945e-01 3.107040e-01
    outer loop
      vertex   1.580447e+02 -1.050230e+02 1.165337e+01
      vertex   1.582717e+02 -1.050568e+02 1.169092e+01
      vertex   1.592890e+02 -1.037788e+02 7.505804e+00
    endloop
  endfacet
  facet normal 1.019922e-01 9.442165e-01 3.131338e-01
    outer loop
      vertex   1.592890e+02 -1.037788e+02 7.505804e+00
      vertex   1.582717e+02 -1.050568e+02 1.169092e+01
      vertex   1.595610e+02 -1.038081e+02 7.505804e+00
    endloop
  endfacet
  facet normal 2.637790e-01 8.990402e-01 3.494957e-01
    outer loop
      vertex   1.595610e+02 -1.038081e+02 7.505804e+00
      vertex   1.582717e+02 -1.050568e+02 1.169092e+01
      vertex   1.584895e+02 -1.051315e+02 1.171875e+01
    endloop
  endfacet
  facet normal 3.014515e-01 8.850572e-01 3.546839e-01
    outer loop
      vertex   1.595610e+02 -1.038081e+02 7.505804e+00
      vertex   1.584895e+02 -1.051315e+02 1.171875e+01
      vertex   1.598158e+02 -1.038949e+02 7.505804e+00
    endloop
  endfacet
  facet normal 4.304893e-01 8.203998e-01 3.763285e-01
    outer loop
      vertex   1.598158e+02 -1.038949e+02 7.505804e+00
      vertex   1.584895e+02 -1.051315e+02 1.171875e+01
      vertex   1.586924e+02 -1.052459e+02 1.173595e+01
    endloop
  endfacet
  facet normal 4.873860e-01 7.859527e-01 3.804382e-01
    outer loop
      vertex   1.598158e+02 -1.038949e+02 7.505804e+00
      vertex   1.586924e+02 -1.052459e+02 1.173595e+01
      vertex   1.600422e+02 -1.040353e+02 7.505804e+00
    endloop
  endfacet
  facet normal 5.823506e-01 7.133071e-01 3.899497e-01
    outer loop
      vertex   1.600422e+02 -1.040353e+02 7.505804e+00
      vertex   1.586924e+02 -1.052459e+02 1.173595e+01
      vertex   1.588709e+02 -1.053948e+02 1.174171e+01
    endloop
  endfacet
  facet normal 6.513675e-01 6.513675e-01 3.891539e-01
    outer loop
      vertex   1.600422e+02 -1.040353e+02 7.505804e+00
      vertex   1.588709e+02 -1.053948e+02 1.174171e+01
      vertex   1.602297e+02 -1.042228e+02 7.505804e+00
    endloop
  endfacet
  facet normal 7.141730e-01 5.813097e-01 3.899179e-01
    outer loop
      vertex   1.602297e+02 -1.042228e+02 7.505804e+00
      vertex   1.588709e+02 -1.053948e+02 1.174171e+01
      vertex   1.590205e+02 -1.055746e+02 1.173583e+01
    endloop
  endfacet
  facet normal 7.859571e-01 4.873888e-01 3.804257e-01
    outer loop
      vertex   1.602297e+02 -1.042228e+02 7.505804e+00
      vertex   1.590205e+02 -1.055746e+02 1.173583e+01
      vertex   1.603701e+02 -1.044492e+02 7.505804e+00
    endloop
  endfacet
  facet normal 8.210868e-01 4.293069e-01 3.761808e-01
    outer loop
      vertex   1.603701e+02 -1.044492e+02 7.505804e+00
      vertex   1.590205e+02 -1.055746e+02 1.173583e+01
      vertex   1.591339e+02 -1.057764e+02 1.171864e+01
    endloop
  endfacet
  facet normal 8.850613e-01 3.014529e-01 3.546726e-01
    outer loop
      vertex   1.603701e+02 -1.044492e+02 7.505804e+00
      vertex   1.591339e+02 -1.057764e+02 1.171864e+01
      vertex   1.604569e+02 -1.047040e+02 7.505804e+00
    endloop
  endfacet
  facet normal 8.992887e-01 2.630904e-01 3.493755e-01
    outer loop
      vertex   1.604569e+02 -1.047040e+02 7.505804e+00
      vertex   1.591339e+02 -1.057764e+02 1.171864e+01
      vertex   1.592086e+02 -1.059948e+02 1.169072e+01
    endloop
  endfacet
  facet normal 9.442300e-01 1.019937e-01 3.130927e-01
    outer loop
      vertex   1.604569e+02 -1.047040e+02 7.505804e+00
      vertex   1.592086e+02 -1.059948e+02 1.169072e+01
      vertex   1.604863e+02 -1.049760e+02 7.505804e+00
    endloop
  endfacet
  facet normal 9.464479e-01 8.851008e-02 3.104874e-01
    outer loop
      vertex   1.604863e+02 -1.049760e+02 7.505804e+00
      vertex   1.592086e+02 -1.059948e+02 1.169072e+01
      vertex   1.592420e+02 -1.062203e+02 1.165337e+01
    endloop
  endfacet
  facet normal -9.462945e-01 8.938535e-02 3.107040e-01
    outer loop
      vertex   1.462305e+02 -1.062203e+02 1.165337e+01
      vertex   1.462643e+02 -1.059933e+02 1.169092e+01
      vertex   1.449863e+02 -1.049760e+02 7.505804e+00
    endloop
  endfacet
  facet normal -9.442165e-01 1.019922e-01 3.131338e-01
    outer loop
      vertex   1.449863e+02 -1.049760e+02 7.505804e+00
      vertex   1.462643e+02 -1.059933e+02 1.169092e+01
      vertex   1.450156e+02 -1.047040e+02 7.505804e+00
    endloop
  endfacet
  facet normal -8.990402e-01 2.637790e-01 3.494957e-01
    outer loop
      vertex   1.450156e+02 -1.047040e+02 7.505804e+00
      vertex   1.462643e+02 -1.059933e+02 1.169092e+01
      vertex   1.463390e+02 -1.057755e+02 1.171875e+01
    endloop
  endfacet
  facet normal -8.850572e-01 3.014515e-01 3.546839e-01
    outer loop
      vertex   1.450156e+02 -1.047040e+02 7.505804e+00
      vertex   1.463390e+02 -1.057755e+02 1.171875e+01
      vertex   1.451024e+02 -1.044492e+02 7.505804e+00
    endloop
  endfacet
  facet normal -8.203998e-01 4.304893e-01 3.763285e-01
    outer loop
      vertex   1.451024e+02 -1.044492e+02 7.505804e+00
      vertex   1.463390e+02 -1.057755e+02 1.171875e+01
      vertex   1.464534e+02 -1.055726e+02 1.173595e+01
    endloop
  endfacet
  facet normal -7.859527e-01 4.873860e-01 3.804382e-01
    outer loop
      vertex   1.451024e+02 -1.044492e+02 7.505804e+00
      vertex   1.464534e+02 -1.055726e+02 1.173595e+01
      vertex   1.452428e+02 -1.042228e+02 7.505804e+00
    endloop
  endfacet
  facet normal -7.133071e-01 5.823506e-01 3.899497e-01
    outer loop
      vertex   1.452428e+02 -1.042228e+02 7.505804e+00
      vertex   1.464534e+02 -1.055726e+02 1.173595e+01
      vertex   1.466023e+02 -1.053941e+02 1.174171e+01
    endloop
  endfacet
  facet normal -6.513675e-01 6.513675e-01 3.891539e-01
    outer loop
      vertex   1.452428e+02 -1.042228e+02 7.505804e+00
      vertex   1.466023e+02 -1.053941e+02 1.174171e+01
      vertex   1.454303e+02 -1.040353e+02 7.505804e+00
    endloop
  endfacet
  facet normal -5.813097e-01 7.141730e-01 3.899179e-01
    outer loop
      vertex   1.454303e+02 -1.040353e+02 7.505804e+00
      vertex   1.466023e+02 -1.053941e+02 1.174171e+01
      vertex   1.467821e+02 -1.052445e+02 1.173583e+01
    endloop
  endfacet
  facet normal -4.873888e-01 7.859571e-01 3.804257e-01
    outer loop
      vertex   1.454303e+02 -1.040353e+02 7.505804e+00
      vertex   1.467821e+02 -1.052445e+02 1.173583e+01
      vertex   1.456567e+02 -1.038949e+02 7.505804e+00
    endloop
  endfacet
  facet normal -4.293069e-01 8.210868e-01 3.761808e-01
    outer loop
      vertex   1.456567e+02 -1.038949e+02 7.505804e+00
      vertex   1.467821e+02 -1.052445e+02 1.173583e+01
      vertex   1.469839e+02 -1.051311e+02 1.171864e+01
    endloop
  endfacet
  facet normal -3.014529e-01 8.850613e-01 3.546726e-01
    outer loop
      vertex   1.456567e+02 -1.038949e+02 7.505804e+00
      vertex   1.469839e+02 -1.051311e+02 1.171864e+01
      vertex   1.459115e+02 -1.038081e+02 7.505804e+00
    endloop
  endfacet
  facet normal -2.630904e-01 8.992887e-01 3.493755e-01
    outer loop
      vertex   1.459115e+02 -1.038081e+02 7.505804e+00
      vertex   1.469839e+02 -1.051311e+02 1.171864e+01
      vertex   1.472023e+02 -1.050564e+02 1.169072e+01
    endloop
  endfacet
  facet normal -1.019937e-01 9.442300e-01 3.130927e-01
    outer loop
      vertex   1.459115e+02 -1.038081e+02 7.505804e+00
      vertex   1.472023e+02 -1.050564e+02 1.169072e+01
      vertex   1.461835e+02 -1.037788e+02 7.505804e+00
    endloop
  endfacet
  facet normal -8.851008e-02 9.464479e-01 3.104874e-01
    outer loop
      vertex   1.461835e+02 -1.037788e+02 7.505804e+00
      vertex   1.472023e+02 -1.050564e+02 1.169072e+01
      vertex   1.474278e+02 -1.050230e+02 1.165337e+01
    endloop
  endfacet
  facet normal -2.295142e-02 8.479320e-02 9.961342e-01
    outer loop
      vertex   1.586078e+02 -1.154637e+02 1.198102e+01
      vertex   1.585747e+02 -1.167755e+02 1.209192e+01
      vertex   1.587162e+02 -1.154711e+02 1.198415e+01
    endloop
  endfacet
  facet normal 5.363891e-03 8.176335e-02 9.966373e-01
    outer loop
      vertex   1.587162e+02 -1.154711e+02 1.198415e+01
      vertex   1.585747e+02 -1.167755e+02 1.209192e+01
      vertex   1.587192e+02 -1.167797e+02 1.209149e+01
    endloop
  endfacet
  facet normal 1.493228e-01 8.117605e-02 9.854507e-01
    outer loop
      vertex   1.587162e+02 -1.154711e+02 1.198415e+01
      vertex   1.587192e+02 -1.167797e+02 1.209149e+01
      vertex   1.588235e+02 -1.154746e+02 1.196818e+01
    endloop
  endfacet
  facet normal 2.348363e-01 7.281673e-02 9.693037e-01
    outer loop
      vertex   1.588235e+02 -1.154746e+02 1.196818e+01
      vertex   1.587192e+02 -1.167797e+02 1.209149e+01
      vertex   1.588596e+02 -1.167870e+02 1.205801e+01
    endloop
  endfacet
  facet normal 3.184910e-01 7.346170e-02 9.450751e-01
    outer loop
      vertex   1.588235e+02 -1.154746e+02 1.196818e+01
      vertex   1.588596e+02 -1.167870e+02 1.205801e+01
      vertex   1.589263e+02 -1.154793e+02 1.193388e+01
    endloop
  endfacet
  facet normal 4.518028e-01 6.143097e-02 8.900003e-01
    outer loop
      vertex   1.589263e+02 -1.154793e+02 1.193388e+01
      vertex   1.588596e+02 -1.167870e+02 1.205801e+01
      vertex   1.589885e+02 -1.167970e+02 1.199329e+01
    endloop
  endfacet
  facet normal 4.772187e-01 6.202501e-02 8.765930e-01
    outer loop
      vertex   1.589263e+02 -1.154793e+02 1.193388e+01
      vertex   1.589885e+02 -1.167970e+02 1.199329e+01
      vertex   1.590217e+02 -1.154851e+02 1.188237e+01
    endloop
  endfacet
  facet normal 6.223419e-01 5.027853e-02 7.811290e-01
    outer loop
      vertex   1.590217e+02 -1.154851e+02 1.188237e+01
      vertex   1.589885e+02 -1.167970e+02 1.199329e+01
      vertex   1.591066e+02 -1.154918e+02 1.181513e+01
    endloop
  endfacet
  facet normal 6.220322e-01 3.604154e-02 7.821617e-01
    outer loop
      vertex   1.590217e+02 -1.154851e+02 1.188237e+01
      vertex   1.591066e+02 -1.154918e+02 1.181513e+01
      vertex   1.591305e+02 -1.141778e+02 1.173563e+01
    endloop
  endfacet
  facet normal 7.477594e-01 2.657841e-02 6.634376e-01
    outer loop
      vertex   1.591305e+02 -1.141778e+02 1.173563e+01
      vertex   1.591066e+02 -1.154918e+02 1.181513e+01
      vertex   1.592025e+02 -1.141828e+02 1.165460e+01
    endloop
  endfacet
  facet normal 7.476061e-01 1.603220e-02 6.639489e-01
    outer loop
      vertex   1.591305e+02 -1.141778e+02 1.173563e+01
      vertex   1.592025e+02 -1.141828e+02 1.165460e+01
      vertex   1.592169e+02 -1.128662e+02 1.160661e+01
    endloop
  endfacet
  facet normal 8.514556e-01 9.806874e-03 5.243351e-01
    outer loop
      vertex   1.592169e+02 -1.128662e+02 1.160661e+01
      vertex   1.592025e+02 -1.141828e+02 1.165460e+01
      vertex   1.592739e+02 -1.128689e+02 1.151421e+01
    endloop
  endfacet
  facet normal 8.514082e-01 3.339315e-03 5.244931e-01
    outer loop
      vertex   1.592169e+02 -1.128662e+02 1.160661e+01
      vertex   1.592739e+02 -1.128689e+02 1.151421e+01
      vertex   1.592788e+02 -1.115498e+02 1.149784e+01
    endloop
  endfacet
  facet normal 9.292270e-01 1.126363e-03 3.695078e-01
    outer loop
      vertex   1.592788e+02 -1.115498e+02 1.149784e+01
      vertex   1.592739e+02 -1.128689e+02 1.151421e+01
      vertex   1.593141e+02 -1.128559e+02 1.141299e+01
    endloop
  endfacet
  facet normal 9.290902e-01 1.100330e-03 3.698516e-01
    outer loop
      vertex   1.592788e+02 -1.115498e+02 1.149784e+01
      vertex   1.593141e+02 -1.128559e+02 1.141299e+01
      vertex   1.593189e+02 -1.115287e+02 1.139697e+01
    endloop
  endfacet
  facet normal 6.445797e-01 4.581295e-02 7.631633e-01
    outer loop
      vertex   1.589885e+02 -1.167970e+02 1.199329e+01
      vertex   1.590989e+02 -1.168092e+02 1.190076e+01
      vertex   1.591066e+02 -1.154918e+02 1.181513e+01
    endloop
  endfacet
  facet normal 7.480528e-01 3.866060e-02 6.625121e-01
    outer loop
      vertex   1.591066e+02 -1.154918e+02 1.181513e+01
      vertex   1.590989e+02 -1.168092e+02 1.190076e+01
      vertex   1.591786e+02 -1.154993e+02 1.173426e+01
    endloop
  endfacet
  facet normal 7.477970e-01 2.657050e-02 6.633955e-01
    outer loop
      vertex   1.591066e+02 -1.154918e+02 1.181513e+01
      vertex   1.591786e+02 -1.154993e+02 1.173426e+01
      vertex   1.592025e+02 -1.141828e+02 1.165460e+01
    endloop
  endfacet
  facet normal 8.515606e-01 1.625381e-02 5.240042e-01
    outer loop
      vertex   1.592025e+02 -1.141828e+02 1.165460e+01
      vertex   1.591786e+02 -1.154993e+02 1.173426e+01
      vertex   1.592594e+02 -1.141881e+02 1.156231e+01
    endloop
  endfacet
  facet normal 8.514668e-01 9.804316e-03 5.243168e-01
    outer loop
      vertex   1.592025e+02 -1.141828e+02 1.165460e+01
      vertex   1.592594e+02 -1.141881e+02 1.156231e+01
      vertex   1.592739e+02 -1.128689e+02 1.151421e+01
    endloop
  endfacet
  facet normal 9.292264e-01 3.308992e-03 3.694960e-01
    outer loop
      vertex   1.592739e+02 -1.128689e+02 1.151421e+01
      vertex   1.592594e+02 -1.141881e+02 1.156231e+01
      vertex   1.592997e+02 -1.141830e+02 1.146107e+01
    endloop
  endfacet
  facet normal 9.291263e-01 3.296841e-03 3.697478e-01
    outer loop
      vertex   1.592739e+02 -1.128689e+02 1.151421e+01
      vertex   1.592997e+02 -1.141830e+02 1.146107e+01
      vertex   1.593141e+02 -1.128559e+02 1.141299e+01
    endloop
  endfacet
  facet normal 8.028492e-01 2.681547e-02 5.955788e-01
    outer loop
      vertex   1.590989e+02 -1.168092e+02 1.190076e+01
      vertex   1.591849e+02 -1.168228e+02 1.178540e+01
      vertex   1.591786e+02 -1.154993e+02 1.173426e+01
    endloop
  endfacet
  facet normal 8.517473e-01 2.425765e-02 5.233910e-01
    outer loop
      vertex   1.591786e+02 -1.154993e+02 1.173426e+01
      vertex   1.591849e+02 -1.168228e+02 1.178540e+01
      vertex   1.592355e+02 -1.155072e+02 1.164213e+01
    endloop
  endfacet
  facet normal 8.515785e-01 1.624891e-02 5.239752e-01
    outer loop
      vertex   1.591786e+02 -1.154993e+02 1.173426e+01
      vertex   1.592355e+02 -1.155072e+02 1.164213e+01
      vertex   1.592594e+02 -1.141881e+02 1.156231e+01
    endloop
  endfacet
  facet normal 9.292430e-01 5.487333e-03 3.694284e-01
    outer loop
      vertex   1.592594e+02 -1.141881e+02 1.156231e+01
      vertex   1.592355e+02 -1.155072e+02 1.164213e+01
      vertex   1.592756e+02 -1.155101e+02 1.154119e+01
    endloop
  endfacet
  facet normal 9.291801e-01 5.484033e-03 3.695867e-01
    outer loop
      vertex   1.592594e+02 -1.141881e+02 1.156231e+01
      vertex   1.592756e+02 -1.155101e+02 1.154119e+01
      vertex   1.592997e+02 -1.141830e+02 1.146107e+01
    endloop
  endfacet
  facet normal 9.182211e-01 7.828525e-03 3.959908e-01
    outer loop
      vertex   1.591849e+02 -1.168228e+02 1.178540e+01
      vertex   1.592420e+02 -1.168372e+02 1.165337e+01
      vertex   1.592355e+02 -1.155072e+02 1.164213e+01
    endloop
  endfacet
  facet normal 9.292511e-01 7.657478e-03 3.693694e-01
    outer loop
      vertex   1.592355e+02 -1.155072e+02 1.164213e+01
      vertex   1.592420e+02 -1.168372e+02 1.165337e+01
      vertex   1.592756e+02 -1.155101e+02 1.154119e+01
    endloop
  endfacet
  facet normal 9.292454e-01 -1.064802e-03 3.694616e-01
    outer loop
      vertex   1.592788e+02 -1.115498e+02 1.149784e+01
      vertex   1.593189e+02 -1.115287e+02 1.139697e+01
      vertex   1.592741e+02 -1.102201e+02 1.151345e+01
    endloop
  endfacet
  facet normal 9.291103e-01 -1.099648e-03 3.698011e-01
    outer loop
      vertex   1.592741e+02 -1.102201e+02 1.151345e+01
      vertex   1.593189e+02 -1.115287e+02 1.139697e+01
      vertex   1.593141e+02 -1.102016e+02 1.141299e+01
    endloop
  endfacet
  facet normal 9.292429e-01 -3.263810e-03 3.694551e-01
    outer loop
      vertex   1.592741e+02 -1.102201e+02 1.151345e+01
      vertex   1.593141e+02 -1.102016e+02 1.141299e+01
      vertex   1.592597e+02 -1.088905e+02 1.156129e+01
    endloop
  endfacet
  facet normal 9.291483e-01 -3.294605e-03 3.696927e-01
    outer loop
      vertex   1.592597e+02 -1.088905e+02 1.156129e+01
      vertex   1.593141e+02 -1.102016e+02 1.141299e+01
      vertex   1.592997e+02 -1.088745e+02 1.146107e+01
    endloop
  endfacet
  facet normal 9.292578e-01 -5.458750e-03 3.693915e-01
    outer loop
      vertex   1.592597e+02 -1.088905e+02 1.156129e+01
      vertex   1.592997e+02 -1.088745e+02 1.146107e+01
      vertex   1.592357e+02 -1.075608e+02 1.164137e+01
    endloop
  endfacet
  facet normal 9.292037e-01 -5.480020e-03 3.695273e-01
    outer loop
      vertex   1.592357e+02 -1.075608e+02 1.164137e+01
      vertex   1.592997e+02 -1.088745e+02 1.146107e+01
      vertex   1.592756e+02 -1.075474e+02 1.154119e+01
    endloop
  endfacet
  facet normal 9.292901e-01 -7.648205e-03 3.692714e-01
    outer loop
      vertex   1.592357e+02 -1.075608e+02 1.164137e+01
      vertex   1.592756e+02 -1.075474e+02 1.154119e+01
      vertex   1.592420e+02 -1.062203e+02 1.165337e+01
    endloop
  endfacet
  facet normal 9.182213e-01 -7.835620e-03 3.959902e-01
    outer loop
      vertex   1.592420e+02 -1.062203e+02 1.165337e+01
      vertex   1.591849e+02 -1.062347e+02 1.178540e+01
      vertex   1.592357e+02 -1.075608e+02 1.164137e+01
    endloop
  endfacet
  facet normal 8.517460e-01 -2.421963e-02 5.233949e-01
    outer loop
      vertex   1.592357e+02 -1.075608e+02 1.164137e+01
      vertex   1.591849e+02 -1.062347e+02 1.178540e+01
      vertex   1.591789e+02 -1.075687e+02 1.173350e+01
    endloop
  endfacet
  facet normal 8.515768e-01 -1.617477e-02 5.239802e-01
    outer loop
      vertex   1.592357e+02 -1.075608e+02 1.164137e+01
      vertex   1.591789e+02 -1.075687e+02 1.173350e+01
      vertex   1.592028e+02 -1.088958e+02 1.165359e+01
    endloop
  endfacet
  facet normal 7.477563e-01 -2.644793e-02 6.634464e-01
    outer loop
      vertex   1.592028e+02 -1.088958e+02 1.165359e+01
      vertex   1.591789e+02 -1.075687e+02 1.173350e+01
      vertex   1.591308e+02 -1.089007e+02 1.173462e+01
    endloop
  endfacet
  facet normal 7.476030e-01 -1.582452e-02 6.639573e-01
    outer loop
      vertex   1.592028e+02 -1.088958e+02 1.165359e+01
      vertex   1.591308e+02 -1.089007e+02 1.173462e+01
      vertex   1.591451e+02 -1.102252e+02 1.168697e+01
    endloop
  endfacet
  facet normal 6.217586e-01 -2.146117e-02 7.829148e-01
    outer loop
      vertex   1.591451e+02 -1.102252e+02 1.168697e+01
      vertex   1.591308e+02 -1.089007e+02 1.173462e+01
      vertex   1.590458e+02 -1.089052e+02 1.180199e+01
    endloop
  endfacet
  facet normal 6.217206e-01 -2.146664e-02 7.829449e-01
    outer loop
      vertex   1.591451e+02 -1.102252e+02 1.168697e+01
      vertex   1.590458e+02 -1.089052e+02 1.180199e+01
      vertex   1.590600e+02 -1.102274e+02 1.175442e+01
    endloop
  endfacet
  facet normal 4.764873e-01 -2.647966e-02 8.787825e-01
    outer loop
      vertex   1.590600e+02 -1.102274e+02 1.175442e+01
      vertex   1.590458e+02 -1.089052e+02 1.180199e+01
      vertex   1.589504e+02 -1.089090e+02 1.185361e+01
    endloop
  endfacet
  facet normal 4.764335e-01 -2.648631e-02 8.788115e-01
    outer loop
      vertex   1.590600e+02 -1.102274e+02 1.175442e+01
      vertex   1.589504e+02 -1.089090e+02 1.185361e+01
      vertex   1.589646e+02 -1.102293e+02 1.180611e+01
    endloop
  endfacet
  facet normal 3.175332e-01 -3.067792e-02 9.477508e-01
    outer loop
      vertex   1.589646e+02 -1.102293e+02 1.180611e+01
      vertex   1.589504e+02 -1.089090e+02 1.185361e+01
      vertex   1.588616e+02 -1.102309e+02 1.184055e+01
    endloop
  endfacet
  facet normal 3.173854e-01 -1.001630e-02 9.482437e-01
    outer loop
      vertex   1.589646e+02 -1.102293e+02 1.180611e+01
      vertex   1.588616e+02 -1.102309e+02 1.184055e+01
      vertex   1.588663e+02 -1.115496e+02 1.182507e+01
    endloop
  endfacet
  facet normal 1.480529e-01 -1.108829e-02 9.889173e-01
    outer loop
      vertex   1.588663e+02 -1.115496e+02 1.182507e+01
      vertex   1.588616e+02 -1.102309e+02 1.184055e+01
      vertex   1.587589e+02 -1.115496e+02 1.184114e+01
    endloop
  endfacet
  facet normal 1.480557e-01 1.172497e-02 9.889095e-01
    outer loop
      vertex   1.588663e+02 -1.115496e+02 1.182507e+01
      vertex   1.587589e+02 -1.115496e+02 1.184114e+01
      vertex   1.587541e+02 -1.128567e+02 1.185737e+01
    endloop
  endfacet
  facet normal -2.655700e-02 1.250503e-02 9.995691e-01
    outer loop
      vertex   1.587541e+02 -1.128567e+02 1.185737e+01
      vertex   1.587589e+02 -1.115496e+02 1.184114e+01
      vertex   1.586457e+02 -1.128404e+02 1.185428e+01
    endloop
  endfacet
  facet normal -2.292892e-02 3.644990e-02 9.990724e-01
    outer loop
      vertex   1.587541e+02 -1.128567e+02 1.185737e+01
      vertex   1.586457e+02 -1.128404e+02 1.185428e+01
      vertex   1.586315e+02 -1.141520e+02 1.190181e+01
    endloop
  endfacet
  facet normal 8.028489e-01 -2.680673e-02 5.955796e-01
    outer loop
      vertex   1.591849e+02 -1.062347e+02 1.178540e+01
      vertex   1.590989e+02 -1.062483e+02 1.190076e+01
      vertex   1.591789e+02 -1.075687e+02 1.173350e+01
    endloop
  endfacet
  facet normal 7.480508e-01 -3.860637e-02 6.625176e-01
    outer loop
      vertex   1.591789e+02 -1.075687e+02 1.173350e+01
      vertex   1.590989e+02 -1.062483e+02 1.190076e+01
      vertex   1.591069e+02 -1.075761e+02 1.181437e+01
    endloop
  endfacet
  facet normal 7.477942e-01 -2.644933e-02 6.634035e-01
    outer loop
      vertex   1.591789e+02 -1.075687e+02 1.173350e+01
      vertex   1.591069e+02 -1.075761e+02 1.181437e+01
      vertex   1.591308e+02 -1.089007e+02 1.173462e+01
    endloop
  endfacet
  facet normal 6.220281e-01 -3.587088e-02 7.821729e-01
    outer loop
      vertex   1.591308e+02 -1.089007e+02 1.173462e+01
      vertex   1.591069e+02 -1.075761e+02 1.181437e+01
      vertex   1.590219e+02 -1.075828e+02 1.188161e+01
    endloop
  endfacet
  facet normal 6.219666e-01 -3.588136e-02 7.822213e-01
    outer loop
      vertex   1.591308e+02 -1.089007e+02 1.173462e+01
      vertex   1.590219e+02 -1.075828e+02 1.188161e+01
      vertex   1.590458e+02 -1.089052e+02 1.180199e+01
    endloop
  endfacet
  facet normal 4.768315e-01 -4.425923e-02 8.778797e-01
    outer loop
      vertex   1.590458e+02 -1.089052e+02 1.180199e+01
      vertex   1.590219e+02 -1.075828e+02 1.188161e+01
      vertex   1.589266e+02 -1.075886e+02 1.193312e+01
    endloop
  endfacet
  facet normal 4.767439e-01 -4.427183e-02 8.779267e-01
    outer loop
      vertex   1.590458e+02 -1.089052e+02 1.180199e+01
      vertex   1.589266e+02 -1.075886e+02 1.193312e+01
      vertex   1.589504e+02 -1.089090e+02 1.185361e+01
    endloop
  endfacet
  facet normal 3.178996e-01 -5.127863e-02 9.467367e-01
    outer loop
      vertex   1.589504e+02 -1.089090e+02 1.185361e+01
      vertex   1.589266e+02 -1.075886e+02 1.193312e+01
      vertex   1.588475e+02 -1.089122e+02 1.188800e+01
    endloop
  endfacet
  facet normal 3.176026e-01 -3.068235e-02 9.477274e-01
    outer loop
      vertex   1.589504e+02 -1.089090e+02 1.185361e+01
      vertex   1.588475e+02 -1.089122e+02 1.188800e+01
      vertex   1.588616e+02 -1.102309e+02 1.184055e+01
    endloop
  endfacet
  facet normal 1.482440e-01 -3.396739e-02 9.883673e-01
    outer loop
      vertex   1.588616e+02 -1.102309e+02 1.184055e+01
      vertex   1.588475e+02 -1.089122e+02 1.188800e+01
      vertex   1.587543e+02 -1.102321e+02 1.185661e+01
    endloop
  endfacet
  facet normal 1.480803e-01 -1.109042e-02 9.889132e-01
    outer loop
      vertex   1.588616e+02 -1.102309e+02 1.184055e+01
      vertex   1.587543e+02 -1.102321e+02 1.185661e+01
      vertex   1.587589e+02 -1.115496e+02 1.184114e+01
    endloop
  endfacet
  facet normal -2.717571e-02 -1.183039e-02 9.995607e-01
    outer loop
      vertex   1.587589e+02 -1.115496e+02 1.184114e+01
      vertex   1.587543e+02 -1.102321e+02 1.185661e+01
      vertex   1.586504e+02 -1.115287e+02 1.183844e+01
    endloop
  endfacet
  facet normal -2.256913e-02 1.215615e-02 9.996714e-01
    outer loop
      vertex   1.587589e+02 -1.115496e+02 1.184114e+01
      vertex   1.586504e+02 -1.115287e+02 1.183844e+01
      vertex   1.586457e+02 -1.128404e+02 1.185428e+01
    endloop
  endfacet
  facet normal 6.445784e-01 -4.577739e-02 7.631665e-01
    outer loop
      vertex   1.590989e+02 -1.062483e+02 1.190076e+01
      vertex   1.589885e+02 -1.062605e+02 1.199329e+01
      vertex   1.591069e+02 -1.075761e+02 1.181437e+01
    endloop
  endfacet
  facet normal 6.223395e-01 -5.022204e-02 7.811347e-01
    outer loop
      vertex   1.591069e+02 -1.075761e+02 1.181437e+01
      vertex   1.589885e+02 -1.062605e+02 1.199329e+01
      vertex   1.590219e+02 -1.075828e+02 1.188161e+01
    endloop
  endfacet
  facet normal 4.772156e-01 -6.195529e-02 8.765996e-01
    outer loop
      vertex   1.590219e+02 -1.075828e+02 1.188161e+01
      vertex   1.589885e+02 -1.062605e+02 1.199329e+01
      vertex   1.589266e+02 -1.075886e+02 1.193312e+01
    endloop
  endfacet
  facet normal 4.518010e-01 -6.137788e-02 8.900048e-01
    outer loop
      vertex   1.589266e+02 -1.075886e+02 1.193312e+01
      vertex   1.589885e+02 -1.062605e+02 1.199329e+01
      vertex   1.588596e+02 -1.062705e+02 1.205801e+01
    endloop
  endfacet
  facet normal 3.184869e-01 -7.336826e-02 9.450837e-01
    outer loop
      vertex   1.589266e+02 -1.075886e+02 1.193312e+01
      vertex   1.588596e+02 -1.062705e+02 1.205801e+01
      vertex   1.588237e+02 -1.075934e+02 1.196742e+01
    endloop
  endfacet
  facet normal 2.348343e-01 -7.275634e-02 9.693087e-01
    outer loop
      vertex   1.588237e+02 -1.075934e+02 1.196742e+01
      vertex   1.588596e+02 -1.062705e+02 1.205801e+01
      vertex   1.587192e+02 -1.062778e+02 1.209149e+01
    endloop
  endfacet
  facet normal 1.493184e-01 -8.107390e-02 9.854598e-01
    outer loop
      vertex   1.588237e+02 -1.075934e+02 1.196742e+01
      vertex   1.587192e+02 -1.062778e+02 1.209149e+01
      vertex   1.587164e+02 -1.075968e+02 1.198339e+01
    endloop
  endfacet
  facet normal 5.361673e-03 -8.168738e-02 9.966436e-01
    outer loop
      vertex   1.587164e+02 -1.075968e+02 1.198339e+01
      vertex   1.587192e+02 -1.062778e+02 1.209149e+01
      vertex   1.585747e+02 -1.062820e+02 1.209192e+01
    endloop
  endfacet
  facet normal -2.411605e-02 -8.482008e-02 9.961044e-01
    outer loop
      vertex   1.587164e+02 -1.075968e+02 1.198339e+01
      vertex   1.585747e+02 -1.062820e+02 1.209192e+01
      vertex   1.586078e+02 -1.075938e+02 1.198102e+01
    endloop
  endfacet
  facet normal -2.347567e-02 -6.068524e-02 9.978809e-01
    outer loop
      vertex   1.586078e+02 -1.075938e+02 1.198102e+01
      vertex   1.586315e+02 -1.089055e+02 1.190181e+01
      vertex   1.587164e+02 -1.075968e+02 1.198339e+01
    endloop
  endfacet
  facet normal -2.537604e-02 -6.055947e-02 9.978420e-01
    outer loop
      vertex   1.587164e+02 -1.075968e+02 1.198339e+01
      vertex   1.586315e+02 -1.089055e+02 1.190181e+01
      vertex   1.587401e+02 -1.089145e+02 1.190403e+01
    endloop
  endfacet
  facet normal 1.487942e-01 -5.678517e-02 9.872364e-01
    outer loop
      vertex   1.587164e+02 -1.075968e+02 1.198339e+01
      vertex   1.587401e+02 -1.089145e+02 1.190403e+01
      vertex   1.588237e+02 -1.075934e+02 1.196742e+01
    endloop
  endfacet
  facet normal 1.486564e-01 -5.677746e-02 9.872576e-01
    outer loop
      vertex   1.588237e+02 -1.075934e+02 1.196742e+01
      vertex   1.587401e+02 -1.089145e+02 1.190403e+01
      vertex   1.588475e+02 -1.089122e+02 1.188800e+01
    endloop
  endfacet
  facet normal 3.180133e-01 -5.128411e-02 9.466982e-01
    outer loop
      vertex   1.588237e+02 -1.075934e+02 1.196742e+01
      vertex   1.588475e+02 -1.089122e+02 1.188800e+01
      vertex   1.589266e+02 -1.075886e+02 1.193312e+01
    endloop
  endfacet
  facet normal -2.340713e-02 -3.645467e-02 9.990611e-01
    outer loop
      vertex   1.586315e+02 -1.089055e+02 1.190181e+01
      vertex   1.586457e+02 -1.102171e+02 1.185428e+01
      vertex   1.587401e+02 -1.089145e+02 1.190403e+01
    endloop
  endfacet
  facet normal -2.639792e-02 -3.623524e-02 9.989946e-01
    outer loop
      vertex   1.587401e+02 -1.089145e+02 1.190403e+01
      vertex   1.586457e+02 -1.102171e+02 1.185428e+01
      vertex   1.587543e+02 -1.102321e+02 1.185661e+01
    endloop
  endfacet
  facet normal 1.483274e-01 -3.397298e-02 9.883546e-01
    outer loop
      vertex   1.587401e+02 -1.089145e+02 1.190403e+01
      vertex   1.587543e+02 -1.102321e+02 1.185661e+01
      vertex   1.588475e+02 -1.089122e+02 1.188800e+01
    endloop
  endfacet
  facet normal -2.310522e-02 -1.215794e-02 9.996591e-01
    outer loop
      vertex   1.586457e+02 -1.102171e+02 1.185428e+01
      vertex   1.586504e+02 -1.115287e+02 1.183844e+01
      vertex   1.587543e+02 -1.102321e+02 1.185661e+01
    endloop
  endfacet
  facet normal -2.571375e-02 3.671085e-02 9.989951e-01
    outer loop
      vertex   1.587541e+02 -1.128567e+02 1.185737e+01
      vertex   1.586315e+02 -1.141520e+02 1.190181e+01
      vertex   1.587398e+02 -1.141639e+02 1.190503e+01
    endloop
  endfacet
  facet normal -2.305576e-02 6.067828e-02 9.978911e-01
    outer loop
      vertex   1.587398e+02 -1.141639e+02 1.190503e+01
      vertex   1.586315e+02 -1.141520e+02 1.190181e+01
      vertex   1.586078e+02 -1.154637e+02 1.198102e+01
    endloop
  endfacet
  facet normal -2.463061e-02 6.083547e-02 9.978439e-01
    outer loop
      vertex   1.587398e+02 -1.141639e+02 1.190503e+01
      vertex   1.586078e+02 -1.154637e+02 1.198102e+01
      vertex   1.587162e+02 -1.154711e+02 1.198415e+01
    endloop
  endfacet
  facet normal 1.486637e-01 5.705910e-02 9.872403e-01
    outer loop
      vertex   1.587398e+02 -1.141639e+02 1.190503e+01
      vertex   1.587162e+02 -1.154711e+02 1.198415e+01
      vertex   1.588472e+02 -1.141662e+02 1.188901e+01
    endloop
  endfacet
  facet normal 1.488006e-01 5.704391e-02 9.872205e-01
    outer loop
      vertex   1.588472e+02 -1.141662e+02 1.188901e+01
      vertex   1.587162e+02 -1.154711e+02 1.198415e+01
      vertex   1.588235e+02 -1.154746e+02 1.196818e+01
    endloop
  endfacet
  facet normal 3.179062e-01 5.153246e-02 9.467207e-01
    outer loop
      vertex   1.588472e+02 -1.141662e+02 1.188901e+01
      vertex   1.588235e+02 -1.154746e+02 1.196818e+01
      vertex   1.589501e+02 -1.141694e+02 1.185462e+01
    endloop
  endfacet
  facet normal 3.180192e-01 5.151827e-02 9.466835e-01
    outer loop
      vertex   1.589501e+02 -1.141694e+02 1.185462e+01
      vertex   1.588235e+02 -1.154746e+02 1.196818e+01
      vertex   1.589263e+02 -1.154793e+02 1.193388e+01
    endloop
  endfacet
  facet normal 4.768369e-01 4.447801e-02 8.778657e-01
    outer loop
      vertex   1.589501e+02 -1.141694e+02 1.185462e+01
      vertex   1.589263e+02 -1.154793e+02 1.193388e+01
      vertex   1.590217e+02 -1.154851e+02 1.188237e+01
    endloop
  endfacet
  facet normal 1.482508e-01 3.442655e-02 9.883504e-01
    outer loop
      vertex   1.587541e+02 -1.128567e+02 1.185737e+01
      vertex   1.587398e+02 -1.141639e+02 1.190503e+01
      vertex   1.588614e+02 -1.128579e+02 1.184130e+01
    endloop
  endfacet
  facet normal 1.483345e-01 3.441815e-02 9.883381e-01
    outer loop
      vertex   1.588614e+02 -1.128579e+02 1.184130e+01
      vertex   1.587398e+02 -1.141639e+02 1.190503e+01
      vertex   1.588472e+02 -1.141662e+02 1.188901e+01
    endloop
  endfacet
  facet normal 3.175394e-01 3.109234e-02 9.477352e-01
    outer loop
      vertex   1.588614e+02 -1.128579e+02 1.184130e+01
      vertex   1.588472e+02 -1.141662e+02 1.188901e+01
      vertex   1.589644e+02 -1.128595e+02 1.180687e+01
    endloop
  endfacet
  facet normal 3.176089e-01 3.108465e-02 9.477121e-01
    outer loop
      vertex   1.589644e+02 -1.128595e+02 1.180687e+01
      vertex   1.588472e+02 -1.141662e+02 1.188901e+01
      vertex   1.589501e+02 -1.141694e+02 1.185462e+01
    endloop
  endfacet
  facet normal 4.764930e-01 2.683718e-02 8.787686e-01
    outer loop
      vertex   1.589644e+02 -1.128595e+02 1.180687e+01
      vertex   1.589501e+02 -1.141694e+02 1.185462e+01
      vertex   1.590455e+02 -1.141733e+02 1.180300e+01
    endloop
  endfacet
  facet normal 4.767494e-01 4.447425e-02 8.779135e-01
    outer loop
      vertex   1.590455e+02 -1.141733e+02 1.180300e+01
      vertex   1.589501e+02 -1.141694e+02 1.185462e+01
      vertex   1.590217e+02 -1.154851e+02 1.188237e+01
    endloop
  endfacet
  facet normal 6.219709e-01 3.605205e-02 7.822100e-01
    outer loop
      vertex   1.590455e+02 -1.141733e+02 1.180300e+01
      vertex   1.590217e+02 -1.154851e+02 1.188237e+01
      vertex   1.591305e+02 -1.141778e+02 1.173563e+01
    endloop
  endfacet
  facet normal 1.480844e-01 1.172240e-02 9.889052e-01
    outer loop
      vertex   1.587541e+02 -1.128567e+02 1.185737e+01
      vertex   1.588614e+02 -1.128579e+02 1.184130e+01
      vertex   1.588663e+02 -1.115496e+02 1.182507e+01
    endloop
  endfacet
  facet normal 3.173652e-01 1.058943e-02 9.482443e-01
    outer loop
      vertex   1.588663e+02 -1.115496e+02 1.182507e+01
      vertex   1.588614e+02 -1.128579e+02 1.184130e+01
      vertex   1.589692e+02 -1.115496e+02 1.179061e+01
    endloop
  endfacet
  facet normal 3.173626e-01 -1.001449e-02 9.482514e-01
    outer loop
      vertex   1.588663e+02 -1.115496e+02 1.182507e+01
      vertex   1.589692e+02 -1.115496e+02 1.179061e+01
      vertex   1.589646e+02 -1.102293e+02 1.180611e+01
    endloop
  endfacet
  facet normal 4.762881e-01 -8.646215e-03 8.792468e-01
    outer loop
      vertex   1.589646e+02 -1.102293e+02 1.180611e+01
      vertex   1.589692e+02 -1.115496e+02 1.179061e+01
      vertex   1.590647e+02 -1.115497e+02 1.173890e+01
    endloop
  endfacet
  facet normal 4.763059e-01 -8.644375e-03 8.792371e-01
    outer loop
      vertex   1.589646e+02 -1.102293e+02 1.180611e+01
      vertex   1.590647e+02 -1.115497e+02 1.173890e+01
      vertex   1.590600e+02 -1.102274e+02 1.175442e+01
    endloop
  endfacet
  facet normal 6.216046e-01 -7.007591e-03 7.832998e-01
    outer loop
      vertex   1.590600e+02 -1.102274e+02 1.175442e+01
      vertex   1.590647e+02 -1.115497e+02 1.173890e+01
      vertex   1.591497e+02 -1.115497e+02 1.167142e+01
    endloop
  endfacet
  facet normal 6.216172e-01 -7.006108e-03 7.832899e-01
    outer loop
      vertex   1.590600e+02 -1.102274e+02 1.175442e+01
      vertex   1.591497e+02 -1.115497e+02 1.167142e+01
      vertex   1.591451e+02 -1.102252e+02 1.168697e+01
    endloop
  endfacet
  facet normal 7.475033e-01 -5.166027e-03 6.642380e-01
    outer loop
      vertex   1.591451e+02 -1.102252e+02 1.168697e+01
      vertex   1.591497e+02 -1.115497e+02 1.167142e+01
      vertex   1.592172e+02 -1.102228e+02 1.160585e+01
    endloop
  endfacet
  facet normal 7.475795e-01 -1.582283e-02 6.639838e-01
    outer loop
      vertex   1.591451e+02 -1.102252e+02 1.168697e+01
      vertex   1.592172e+02 -1.102228e+02 1.160585e+01
      vertex   1.592028e+02 -1.088958e+02 1.165359e+01
    endloop
  endfacet
  facet normal 8.514650e-01 -9.677289e-03 5.243221e-01
    outer loop
      vertex   1.592028e+02 -1.088958e+02 1.165359e+01
      vertex   1.592172e+02 -1.102228e+02 1.160585e+01
      vertex   1.592597e+02 -1.088905e+02 1.156129e+01
    endloop
  endfacet
  facet normal 8.515588e-01 -1.617406e-02 5.240096e-01
    outer loop
      vertex   1.592028e+02 -1.088958e+02 1.165359e+01
      vertex   1.592597e+02 -1.088905e+02 1.156129e+01
      vertex   1.592357e+02 -1.075608e+02 1.164137e+01
    endloop
  endfacet
  facet normal 3.173892e-01 1.058715e-02 9.482363e-01
    outer loop
      vertex   1.589692e+02 -1.115496e+02 1.179061e+01
      vertex   1.588614e+02 -1.128579e+02 1.184130e+01
      vertex   1.589644e+02 -1.128595e+02 1.180687e+01
    endloop
  endfacet
  facet normal 4.763092e-01 9.140596e-03 8.792304e-01
    outer loop
      vertex   1.589692e+02 -1.115496e+02 1.179061e+01
      vertex   1.589644e+02 -1.128595e+02 1.180687e+01
      vertex   1.590598e+02 -1.128615e+02 1.175518e+01
    endloop
  endfacet
  facet normal 4.764388e-01 2.683375e-02 8.787981e-01
    outer loop
      vertex   1.590598e+02 -1.128615e+02 1.175518e+01
      vertex   1.589644e+02 -1.128595e+02 1.180687e+01
      vertex   1.590455e+02 -1.141733e+02 1.180300e+01
    endloop
  endfacet
  facet normal 6.217248e-01 2.175236e-02 7.829337e-01
    outer loop
      vertex   1.590598e+02 -1.128615e+02 1.175518e+01
      vertex   1.590455e+02 -1.141733e+02 1.180300e+01
      vertex   1.591448e+02 -1.128637e+02 1.168772e+01
    endloop
  endfacet
  facet normal 6.217630e-01 2.174680e-02 7.829035e-01
    outer loop
      vertex   1.591448e+02 -1.128637e+02 1.168772e+01
      vertex   1.590455e+02 -1.141733e+02 1.180300e+01
      vertex   1.591305e+02 -1.141778e+02 1.173563e+01
    endloop
  endfacet
  facet normal 7.475825e-01 1.603635e-02 6.639753e-01
    outer loop
      vertex   1.591448e+02 -1.128637e+02 1.168772e+01
      vertex   1.591305e+02 -1.141778e+02 1.173563e+01
      vertex   1.592169e+02 -1.128662e+02 1.160661e+01
    endloop
  endfacet
  facet normal 6.216197e-01 7.408254e-03 7.832841e-01
    outer loop
      vertex   1.590598e+02 -1.128615e+02 1.175518e+01
      vertex   1.591448e+02 -1.128637e+02 1.168772e+01
      vertex   1.590647e+02 -1.115497e+02 1.173890e+01
    endloop
  endfacet
  facet normal 6.216065e-01 7.407038e-03 7.832946e-01
    outer loop
      vertex   1.590647e+02 -1.115497e+02 1.173890e+01
      vertex   1.591448e+02 -1.128637e+02 1.168772e+01
      vertex   1.591497e+02 -1.115497e+02 1.167142e+01
    endloop
  endfacet
  facet normal 7.474969e-01 5.461668e-03 6.642429e-01
    outer loop
      vertex   1.591497e+02 -1.115497e+02 1.167142e+01
      vertex   1.591448e+02 -1.128637e+02 1.168772e+01
      vertex   1.592218e+02 -1.115498e+02 1.159027e+01
    endloop
  endfacet
  facet normal 7.475050e-01 5.460506e-03 6.642337e-01
    outer loop
      vertex   1.592218e+02 -1.115498e+02 1.159027e+01
      vertex   1.591448e+02 -1.128637e+02 1.168772e+01
      vertex   1.592169e+02 -1.128662e+02 1.160661e+01
    endloop
  endfacet
  facet normal 8.514043e-01 3.340023e-03 5.244994e-01
    outer loop
      vertex   1.592218e+02 -1.115498e+02 1.159027e+01
      vertex   1.592169e+02 -1.128662e+02 1.160661e+01
      vertex   1.592788e+02 -1.115498e+02 1.149784e+01
    endloop
  endfacet
  facet normal 4.762905e-01 9.139032e-03 8.792405e-01
    outer loop
      vertex   1.589692e+02 -1.115496e+02 1.179061e+01
      vertex   1.590598e+02 -1.128615e+02 1.175518e+01
      vertex   1.590647e+02 -1.115497e+02 1.173890e+01
    endloop
  endfacet
  facet normal 7.474955e-01 -5.165196e-03 6.642468e-01
    outer loop
      vertex   1.591497e+02 -1.115497e+02 1.167142e+01
      vertex   1.592218e+02 -1.115498e+02 1.159027e+01
      vertex   1.592172e+02 -1.102228e+02 1.160585e+01
    endloop
  endfacet
  facet normal 8.514072e-01 -3.159223e-03 5.244958e-01
    outer loop
      vertex   1.592172e+02 -1.102228e+02 1.160585e+01
      vertex   1.592218e+02 -1.115498e+02 1.159027e+01
      vertex   1.592741e+02 -1.102201e+02 1.151345e+01
    endloop
  endfacet
  facet normal 8.514538e-01 -9.676319e-03 5.243403e-01
    outer loop
      vertex   1.592172e+02 -1.102228e+02 1.160585e+01
      vertex   1.592741e+02 -1.102201e+02 1.151345e+01
      vertex   1.592597e+02 -1.088905e+02 1.156129e+01
    endloop
  endfacet
  facet normal 8.514034e-01 -3.158726e-03 5.245019e-01
    outer loop
      vertex   1.592741e+02 -1.102201e+02 1.151345e+01
      vertex   1.592218e+02 -1.115498e+02 1.159027e+01
      vertex   1.592788e+02 -1.115498e+02 1.149784e+01
    endloop
  endfacet
  facet normal -2.499211e-02 -9.003194e-02 9.956253e-01
    outer loop
      vertex   1.585608e+02 -1.061680e+02 1.210188e+01
      vertex   1.585747e+02 -1.062820e+02 1.209192e+01
      vertex   1.586645e+02 -1.061458e+02 1.210650e+01
    endloop
  endfacet
  facet normal 6.194043e-03 -1.104098e-01 9.938668e-01
    outer loop
      vertex   1.586645e+02 -1.061458e+02 1.210650e+01
      vertex   1.585747e+02 -1.062820e+02 1.209192e+01
      vertex   1.587192e+02 -1.062778e+02 1.209149e+01
    endloop
  endfacet
  facet normal 1.405769e-01 -5.418951e-02 9.885857e-01
    outer loop
      vertex   1.586645e+02 -1.061458e+02 1.210650e+01
      vertex   1.587192e+02 -1.062778e+02 1.209149e+01
      vertex   1.587673e+02 -1.061223e+02 1.209317e+01
    endloop
  endfacet
  facet normal 2.351596e-01 -8.323958e-02 9.683858e-01
    outer loop
      vertex   1.587673e+02 -1.061223e+02 1.209317e+01
      vertex   1.587192e+02 -1.062778e+02 1.209149e+01
      vertex   1.588596e+02 -1.062705e+02 1.205801e+01
    endloop
  endfacet
  facet normal 3.066842e-01 -3.457939e-02 9.511830e-01
    outer loop
      vertex   1.587673e+02 -1.061223e+02 1.209317e+01
      vertex   1.588596e+02 -1.062705e+02 1.205801e+01
      vertex   1.588660e+02 -1.060984e+02 1.206220e+01
    endloop
  endfacet
  facet normal 4.509016e-01 -3.851103e-02 8.917425e-01
    outer loop
      vertex   1.588660e+02 -1.060984e+02 1.206220e+01
      vertex   1.588596e+02 -1.062705e+02 1.205801e+01
      vertex   1.589885e+02 -1.062605e+02 1.199329e+01
    endloop
  endfacet
  facet normal 4.650228e-01 -2.495407e-02 8.849470e-01
    outer loop
      vertex   1.588660e+02 -1.060984e+02 1.206220e+01
      vertex   1.589885e+02 -1.062605e+02 1.199329e+01
      vertex   1.589580e+02 -1.060747e+02 1.201457e+01
    endloop
  endfacet
  facet normal 5.722513e-01 8.702917e-05 8.200783e-01
    outer loop
      vertex   1.589580e+02 -1.060747e+02 1.201457e+01
      vertex   1.589885e+02 -1.062605e+02 1.199329e+01
      vertex   1.590005e+02 -1.060631e+02 1.198488e+01
    endloop
  endfacet
  facet normal 5.467827e-01 1.167446e-01 8.290955e-01
    outer loop
      vertex   1.589580e+02 -1.060747e+02 1.201457e+01
      vertex   1.590005e+02 -1.060631e+02 1.198488e+01
      vertex   1.589347e+02 -1.058776e+02 1.200215e+01
    endloop
  endfacet
  facet normal 6.006009e-01 1.397299e-01 7.872446e-01
    outer loop
      vertex   1.589347e+02 -1.058776e+02 1.200215e+01
      vertex   1.590005e+02 -1.060631e+02 1.198488e+01
      vertex   1.589722e+02 -1.058597e+02 1.197037e+01
    endloop
  endfacet
  facet normal 5.487378e-01 2.612124e-01 7.941379e-01
    outer loop
      vertex   1.589347e+02 -1.058776e+02 1.200215e+01
      vertex   1.589722e+02 -1.058597e+02 1.197037e+01
      vertex   1.588714e+02 -1.056830e+02 1.198188e+01
    endloop
  endfacet
  facet normal 6.228684e-01 3.083917e-01 7.189782e-01
    outer loop
      vertex   1.588714e+02 -1.056830e+02 1.198188e+01
      vertex   1.589722e+02 -1.058597e+02 1.197037e+01
      vertex   1.589324e+02 -1.056396e+02 1.191047e+01
    endloop
  endfacet
  facet normal 5.400708e-01 4.310581e-01 7.228502e-01
    outer loop
      vertex   1.588714e+02 -1.056830e+02 1.198188e+01
      vertex   1.589324e+02 -1.056396e+02 1.191047e+01
      vertex   1.587930e+02 -1.054727e+02 1.191506e+01
    endloop
  endfacet
  facet normal 6.019005e-01 4.851190e-01 6.343306e-01
    outer loop
      vertex   1.587930e+02 -1.054727e+02 1.191506e+01
      vertex   1.589324e+02 -1.056396e+02 1.191047e+01
      vertex   1.588162e+02 -1.054495e+02 1.187529e+01
    endloop
  endfacet
  facet normal 4.853915e-01 6.016906e-01 6.343213e-01
    outer loop
      vertex   1.587930e+02 -1.054727e+02 1.191506e+01
      vertex   1.588162e+02 -1.054495e+02 1.187529e+01
      vertex   1.586464e+02 -1.053074e+02 1.187046e+01
    endloop
  endfacet
  facet normal 5.197423e-01 6.404078e-01 5.654606e-01
    outer loop
      vertex   1.586464e+02 -1.053074e+02 1.187046e+01
      vertex   1.588162e+02 -1.054495e+02 1.187529e+01
      vertex   1.586638e+02 -1.052838e+02 1.182779e+01
    endloop
  endfacet
  facet normal 3.755007e-01 7.379309e-01 5.607649e-01
    outer loop
      vertex   1.586464e+02 -1.053074e+02 1.187046e+01
      vertex   1.586638e+02 -1.052838e+02 1.182779e+01
      vertex   1.584669e+02 -1.051720e+02 1.181240e+01
    endloop
  endfacet
  facet normal 4.046815e-01 7.781994e-01 4.802485e-01
    outer loop
      vertex   1.584669e+02 -1.051720e+02 1.181240e+01
      vertex   1.586638e+02 -1.052838e+02 1.182779e+01
      vertex   1.584790e+02 -1.051499e+02 1.176653e+01
    endloop
  endfacet
  facet normal 2.369279e-01 8.499020e-01 4.706716e-01
    outer loop
      vertex   1.584669e+02 -1.051720e+02 1.181240e+01
      vertex   1.584790e+02 -1.051499e+02 1.176653e+01
      vertex   1.582638e+02 -1.050753e+02 1.174011e+01
    endloop
  endfacet
  facet normal 2.570063e-01 8.814464e-01 3.962323e-01
    outer loop
      vertex   1.582638e+02 -1.050753e+02 1.174011e+01
      vertex   1.584790e+02 -1.051499e+02 1.176653e+01
      vertex   1.584895e+02 -1.051315e+02 1.171875e+01
    endloop
  endfacet
  facet normal 2.572651e-01 8.900456e-01 3.763422e-01
    outer loop
      vertex   1.582638e+02 -1.050753e+02 1.174011e+01
      vertex   1.584895e+02 -1.051315e+02 1.171875e+01
      vertex   1.582717e+02 -1.050568e+02 1.169092e+01
    endloop
  endfacet
  facet normal 6.427066e-01 -6.503715e-03 7.660848e-01
    outer loop
      vertex   1.589885e+02 -1.062605e+02 1.199329e+01
      vertex   1.590989e+02 -1.062483e+02 1.190076e+01
      vertex   1.590005e+02 -1.060631e+02 1.198488e+01
    endloop
  endfacet
  facet normal 6.423742e-01 -6.805585e-03 7.663610e-01
    outer loop
      vertex   1.590005e+02 -1.060631e+02 1.198488e+01
      vertex   1.590989e+02 -1.062483e+02 1.190076e+01
      vertex   1.590404e+02 -1.060518e+02 1.195156e+01
    endloop
  endfacet
  facet normal 6.111556e-01 1.406043e-01 7.789218e-01
    outer loop
      vertex   1.590005e+02 -1.060631e+02 1.198488e+01
      vertex   1.590404e+02 -1.060518e+02 1.195156e+01
      vertex   1.589722e+02 -1.058597e+02 1.197037e+01
    endloop
  endfacet
  facet normal 6.875549e-01 1.749790e-01 7.047344e-01
    outer loop
      vertex   1.589722e+02 -1.058597e+02 1.197037e+01
      vertex   1.590404e+02 -1.060518e+02 1.195156e+01
      vertex   1.590391e+02 -1.058270e+02 1.189702e+01
    endloop
  endfacet
  facet normal 6.307362e-01 3.079883e-01 7.122606e-01
    outer loop
      vertex   1.589722e+02 -1.058597e+02 1.197037e+01
      vertex   1.590391e+02 -1.058270e+02 1.189702e+01
      vertex   1.589324e+02 -1.056396e+02 1.191047e+01
    endloop
  endfacet
  facet normal 6.953575e-01 3.508889e-01 6.271801e-01
    outer loop
      vertex   1.589324e+02 -1.056396e+02 1.191047e+01
      vertex   1.590391e+02 -1.058270e+02 1.189702e+01
      vertex   1.589589e+02 -1.056205e+02 1.187036e+01
    endloop
  endfacet
  facet normal 6.041865e-01 4.859891e-01 6.314850e-01
    outer loop
      vertex   1.589324e+02 -1.056396e+02 1.191047e+01
      vertex   1.589589e+02 -1.056205e+02 1.187036e+01
      vertex   1.588162e+02 -1.054495e+02 1.187529e+01
    endloop
  endfacet
  facet normal 6.395542e-01 5.173126e-01 5.686459e-01
    outer loop
      vertex   1.588162e+02 -1.054495e+02 1.187529e+01
      vertex   1.589589e+02 -1.056205e+02 1.187036e+01
      vertex   1.588370e+02 -1.054287e+02 1.183294e+01
    endloop
  endfacet
  facet normal 5.175899e-01 6.393378e-01 5.686368e-01
    outer loop
      vertex   1.588162e+02 -1.054495e+02 1.187529e+01
      vertex   1.588370e+02 -1.054287e+02 1.183294e+01
      vertex   1.586638e+02 -1.052838e+02 1.182779e+01
    endloop
  endfacet
  facet normal 5.482877e-01 6.734697e-01 4.958014e-01
    outer loop
      vertex   1.586638e+02 -1.052838e+02 1.182779e+01
      vertex   1.588370e+02 -1.054287e+02 1.183294e+01
      vertex   1.586791e+02 -1.052633e+02 1.178286e+01
    endloop
  endfacet
  facet normal 3.985846e-01 7.746721e-01 4.909313e-01
    outer loop
      vertex   1.586638e+02 -1.052838e+02 1.182779e+01
      vertex   1.586791e+02 -1.052633e+02 1.178286e+01
      vertex   1.584790e+02 -1.051499e+02 1.176653e+01
    endloop
  endfacet
  facet normal 4.216150e-01 8.048099e-01 4.177580e-01
    outer loop
      vertex   1.584790e+02 -1.051499e+02 1.176653e+01
      vertex   1.586791e+02 -1.052633e+02 1.178286e+01
      vertex   1.586924e+02 -1.052459e+02 1.173595e+01
    endloop
  endfacet
  facet normal 4.224596e-01 8.105607e-01 4.056098e-01
    outer loop
      vertex   1.584790e+02 -1.051499e+02 1.176653e+01
      vertex   1.586924e+02 -1.052459e+02 1.173595e+01
      vertex   1.584895e+02 -1.051315e+02 1.171875e+01
    endloop
  endfacet
  facet normal 7.287557e-01 4.030330e-02 6.835867e-01
    outer loop
      vertex   1.590404e+02 -1.060518e+02 1.195156e+01
      vertex   1.590989e+02 -1.062483e+02 1.190076e+01
      vertex   1.591109e+02 -1.060305e+02 1.187508e+01
    endloop
  endfacet
  facet normal 7.998372e-01 2.647912e-02 5.996326e-01
    outer loop
      vertex   1.591109e+02 -1.060305e+02 1.187508e+01
      vertex   1.590989e+02 -1.062483e+02 1.190076e+01
      vertex   1.591849e+02 -1.062347e+02 1.178540e+01
    endloop
  endfacet
  facet normal 8.116814e-01 3.813644e-02 5.828541e-01
    outer loop
      vertex   1.591109e+02 -1.060305e+02 1.187508e+01
      vertex   1.591849e+02 -1.062347e+02 1.178540e+01
      vertex   1.591411e+02 -1.060206e+02 1.183244e+01
    endloop
  endfacet
  facet normal 8.555533e-01 6.224871e-02 5.139587e-01
    outer loop
      vertex   1.591411e+02 -1.060206e+02 1.183244e+01
      vertex   1.591849e+02 -1.062347e+02 1.178540e+01
      vertex   1.591675e+02 -1.060113e+02 1.178727e+01
    endloop
  endfacet
  facet normal 8.201166e-01 2.241384e-01 5.264700e-01
    outer loop
      vertex   1.591411e+02 -1.060206e+02 1.183244e+01
      vertex   1.591675e+02 -1.060113e+02 1.178727e+01
      vertex   1.590935e+02 -1.057990e+02 1.181231e+01
    endloop
  endfacet
  facet normal 8.486719e-01 2.406460e-01 4.710048e-01
    outer loop
      vertex   1.590935e+02 -1.057990e+02 1.181231e+01
      vertex   1.591675e+02 -1.060113e+02 1.178727e+01
      vertex   1.591155e+02 -1.057870e+02 1.176644e+01
    endloop
  endfacet
  facet normal 7.801599e-01 4.010412e-01 4.801214e-01
    outer loop
      vertex   1.590935e+02 -1.057990e+02 1.181231e+01
      vertex   1.591155e+02 -1.057870e+02 1.176644e+01
      vertex   1.590031e+02 -1.055878e+02 1.178274e+01
    endloop
  endfacet
  facet normal 8.054832e-01 4.204501e-01 4.176345e-01
    outer loop
      vertex   1.590031e+02 -1.055878e+02 1.178274e+01
      vertex   1.591155e+02 -1.057870e+02 1.176644e+01
      vertex   1.590205e+02 -1.055746e+02 1.173583e+01
    endloop
  endfacet
  facet normal 7.035620e-01 5.714189e-01 4.224701e-01
    outer loop
      vertex   1.590031e+02 -1.055878e+02 1.178274e+01
      vertex   1.590205e+02 -1.055746e+02 1.173583e+01
      vertex   1.588709e+02 -1.053948e+02 1.174171e+01
    endloop
  endfacet
  facet normal 8.959501e-01 6.601607e-02 4.392213e-01
    outer loop
      vertex   1.591675e+02 -1.060113e+02 1.178727e+01
      vertex   1.591849e+02 -1.062347e+02 1.178540e+01
      vertex   1.591901e+02 -1.060027e+02 1.173992e+01
    endloop
  endfacet
  facet normal 9.140543e-01 5.819592e-02 4.013949e-01
    outer loop
      vertex   1.591901e+02 -1.060027e+02 1.173992e+01
      vertex   1.591849e+02 -1.062347e+02 1.178540e+01
      vertex   1.592420e+02 -1.062203e+02 1.165337e+01
    endloop
  endfacet
  facet normal 9.289277e-01 7.737338e-02 3.620867e-01
    outer loop
      vertex   1.591901e+02 -1.060027e+02 1.173992e+01
      vertex   1.592420e+02 -1.062203e+02 1.165337e+01
      vertex   1.592086e+02 -1.059948e+02 1.169072e+01
    endloop
  endfacet
  facet normal 8.903022e-01 2.565851e-01 3.761996e-01
    outer loop
      vertex   1.592086e+02 -1.059948e+02 1.169072e+01
      vertex   1.591339e+02 -1.057764e+02 1.171864e+01
      vertex   1.591901e+02 -1.060027e+02 1.173992e+01
    endloop
  endfacet
  facet normal 8.816985e-01 2.563200e-01 3.961160e-01
    outer loop
      vertex   1.591901e+02 -1.060027e+02 1.173992e+01
      vertex   1.591339e+02 -1.057764e+02 1.171864e+01
      vertex   1.591155e+02 -1.057870e+02 1.176644e+01
    endloop
  endfacet
  facet normal 8.582240e-01 2.411967e-01 4.530736e-01
    outer loop
      vertex   1.591901e+02 -1.060027e+02 1.173992e+01
      vertex   1.591155e+02 -1.057870e+02 1.176644e+01
      vertex   1.591675e+02 -1.060113e+02 1.178727e+01
    endloop
  endfacet
  facet normal 8.112337e-01 4.212737e-01 4.054977e-01
    outer loop
      vertex   1.591339e+02 -1.057764e+02 1.171864e+01
      vertex   1.590205e+02 -1.055746e+02 1.173583e+01
      vertex   1.591155e+02 -1.057870e+02 1.176644e+01
    endloop
  endfacet
  facet normal 7.015078e-01 5.708872e-01 4.265848e-01
    outer loop
      vertex   1.590031e+02 -1.055878e+02 1.178274e+01
      vertex   1.588709e+02 -1.053948e+02 1.174171e+01
      vertex   1.588553e+02 -1.054104e+02 1.178832e+01
    endloop
  endfacet
  facet normal 5.711517e-01 7.012968e-01 4.265776e-01
    outer loop
      vertex   1.588553e+02 -1.054104e+02 1.178832e+01
      vertex   1.588709e+02 -1.053948e+02 1.174171e+01
      vertex   1.586924e+02 -1.052459e+02 1.173595e+01
    endloop
  endfacet
  facet normal 5.731994e-01 7.020499e-01 4.225735e-01
    outer loop
      vertex   1.588553e+02 -1.054104e+02 1.178832e+01
      vertex   1.586924e+02 -1.052459e+02 1.173595e+01
      vertex   1.586791e+02 -1.052633e+02 1.178286e+01
    endloop
  endfacet
  facet normal 7.825543e-02 9.287947e-01 3.622381e-01
    outer loop
      vertex   1.582717e+02 -1.050568e+02 1.169092e+01
      vertex   1.580447e+02 -1.050230e+02 1.165337e+01
      vertex   1.582638e+02 -1.050753e+02 1.174011e+01
    endloop
  endfacet
  facet normal 5.918466e-02 9.139612e-01 4.014625e-01
    outer loop
      vertex   1.582638e+02 -1.050753e+02 1.174011e+01
      vertex   1.580447e+02 -1.050230e+02 1.165337e+01
      vertex   1.580303e+02 -1.050801e+02 1.178540e+01
    endloop
  endfacet
  facet normal 6.690702e-02 8.958129e-01 4.393662e-01
    outer loop
      vertex   1.582638e+02 -1.050753e+02 1.174011e+01
      vertex   1.580303e+02 -1.050801e+02 1.178540e+01
      vertex   1.582552e+02 -1.050979e+02 1.178745e+01
    endloop
  endfacet
  facet normal 6.302703e-02 8.554212e-01 5.140838e-01
    outer loop
      vertex   1.582552e+02 -1.050979e+02 1.178745e+01
      vertex   1.580303e+02 -1.050801e+02 1.178540e+01
      vertex   1.582458e+02 -1.051243e+02 1.183261e+01
    endloop
  endfacet
  facet normal 2.289877e-01 8.186064e-01 5.267335e-01
    outer loop
      vertex   1.582552e+02 -1.050979e+02 1.178745e+01
      vertex   1.582458e+02 -1.051243e+02 1.183261e+01
      vertex   1.584535e+02 -1.051975e+02 1.185602e+01
    endloop
  endfacet
  facet normal 2.012150e-01 7.664207e-01 6.100097e-01
    outer loop
      vertex   1.584535e+02 -1.051975e+02 1.185602e+01
      vertex   1.582458e+02 -1.051243e+02 1.183261e+01
      vertex   1.584388e+02 -1.052263e+02 1.189710e+01
    endloop
  endfacet
  facet normal 3.557363e-01 7.003596e-01 6.188280e-01
    outer loop
      vertex   1.584535e+02 -1.051975e+02 1.185602e+01
      vertex   1.584388e+02 -1.052263e+02 1.189710e+01
      vertex   1.586272e+02 -1.053339e+02 1.191057e+01
    endloop
  endfacet
  facet normal 3.053872e-01 6.246990e-01 7.186723e-01
    outer loop
      vertex   1.586272e+02 -1.053339e+02 1.191057e+01
      vertex   1.584388e+02 -1.052263e+02 1.189710e+01
      vertex   1.585837e+02 -1.053948e+02 1.198196e+01
    endloop
  endfacet
  facet normal 4.331065e-01 5.383821e-01 7.228855e-01
    outer loop
      vertex   1.586272e+02 -1.053339e+02 1.191057e+01
      vertex   1.585837e+02 -1.053948e+02 1.198196e+01
      vertex   1.587400e+02 -1.055257e+02 1.198581e+01
    endloop
  endfacet
  facet normal 3.697689e-01 4.651542e-01 8.043025e-01
    outer loop
      vertex   1.587400e+02 -1.055257e+02 1.198581e+01
      vertex   1.585837e+02 -1.053948e+02 1.198196e+01
      vertex   1.587106e+02 -1.055550e+02 1.201633e+01
    endloop
  endfacet
  facet normal 4.653152e-01 3.695472e-01 8.043113e-01
    outer loop
      vertex   1.587400e+02 -1.055257e+02 1.198581e+01
      vertex   1.587106e+02 -1.055550e+02 1.201633e+01
      vertex   1.588374e+02 -1.057069e+02 1.201272e+01
    endloop
  endfacet
  facet normal 4.150112e-01 3.264641e-01 8.492272e-01
    outer loop
      vertex   1.588374e+02 -1.057069e+02 1.201272e+01
      vertex   1.587106e+02 -1.055550e+02 1.201633e+01
      vertex   1.588014e+02 -1.057321e+02 1.204002e+01
    endloop
  endfacet
  facet normal 4.832184e-01 2.253262e-01 8.460072e-01
    outer loop
      vertex   1.588374e+02 -1.057069e+02 1.201272e+01
      vertex   1.588014e+02 -1.057321e+02 1.204002e+01
      vertex   1.588948e+02 -1.058962e+02 1.203035e+01
    endloop
  endfacet
  facet normal 3.940401e-01 1.711846e-01 9.030106e-01
    outer loop
      vertex   1.588948e+02 -1.058962e+02 1.203035e+01
      vertex   1.588014e+02 -1.057321e+02 1.204002e+01
      vertex   1.588090e+02 -1.059354e+02 1.207524e+01
    endloop
  endfacet
  facet normal 4.330568e-01 7.977598e-02 8.978294e-01
    outer loop
      vertex   1.588948e+02 -1.058962e+02 1.203035e+01
      vertex   1.588090e+02 -1.059354e+02 1.207524e+01
      vertex   1.588660e+02 -1.060984e+02 1.206220e+01
    endloop
  endfacet
  facet normal 2.933434e-01 2.624448e-02 9.556468e-01
    outer loop
      vertex   1.588660e+02 -1.060984e+02 1.206220e+01
      vertex   1.588090e+02 -1.059354e+02 1.207524e+01
      vertex   1.587673e+02 -1.061223e+02 1.209317e+01
    endloop
  endfacet
  facet normal 3.893479e-02 8.115566e-01 5.829751e-01
    outer loop
      vertex   1.582458e+02 -1.051243e+02 1.183261e+01
      vertex   1.580303e+02 -1.050801e+02 1.178540e+01
      vertex   1.582359e+02 -1.051545e+02 1.187524e+01
    endloop
  endfacet
  facet normal 2.736848e-02 7.997674e-01 5.996857e-01
    outer loop
      vertex   1.582359e+02 -1.051545e+02 1.187524e+01
      vertex   1.580303e+02 -1.050801e+02 1.178540e+01
      vertex   1.580167e+02 -1.051661e+02 1.190076e+01
    endloop
  endfacet
  facet normal 4.091826e-02 7.286352e-01 6.836786e-01
    outer loop
      vertex   1.582359e+02 -1.051545e+02 1.187524e+01
      vertex   1.580167e+02 -1.051661e+02 1.190076e+01
      vertex   1.582145e+02 -1.052250e+02 1.195170e+01
    endloop
  endfacet
  facet normal -5.897797e-03 6.426699e-01 7.661205e-01
    outer loop
      vertex   1.582145e+02 -1.052250e+02 1.195170e+01
      vertex   1.580167e+02 -1.051661e+02 1.190076e+01
      vertex   1.580045e+02 -1.052765e+02 1.199329e+01
    endloop
  endfacet
  facet normal -5.705229e-03 6.422023e-01 7.665139e-01
    outer loop
      vertex   1.582145e+02 -1.052250e+02 1.195170e+01
      vertex   1.580045e+02 -1.052765e+02 1.199329e+01
      vertex   1.582032e+02 -1.052649e+02 1.198500e+01
    endloop
  endfacet
  facet normal 6.384897e-04 5.721462e-01 8.201514e-01
    outer loop
      vertex   1.582032e+02 -1.052649e+02 1.198500e+01
      vertex   1.580045e+02 -1.052765e+02 1.199329e+01
      vertex   1.581916e+02 -1.053074e+02 1.201468e+01
    endloop
  endfacet
  facet normal 1.203194e-01 5.457679e-01 8.292530e-01
    outer loop
      vertex   1.582032e+02 -1.052649e+02 1.198500e+01
      vertex   1.581916e+02 -1.053074e+02 1.201468e+01
      vertex   1.583696e+02 -1.053705e+02 1.203041e+01
    endloop
  endfacet
  facet normal 7.500601e-02 4.349711e-01 8.973150e-01
    outer loop
      vertex   1.583696e+02 -1.053705e+02 1.203041e+01
      vertex   1.581916e+02 -1.053074e+02 1.201468e+01
      vertex   1.583303e+02 -1.054564e+02 1.207529e+01
    endloop
  endfacet
  facet normal 1.749677e-01 3.922516e-01 9.030642e-01
    outer loop
      vertex   1.583696e+02 -1.053705e+02 1.203041e+01
      vertex   1.583303e+02 -1.054564e+02 1.207529e+01
      vertex   1.584809e+02 -1.055419e+02 1.208328e+01
    endloop
  endfacet
  facet normal 9.313525e-02 2.538357e-01 9.627530e-01
    outer loop
      vertex   1.584809e+02 -1.055419e+02 1.208328e+01
      vertex   1.583303e+02 -1.054564e+02 1.207529e+01
      vertex   1.584243e+02 -1.056242e+02 1.211043e+01
    endloop
  endfacet
  facet normal 1.574777e-01 2.103056e-01 9.648691e-01
    outer loop
      vertex   1.584809e+02 -1.055419e+02 1.208328e+01
      vertex   1.584243e+02 -1.056242e+02 1.211043e+01
      vertex   1.585427e+02 -1.057228e+02 1.211262e+01
    endloop
  endfacet
  facet normal 5.177298e-02 8.417714e-02 9.951049e-01
    outer loop
      vertex   1.585427e+02 -1.057228e+02 1.211262e+01
      vertex   1.584243e+02 -1.056242e+02 1.211043e+01
      vertex   1.584701e+02 -1.057953e+02 1.212253e+01
    endloop
  endfacet
  facet normal 8.396842e-02 5.195698e-02 9.951129e-01
    outer loop
      vertex   1.585427e+02 -1.057228e+02 1.211262e+01
      vertex   1.584701e+02 -1.057953e+02 1.212253e+01
      vertex   1.585566e+02 -1.058997e+02 1.212069e+01
    endloop
  endfacet
  facet normal -4.305621e-02 -5.327716e-02 9.976511e-01
    outer loop
      vertex   1.585566e+02 -1.058997e+02 1.212069e+01
      vertex   1.584701e+02 -1.057953e+02 1.212253e+01
      vertex   1.584709e+02 -1.059572e+02 1.211392e+01
    endloop
  endfacet
  facet normal -3.543605e-02 -6.458435e-02 9.972829e-01
    outer loop
      vertex   1.585566e+02 -1.058997e+02 1.212069e+01
      vertex   1.584709e+02 -1.059572e+02 1.211392e+01
      vertex   1.585257e+02 -1.060582e+02 1.210933e+01
    endloop
  endfacet
  facet normal -2.448098e-02 4.649368e-01 8.850053e-01
    outer loop
      vertex   1.581916e+02 -1.053074e+02 1.201468e+01
      vertex   1.580045e+02 -1.052765e+02 1.199329e+01
      vertex   1.581677e+02 -1.053993e+02 1.206230e+01
    endloop
  endfacet
  facet normal -3.792446e-02 4.508754e-01 8.917809e-01
    outer loop
      vertex   1.581677e+02 -1.053993e+02 1.206230e+01
      vertex   1.580045e+02 -1.052765e+02 1.199329e+01
      vertex   1.579945e+02 -1.054054e+02 1.205801e+01
    endloop
  endfacet
  facet normal -3.431830e-02 3.066194e-01 9.512133e-01
    outer loop
      vertex   1.581677e+02 -1.053993e+02 1.206230e+01
      vertex   1.579945e+02 -1.054054e+02 1.205801e+01
      vertex   1.581437e+02 -1.054980e+02 1.209325e+01
    endloop
  endfacet
  facet normal -8.277103e-02 2.351456e-01 9.684294e-01
    outer loop
      vertex   1.581437e+02 -1.054980e+02 1.209325e+01
      vertex   1.579945e+02 -1.054054e+02 1.205801e+01
      vertex   1.579872e+02 -1.055458e+02 1.209149e+01
    endloop
  endfacet
  facet normal -5.407861e-02 1.405361e-01 9.885976e-01
    outer loop
      vertex   1.581437e+02 -1.054980e+02 1.209325e+01
      vertex   1.579872e+02 -1.055458e+02 1.209149e+01
      vertex   1.581201e+02 -1.056007e+02 1.210656e+01
    endloop
  endfacet
  facet normal -1.101649e-01 6.186957e-03 9.938941e-01
    outer loop
      vertex   1.581201e+02 -1.056007e+02 1.210656e+01
      vertex   1.579872e+02 -1.055458e+02 1.209149e+01
      vertex   1.579830e+02 -1.056903e+02 1.209192e+01
    endloop
  endfacet
  facet normal -8.996454e-02 -2.500802e-02 9.956309e-01
    outer loop
      vertex   1.581201e+02 -1.056007e+02 1.210656e+01
      vertex   1.579830e+02 -1.056903e+02 1.209192e+01
      vertex   1.580977e+02 -1.057044e+02 1.210193e+01
    endloop
  endfacet
  facet normal -7.747899e-02 -2.774555e-02 9.966078e-01
    outer loop
      vertex   1.581201e+02 -1.056007e+02 1.210656e+01
      vertex   1.580977e+02 -1.057044e+02 1.210193e+01
      vertex   1.582480e+02 -1.056434e+02 1.211532e+01
    endloop
  endfacet
  facet normal -7.685718e-02 -2.927837e-02 9.966121e-01
    outer loop
      vertex   1.582480e+02 -1.056434e+02 1.211532e+01
      vertex   1.580977e+02 -1.057044e+02 1.210193e+01
      vertex   1.582073e+02 -1.057395e+02 1.210936e+01
    endloop
  endfacet
  facet normal -6.468812e-02 -3.448249e-02 9.973096e-01
    outer loop
      vertex   1.582480e+02 -1.056434e+02 1.211532e+01
      vertex   1.582073e+02 -1.057395e+02 1.210936e+01
      vertex   1.583664e+02 -1.057092e+02 1.212072e+01
    endloop
  endfacet
  facet normal -6.449557e-02 -3.548713e-02 9.972868e-01
    outer loop
      vertex   1.583664e+02 -1.057092e+02 1.212072e+01
      vertex   1.582073e+02 -1.057395e+02 1.210936e+01
      vertex   1.583087e+02 -1.057948e+02 1.211395e+01
    endloop
  endfacet
  facet normal -5.320276e-02 -4.312989e-02 9.976519e-01
    outer loop
      vertex   1.583664e+02 -1.057092e+02 1.212072e+01
      vertex   1.583087e+02 -1.057948e+02 1.211395e+01
      vertex   1.584701e+02 -1.057953e+02 1.212253e+01
    endloop
  endfacet
  facet normal -5.320306e-02 -4.347240e-02 9.976370e-01
    outer loop
      vertex   1.584701e+02 -1.057953e+02 1.212253e+01
      vertex   1.583087e+02 -1.057948e+02 1.211395e+01
      vertex   1.583974e+02 -1.058680e+02 1.211548e+01
    endloop
  endfacet
  facet normal -4.340537e-02 -5.327802e-02 9.976359e-01
    outer loop
      vertex   1.584701e+02 -1.057953e+02 1.212253e+01
      vertex   1.583974e+02 -1.058680e+02 1.211548e+01
      vertex   1.584709e+02 -1.059572e+02 1.211392e+01
    endloop
  endfacet
  facet normal -3.443232e-02 -6.478121e-02 9.973053e-01
    outer loop
      vertex   1.585566e+02 -1.058997e+02 1.212069e+01
      vertex   1.585257e+02 -1.060582e+02 1.210933e+01
      vertex   1.586218e+02 -1.060175e+02 1.211529e+01
    endloop
  endfacet
  facet normal -2.925862e-02 -7.690761e-02 9.966088e-01
    outer loop
      vertex   1.586218e+02 -1.060175e+02 1.211529e+01
      vertex   1.585257e+02 -1.060582e+02 1.210933e+01
      vertex   1.585608e+02 -1.061680e+02 1.210188e+01
    endloop
  endfacet
  facet normal -2.771639e-02 -7.753287e-02 9.966045e-01
    outer loop
      vertex   1.586218e+02 -1.060175e+02 1.211529e+01
      vertex   1.585608e+02 -1.061680e+02 1.210188e+01
      vertex   1.586645e+02 -1.061458e+02 1.210650e+01
    endloop
  endfacet
  facet normal 2.462798e-01 8.566202e-01 4.533742e-01
    outer loop
      vertex   1.584669e+02 -1.051720e+02 1.181240e+01
      vertex   1.582638e+02 -1.050753e+02 1.174011e+01
      vertex   1.582552e+02 -1.050979e+02 1.178745e+01
    endloop
  endfacet
  facet normal 4.428174e-01 7.766410e-02 8.932419e-01
    outer loop
      vertex   1.588948e+02 -1.058962e+02 1.203035e+01
      vertex   1.588660e+02 -1.060984e+02 1.206220e+01
      vertex   1.589580e+02 -1.060747e+02 1.201457e+01
    endloop
  endfacet
  facet normal 1.297423e-01 -2.472989e-02 9.912393e-01
    outer loop
      vertex   1.586218e+02 -1.060175e+02 1.211529e+01
      vertex   1.586645e+02 -1.061458e+02 1.210650e+01
      vertex   1.587171e+02 -1.059762e+02 1.210384e+01
    endloop
  endfacet
  facet normal 1.344525e-01 -2.620124e-02 9.905736e-01
    outer loop
      vertex   1.587171e+02 -1.059762e+02 1.210384e+01
      vertex   1.586645e+02 -1.061458e+02 1.210650e+01
      vertex   1.587673e+02 -1.061223e+02 1.209317e+01
    endloop
  endfacet
  facet normal 2.858101e-01 2.813790e-02 9.578731e-01
    outer loop
      vertex   1.587171e+02 -1.059762e+02 1.210384e+01
      vertex   1.587673e+02 -1.061223e+02 1.209317e+01
      vertex   1.588090e+02 -1.059354e+02 1.207524e+01
    endloop
  endfacet
  facet normal 1.097897e-01 1.527420e-02 9.938375e-01
    outer loop
      vertex   1.585566e+02 -1.058997e+02 1.212069e+01
      vertex   1.586218e+02 -1.060175e+02 1.211529e+01
      vertex   1.586418e+02 -1.058420e+02 1.211039e+01
    endloop
  endfacet
  facet normal 1.128265e-01 1.492009e-02 9.935027e-01
    outer loop
      vertex   1.586418e+02 -1.058420e+02 1.211039e+01
      vertex   1.586218e+02 -1.060175e+02 1.211529e+01
      vertex   1.587171e+02 -1.059762e+02 1.210384e+01
    endloop
  endfacet
  facet normal 2.526208e-01 9.490526e-02 9.628997e-01
    outer loop
      vertex   1.586418e+02 -1.058420e+02 1.211039e+01
      vertex   1.587171e+02 -1.059762e+02 1.210384e+01
      vertex   1.587241e+02 -1.057856e+02 1.208323e+01
    endloop
  endfacet
  facet normal 2.574532e-01 9.459316e-02 9.616496e-01
    outer loop
      vertex   1.587241e+02 -1.057856e+02 1.208323e+01
      vertex   1.587171e+02 -1.059762e+02 1.210384e+01
      vertex   1.588090e+02 -1.059354e+02 1.207524e+01
    endloop
  endfacet
  facet normal 3.877753e-01 1.714122e-01 9.056755e-01
    outer loop
      vertex   1.587241e+02 -1.057856e+02 1.208323e+01
      vertex   1.588090e+02 -1.059354e+02 1.207524e+01
      vertex   1.588014e+02 -1.057321e+02 1.204002e+01
    endloop
  endfacet
  facet normal 5.277350e-02 8.443936e-02 9.950301e-01
    outer loop
      vertex   1.584701e+02 -1.057953e+02 1.212253e+01
      vertex   1.584243e+02 -1.056242e+02 1.211043e+01
      vertex   1.583664e+02 -1.057092e+02 1.212072e+01
    endloop
  endfacet
  facet normal 1.406549e-02 1.106331e-01 9.937618e-01
    outer loop
      vertex   1.583664e+02 -1.057092e+02 1.212072e+01
      vertex   1.584243e+02 -1.056242e+02 1.211043e+01
      vertex   1.582894e+02 -1.055482e+02 1.210388e+01
    endloop
  endfacet
  facet normal 1.686803e-02 1.119530e-01 9.935703e-01
    outer loop
      vertex   1.583664e+02 -1.057092e+02 1.212072e+01
      vertex   1.582894e+02 -1.055482e+02 1.210388e+01
      vertex   1.582480e+02 -1.056434e+02 1.211532e+01
    endloop
  endfacet
  facet normal -2.727260e-02 1.308260e-01 9.910302e-01
    outer loop
      vertex   1.582480e+02 -1.056434e+02 1.211532e+01
      vertex   1.582894e+02 -1.055482e+02 1.210388e+01
      vertex   1.581437e+02 -1.054980e+02 1.209325e+01
    endloop
  endfacet
  facet normal -2.317079e-02 1.337274e-01 9.907472e-01
    outer loop
      vertex   1.582480e+02 -1.056434e+02 1.211532e+01
      vertex   1.581437e+02 -1.054980e+02 1.209325e+01
      vertex   1.581201e+02 -1.056007e+02 1.210656e+01
    endloop
  endfacet
  facet normal 8.501472e-02 5.203491e-02 9.950200e-01
    outer loop
      vertex   1.585566e+02 -1.058997e+02 1.212069e+01
      vertex   1.586418e+02 -1.058420e+02 1.211039e+01
      vertex   1.585427e+02 -1.057228e+02 1.211262e+01
    endloop
  endfacet
  facet normal 2.095525e-01 1.561340e-01 9.652512e-01
    outer loop
      vertex   1.585427e+02 -1.057228e+02 1.211262e+01
      vertex   1.586418e+02 -1.058420e+02 1.211039e+01
      vertex   1.586131e+02 -1.056524e+02 1.208595e+01
    endloop
  endfacet
  facet normal 1.558967e-01 2.098240e-01 9.652306e-01
    outer loop
      vertex   1.585427e+02 -1.057228e+02 1.211262e+01
      vertex   1.586131e+02 -1.056524e+02 1.208595e+01
      vertex   1.584809e+02 -1.055419e+02 1.208328e+01
    endloop
  endfacet
  facet normal 2.572439e-01 3.297017e-01 9.083625e-01
    outer loop
      vertex   1.584809e+02 -1.055419e+02 1.208328e+01
      vertex   1.586131e+02 -1.056524e+02 1.208595e+01
      vertex   1.585345e+02 -1.054647e+02 1.204009e+01
    endloop
  endfacet
  facet normal 1.692030e-01 3.892467e-01 9.054598e-01
    outer loop
      vertex   1.584809e+02 -1.055419e+02 1.208328e+01
      vertex   1.585345e+02 -1.054647e+02 1.204009e+01
      vertex   1.583696e+02 -1.053705e+02 1.203041e+01
    endloop
  endfacet
  facet normal 2.293982e-01 4.881204e-01 8.420896e-01
    outer loop
      vertex   1.583696e+02 -1.053705e+02 1.203041e+01
      vertex   1.585345e+02 -1.054647e+02 1.204009e+01
      vertex   1.583882e+02 -1.053307e+02 1.200221e+01
    endloop
  endfacet
  facet normal 1.134859e-01 5.376822e-01 8.354752e-01
    outer loop
      vertex   1.583696e+02 -1.053705e+02 1.203041e+01
      vertex   1.583882e+02 -1.053307e+02 1.200221e+01
      vertex   1.582032e+02 -1.052649e+02 1.198500e+01
    endloop
  endfacet
  facet normal 1.444544e-01 6.100397e-01 7.790921e-01
    outer loop
      vertex   1.582032e+02 -1.052649e+02 1.198500e+01
      vertex   1.583882e+02 -1.053307e+02 1.200221e+01
      vertex   1.582145e+02 -1.052250e+02 1.195170e+01
    endloop
  endfacet
  facet normal 2.112107e-01 1.563340e-01 9.648573e-01
    outer loop
      vertex   1.586131e+02 -1.056524e+02 1.208595e+01
      vertex   1.586418e+02 -1.058420e+02 1.211039e+01
      vertex   1.587241e+02 -1.057856e+02 1.208323e+01
    endloop
  endfacet
  facet normal 3.082078e-02 2.922077e-01 9.558581e-01
    outer loop
      vertex   1.581677e+02 -1.053993e+02 1.206230e+01
      vertex   1.581437e+02 -1.054980e+02 1.209325e+01
      vertex   1.582894e+02 -1.055482e+02 1.210388e+01
    endloop
  endfacet
  facet normal 2.435795e-02 2.873837e-01 9.575058e-01
    outer loop
      vertex   1.581677e+02 -1.053993e+02 1.206230e+01
      vertex   1.582894e+02 -1.055482e+02 1.210388e+01
      vertex   1.583303e+02 -1.054564e+02 1.207529e+01
    endloop
  endfacet
  facet normal 9.755433e-02 2.560948e-01 9.617165e-01
    outer loop
      vertex   1.583303e+02 -1.054564e+02 1.207529e+01
      vertex   1.582894e+02 -1.055482e+02 1.210388e+01
      vertex   1.584243e+02 -1.056242e+02 1.211043e+01
    endloop
  endfacet
  facet normal 3.287429e-01 2.554515e-01 9.092154e-01
    outer loop
      vertex   1.586131e+02 -1.056524e+02 1.208595e+01
      vertex   1.587241e+02 -1.057856e+02 1.208323e+01
      vertex   1.586795e+02 -1.055861e+02 1.204332e+01
    endloop
  endfacet
  facet normal 3.308950e-01 2.557595e-01 9.083477e-01
    outer loop
      vertex   1.586795e+02 -1.055861e+02 1.204332e+01
      vertex   1.587241e+02 -1.057856e+02 1.208323e+01
      vertex   1.588014e+02 -1.057321e+02 1.204002e+01
    endloop
  endfacet
  facet normal 4.129779e-01 3.255982e-01 8.505499e-01
    outer loop
      vertex   1.586795e+02 -1.055861e+02 1.204332e+01
      vertex   1.588014e+02 -1.057321e+02 1.204002e+01
      vertex   1.587106e+02 -1.055550e+02 1.201633e+01
    endloop
  endfacet
  facet normal 8.348413e-02 4.413032e-01 8.934662e-01
    outer loop
      vertex   1.581916e+02 -1.053074e+02 1.201468e+01
      vertex   1.581677e+02 -1.053993e+02 1.206230e+01
      vertex   1.583303e+02 -1.054564e+02 1.207529e+01
    endloop
  endfacet
  facet normal 5.367171e-01 1.159767e-01 8.357537e-01
    outer loop
      vertex   1.588948e+02 -1.058962e+02 1.203035e+01
      vertex   1.589580e+02 -1.060747e+02 1.201457e+01
      vertex   1.589347e+02 -1.058776e+02 1.200215e+01
    endloop
  endfacet
  facet normal 4.893972e-01 2.268305e-01 8.420441e-01
    outer loop
      vertex   1.588948e+02 -1.058962e+02 1.203035e+01
      vertex   1.589347e+02 -1.058776e+02 1.200215e+01
      vertex   1.588374e+02 -1.057069e+02 1.201272e+01
    endloop
  endfacet
  facet normal 5.422304e-01 2.596141e-01 7.991162e-01
    outer loop
      vertex   1.588374e+02 -1.057069e+02 1.201272e+01
      vertex   1.589347e+02 -1.058776e+02 1.200215e+01
      vertex   1.588714e+02 -1.056830e+02 1.198188e+01
    endloop
  endfacet
  facet normal 4.674667e-01 3.704564e-01 8.026438e-01
    outer loop
      vertex   1.588374e+02 -1.057069e+02 1.201272e+01
      vertex   1.588714e+02 -1.056830e+02 1.198188e+01
      vertex   1.587400e+02 -1.055257e+02 1.198581e+01
    endloop
  endfacet
  facet normal 5.373154e-01 4.307416e-01 7.250888e-01
    outer loop
      vertex   1.587400e+02 -1.055257e+02 1.198581e+01
      vertex   1.588714e+02 -1.056830e+02 1.198188e+01
      vertex   1.587930e+02 -1.054727e+02 1.191506e+01
    endloop
  endfacet
  facet normal 4.304177e-01 5.376452e-01 7.250367e-01
    outer loop
      vertex   1.587400e+02 -1.055257e+02 1.198581e+01
      vertex   1.587930e+02 -1.054727e+02 1.191506e+01
      vertex   1.586272e+02 -1.053339e+02 1.191057e+01
    endloop
  endfacet
  facet normal 4.875466e-01 6.028556e-01 6.315564e-01
    outer loop
      vertex   1.586272e+02 -1.053339e+02 1.191057e+01
      vertex   1.587930e+02 -1.054727e+02 1.191506e+01
      vertex   1.586464e+02 -1.053074e+02 1.187046e+01
    endloop
  endfacet
  facet normal 3.497499e-01 6.960321e-01 6.270680e-01
    outer loop
      vertex   1.586272e+02 -1.053339e+02 1.191057e+01
      vertex   1.586464e+02 -1.053074e+02 1.187046e+01
      vertex   1.584535e+02 -1.051975e+02 1.185602e+01
    endloop
  endfacet
  facet normal 3.815793e-01 7.419303e-01 5.513044e-01
    outer loop
      vertex   1.584535e+02 -1.051975e+02 1.185602e+01
      vertex   1.586464e+02 -1.053074e+02 1.187046e+01
      vertex   1.584669e+02 -1.051720e+02 1.181240e+01
    endloop
  endfacet
  facet normal 2.198899e-01 8.110502e-01 5.420757e-01
    outer loop
      vertex   1.584535e+02 -1.051975e+02 1.185602e+01
      vertex   1.584669e+02 -1.051720e+02 1.181240e+01
      vertex   1.582552e+02 -1.050979e+02 1.178745e+01
    endloop
  endfacet
  facet normal 3.257932e-01 4.128407e-01 8.505418e-01
    outer loop
      vertex   1.587106e+02 -1.055550e+02 1.201633e+01
      vertex   1.585597e+02 -1.054287e+02 1.201280e+01
      vertex   1.586795e+02 -1.055861e+02 1.204332e+01
    endloop
  endfacet
  facet normal 3.276469e-01 4.140031e-01 8.492638e-01
    outer loop
      vertex   1.586795e+02 -1.055861e+02 1.204332e+01
      vertex   1.585597e+02 -1.054287e+02 1.201280e+01
      vertex   1.585345e+02 -1.054647e+02 1.204009e+01
    endloop
  endfacet
  facet normal 2.551879e-01 3.290409e-01 9.091816e-01
    outer loop
      vertex   1.586795e+02 -1.055861e+02 1.204332e+01
      vertex   1.585345e+02 -1.054647e+02 1.204009e+01
      vertex   1.586131e+02 -1.056524e+02 1.208595e+01
    endloop
  endfacet
  facet normal 2.244572e-01 4.838078e-01 8.459013e-01
    outer loop
      vertex   1.585345e+02 -1.054647e+02 1.204009e+01
      vertex   1.585597e+02 -1.054287e+02 1.201280e+01
      vertex   1.583882e+02 -1.053307e+02 1.200221e+01
    endloop
  endfacet
  facet normal 2.639825e-01 5.473390e-01 7.941872e-01
    outer loop
      vertex   1.583882e+02 -1.053307e+02 1.200221e+01
      vertex   1.585597e+02 -1.054287e+02 1.201280e+01
      vertex   1.584061e+02 -1.052932e+02 1.197043e+01
    endloop
  endfacet
  facet normal 1.370472e-01 6.016127e-01 7.869436e-01
    outer loop
      vertex   1.583882e+02 -1.053307e+02 1.200221e+01
      vertex   1.584061e+02 -1.052932e+02 1.197043e+01
      vertex   1.582145e+02 -1.052250e+02 1.195170e+01
    endloop
  endfacet
  facet normal 1.801938e-01 6.972970e-01 6.937630e-01
    outer loop
      vertex   1.582145e+02 -1.052250e+02 1.195170e+01
      vertex   1.584061e+02 -1.052932e+02 1.197043e+01
      vertex   1.582359e+02 -1.051545e+02 1.187524e+01
    endloop
  endfacet
  facet normal 2.586855e-01 5.428406e-01 7.990031e-01
    outer loop
      vertex   1.584061e+02 -1.052932e+02 1.197043e+01
      vertex   1.585597e+02 -1.054287e+02 1.201280e+01
      vertex   1.585837e+02 -1.053948e+02 1.198196e+01
    endloop
  endfacet
  facet normal 3.717415e-01 4.663692e-01 8.026880e-01
    outer loop
      vertex   1.585837e+02 -1.053948e+02 1.198196e+01
      vertex   1.585597e+02 -1.054287e+02 1.201280e+01
      vertex   1.587106e+02 -1.055550e+02 1.201633e+01
    endloop
  endfacet
  facet normal 6.995679e-01 1.723163e-01 6.934780e-01
    outer loop
      vertex   1.590404e+02 -1.060518e+02 1.195156e+01
      vertex   1.591109e+02 -1.060305e+02 1.187508e+01
      vertex   1.590391e+02 -1.058270e+02 1.189702e+01
    endloop
  endfacet
  facet normal 7.652829e-01 2.044940e-01 6.103477e-01
    outer loop
      vertex   1.590391e+02 -1.058270e+02 1.189702e+01
      vertex   1.591109e+02 -1.060305e+02 1.187508e+01
      vertex   1.590679e+02 -1.058124e+02 1.185594e+01
    endloop
  endfacet
  facet normal 7.021066e-01 3.524207e-01 6.187455e-01
    outer loop
      vertex   1.590391e+02 -1.058270e+02 1.189702e+01
      vertex   1.590679e+02 -1.058124e+02 1.185594e+01
      vertex   1.589589e+02 -1.056205e+02 1.187036e+01
    endloop
  endfacet
  facet normal 7.372280e-01 3.767254e-01 5.608679e-01
    outer loop
      vertex   1.589589e+02 -1.056205e+02 1.187036e+01
      vertex   1.590679e+02 -1.058124e+02 1.185594e+01
      vertex   1.589825e+02 -1.056032e+02 1.182768e+01
    endloop
  endfacet
  facet normal 6.418049e-01 5.181052e-01 5.653790e-01
    outer loop
      vertex   1.589589e+02 -1.056205e+02 1.187036e+01
      vertex   1.589825e+02 -1.056032e+02 1.182768e+01
      vertex   1.588370e+02 -1.054287e+02 1.183294e+01
    endloop
  endfacet
  facet normal 6.727539e-01 5.458966e-01 4.993988e-01
    outer loop
      vertex   1.588370e+02 -1.054287e+02 1.183294e+01
      vertex   1.589825e+02 -1.056032e+02 1.182768e+01
      vertex   1.588553e+02 -1.054104e+02 1.178832e+01
    endloop
  endfacet
  facet normal 5.461717e-01 6.725367e-01 4.993905e-01
    outer loop
      vertex   1.588370e+02 -1.054287e+02 1.183294e+01
      vertex   1.588553e+02 -1.054104e+02 1.178832e+01
      vertex   1.586791e+02 -1.052633e+02 1.178286e+01
    endloop
  endfacet
  facet normal 3.131130e-01 6.281420e-01 7.123186e-01
    outer loop
      vertex   1.584061e+02 -1.052932e+02 1.197043e+01
      vertex   1.585837e+02 -1.053948e+02 1.198196e+01
      vertex   1.584388e+02 -1.052263e+02 1.189710e+01
    endloop
  endfacet
  facet normal 2.099874e-01 7.745585e-01 5.966275e-01
    outer loop
      vertex   1.582458e+02 -1.051243e+02 1.183261e+01
      vertex   1.582359e+02 -1.051545e+02 1.187524e+01
      vertex   1.584388e+02 -1.052263e+02 1.189710e+01
    endloop
  endfacet
  facet normal 1.684566e-01 6.899263e-01 7.040057e-01
    outer loop
      vertex   1.584388e+02 -1.052263e+02 1.189710e+01
      vertex   1.582359e+02 -1.051545e+02 1.187524e+01
      vertex   1.584061e+02 -1.052932e+02 1.197043e+01
    endloop
  endfacet
  facet normal 8.098680e-01 2.233837e-01 5.424145e-01
    outer loop
      vertex   1.591411e+02 -1.060206e+02 1.183244e+01
      vertex   1.590935e+02 -1.057990e+02 1.181231e+01
      vertex   1.590679e+02 -1.058124e+02 1.185594e+01
    endloop
  endfacet
  facet normal 7.437865e-01 3.780978e-01 5.512020e-01
    outer loop
      vertex   1.590679e+02 -1.058124e+02 1.185594e+01
      vertex   1.590935e+02 -1.057990e+02 1.181231e+01
      vertex   1.589825e+02 -1.056032e+02 1.182768e+01
    endloop
  endfacet
  facet normal 6.749268e-01 5.465768e-01 4.957092e-01
    outer loop
      vertex   1.588553e+02 -1.054104e+02 1.178832e+01
      vertex   1.589825e+02 -1.056032e+02 1.182768e+01
      vertex   1.590031e+02 -1.055878e+02 1.178274e+01
    endloop
  endfacet
  facet normal 7.739354e-01 3.999035e-01 4.910206e-01
    outer loop
      vertex   1.590031e+02 -1.055878e+02 1.178274e+01
      vertex   1.589825e+02 -1.056032e+02 1.182768e+01
      vertex   1.590935e+02 -1.057990e+02 1.181231e+01
    endloop
  endfacet
  facet normal 7.759723e-01 2.053773e-01 5.963952e-01
    outer loop
      vertex   1.591109e+02 -1.060305e+02 1.187508e+01
      vertex   1.591411e+02 -1.060206e+02 1.183244e+01
      vertex   1.590679e+02 -1.058124e+02 1.185594e+01
    endloop
  endfacet
  facet normal 9.136467e-01 -6.872563e-02 4.006576e-01
    outer loop
      vertex   1.592086e+02 -1.170627e+02 1.169072e+01
      vertex   1.592420e+02 -1.168372e+02 1.165337e+01
      vertex   1.591675e+02 -1.170462e+02 1.178727e+01
    endloop
  endfacet
  facet normal 9.131247e-01 -6.766294e-02 4.020262e-01
    outer loop
      vertex   1.591675e+02 -1.170462e+02 1.178727e+01
      vertex   1.592420e+02 -1.168372e+02 1.165337e+01
      vertex   1.591849e+02 -1.168228e+02 1.178540e+01
    endloop
  endfacet
  facet normal 8.555536e-01 -6.224866e-02 5.139584e-01
    outer loop
      vertex   1.591675e+02 -1.170462e+02 1.178727e+01
      vertex   1.591849e+02 -1.168228e+02 1.178540e+01
      vertex   1.591411e+02 -1.170369e+02 1.183244e+01
    endloop
  endfacet
  facet normal 8.116817e-01 -3.813644e-02 5.828537e-01
    outer loop
      vertex   1.591411e+02 -1.170369e+02 1.183244e+01
      vertex   1.591849e+02 -1.168228e+02 1.178540e+01
      vertex   1.591109e+02 -1.170270e+02 1.187508e+01
    endloop
  endfacet
  facet normal 7.748232e-01 -2.093566e-01 5.965056e-01
    outer loop
      vertex   1.591411e+02 -1.170369e+02 1.183244e+01
      vertex   1.591109e+02 -1.170270e+02 1.187508e+01
      vertex   1.590391e+02 -1.172305e+02 1.189702e+01
    endloop
  endfacet
  facet normal 6.901511e-01 -1.678628e-01 7.039272e-01
    outer loop
      vertex   1.590391e+02 -1.172305e+02 1.189702e+01
      vertex   1.591109e+02 -1.170270e+02 1.187508e+01
      vertex   1.589722e+02 -1.171978e+02 1.197037e+01
    endloop
  endfacet
  facet normal 6.286928e-01 -3.121516e-01 7.122547e-01
    outer loop
      vertex   1.590391e+02 -1.172305e+02 1.189702e+01
      vertex   1.589722e+02 -1.171978e+02 1.197037e+01
      vertex   1.588714e+02 -1.173745e+02 1.198188e+01
    endloop
  endfacet
  facet normal 5.200076e-01 -2.432184e-01 8.188021e-01
    outer loop
      vertex   1.588714e+02 -1.173745e+02 1.198188e+01
      vertex   1.589722e+02 -1.171978e+02 1.197037e+01
      vertex   1.588948e+02 -1.171613e+02 1.203035e+01
    endloop
  endfacet
  facet normal 5.126932e-01 -2.434464e-01 8.233344e-01
    outer loop
      vertex   1.588714e+02 -1.173745e+02 1.198188e+01
      vertex   1.588948e+02 -1.171613e+02 1.203035e+01
      vertex   1.588014e+02 -1.173254e+02 1.204002e+01
    endloop
  endfacet
  facet normal 4.262172e-01 -1.906095e-01 8.843116e-01
    outer loop
      vertex   1.588014e+02 -1.173254e+02 1.204002e+01
      vertex   1.588948e+02 -1.171613e+02 1.203035e+01
      vertex   1.588528e+02 -1.171420e+02 1.205477e+01
    endloop
  endfacet
  facet normal 4.204916e-01 -1.892476e-01 8.873399e-01
    outer loop
      vertex   1.588014e+02 -1.173254e+02 1.204002e+01
      vertex   1.588528e+02 -1.171420e+02 1.205477e+01
      vertex   1.587635e+02 -1.172991e+02 1.206357e+01
    endloop
  endfacet
  facet normal 3.560589e-01 -1.506783e-01 9.222354e-01
    outer loop
      vertex   1.587635e+02 -1.172991e+02 1.206357e+01
      vertex   1.588528e+02 -1.171420e+02 1.205477e+01
      vertex   1.587241e+02 -1.172719e+02 1.208323e+01
    endloop
  endfacet
  facet normal 3.011631e-01 -2.321392e-01 9.248850e-01
    outer loop
      vertex   1.587635e+02 -1.172991e+02 1.206357e+01
      vertex   1.587241e+02 -1.172719e+02 1.208323e+01
      vertex   1.586131e+02 -1.174051e+02 1.208595e+01
    endloop
  endfacet
  facet normal 2.101942e-01 -1.554790e-01 9.652174e-01
    outer loop
      vertex   1.586131e+02 -1.174051e+02 1.208595e+01
      vertex   1.587241e+02 -1.172719e+02 1.208323e+01
      vertex   1.585427e+02 -1.173347e+02 1.211262e+01
    endloop
  endfacet
  facet normal 1.565414e-01 -2.091913e-01 9.652636e-01
    outer loop
      vertex   1.586131e+02 -1.174051e+02 1.208595e+01
      vertex   1.585427e+02 -1.173347e+02 1.211262e+01
      vertex   1.584243e+02 -1.174333e+02 1.211043e+01
    endloop
  endfacet
  facet normal 5.227536e-02 -8.477815e-02 9.950276e-01
    outer loop
      vertex   1.584243e+02 -1.174333e+02 1.211043e+01
      vertex   1.585427e+02 -1.173347e+02 1.211262e+01
      vertex   1.583664e+02 -1.173483e+02 1.212072e+01
    endloop
  endfacet
  facet normal 1.556157e-02 -1.096256e-01 9.938511e-01
    outer loop
      vertex   1.584243e+02 -1.174333e+02 1.211043e+01
      vertex   1.583664e+02 -1.173483e+02 1.212072e+01
      vertex   1.582480e+02 -1.174141e+02 1.211532e+01
    endloop
  endfacet
  facet normal -6.468812e-02 3.448218e-02 9.973096e-01
    outer loop
      vertex   1.582480e+02 -1.174141e+02 1.211532e+01
      vertex   1.583664e+02 -1.173483e+02 1.212072e+01
      vertex   1.582073e+02 -1.173180e+02 1.210936e+01
    endloop
  endfacet
  facet normal -7.685718e-02 2.927804e-02 9.966121e-01
    outer loop
      vertex   1.582480e+02 -1.174141e+02 1.211532e+01
      vertex   1.582073e+02 -1.173180e+02 1.210936e+01
      vertex   1.580977e+02 -1.173531e+02 1.210193e+01
    endloop
  endfacet
  facet normal 7.998372e-01 -2.647888e-02 5.996326e-01
    outer loop
      vertex   1.591849e+02 -1.168228e+02 1.178540e+01
      vertex   1.590989e+02 -1.168092e+02 1.190076e+01
      vertex   1.591109e+02 -1.170270e+02 1.187508e+01
    endloop
  endfacet
  facet normal 7.287561e-01 -4.030316e-02 6.835863e-01
    outer loop
      vertex   1.591109e+02 -1.170270e+02 1.187508e+01
      vertex   1.590989e+02 -1.168092e+02 1.190076e+01
      vertex   1.590404e+02 -1.170057e+02 1.195156e+01
    endloop
  endfacet
  facet normal 6.975545e-01 -1.796120e-01 6.936550e-01
    outer loop
      vertex   1.591109e+02 -1.170270e+02 1.187508e+01
      vertex   1.590404e+02 -1.170057e+02 1.195156e+01
      vertex   1.589722e+02 -1.171978e+02 1.197037e+01
    endloop
  endfacet
  facet normal 5.799581e-01 -1.270108e-01 8.046843e-01
    outer loop
      vertex   1.589722e+02 -1.171978e+02 1.197037e+01
      vertex   1.590404e+02 -1.170057e+02 1.195156e+01
      vertex   1.589580e+02 -1.169828e+02 1.201457e+01
    endloop
  endfacet
  facet normal 5.686349e-01 -1.293405e-01 8.123579e-01
    outer loop
      vertex   1.589722e+02 -1.171978e+02 1.197037e+01
      vertex   1.589580e+02 -1.169828e+02 1.201457e+01
      vertex   1.588948e+02 -1.171613e+02 1.203035e+01
    endloop
  endfacet
  facet normal 4.779907e-01 -9.185208e-02 8.735491e-01
    outer loop
      vertex   1.588948e+02 -1.171613e+02 1.203035e+01
      vertex   1.589580e+02 -1.169828e+02 1.201457e+01
      vertex   1.589130e+02 -1.169710e+02 1.204040e+01
    endloop
  endfacet
  facet normal 4.686344e-01 -9.122684e-02 8.786691e-01
    outer loop
      vertex   1.588948e+02 -1.171613e+02 1.203035e+01
      vertex   1.589130e+02 -1.169710e+02 1.204040e+01
      vertex   1.588528e+02 -1.171420e+02 1.205477e+01
    endloop
  endfacet
  facet normal 3.985928e-01 -6.350170e-02 9.149270e-01
    outer loop
      vertex   1.588528e+02 -1.171420e+02 1.205477e+01
      vertex   1.589130e+02 -1.169710e+02 1.204040e+01
      vertex   1.588090e+02 -1.171221e+02 1.207524e+01
    endloop
  endfacet
  facet normal 3.596846e-01 -1.547249e-01 9.201561e-01
    outer loop
      vertex   1.588528e+02 -1.171420e+02 1.205477e+01
      vertex   1.588090e+02 -1.171221e+02 1.207524e+01
      vertex   1.587241e+02 -1.172719e+02 1.208323e+01
    endloop
  endfacet
  facet normal 2.541128e-01 -9.264298e-02 9.627274e-01
    outer loop
      vertex   1.587241e+02 -1.172719e+02 1.208323e+01
      vertex   1.588090e+02 -1.171221e+02 1.207524e+01
      vertex   1.586418e+02 -1.172155e+02 1.211039e+01
    endloop
  endfacet
  facet normal 2.106914e-01 -1.570883e-01 9.648484e-01
    outer loop
      vertex   1.587241e+02 -1.172719e+02 1.208323e+01
      vertex   1.586418e+02 -1.172155e+02 1.211039e+01
      vertex   1.585427e+02 -1.173347e+02 1.211262e+01
    endloop
  endfacet
  facet normal 8.440048e-02 -5.152263e-02 9.950990e-01
    outer loop
      vertex   1.585427e+02 -1.173347e+02 1.211262e+01
      vertex   1.586418e+02 -1.172155e+02 1.211039e+01
      vertex   1.584701e+02 -1.172622e+02 1.212253e+01
    endloop
  endfacet
  facet normal 5.220045e-02 -8.375116e-02 9.951185e-01
    outer loop
      vertex   1.585427e+02 -1.173347e+02 1.211262e+01
      vertex   1.584701e+02 -1.172622e+02 1.212253e+01
      vertex   1.583664e+02 -1.173483e+02 1.212072e+01
    endloop
  endfacet
  facet normal -5.320278e-02 4.312985e-02 9.976519e-01
    outer loop
      vertex   1.583664e+02 -1.173483e+02 1.212072e+01
      vertex   1.584701e+02 -1.172622e+02 1.212253e+01
      vertex   1.583087e+02 -1.172627e+02 1.211395e+01
    endloop
  endfacet
  facet normal -6.449552e-02 3.548714e-02 9.972868e-01
    outer loop
      vertex   1.583664e+02 -1.173483e+02 1.212072e+01
      vertex   1.583087e+02 -1.172627e+02 1.211395e+01
      vertex   1.582073e+02 -1.173180e+02 1.210936e+01
    endloop
  endfacet
  facet normal 6.427143e-01 6.631275e-03 7.660773e-01
    outer loop
      vertex   1.590989e+02 -1.168092e+02 1.190076e+01
      vertex   1.589885e+02 -1.167970e+02 1.199329e+01
      vertex   1.590404e+02 -1.170057e+02 1.195156e+01
    endloop
  endfacet
  facet normal 6.058605e-01 -8.418558e-03 7.955264e-01
    outer loop
      vertex   1.590404e+02 -1.170057e+02 1.195156e+01
      vertex   1.589885e+02 -1.167970e+02 1.199329e+01
      vertex   1.589580e+02 -1.169828e+02 1.201457e+01
    endloop
  endfacet
  facet normal 5.015604e-01 1.666428e-02 8.649621e-01
    outer loop
      vertex   1.589580e+02 -1.169828e+02 1.201457e+01
      vertex   1.589885e+02 -1.167970e+02 1.199329e+01
      vertex   1.589130e+02 -1.169710e+02 1.204040e+01
    endloop
  endfacet
  facet normal 4.512064e-01 4.561547e-02 8.912531e-01
    outer loop
      vertex   1.589130e+02 -1.169710e+02 1.204040e+01
      vertex   1.589885e+02 -1.167970e+02 1.199329e+01
      vertex   1.588596e+02 -1.167870e+02 1.205801e+01
    endloop
  endfacet
  facet normal 4.285602e-01 3.794540e-02 9.027160e-01
    outer loop
      vertex   1.589130e+02 -1.169710e+02 1.204040e+01
      vertex   1.588596e+02 -1.167870e+02 1.205801e+01
      vertex   1.588660e+02 -1.169591e+02 1.206220e+01
    endloop
  endfacet
  facet normal 3.066849e-01 3.457940e-02 9.511828e-01
    outer loop
      vertex   1.588660e+02 -1.169591e+02 1.206220e+01
      vertex   1.588596e+02 -1.167870e+02 1.205801e+01
      vertex   1.587673e+02 -1.169352e+02 1.209317e+01
    endloop
  endfacet
  facet normal 2.923588e-01 -3.053537e-02 9.558211e-01
    outer loop
      vertex   1.588660e+02 -1.169591e+02 1.206220e+01
      vertex   1.587673e+02 -1.169352e+02 1.209317e+01
      vertex   1.587171e+02 -1.170813e+02 1.210384e+01
    endloop
  endfacet
  facet normal 1.308966e-01 2.745451e-02 9.910158e-01
    outer loop
      vertex   1.587171e+02 -1.170813e+02 1.210384e+01
      vertex   1.587673e+02 -1.169352e+02 1.209317e+01
      vertex   1.586218e+02 -1.170400e+02 1.211529e+01
    endloop
  endfacet
  facet normal 1.121156e-01 -1.657541e-02 9.935569e-01
    outer loop
      vertex   1.587171e+02 -1.170813e+02 1.210384e+01
      vertex   1.586218e+02 -1.170400e+02 1.211529e+01
      vertex   1.585566e+02 -1.171578e+02 1.212069e+01
    endloop
  endfacet
  facet normal -3.443224e-02 6.478123e-02 9.973053e-01
    outer loop
      vertex   1.585566e+02 -1.171578e+02 1.212069e+01
      vertex   1.586218e+02 -1.170400e+02 1.211529e+01
      vertex   1.585257e+02 -1.169993e+02 1.210933e+01
    endloop
  endfacet
  facet normal -3.543600e-02 6.458437e-02 9.972829e-01
    outer loop
      vertex   1.585566e+02 -1.171578e+02 1.212069e+01
      vertex   1.585257e+02 -1.169993e+02 1.210933e+01
      vertex   1.584709e+02 -1.171003e+02 1.211392e+01
    endloop
  endfacet
  facet normal 2.351596e-01 8.324006e-02 9.683858e-01
    outer loop
      vertex   1.588596e+02 -1.167870e+02 1.205801e+01
      vertex   1.587192e+02 -1.167797e+02 1.209149e+01
      vertex   1.587673e+02 -1.169352e+02 1.209317e+01
    endloop
  endfacet
  facet normal 1.405777e-01 5.418957e-02 9.885856e-01
    outer loop
      vertex   1.587673e+02 -1.169352e+02 1.209317e+01
      vertex   1.587192e+02 -1.167797e+02 1.209149e+01
      vertex   1.586645e+02 -1.169117e+02 1.210650e+01
    endloop
  endfacet
  facet normal 1.338205e-01 2.333692e-02 9.907308e-01
    outer loop
      vertex   1.587673e+02 -1.169352e+02 1.209317e+01
      vertex   1.586645e+02 -1.169117e+02 1.210650e+01
      vertex   1.586218e+02 -1.170400e+02 1.211529e+01
    endloop
  endfacet
  facet normal -2.771546e-02 7.753296e-02 9.966045e-01
    outer loop
      vertex   1.586218e+02 -1.170400e+02 1.211529e+01
      vertex   1.586645e+02 -1.169117e+02 1.210650e+01
      vertex   1.585608e+02 -1.168895e+02 1.210188e+01
    endloop
  endfacet
  facet normal -2.925871e-02 7.690730e-02 9.966088e-01
    outer loop
      vertex   1.586218e+02 -1.170400e+02 1.211529e+01
      vertex   1.585608e+02 -1.168895e+02 1.210188e+01
      vertex   1.585257e+02 -1.169993e+02 1.210933e+01
    endloop
  endfacet
  facet normal 6.194061e-03 1.104099e-01 9.938668e-01
    outer loop
      vertex   1.587192e+02 -1.167797e+02 1.209149e+01
      vertex   1.585747e+02 -1.167755e+02 1.209192e+01
      vertex   1.586645e+02 -1.169117e+02 1.210650e+01
    endloop
  endfacet
  facet normal -2.499110e-02 9.003234e-02 9.956252e-01
    outer loop
      vertex   1.586645e+02 -1.169117e+02 1.210650e+01
      vertex   1.585747e+02 -1.167755e+02 1.209192e+01
      vertex   1.585608e+02 -1.168895e+02 1.210188e+01
    endloop
  endfacet
  facet normal -4.305616e-02 5.327719e-02 9.976511e-01
    outer loop
      vertex   1.585566e+02 -1.171578e+02 1.212069e+01
      vertex   1.584709e+02 -1.171003e+02 1.211392e+01
      vertex   1.584701e+02 -1.172622e+02 1.212253e+01
    endloop
  endfacet
  facet normal -4.342857e-02 5.327810e-02 9.976349e-01
    outer loop
      vertex   1.584701e+02 -1.172622e+02 1.212253e+01
      vertex   1.584709e+02 -1.171003e+02 1.211392e+01
      vertex   1.583972e+02 -1.171897e+02 1.211548e+01
    endloop
  endfacet
  facet normal -5.320306e-02 4.344931e-02 9.976380e-01
    outer loop
      vertex   1.584701e+02 -1.172622e+02 1.212253e+01
      vertex   1.583972e+02 -1.171897e+02 1.211548e+01
      vertex   1.583087e+02 -1.172627e+02 1.211395e+01
    endloop
  endfacet
  facet normal -7.747894e-02 2.774534e-02 9.966079e-01
    outer loop
      vertex   1.582480e+02 -1.174141e+02 1.211532e+01
      vertex   1.580977e+02 -1.173531e+02 1.210193e+01
      vertex   1.581201e+02 -1.174568e+02 1.210656e+01
    endloop
  endfacet
  facet normal -8.996469e-02 2.500776e-02 9.956309e-01
    outer loop
      vertex   1.581201e+02 -1.174568e+02 1.210656e+01
      vertex   1.580977e+02 -1.173531e+02 1.210193e+01
      vertex   1.579830e+02 -1.173672e+02 1.209192e+01
    endloop
  endfacet
  facet normal -1.101650e-01 -6.186960e-03 9.938941e-01
    outer loop
      vertex   1.581201e+02 -1.174568e+02 1.210656e+01
      vertex   1.579830e+02 -1.173672e+02 1.209192e+01
      vertex   1.579872e+02 -1.175117e+02 1.209149e+01
    endloop
  endfacet
  facet normal -5.407872e-02 -1.405363e-01 9.885975e-01
    outer loop
      vertex   1.581201e+02 -1.174568e+02 1.210656e+01
      vertex   1.579872e+02 -1.175117e+02 1.209149e+01
      vertex   1.581437e+02 -1.175595e+02 1.209325e+01
    endloop
  endfacet
  facet normal -8.277129e-02 -2.351456e-01 9.684294e-01
    outer loop
      vertex   1.581437e+02 -1.175595e+02 1.209325e+01
      vertex   1.579872e+02 -1.175117e+02 1.209149e+01
      vertex   1.579945e+02 -1.176521e+02 1.205801e+01
    endloop
  endfacet
  facet normal -3.431841e-02 -3.066196e-01 9.512133e-01
    outer loop
      vertex   1.581437e+02 -1.175595e+02 1.209325e+01
      vertex   1.579945e+02 -1.176521e+02 1.205801e+01
      vertex   1.581677e+02 -1.176582e+02 1.206230e+01
    endloop
  endfacet
  facet normal -3.740839e-02 -4.284688e-01 9.027819e-01
    outer loop
      vertex   1.581677e+02 -1.176582e+02 1.206230e+01
      vertex   1.579945e+02 -1.176521e+02 1.205801e+01
      vertex   1.581797e+02 -1.177052e+02 1.204050e+01
    endloop
  endfacet
  facet normal 6.681477e-02 -4.058943e-01 9.114744e-01
    outer loop
      vertex   1.581677e+02 -1.176582e+02 1.206230e+01
      vertex   1.581797e+02 -1.177052e+02 1.204050e+01
      vertex   1.583502e+02 -1.176450e+02 1.205482e+01
    endloop
  endfacet
  facet normal 9.166203e-02 -4.684622e-01 8.787157e-01
    outer loop
      vertex   1.583502e+02 -1.176450e+02 1.205482e+01
      vertex   1.581797e+02 -1.177052e+02 1.204050e+01
      vertex   1.583696e+02 -1.176870e+02 1.203041e+01
    endloop
  endfacet
  facet normal 1.929564e-01 -4.250680e-01 8.843557e-01
    outer loop
      vertex   1.583502e+02 -1.176450e+02 1.205482e+01
      vertex   1.583696e+02 -1.176870e+02 1.203041e+01
      vertex   1.585081e+02 -1.175549e+02 1.206363e+01
    endloop
  endfacet
  facet normal 1.884403e-01 -4.210548e-01 8.872447e-01
    outer loop
      vertex   1.585081e+02 -1.175549e+02 1.206363e+01
      vertex   1.583696e+02 -1.176870e+02 1.203041e+01
      vertex   1.585345e+02 -1.175928e+02 1.204009e+01
    endloop
  endfacet
  facet normal 2.809979e-01 -3.584370e-01 8.902601e-01
    outer loop
      vertex   1.585081e+02 -1.175549e+02 1.206363e+01
      vertex   1.585345e+02 -1.175928e+02 1.204009e+01
      vertex   1.586469e+02 -1.174389e+02 1.206657e+01
    endloop
  endfacet
  facet normal 2.792936e-01 -3.573590e-01 8.912293e-01
    outer loop
      vertex   1.586469e+02 -1.174389e+02 1.206657e+01
      vertex   1.585345e+02 -1.175928e+02 1.204009e+01
      vertex   1.586795e+02 -1.174714e+02 1.204332e+01
    endloop
  endfacet
  facet normal 3.574709e-01 -2.791276e-01 8.912364e-01
    outer loop
      vertex   1.586469e+02 -1.174389e+02 1.206657e+01
      vertex   1.586795e+02 -1.174714e+02 1.204332e+01
      vertex   1.587635e+02 -1.172991e+02 1.206357e+01
    endloop
  endfacet
  facet normal 3.593487e-01 -2.799253e-01 8.902305e-01
    outer loop
      vertex   1.587635e+02 -1.172991e+02 1.206357e+01
      vertex   1.586795e+02 -1.174714e+02 1.204332e+01
      vertex   1.588014e+02 -1.173254e+02 1.204002e+01
    endloop
  endfacet
  facet normal -4.500300e-02 -4.511810e-01 8.912971e-01
    outer loop
      vertex   1.579945e+02 -1.176521e+02 1.205801e+01
      vertex   1.580045e+02 -1.177810e+02 1.199329e+01
      vertex   1.581797e+02 -1.177052e+02 1.204050e+01
    endloop
  endfacet
  facet normal -1.616432e-02 -5.014674e-01 8.650256e-01
    outer loop
      vertex   1.581797e+02 -1.177052e+02 1.204050e+01
      vertex   1.580045e+02 -1.177810e+02 1.199329e+01
      vertex   1.581916e+02 -1.177501e+02 1.201468e+01
    endloop
  endfacet
  facet normal 9.228561e-02 -4.777843e-01 8.736164e-01
    outer loop
      vertex   1.581797e+02 -1.177052e+02 1.204050e+01
      vertex   1.581916e+02 -1.177501e+02 1.201468e+01
      vertex   1.583696e+02 -1.176870e+02 1.203041e+01
    endloop
  endfacet
  facet normal 1.298466e-01 -5.684347e-01 8.124173e-01
    outer loop
      vertex   1.583696e+02 -1.176870e+02 1.203041e+01
      vertex   1.581916e+02 -1.177501e+02 1.201468e+01
      vertex   1.584061e+02 -1.177643e+02 1.197043e+01
    endloop
  endfacet
  facet normal 2.440631e-01 -5.195337e-01 8.188516e-01
    outer loop
      vertex   1.583696e+02 -1.176870e+02 1.203041e+01
      vertex   1.584061e+02 -1.177643e+02 1.197043e+01
      vertex   1.585837e+02 -1.176627e+02 1.198196e+01
    endloop
  endfacet
  facet normal 3.093422e-01 -6.223149e-01 7.190490e-01
    outer loop
      vertex   1.585837e+02 -1.176627e+02 1.198196e+01
      vertex   1.584061e+02 -1.177643e+02 1.197043e+01
      vertex   1.586272e+02 -1.177236e+02 1.191057e+01
    endloop
  endfacet
  facet normal 4.318724e-01 -5.393146e-01 7.229288e-01
    outer loop
      vertex   1.585837e+02 -1.176627e+02 1.198196e+01
      vertex   1.586272e+02 -1.177236e+02 1.191057e+01
      vertex   1.587930e+02 -1.175848e+02 1.191506e+01
    endloop
  endfacet
  facet normal 4.860266e-01 -6.011311e-01 6.343655e-01
    outer loop
      vertex   1.587930e+02 -1.175848e+02 1.191506e+01
      vertex   1.586272e+02 -1.177236e+02 1.191057e+01
      vertex   1.588162e+02 -1.176080e+02 1.187529e+01
    endloop
  endfacet
  facet normal 6.024676e-01 -4.844739e-01 6.342854e-01
    outer loop
      vertex   1.587930e+02 -1.175848e+02 1.191506e+01
      vertex   1.588162e+02 -1.176080e+02 1.187529e+01
      vertex   1.589589e+02 -1.174370e+02 1.187036e+01
    endloop
  endfacet
  facet normal 6.412458e-01 -5.188189e-01 5.653590e-01
    outer loop
      vertex   1.589589e+02 -1.174370e+02 1.187036e+01
      vertex   1.588162e+02 -1.176080e+02 1.187529e+01
      vertex   1.589825e+02 -1.174543e+02 1.182768e+01
    endloop
  endfacet
  facet normal 7.385670e-01 -3.743977e-01 5.606650e-01
    outer loop
      vertex   1.589589e+02 -1.174370e+02 1.187036e+01
      vertex   1.589825e+02 -1.174543e+02 1.182768e+01
      vertex   1.590935e+02 -1.172585e+02 1.181231e+01
    endloop
  endfacet
  facet normal 7.944165e-01 -4.152583e-01 4.432414e-01
    outer loop
      vertex   1.590935e+02 -1.172585e+02 1.181231e+01
      vertex   1.589825e+02 -1.174543e+02 1.182768e+01
      vertex   1.591339e+02 -1.172811e+02 1.171864e+01
    endloop
  endfacet
  facet normal 8.682476e-01 -2.417423e-01 4.332514e-01
    outer loop
      vertex   1.590935e+02 -1.172585e+02 1.181231e+01
      vertex   1.591339e+02 -1.172811e+02 1.171864e+01
      vertex   1.592086e+02 -1.170627e+02 1.169072e+01
    endloop
  endfacet
  facet normal 8.994242e-03 -6.057494e-01 7.956046e-01
    outer loop
      vertex   1.581916e+02 -1.177501e+02 1.201468e+01
      vertex   1.580045e+02 -1.177810e+02 1.199329e+01
      vertex   1.582145e+02 -1.178325e+02 1.195170e+01
    endloop
  endfacet
  facet normal -5.897984e-03 -6.426699e-01 7.661205e-01
    outer loop
      vertex   1.582145e+02 -1.178325e+02 1.195170e+01
      vertex   1.580045e+02 -1.177810e+02 1.199329e+01
      vertex   1.580167e+02 -1.178914e+02 1.190076e+01
    endloop
  endfacet
  facet normal 4.091812e-02 -7.286354e-01 6.836784e-01
    outer loop
      vertex   1.582145e+02 -1.178325e+02 1.195170e+01
      vertex   1.580167e+02 -1.178914e+02 1.190076e+01
      vertex   1.582359e+02 -1.179030e+02 1.187524e+01
    endloop
  endfacet
  facet normal 2.736832e-02 -7.997675e-01 5.996857e-01
    outer loop
      vertex   1.582359e+02 -1.179030e+02 1.187524e+01
      vertex   1.580167e+02 -1.178914e+02 1.190076e+01
      vertex   1.580303e+02 -1.179774e+02 1.178540e+01
    endloop
  endfacet
  facet normal 3.893475e-02 -8.115568e-01 5.829749e-01
    outer loop
      vertex   1.582359e+02 -1.179030e+02 1.187524e+01
      vertex   1.580303e+02 -1.179774e+02 1.178540e+01
      vertex   1.582458e+02 -1.179332e+02 1.183261e+01
    endloop
  endfacet
  facet normal 6.302697e-02 -8.554213e-01 5.140836e-01
    outer loop
      vertex   1.582458e+02 -1.179332e+02 1.183261e+01
      vertex   1.580303e+02 -1.179774e+02 1.178540e+01
      vertex   1.582552e+02 -1.179596e+02 1.178745e+01
    endloop
  endfacet
  facet normal 2.247927e-01 -8.198543e-01 5.265995e-01
    outer loop
      vertex   1.582458e+02 -1.179332e+02 1.183261e+01
      vertex   1.582552e+02 -1.179596e+02 1.178745e+01
      vertex   1.584669e+02 -1.178855e+02 1.181240e+01
    endloop
  endfacet
  facet normal 2.514594e-01 -8.649855e-01 4.342445e-01
    outer loop
      vertex   1.584669e+02 -1.178855e+02 1.181240e+01
      vertex   1.582552e+02 -1.179596e+02 1.178745e+01
      vertex   1.584895e+02 -1.179260e+02 1.171875e+01
    endloop
  endfacet
  facet normal 4.164079e-01 -7.937559e-01 4.433465e-01
    outer loop
      vertex   1.584669e+02 -1.178855e+02 1.181240e+01
      vertex   1.584895e+02 -1.179260e+02 1.171875e+01
      vertex   1.586638e+02 -1.177737e+02 1.182779e+01
    endloop
  endfacet
  facet normal 4.077953e-01 -7.919051e-01 4.545210e-01
    outer loop
      vertex   1.586638e+02 -1.177737e+02 1.182779e+01
      vertex   1.584895e+02 -1.179260e+02 1.171875e+01
      vertex   1.586924e+02 -1.178116e+02 1.173595e+01
    endloop
  endfacet
  facet normal 5.600612e-01 -6.892769e-01 4.595963e-01
    outer loop
      vertex   1.586638e+02 -1.177737e+02 1.182779e+01
      vertex   1.586924e+02 -1.178116e+02 1.173595e+01
      vertex   1.588709e+02 -1.176627e+02 1.174171e+01
    endloop
  endfacet
  facet normal 6.861014e-02 -9.130270e-01 4.020874e-01
    outer loop
      vertex   1.580303e+02 -1.179774e+02 1.178540e+01
      vertex   1.580447e+02 -1.180345e+02 1.165337e+01
      vertex   1.582552e+02 -1.179596e+02 1.178745e+01
    endloop
  endfacet
  facet normal 6.960146e-02 -9.135160e-01 4.008044e-01
    outer loop
      vertex   1.582552e+02 -1.179596e+02 1.178745e+01
      vertex   1.580447e+02 -1.180345e+02 1.165337e+01
      vertex   1.582717e+02 -1.180007e+02 1.169092e+01
    endloop
  endfacet
  facet normal 2.473448e-01 -8.755341e-01 4.150429e-01
    outer loop
      vertex   1.582552e+02 -1.179596e+02 1.178745e+01
      vertex   1.582717e+02 -1.180007e+02 1.169092e+01
      vertex   1.584895e+02 -1.179260e+02 1.171875e+01
    endloop
  endfacet
  facet normal 5.602114e-01 -6.865823e-01 4.634306e-01
    outer loop
      vertex   1.586638e+02 -1.177737e+02 1.182779e+01
      vertex   1.588709e+02 -1.176627e+02 1.174171e+01
      vertex   1.588370e+02 -1.176288e+02 1.183294e+01
    endloop
  endfacet
  facet normal 6.886910e-01 -5.577135e-01 4.633145e-01
    outer loop
      vertex   1.588370e+02 -1.176288e+02 1.183294e+01
      vertex   1.588709e+02 -1.176627e+02 1.174171e+01
      vertex   1.590205e+02 -1.174829e+02 1.173583e+01
    endloop
  endfacet
  facet normal 6.889385e-01 -5.605937e-01 4.594546e-01
    outer loop
      vertex   1.588370e+02 -1.176288e+02 1.183294e+01
      vertex   1.590205e+02 -1.174829e+02 1.173583e+01
      vertex   1.589825e+02 -1.174543e+02 1.182768e+01
    endloop
  endfacet
  facet normal 7.925750e-01 -4.066245e-01 4.544021e-01
    outer loop
      vertex   1.589825e+02 -1.174543e+02 1.182768e+01
      vertex   1.590205e+02 -1.174829e+02 1.173583e+01
      vertex   1.591339e+02 -1.172811e+02 1.171864e+01
    endloop
  endfacet
  facet normal 8.730189e-01 -2.557169e-01 4.152672e-01
    outer loop
      vertex   1.590935e+02 -1.172585e+02 1.181231e+01
      vertex   1.592086e+02 -1.170627e+02 1.169072e+01
      vertex   1.591675e+02 -1.170462e+02 1.178727e+01
    endloop
  endfacet
  facet normal 4.054613e-01 -6.902216e-02 9.115027e-01
    outer loop
      vertex   1.588090e+02 -1.171221e+02 1.207524e+01
      vertex   1.589130e+02 -1.169710e+02 1.204040e+01
      vertex   1.588660e+02 -1.169591e+02 1.206220e+01
    endloop
  endfacet
  facet normal 8.112953e-01 -2.192308e-01 5.419758e-01
    outer loop
      vertex   1.590935e+02 -1.172585e+02 1.181231e+01
      vertex   1.591675e+02 -1.170462e+02 1.178727e+01
      vertex   1.590679e+02 -1.172451e+02 1.185594e+01
    endloop
  endfacet
  facet normal 8.188728e-01 -2.283332e-01 5.266035e-01
    outer loop
      vertex   1.590679e+02 -1.172451e+02 1.185594e+01
      vertex   1.591675e+02 -1.170462e+02 1.178727e+01
      vertex   1.591411e+02 -1.170369e+02 1.183244e+01
    endloop
  endfacet
  facet normal 7.666605e-01 -2.005778e-01 6.099182e-01
    outer loop
      vertex   1.590679e+02 -1.172451e+02 1.185594e+01
      vertex   1.591411e+02 -1.170369e+02 1.183244e+01
      vertex   1.590391e+02 -1.172305e+02 1.189702e+01
    endloop
  endfacet
  facet normal 6.401482e-01 -5.166268e-01 5.686010e-01
    outer loop
      vertex   1.589825e+02 -1.174543e+02 1.182768e+01
      vertex   1.588162e+02 -1.176080e+02 1.187529e+01
      vertex   1.588370e+02 -1.176288e+02 1.183294e+01
    endloop
  endfacet
  facet normal 5.182651e-01 -6.387516e-01 5.686807e-01
    outer loop
      vertex   1.588370e+02 -1.176288e+02 1.183294e+01
      vertex   1.588162e+02 -1.176080e+02 1.187529e+01
      vertex   1.586464e+02 -1.177501e+02 1.187046e+01
    endloop
  endfacet
  facet normal 5.190397e-01 -6.409599e-01 5.654804e-01
    outer loop
      vertex   1.588370e+02 -1.176288e+02 1.183294e+01
      vertex   1.586464e+02 -1.177501e+02 1.187046e+01
      vertex   1.586638e+02 -1.177737e+02 1.182779e+01
    endloop
  endfacet
  facet normal 3.778152e-01 -7.365949e-01 5.609668e-01
    outer loop
      vertex   1.586638e+02 -1.177737e+02 1.182779e+01
      vertex   1.586464e+02 -1.177501e+02 1.187046e+01
      vertex   1.584535e+02 -1.178600e+02 1.185602e+01
    endloop
  endfacet
  facet normal 3.792094e-01 -7.431535e-01 5.512922e-01
    outer loop
      vertex   1.586638e+02 -1.177737e+02 1.182779e+01
      vertex   1.584535e+02 -1.178600e+02 1.185602e+01
      vertex   1.584669e+02 -1.178855e+02 1.181240e+01
    endloop
  endfacet
  facet normal 2.240425e-01 -8.096194e-01 5.425140e-01
    outer loop
      vertex   1.584669e+02 -1.178855e+02 1.181240e+01
      vertex   1.584535e+02 -1.178600e+02 1.185602e+01
      vertex   1.582458e+02 -1.179332e+02 1.183261e+01
    endloop
  endfacet
  facet normal 7.425605e-01 -3.804805e-01 5.512154e-01
    outer loop
      vertex   1.590935e+02 -1.172585e+02 1.181231e+01
      vertex   1.590679e+02 -1.172451e+02 1.185594e+01
      vertex   1.589589e+02 -1.174370e+02 1.187036e+01
    endloop
  endfacet
  facet normal 6.966402e-01 -3.486959e-01 6.269797e-01
    outer loop
      vertex   1.589589e+02 -1.174370e+02 1.187036e+01
      vertex   1.590679e+02 -1.172451e+02 1.185594e+01
      vertex   1.589324e+02 -1.174179e+02 1.191047e+01
    endloop
  endfacet
  facet normal 6.036621e-01 -4.866686e-01 6.314632e-01
    outer loop
      vertex   1.589589e+02 -1.174370e+02 1.187036e+01
      vertex   1.589324e+02 -1.174179e+02 1.191047e+01
      vertex   1.587930e+02 -1.175848e+02 1.191506e+01
    endloop
  endfacet
  facet normal 5.383655e-01 -4.295749e-01 7.250021e-01
    outer loop
      vertex   1.587930e+02 -1.175848e+02 1.191506e+01
      vertex   1.589324e+02 -1.174179e+02 1.191047e+01
      vertex   1.587400e+02 -1.175318e+02 1.198581e+01
    endloop
  endfacet
  facet normal 4.315663e-01 -5.366090e-01 7.251216e-01
    outer loop
      vertex   1.587930e+02 -1.175848e+02 1.191506e+01
      vertex   1.587400e+02 -1.175318e+02 1.198581e+01
      vertex   1.585837e+02 -1.176627e+02 1.198196e+01
    endloop
  endfacet
  facet normal 3.491470e-01 -4.411916e-01 8.267081e-01
    outer loop
      vertex   1.585837e+02 -1.176627e+02 1.198196e+01
      vertex   1.587400e+02 -1.175318e+02 1.198581e+01
      vertex   1.585345e+02 -1.175928e+02 1.204009e+01
    endloop
  endfacet
  facet normal 2.442615e-01 -5.122208e-01 8.233870e-01
    outer loop
      vertex   1.585837e+02 -1.176627e+02 1.198196e+01
      vertex   1.585345e+02 -1.175928e+02 1.204009e+01
      vertex   1.583696e+02 -1.176870e+02 1.203041e+01
    endloop
  endfacet
  facet normal 7.009620e-01 -3.546850e-01 6.187494e-01
    outer loop
      vertex   1.589324e+02 -1.174179e+02 1.191047e+01
      vertex   1.590679e+02 -1.172451e+02 1.185594e+01
      vertex   1.590391e+02 -1.172305e+02 1.189702e+01
    endloop
  endfacet
  facet normal 4.868775e-01 -6.033735e-01 6.315779e-01
    outer loop
      vertex   1.588162e+02 -1.176080e+02 1.187529e+01
      vertex   1.586272e+02 -1.177236e+02 1.191057e+01
      vertex   1.586464e+02 -1.177501e+02 1.187046e+01
    endloop
  endfacet
  facet normal 3.519303e-01 -6.947522e-01 6.272674e-01
    outer loop
      vertex   1.586464e+02 -1.177501e+02 1.187046e+01
      vertex   1.586272e+02 -1.177236e+02 1.191057e+01
      vertex   1.584388e+02 -1.178312e+02 1.189710e+01
    endloop
  endfacet
  facet normal 3.534839e-01 -7.015016e-01 6.188252e-01
    outer loop
      vertex   1.586464e+02 -1.177501e+02 1.187046e+01
      vertex   1.584388e+02 -1.178312e+02 1.189710e+01
      vertex   1.584535e+02 -1.178600e+02 1.185602e+01
    endloop
  endfacet
  facet normal 2.051296e-01 -7.650403e-01 6.104386e-01
    outer loop
      vertex   1.584535e+02 -1.178600e+02 1.185602e+01
      vertex   1.584388e+02 -1.178312e+02 1.189710e+01
      vertex   1.582359e+02 -1.179030e+02 1.187524e+01
    endloop
  endfacet
  facet normal 2.060090e-01 -7.757114e-01 5.965167e-01
    outer loop
      vertex   1.584535e+02 -1.178600e+02 1.185602e+01
      vertex   1.582359e+02 -1.179030e+02 1.187524e+01
      vertex   1.582458e+02 -1.179332e+02 1.183261e+01
    endloop
  endfacet
  facet normal 6.252574e-01 -3.044136e-01 7.185997e-01
    outer loop
      vertex   1.589324e+02 -1.174179e+02 1.191047e+01
      vertex   1.590391e+02 -1.172305e+02 1.189702e+01
      vertex   1.588714e+02 -1.173745e+02 1.198188e+01
    endloop
  endfacet
  facet normal 5.391268e-01 -4.323116e-01 7.228063e-01
    outer loop
      vertex   1.589324e+02 -1.174179e+02 1.191047e+01
      vertex   1.588714e+02 -1.173745e+02 1.198188e+01
      vertex   1.587400e+02 -1.175318e+02 1.198581e+01
    endloop
  endfacet
  facet normal 4.418472e-01 -3.484554e-01 8.266498e-01
    outer loop
      vertex   1.587400e+02 -1.175318e+02 1.198581e+01
      vertex   1.588714e+02 -1.173745e+02 1.198188e+01
      vertex   1.588014e+02 -1.173254e+02 1.204002e+01
    endloop
  endfacet
  facet normal 4.393184e-01 -3.480965e-01 8.281475e-01
    outer loop
      vertex   1.587400e+02 -1.175318e+02 1.198581e+01
      vertex   1.588014e+02 -1.173254e+02 1.204002e+01
      vertex   1.586795e+02 -1.174714e+02 1.204332e+01
    endloop
  endfacet
  facet normal 3.089714e-01 -6.301807e-01 7.123264e-01
    outer loop
      vertex   1.584388e+02 -1.178312e+02 1.189710e+01
      vertex   1.586272e+02 -1.177236e+02 1.191057e+01
      vertex   1.584061e+02 -1.177643e+02 1.197043e+01
    endloop
  endfacet
  facet normal 3.487986e-01 -4.387091e-01 8.281750e-01
    outer loop
      vertex   1.586795e+02 -1.174714e+02 1.204332e+01
      vertex   1.585345e+02 -1.175928e+02 1.204009e+01
      vertex   1.587400e+02 -1.175318e+02 1.198581e+01
    endloop
  endfacet
  facet normal 1.729038e-01 -6.993168e-01 6.935851e-01
    outer loop
      vertex   1.582359e+02 -1.179030e+02 1.187524e+01
      vertex   1.584388e+02 -1.178312e+02 1.189710e+01
      vertex   1.582145e+02 -1.178325e+02 1.195170e+01
    endloop
  endfacet
  facet normal 1.755665e-01 -6.873259e-01 7.048116e-01
    outer loop
      vertex   1.582145e+02 -1.178325e+02 1.195170e+01
      vertex   1.584388e+02 -1.178312e+02 1.189710e+01
      vertex   1.584061e+02 -1.177643e+02 1.197043e+01
    endloop
  endfacet
  facet normal 1.275196e-01 -5.797281e-01 8.047696e-01
    outer loop
      vertex   1.582145e+02 -1.178325e+02 1.195170e+01
      vertex   1.584061e+02 -1.177643e+02 1.197043e+01
      vertex   1.581916e+02 -1.177501e+02 1.201468e+01
    endloop
  endfacet
  facet normal 3.001684e-01 -2.305765e-01 9.255989e-01
    outer loop
      vertex   1.587635e+02 -1.172991e+02 1.206357e+01
      vertex   1.586131e+02 -1.174051e+02 1.208595e+01
      vertex   1.586469e+02 -1.174389e+02 1.206657e+01
    endloop
  endfacet
  facet normal 2.315015e-01 -2.993211e-01 9.256424e-01
    outer loop
      vertex   1.586469e+02 -1.174389e+02 1.206657e+01
      vertex   1.586131e+02 -1.174051e+02 1.208595e+01
      vertex   1.584809e+02 -1.175156e+02 1.208328e+01
    endloop
  endfacet
  facet normal 2.321980e-01 -3.009838e-01 9.249286e-01
    outer loop
      vertex   1.586469e+02 -1.174389e+02 1.206657e+01
      vertex   1.584809e+02 -1.175156e+02 1.208328e+01
      vertex   1.585081e+02 -1.175549e+02 1.206363e+01
    endloop
  endfacet
  facet normal 1.526671e-01 -3.548171e-01 9.223869e-01
    outer loop
      vertex   1.585081e+02 -1.175549e+02 1.206363e+01
      vertex   1.584809e+02 -1.175156e+02 1.208328e+01
      vertex   1.583303e+02 -1.176011e+02 1.207529e+01
    endloop
  endfacet
  facet normal 1.538691e-01 -3.600010e-01 9.201758e-01
    outer loop
      vertex   1.585081e+02 -1.175549e+02 1.206363e+01
      vertex   1.583303e+02 -1.176011e+02 1.207529e+01
      vertex   1.583502e+02 -1.176450e+02 1.205482e+01
    endloop
  endfacet
  facet normal 6.635487e-02 -3.974422e-01 9.152250e-01
    outer loop
      vertex   1.583502e+02 -1.176450e+02 1.205482e+01
      vertex   1.583303e+02 -1.176011e+02 1.207529e+01
      vertex   1.581677e+02 -1.176582e+02 1.206230e+01
    endloop
  endfacet
  facet normal 2.875025e-01 -2.405291e-02 9.574778e-01
    outer loop
      vertex   1.588090e+02 -1.171221e+02 1.207524e+01
      vertex   1.588660e+02 -1.169591e+02 1.206220e+01
      vertex   1.587171e+02 -1.170813e+02 1.210384e+01
    endloop
  endfacet
  facet normal 2.563672e-01 -9.706747e-02 9.616932e-01
    outer loop
      vertex   1.588090e+02 -1.171221e+02 1.207524e+01
      vertex   1.587171e+02 -1.170813e+02 1.210384e+01
      vertex   1.586418e+02 -1.172155e+02 1.211039e+01
    endloop
  endfacet
  facet normal 1.107988e-01 -1.376946e-02 9.937475e-01
    outer loop
      vertex   1.586418e+02 -1.172155e+02 1.211039e+01
      vertex   1.587171e+02 -1.170813e+02 1.210384e+01
      vertex   1.585566e+02 -1.171578e+02 1.212069e+01
    endloop
  endfacet
  facet normal 8.467196e-02 -5.254107e-02 9.950227e-01
    outer loop
      vertex   1.586418e+02 -1.172155e+02 1.211039e+01
      vertex   1.585566e+02 -1.171578e+02 1.212069e+01
      vertex   1.584701e+02 -1.172622e+02 1.212253e+01
    endloop
  endfacet
  facet normal 1.567352e-01 -2.108189e-01 9.648780e-01
    outer loop
      vertex   1.584809e+02 -1.175156e+02 1.208328e+01
      vertex   1.586131e+02 -1.174051e+02 1.208595e+01
      vertex   1.584243e+02 -1.174333e+02 1.211043e+01
    endloop
  endfacet
  facet normal 9.509193e-02 -2.571784e-01 9.616739e-01
    outer loop
      vertex   1.583303e+02 -1.176011e+02 1.207529e+01
      vertex   1.584809e+02 -1.175156e+02 1.208328e+01
      vertex   1.582894e+02 -1.175093e+02 1.210388e+01
    endloop
  endfacet
  facet normal 9.538417e-02 -2.523464e-01 9.629243e-01
    outer loop
      vertex   1.582894e+02 -1.175093e+02 1.210388e+01
      vertex   1.584809e+02 -1.175156e+02 1.208328e+01
      vertex   1.584243e+02 -1.174333e+02 1.211043e+01
    endloop
  endfacet
  facet normal 1.522034e-02 -1.126627e-01 9.935167e-01
    outer loop
      vertex   1.582894e+02 -1.175093e+02 1.210388e+01
      vertex   1.584243e+02 -1.174333e+02 1.211043e+01
      vertex   1.582480e+02 -1.174141e+02 1.211532e+01
    endloop
  endfacet
  facet normal 2.654268e-02 -2.931955e-01 9.556840e-01
    outer loop
      vertex   1.581677e+02 -1.176582e+02 1.206230e+01
      vertex   1.583303e+02 -1.176011e+02 1.207529e+01
      vertex   1.581437e+02 -1.175595e+02 1.209325e+01
    endloop
  endfacet
  facet normal 2.843006e-02 -2.856929e-01 9.578994e-01
    outer loop
      vertex   1.581437e+02 -1.175595e+02 1.209325e+01
      vertex   1.583303e+02 -1.176011e+02 1.207529e+01
      vertex   1.582894e+02 -1.175093e+02 1.210388e+01
    endloop
  endfacet
  facet normal -2.602415e-02 -1.343615e-01 9.905906e-01
    outer loop
      vertex   1.581437e+02 -1.175595e+02 1.209325e+01
      vertex   1.582894e+02 -1.175093e+02 1.210388e+01
      vertex   1.581201e+02 -1.174568e+02 1.210656e+01
    endloop
  endfacet
  facet normal -2.455878e-02 -1.296739e-01 9.912525e-01
    outer loop
      vertex   1.581201e+02 -1.174568e+02 1.210656e+01
      vertex   1.582894e+02 -1.175093e+02 1.210388e+01
      vertex   1.582480e+02 -1.174141e+02 1.211532e+01
    endloop
  endfacet
  facet normal -8.481997e-02 -2.411124e-02 9.961045e-01
    outer loop
      vertex   1.566712e+02 -1.056572e+02 1.198102e+01
      vertex   1.579830e+02 -1.056903e+02 1.209192e+01
      vertex   1.566682e+02 -1.055486e+02 1.198339e+01
    endloop
  endfacet
  facet normal -8.168769e-02 5.361682e-03 9.966436e-01
    outer loop
      vertex   1.566682e+02 -1.055486e+02 1.198339e+01
      vertex   1.579830e+02 -1.056903e+02 1.209192e+01
      vertex   1.579872e+02 -1.055458e+02 1.209149e+01
    endloop
  endfacet
  facet normal -8.107431e-02 1.493184e-01 9.854598e-01
    outer loop
      vertex   1.566682e+02 -1.055486e+02 1.198339e+01
      vertex   1.579872e+02 -1.055458e+02 1.209149e+01
      vertex   1.566717e+02 -1.054413e+02 1.196742e+01
    endloop
  endfacet
  facet normal -7.275659e-02 2.348344e-01 9.693087e-01
    outer loop
      vertex   1.566717e+02 -1.054413e+02 1.196742e+01
      vertex   1.579872e+02 -1.055458e+02 1.209149e+01
      vertex   1.579945e+02 -1.054054e+02 1.205801e+01
    endloop
  endfacet
  facet normal -7.336865e-02 3.184870e-01 9.450836e-01
    outer loop
      vertex   1.566717e+02 -1.054413e+02 1.196742e+01
      vertex   1.579945e+02 -1.054054e+02 1.205801e+01
      vertex   1.566764e+02 -1.053384e+02 1.193312e+01
    endloop
  endfacet
  facet normal -6.137809e-02 4.518010e-01 8.900048e-01
    outer loop
      vertex   1.566764e+02 -1.053384e+02 1.193312e+01
      vertex   1.579945e+02 -1.054054e+02 1.205801e+01
      vertex   1.580045e+02 -1.052765e+02 1.199329e+01
    endloop
  endfacet
  facet normal -6.195558e-02 4.772156e-01 8.765996e-01
    outer loop
      vertex   1.566764e+02 -1.053384e+02 1.193312e+01
      vertex   1.580045e+02 -1.052765e+02 1.199329e+01
      vertex   1.566822e+02 -1.052431e+02 1.188162e+01
    endloop
  endfacet
  facet normal -5.022227e-02 6.223395e-01 7.811346e-01
    outer loop
      vertex   1.566822e+02 -1.052431e+02 1.188162e+01
      vertex   1.580045e+02 -1.052765e+02 1.199329e+01
      vertex   1.566889e+02 -1.051581e+02 1.181438e+01
    endloop
  endfacet
  facet normal -3.587158e-02 6.220281e-01 7.821728e-01
    outer loop
      vertex   1.566822e+02 -1.052431e+02 1.188162e+01
      vertex   1.566889e+02 -1.051581e+02 1.181438e+01
      vertex   1.553644e+02 -1.051342e+02 1.173462e+01
    endloop
  endfacet
  facet normal -2.645310e-02 7.477563e-01 6.634461e-01
    outer loop
      vertex   1.553644e+02 -1.051342e+02 1.173462e+01
      vertex   1.566889e+02 -1.051581e+02 1.181438e+01
      vertex   1.553693e+02 -1.050622e+02 1.165359e+01
    endloop
  endfacet
  facet normal -1.582249e-02 7.476030e-01 6.639574e-01
    outer loop
      vertex   1.553644e+02 -1.051342e+02 1.173462e+01
      vertex   1.553693e+02 -1.050622e+02 1.165359e+01
      vertex   1.540424e+02 -1.050478e+02 1.160585e+01
    endloop
  endfacet
  facet normal -9.678592e-03 8.514538e-01 5.243403e-01
    outer loop
      vertex   1.540424e+02 -1.050478e+02 1.160585e+01
      vertex   1.553693e+02 -1.050622e+02 1.165359e+01
      vertex   1.540450e+02 -1.049909e+02 1.151345e+01
    endloop
  endfacet
  facet normal -3.159380e-03 8.514072e-01 5.244958e-01
    outer loop
      vertex   1.540424e+02 -1.050478e+02 1.160585e+01
      vertex   1.540450e+02 -1.049909e+02 1.151345e+01
      vertex   1.527154e+02 -1.049862e+02 1.149784e+01
    endloop
  endfacet
  facet normal -1.065072e-03 9.292448e-01 3.694631e-01
    outer loop
      vertex   1.527154e+02 -1.049862e+02 1.149784e+01
      vertex   1.540450e+02 -1.049909e+02 1.151345e+01
      vertex   1.527363e+02 -1.049461e+02 1.139697e+01
    endloop
  endfacet
  facet normal 1.100309e-03 9.290908e-01 3.698500e-01
    outer loop
      vertex   1.527154e+02 -1.049862e+02 1.149784e+01
      vertex   1.527363e+02 -1.049461e+02 1.139697e+01
      vertex   1.514091e+02 -1.049509e+02 1.141299e+01
    endloop
  endfacet
  facet normal -4.577753e-02 6.445784e-01 7.631665e-01
    outer loop
      vertex   1.580045e+02 -1.052765e+02 1.199329e+01
      vertex   1.580167e+02 -1.051661e+02 1.190076e+01
      vertex   1.566889e+02 -1.051581e+02 1.181438e+01
    endloop
  endfacet
  facet normal -3.860659e-02 7.480508e-01 6.625176e-01
    outer loop
      vertex   1.566889e+02 -1.051581e+02 1.181438e+01
      vertex   1.580167e+02 -1.051661e+02 1.190076e+01
      vertex   1.566963e+02 -1.050861e+02 1.173350e+01
    endloop
  endfacet
  facet normal -2.644520e-02 7.477941e-01 6.634038e-01
    outer loop
      vertex   1.566889e+02 -1.051581e+02 1.181438e+01
      vertex   1.566963e+02 -1.050861e+02 1.173350e+01
      vertex   1.553693e+02 -1.050622e+02 1.165359e+01
    endloop
  endfacet
  facet normal -1.617718e-02 8.515588e-01 5.240095e-01
    outer loop
      vertex   1.553693e+02 -1.050622e+02 1.165359e+01
      vertex   1.566963e+02 -1.050861e+02 1.173350e+01
      vertex   1.553746e+02 -1.050053e+02 1.156130e+01
    endloop
  endfacet
  facet normal -9.676070e-03 8.514650e-01 5.243221e-01
    outer loop
      vertex   1.553693e+02 -1.050622e+02 1.165359e+01
      vertex   1.553746e+02 -1.050053e+02 1.156130e+01
      vertex   1.540450e+02 -1.049909e+02 1.151345e+01
    endloop
  endfacet
  facet normal -3.264035e-03 9.292424e-01 3.694563e-01
    outer loop
      vertex   1.540450e+02 -1.049909e+02 1.151345e+01
      vertex   1.553746e+02 -1.050053e+02 1.156130e+01
      vertex   1.540634e+02 -1.049509e+02 1.141299e+01
    endloop
  endfacet
  facet normal -1.099632e-03 9.291108e-01 3.697999e-01
    outer loop
      vertex   1.540450e+02 -1.049909e+02 1.151345e+01
      vertex   1.540634e+02 -1.049509e+02 1.141299e+01
      vertex   1.527363e+02 -1.049461e+02 1.139697e+01
    endloop
  endfacet
  facet normal -2.680676e-02 8.028489e-01 5.955796e-01
    outer loop
      vertex   1.580167e+02 -1.051661e+02 1.190076e+01
      vertex   1.580303e+02 -1.050801e+02 1.178540e+01
      vertex   1.566963e+02 -1.050861e+02 1.173350e+01
    endloop
  endfacet
  facet normal -2.421978e-02 8.517460e-01 5.233949e-01
    outer loop
      vertex   1.566963e+02 -1.050861e+02 1.173350e+01
      vertex   1.580303e+02 -1.050801e+02 1.178540e+01
      vertex   1.567042e+02 -1.050293e+02 1.164137e+01
    endloop
  endfacet
  facet normal -1.617229e-02 8.515768e-01 5.239804e-01
    outer loop
      vertex   1.566963e+02 -1.050861e+02 1.173350e+01
      vertex   1.567042e+02 -1.050293e+02 1.164137e+01
      vertex   1.553746e+02 -1.050053e+02 1.156130e+01
    endloop
  endfacet
  facet normal -5.458910e-03 9.292575e-01 3.693923e-01
    outer loop
      vertex   1.553746e+02 -1.050053e+02 1.156130e+01
      vertex   1.567042e+02 -1.050293e+02 1.164137e+01
      vertex   1.553905e+02 -1.049653e+02 1.146107e+01
    endloop
  endfacet
  facet normal -3.294572e-03 9.291486e-01 3.696919e-01
    outer loop
      vertex   1.553746e+02 -1.050053e+02 1.156130e+01
      vertex   1.553905e+02 -1.049653e+02 1.146107e+01
      vertex   1.540634e+02 -1.049509e+02 1.141299e+01
    endloop
  endfacet
  facet normal -7.835591e-03 9.182213e-01 3.959902e-01
    outer loop
      vertex   1.580303e+02 -1.050801e+02 1.178540e+01
      vertex   1.580447e+02 -1.050230e+02 1.165337e+01
      vertex   1.567042e+02 -1.050293e+02 1.164137e+01
    endloop
  endfacet
  facet normal -7.648243e-03 9.292900e-01 3.692718e-01
    outer loop
      vertex   1.567042e+02 -1.050293e+02 1.164137e+01
      vertex   1.580447e+02 -1.050230e+02 1.165337e+01
      vertex   1.567176e+02 -1.049894e+02 1.154119e+01
    endloop
  endfacet
  facet normal -5.479993e-03 9.292039e-01 3.695269e-01
    outer loop
      vertex   1.567042e+02 -1.050293e+02 1.164137e+01
      vertex   1.567176e+02 -1.049894e+02 1.154119e+01
      vertex   1.553905e+02 -1.049653e+02 1.146107e+01
    endloop
  endfacet
  facet normal 1.126130e-03 9.292265e-01 3.695089e-01
    outer loop
      vertex   1.527154e+02 -1.049862e+02 1.149784e+01
      vertex   1.514091e+02 -1.049509e+02 1.141299e+01
      vertex   1.513962e+02 -1.049911e+02 1.151421e+01
    endloop
  endfacet
  facet normal 3.296793e-03 9.291268e-01 3.697466e-01
    outer loop
      vertex   1.513962e+02 -1.049911e+02 1.151421e+01
      vertex   1.514091e+02 -1.049509e+02 1.141299e+01
      vertex   1.500820e+02 -1.049653e+02 1.146107e+01
    endloop
  endfacet
  facet normal 3.308846e-03 9.292261e-01 3.694968e-01
    outer loop
      vertex   1.513962e+02 -1.049911e+02 1.151421e+01
      vertex   1.500820e+02 -1.049653e+02 1.146107e+01
      vertex   1.500770e+02 -1.050056e+02 1.156231e+01
    endloop
  endfacet
  facet normal 5.483979e-03 9.291804e-01 3.695859e-01
    outer loop
      vertex   1.500770e+02 -1.050056e+02 1.156231e+01
      vertex   1.500820e+02 -1.049653e+02 1.146107e+01
      vertex   1.487549e+02 -1.049894e+02 1.154119e+01
    endloop
  endfacet
  facet normal 5.487254e-03 9.292429e-01 3.694288e-01
    outer loop
      vertex   1.500770e+02 -1.050056e+02 1.156231e+01
      vertex   1.487549e+02 -1.049894e+02 1.154119e+01
      vertex   1.487578e+02 -1.050295e+02 1.164213e+01
    endloop
  endfacet
  facet normal 7.657441e-03 9.292513e-01 3.693690e-01
    outer loop
      vertex   1.487578e+02 -1.050295e+02 1.164213e+01
      vertex   1.487549e+02 -1.049894e+02 1.154119e+01
      vertex   1.474278e+02 -1.050230e+02 1.165337e+01
    endloop
  endfacet
  facet normal 7.828555e-03 9.182211e-01 3.959908e-01
    outer loop
      vertex   1.487578e+02 -1.050295e+02 1.164213e+01
      vertex   1.474278e+02 -1.050230e+02 1.165337e+01
      vertex   1.474422e+02 -1.050801e+02 1.178540e+01
    endloop
  endfacet
  facet normal 2.425749e-02 8.517473e-01 5.233910e-01
    outer loop
      vertex   1.487578e+02 -1.050295e+02 1.164213e+01
      vertex   1.474422e+02 -1.050801e+02 1.178540e+01
      vertex   1.487658e+02 -1.050863e+02 1.173426e+01
    endloop
  endfacet
  facet normal 2.681544e-02 8.028492e-01 5.955788e-01
    outer loop
      vertex   1.487658e+02 -1.050863e+02 1.173426e+01
      vertex   1.474422e+02 -1.050801e+02 1.178540e+01
      vertex   1.474558e+02 -1.051661e+02 1.190076e+01
    endloop
  endfacet
  facet normal 3.866038e-02 7.480528e-01 6.625121e-01
    outer loop
      vertex   1.487658e+02 -1.050863e+02 1.173426e+01
      vertex   1.474558e+02 -1.051661e+02 1.190076e+01
      vertex   1.487732e+02 -1.051584e+02 1.181513e+01
    endloop
  endfacet
  facet normal 4.581281e-02 6.445797e-01 7.631633e-01
    outer loop
      vertex   1.487732e+02 -1.051584e+02 1.181513e+01
      vertex   1.474558e+02 -1.051661e+02 1.190076e+01
      vertex   1.474680e+02 -1.052765e+02 1.199329e+01
    endloop
  endfacet
  facet normal 5.027830e-02 6.223419e-01 7.811291e-01
    outer loop
      vertex   1.487732e+02 -1.051584e+02 1.181513e+01
      vertex   1.474680e+02 -1.052765e+02 1.199329e+01
      vertex   1.487799e+02 -1.052433e+02 1.188237e+01
    endloop
  endfacet
  facet normal 6.202472e-02 4.772187e-01 8.765930e-01
    outer loop
      vertex   1.487799e+02 -1.052433e+02 1.188237e+01
      vertex   1.474680e+02 -1.052765e+02 1.199329e+01
      vertex   1.487857e+02 -1.053387e+02 1.193387e+01
    endloop
  endfacet
  facet normal 4.447715e-02 4.768369e-01 8.778658e-01
    outer loop
      vertex   1.487799e+02 -1.052433e+02 1.188237e+01
      vertex   1.487857e+02 -1.053387e+02 1.193387e+01
      vertex   1.500957e+02 -1.053149e+02 1.185462e+01
    endloop
  endfacet
  facet normal 5.152161e-02 3.179061e-01 9.467213e-01
    outer loop
      vertex   1.500957e+02 -1.053149e+02 1.185462e+01
      vertex   1.487857e+02 -1.053387e+02 1.193387e+01
      vertex   1.500989e+02 -1.054178e+02 1.188900e+01
    endloop
  endfacet
  facet normal 3.108906e-02 3.176090e-01 9.477120e-01
    outer loop
      vertex   1.500957e+02 -1.053149e+02 1.185462e+01
      vertex   1.500989e+02 -1.054178e+02 1.188900e+01
      vertex   1.514072e+02 -1.054036e+02 1.184130e+01
    endloop
  endfacet
  facet normal 3.441767e-02 1.482507e-01 9.883507e-01
    outer loop
      vertex   1.514072e+02 -1.054036e+02 1.184130e+01
      vertex   1.500989e+02 -1.054178e+02 1.188900e+01
      vertex   1.514084e+02 -1.055109e+02 1.185736e+01
    endloop
  endfacet
  facet normal 1.172221e-02 1.480844e-01 9.889053e-01
    outer loop
      vertex   1.514072e+02 -1.054036e+02 1.184130e+01
      vertex   1.514084e+02 -1.055109e+02 1.185736e+01
      vertex   1.527156e+02 -1.055061e+02 1.184114e+01
    endloop
  endfacet
  facet normal 1.250222e-02 -2.654313e-02 9.995695e-01
    outer loop
      vertex   1.527156e+02 -1.055061e+02 1.184114e+01
      vertex   1.514084e+02 -1.055109e+02 1.185736e+01
      vertex   1.514246e+02 -1.056193e+02 1.185428e+01
    endloop
  endfacet
  facet normal 1.215622e-02 -2.258760e-02 9.996710e-01
    outer loop
      vertex   1.527156e+02 -1.055061e+02 1.184114e+01
      vertex   1.514246e+02 -1.056193e+02 1.185428e+01
      vertex   1.527363e+02 -1.056146e+02 1.183844e+01
    endloop
  endfacet
  facet normal 6.143075e-02 4.518028e-01 8.900003e-01
    outer loop
      vertex   1.474680e+02 -1.052765e+02 1.199329e+01
      vertex   1.474780e+02 -1.054054e+02 1.205801e+01
      vertex   1.487857e+02 -1.053387e+02 1.193387e+01
    endloop
  endfacet
  facet normal 7.346132e-02 3.184910e-01 9.450751e-01
    outer loop
      vertex   1.487857e+02 -1.053387e+02 1.193387e+01
      vertex   1.474780e+02 -1.054054e+02 1.205801e+01
      vertex   1.487905e+02 -1.054415e+02 1.196817e+01
    endloop
  endfacet
  facet normal 5.152713e-02 3.180194e-01 9.466830e-01
    outer loop
      vertex   1.487857e+02 -1.053387e+02 1.193387e+01
      vertex   1.487905e+02 -1.054415e+02 1.196817e+01
      vertex   1.500989e+02 -1.054178e+02 1.188900e+01
    endloop
  endfacet
  facet normal 5.704652e-02 1.486635e-01 9.872410e-01
    outer loop
      vertex   1.500989e+02 -1.054178e+02 1.188900e+01
      vertex   1.487905e+02 -1.054415e+02 1.196817e+01
      vertex   1.501012e+02 -1.055252e+02 1.190503e+01
    endloop
  endfacet
  facet normal 3.442333e-02 1.483346e-01 9.883379e-01
    outer loop
      vertex   1.500989e+02 -1.054178e+02 1.188900e+01
      vertex   1.501012e+02 -1.055252e+02 1.190503e+01
      vertex   1.514084e+02 -1.055109e+02 1.185736e+01
    endloop
  endfacet
  facet normal 3.670878e-02 -2.570446e-02 9.989954e-01
    outer loop
      vertex   1.514084e+02 -1.055109e+02 1.185736e+01
      vertex   1.501012e+02 -1.055252e+02 1.190503e+01
      vertex   1.501130e+02 -1.056335e+02 1.190181e+01
    endloop
  endfacet
  facet normal 3.645004e-02 -2.294290e-02 9.990721e-01
    outer loop
      vertex   1.514084e+02 -1.055109e+02 1.185736e+01
      vertex   1.501130e+02 -1.056335e+02 1.190181e+01
      vertex   1.514246e+02 -1.056193e+02 1.185428e+01
    endloop
  endfacet
  facet normal 7.281648e-02 2.348363e-01 9.693037e-01
    outer loop
      vertex   1.474780e+02 -1.054054e+02 1.205801e+01
      vertex   1.474853e+02 -1.055458e+02 1.209149e+01
      vertex   1.487905e+02 -1.054415e+02 1.196817e+01
    endloop
  endfacet
  facet normal 8.117563e-02 1.493228e-01 9.854508e-01
    outer loop
      vertex   1.487905e+02 -1.054415e+02 1.196817e+01
      vertex   1.474853e+02 -1.055458e+02 1.209149e+01
      vertex   1.487940e+02 -1.055488e+02 1.198414e+01
    endloop
  endfacet
  facet normal 5.705427e-02 1.488009e-01 9.872199e-01
    outer loop
      vertex   1.487905e+02 -1.054415e+02 1.196817e+01
      vertex   1.487940e+02 -1.055488e+02 1.198414e+01
      vertex   1.501012e+02 -1.055252e+02 1.190503e+01
    endloop
  endfacet
  facet normal 6.083422e-02 -2.462595e-02 9.978441e-01
    outer loop
      vertex   1.501012e+02 -1.055252e+02 1.190503e+01
      vertex   1.487940e+02 -1.055488e+02 1.198414e+01
      vertex   1.488013e+02 -1.056572e+02 1.198102e+01
    endloop
  endfacet
  facet normal 6.067844e-02 -2.306514e-02 9.978908e-01
    outer loop
      vertex   1.501012e+02 -1.055252e+02 1.190503e+01
      vertex   1.488013e+02 -1.056572e+02 1.198102e+01
      vertex   1.501130e+02 -1.056335e+02 1.190181e+01
    endloop
  endfacet
  facet normal 8.176304e-02 5.363882e-03 9.966374e-01
    outer loop
      vertex   1.474853e+02 -1.055458e+02 1.209149e+01
      vertex   1.474895e+02 -1.056903e+02 1.209192e+01
      vertex   1.487940e+02 -1.055488e+02 1.198414e+01
    endloop
  endfacet
  facet normal 8.479330e-02 -2.295614e-02 9.961341e-01
    outer loop
      vertex   1.487940e+02 -1.055488e+02 1.198414e+01
      vertex   1.474895e+02 -1.056903e+02 1.209192e+01
      vertex   1.488013e+02 -1.056572e+02 1.198102e+01
    endloop
  endfacet
  facet normal -1.183310e-02 -2.715704e-02 9.995611e-01
    outer loop
      vertex   1.527156e+02 -1.055061e+02 1.184114e+01
      vertex   1.527363e+02 -1.056146e+02 1.183844e+01
      vertex   1.540331e+02 -1.055107e+02 1.185661e+01
    endloop
  endfacet
  facet normal -1.215799e-02 -2.311919e-02 9.996588e-01
    outer loop
      vertex   1.540331e+02 -1.055107e+02 1.185661e+01
      vertex   1.527363e+02 -1.056146e+02 1.183844e+01
      vertex   1.540479e+02 -1.056193e+02 1.185428e+01
    endloop
  endfacet
  facet normal -3.623708e-02 -2.638380e-02 9.989949e-01
    outer loop
      vertex   1.540331e+02 -1.055107e+02 1.185661e+01
      vertex   1.540479e+02 -1.056193e+02 1.185428e+01
      vertex   1.553506e+02 -1.055249e+02 1.190403e+01
    endloop
  endfacet
  facet normal -3.645476e-02 -2.341651e-02 9.990609e-01
    outer loop
      vertex   1.553506e+02 -1.055249e+02 1.190403e+01
      vertex   1.540479e+02 -1.056193e+02 1.185428e+01
      vertex   1.553595e+02 -1.056335e+02 1.190181e+01
    endloop
  endfacet
  facet normal -6.056050e-02 -2.536657e-02 9.978422e-01
    outer loop
      vertex   1.553506e+02 -1.055249e+02 1.190403e+01
      vertex   1.553595e+02 -1.056335e+02 1.190181e+01
      vertex   1.566682e+02 -1.055486e+02 1.198339e+01
    endloop
  endfacet
  facet normal -6.068532e-02 -2.348039e-02 9.978807e-01
    outer loop
      vertex   1.566682e+02 -1.055486e+02 1.198339e+01
      vertex   1.553595e+02 -1.056335e+02 1.190181e+01
      vertex   1.566712e+02 -1.056572e+02 1.198102e+01
    endloop
  endfacet
  facet normal -5.678999e-02 1.486566e-01 9.872569e-01
    outer loop
      vertex   1.553506e+02 -1.055249e+02 1.190403e+01
      vertex   1.566682e+02 -1.055486e+02 1.198339e+01
      vertex   1.553529e+02 -1.054175e+02 1.188800e+01
    endloop
  endfacet
  facet normal -5.677486e-02 1.487940e-01 9.872370e-01
    outer loop
      vertex   1.553529e+02 -1.054175e+02 1.188800e+01
      vertex   1.566682e+02 -1.055486e+02 1.198339e+01
      vertex   1.566717e+02 -1.054413e+02 1.196742e+01
    endloop
  endfacet
  facet normal -5.128944e-02 3.178998e-01 9.467360e-01
    outer loop
      vertex   1.553529e+02 -1.054175e+02 1.188800e+01
      vertex   1.566717e+02 -1.054413e+02 1.196742e+01
      vertex   1.553561e+02 -1.053146e+02 1.185362e+01
    endloop
  endfacet
  facet normal -5.127530e-02 3.180131e-01 9.466987e-01
    outer loop
      vertex   1.553561e+02 -1.053146e+02 1.185362e+01
      vertex   1.566717e+02 -1.054413e+02 1.196742e+01
      vertex   1.566764e+02 -1.053384e+02 1.193312e+01
    endloop
  endfacet
  facet normal -4.427269e-02 4.767440e-01 8.779266e-01
    outer loop
      vertex   1.553561e+02 -1.053146e+02 1.185362e+01
      vertex   1.566764e+02 -1.053384e+02 1.193312e+01
      vertex   1.553599e+02 -1.052192e+02 1.180200e+01
    endloop
  endfacet
  facet normal -4.426009e-02 4.768315e-01 8.778797e-01
    outer loop
      vertex   1.553599e+02 -1.052192e+02 1.180200e+01
      vertex   1.566764e+02 -1.053384e+02 1.193312e+01
      vertex   1.566822e+02 -1.052431e+02 1.188162e+01
    endloop
  endfacet
  facet normal -3.588205e-02 6.219666e-01 7.822212e-01
    outer loop
      vertex   1.553599e+02 -1.052192e+02 1.180200e+01
      vertex   1.566822e+02 -1.052431e+02 1.188162e+01
      vertex   1.553644e+02 -1.051342e+02 1.173462e+01
    endloop
  endfacet
  facet normal -3.397618e-02 1.482440e-01 9.883670e-01
    outer loop
      vertex   1.540331e+02 -1.055107e+02 1.185661e+01
      vertex   1.553506e+02 -1.055249e+02 1.190403e+01
      vertex   1.540342e+02 -1.054034e+02 1.184055e+01
    endloop
  endfacet
  facet normal -3.396790e-02 1.483273e-01 9.883548e-01
    outer loop
      vertex   1.540342e+02 -1.054034e+02 1.184055e+01
      vertex   1.553506e+02 -1.055249e+02 1.190403e+01
      vertex   1.553529e+02 -1.054175e+02 1.188800e+01
    endloop
  endfacet
  facet normal -3.068560e-02 3.175333e-01 9.477505e-01
    outer loop
      vertex   1.540342e+02 -1.054034e+02 1.184055e+01
      vertex   1.553529e+02 -1.054175e+02 1.188800e+01
      vertex   1.540358e+02 -1.053004e+02 1.180611e+01
    endloop
  endfacet
  facet normal -3.067802e-02 3.176025e-01 9.477276e-01
    outer loop
      vertex   1.540358e+02 -1.053004e+02 1.180611e+01
      vertex   1.553529e+02 -1.054175e+02 1.188800e+01
      vertex   1.553561e+02 -1.053146e+02 1.185362e+01
    endloop
  endfacet
  facet normal -2.648775e-02 4.764335e-01 8.788114e-01
    outer loop
      vertex   1.540358e+02 -1.053004e+02 1.180611e+01
      vertex   1.553561e+02 -1.053146e+02 1.185362e+01
      vertex   1.540377e+02 -1.052050e+02 1.175443e+01
    endloop
  endfacet
  facet normal -2.648110e-02 4.764874e-01 8.787824e-01
    outer loop
      vertex   1.540377e+02 -1.052050e+02 1.175443e+01
      vertex   1.553561e+02 -1.053146e+02 1.185362e+01
      vertex   1.553599e+02 -1.052192e+02 1.180200e+01
    endloop
  endfacet
  facet normal -2.146781e-02 6.217206e-01 7.829448e-01
    outer loop
      vertex   1.540377e+02 -1.052050e+02 1.175443e+01
      vertex   1.553599e+02 -1.052192e+02 1.180200e+01
      vertex   1.540399e+02 -1.051199e+02 1.168697e+01
    endloop
  endfacet
  facet normal -2.146234e-02 6.217586e-01 7.829148e-01
    outer loop
      vertex   1.540399e+02 -1.051199e+02 1.168697e+01
      vertex   1.553599e+02 -1.052192e+02 1.180200e+01
      vertex   1.553644e+02 -1.051342e+02 1.173462e+01
    endloop
  endfacet
  facet normal -1.582658e-02 7.475795e-01 6.639837e-01
    outer loop
      vertex   1.540399e+02 -1.051199e+02 1.168697e+01
      vertex   1.553644e+02 -1.051342e+02 1.173462e+01
      vertex   1.540424e+02 -1.050478e+02 1.160585e+01
    endloop
  endfacet
  facet normal -1.109316e-02 1.480529e-01 9.889172e-01
    outer loop
      vertex   1.527156e+02 -1.055061e+02 1.184114e+01
      vertex   1.540331e+02 -1.055107e+02 1.185661e+01
      vertex   1.527155e+02 -1.053987e+02 1.182507e+01
    endloop
  endfacet
  facet normal -1.109074e-02 1.480803e-01 9.889132e-01
    outer loop
      vertex   1.527155e+02 -1.053987e+02 1.182507e+01
      vertex   1.540331e+02 -1.055107e+02 1.185661e+01
      vertex   1.540342e+02 -1.054034e+02 1.184055e+01
    endloop
  endfacet
  facet normal -1.001882e-02 3.173626e-01 9.482513e-01
    outer loop
      vertex   1.527155e+02 -1.053987e+02 1.182507e+01
      vertex   1.540342e+02 -1.054034e+02 1.184055e+01
      vertex   1.527155e+02 -1.052958e+02 1.179061e+01
    endloop
  endfacet
  facet normal -1.001667e-02 3.173854e-01 9.482437e-01
    outer loop
      vertex   1.527155e+02 -1.052958e+02 1.179061e+01
      vertex   1.540342e+02 -1.054034e+02 1.184055e+01
      vertex   1.540358e+02 -1.053004e+02 1.180611e+01
    endloop
  endfacet
  facet normal -8.648237e-03 4.762881e-01 8.792467e-01
    outer loop
      vertex   1.527155e+02 -1.052958e+02 1.179061e+01
      vertex   1.540358e+02 -1.053004e+02 1.180611e+01
      vertex   1.527155e+02 -1.052003e+02 1.173890e+01
    endloop
  endfacet
  facet normal -8.646397e-03 4.763059e-01 8.792371e-01
    outer loop
      vertex   1.527155e+02 -1.052003e+02 1.173890e+01
      vertex   1.540358e+02 -1.053004e+02 1.180611e+01
      vertex   1.540377e+02 -1.052050e+02 1.175443e+01
    endloop
  endfacet
  facet normal -7.009230e-03 6.216046e-01 7.832998e-01
    outer loop
      vertex   1.527155e+02 -1.052003e+02 1.173890e+01
      vertex   1.540377e+02 -1.052050e+02 1.175443e+01
      vertex   1.527155e+02 -1.051153e+02 1.167142e+01
    endloop
  endfacet
  facet normal -7.007747e-03 6.216172e-01 7.832898e-01
    outer loop
      vertex   1.527155e+02 -1.051153e+02 1.167142e+01
      vertex   1.540377e+02 -1.052050e+02 1.175443e+01
      vertex   1.540399e+02 -1.051199e+02 1.168697e+01
    endloop
  endfacet
  facet normal -5.167366e-03 7.474955e-01 6.642468e-01
    outer loop
      vertex   1.527155e+02 -1.051153e+02 1.167142e+01
      vertex   1.540399e+02 -1.051199e+02 1.168697e+01
      vertex   1.527154e+02 -1.050432e+02 1.159027e+01
    endloop
  endfacet
  facet normal -5.166274e-03 7.475033e-01 6.642380e-01
    outer loop
      vertex   1.527154e+02 -1.050432e+02 1.159027e+01
      vertex   1.540399e+02 -1.051199e+02 1.168697e+01
      vertex   1.540424e+02 -1.050478e+02 1.160585e+01
    endloop
  endfacet
  facet normal -3.160046e-03 8.514034e-01 5.245018e-01
    outer loop
      vertex   1.527154e+02 -1.050432e+02 1.159027e+01
      vertex   1.540424e+02 -1.050478e+02 1.160585e+01
      vertex   1.527154e+02 -1.049862e+02 1.149784e+01
    endloop
  endfacet
  facet normal 1.171996e-02 1.480557e-01 9.889096e-01
    outer loop
      vertex   1.527156e+02 -1.055061e+02 1.184114e+01
      vertex   1.527155e+02 -1.053987e+02 1.182507e+01
      vertex   1.514072e+02 -1.054036e+02 1.184130e+01
    endloop
  endfacet
  facet normal 1.058690e-02 3.173892e-01 9.482363e-01
    outer loop
      vertex   1.514072e+02 -1.054036e+02 1.184130e+01
      vertex   1.527155e+02 -1.053987e+02 1.182507e+01
      vertex   1.514056e+02 -1.053006e+02 1.180686e+01
    endloop
  endfacet
  facet normal 3.108459e-02 3.175393e-01 9.477355e-01
    outer loop
      vertex   1.514072e+02 -1.054036e+02 1.184130e+01
      vertex   1.514056e+02 -1.053006e+02 1.180686e+01
      vertex   1.500957e+02 -1.053149e+02 1.185462e+01
    endloop
  endfacet
  facet normal 2.683574e-02 4.764929e-01 8.787686e-01
    outer loop
      vertex   1.500957e+02 -1.053149e+02 1.185462e+01
      vertex   1.514056e+02 -1.053006e+02 1.180686e+01
      vertex   1.500918e+02 -1.052195e+02 1.180300e+01
    endloop
  endfacet
  facet normal 4.447339e-02 4.767493e-01 8.779135e-01
    outer loop
      vertex   1.500957e+02 -1.053149e+02 1.185462e+01
      vertex   1.500918e+02 -1.052195e+02 1.180300e+01
      vertex   1.487799e+02 -1.052433e+02 1.188237e+01
    endloop
  endfacet
  facet normal 3.604730e-02 6.220323e-01 7.821613e-01
    outer loop
      vertex   1.487799e+02 -1.052433e+02 1.188237e+01
      vertex   1.500918e+02 -1.052195e+02 1.180300e+01
      vertex   1.487732e+02 -1.051584e+02 1.181513e+01
    endloop
  endfacet
  facet normal 1.058500e-02 3.173652e-01 9.482443e-01
    outer loop
      vertex   1.514056e+02 -1.053006e+02 1.180686e+01
      vertex   1.527155e+02 -1.053987e+02 1.182507e+01
      vertex   1.527155e+02 -1.052958e+02 1.179061e+01
    endloop
  endfacet
  facet normal 9.138574e-03 4.763091e-01 8.792304e-01
    outer loop
      vertex   1.514056e+02 -1.053006e+02 1.180686e+01
      vertex   1.527155e+02 -1.052958e+02 1.179061e+01
      vertex   1.514037e+02 -1.052052e+02 1.175518e+01
    endloop
  endfacet
  facet normal 9.137010e-03 4.762905e-01 8.792405e-01
    outer loop
      vertex   1.514037e+02 -1.052052e+02 1.175518e+01
      vertex   1.527155e+02 -1.052958e+02 1.179061e+01
      vertex   1.527155e+02 -1.052003e+02 1.173890e+01
    endloop
  endfacet
  facet normal 7.406615e-03 6.216197e-01 7.832842e-01
    outer loop
      vertex   1.514037e+02 -1.052052e+02 1.175518e+01
      vertex   1.527155e+02 -1.052003e+02 1.173890e+01
      vertex   1.514014e+02 -1.051202e+02 1.168772e+01
    endloop
  endfacet
  facet normal 7.405399e-03 6.216065e-01 7.832947e-01
    outer loop
      vertex   1.514014e+02 -1.051202e+02 1.168772e+01
      vertex   1.527155e+02 -1.052003e+02 1.173890e+01
      vertex   1.527155e+02 -1.051153e+02 1.167142e+01
    endloop
  endfacet
  facet normal 5.460315e-03 7.475051e-01 6.642337e-01
    outer loop
      vertex   1.514014e+02 -1.051202e+02 1.168772e+01
      vertex   1.527155e+02 -1.051153e+02 1.167142e+01
      vertex   1.513989e+02 -1.050481e+02 1.160660e+01
    endloop
  endfacet
  facet normal 5.459443e-03 7.474969e-01 6.642429e-01
    outer loop
      vertex   1.513989e+02 -1.050481e+02 1.160660e+01
      vertex   1.527155e+02 -1.051153e+02 1.167142e+01
      vertex   1.527154e+02 -1.050432e+02 1.159027e+01
    endloop
  endfacet
  facet normal 3.339191e-03 8.514082e-01 5.244931e-01
    outer loop
      vertex   1.513989e+02 -1.050481e+02 1.160660e+01
      vertex   1.527154e+02 -1.050432e+02 1.159027e+01
      vertex   1.513962e+02 -1.049911e+02 1.151421e+01
    endloop
  endfacet
  facet normal 3.338669e-03 8.514043e-01 5.244994e-01
    outer loop
      vertex   1.513962e+02 -1.049911e+02 1.151421e+01
      vertex   1.527154e+02 -1.050432e+02 1.159027e+01
      vertex   1.527154e+02 -1.049862e+02 1.149784e+01
    endloop
  endfacet
  facet normal 2.174716e-02 6.217248e-01 7.829338e-01
    outer loop
      vertex   1.514014e+02 -1.051202e+02 1.168772e+01
      vertex   1.500873e+02 -1.051345e+02 1.173562e+01
      vertex   1.514037e+02 -1.052052e+02 1.175518e+01
    endloop
  endfacet
  facet normal 2.174967e-02 6.217630e-01 7.829034e-01
    outer loop
      vertex   1.514037e+02 -1.052052e+02 1.175518e+01
      vertex   1.500873e+02 -1.051345e+02 1.173562e+01
      vertex   1.500918e+02 -1.052195e+02 1.180300e+01
    endloop
  endfacet
  facet normal 2.683231e-02 4.764387e-01 8.787981e-01
    outer loop
      vertex   1.514037e+02 -1.052052e+02 1.175518e+01
      vertex   1.500918e+02 -1.052195e+02 1.180300e+01
      vertex   1.514056e+02 -1.053006e+02 1.180686e+01
    endloop
  endfacet
  facet normal 2.657465e-02 7.477971e-01 6.633952e-01
    outer loop
      vertex   1.487658e+02 -1.050863e+02 1.173426e+01
      vertex   1.487732e+02 -1.051584e+02 1.181513e+01
      vertex   1.500873e+02 -1.051345e+02 1.173562e+01
    endloop
  endfacet
  facet normal 3.604489e-02 6.219708e-01 7.822103e-01
    outer loop
      vertex   1.500873e+02 -1.051345e+02 1.173562e+01
      vertex   1.487732e+02 -1.051584e+02 1.181513e+01
      vertex   1.500918e+02 -1.052195e+02 1.180300e+01
    endloop
  endfacet
  facet normal 1.603426e-02 7.476061e-01 6.639488e-01
    outer loop
      vertex   1.500873e+02 -1.051345e+02 1.173562e+01
      vertex   1.514014e+02 -1.051202e+02 1.168772e+01
      vertex   1.500823e+02 -1.050625e+02 1.165460e+01
    endloop
  endfacet
  facet normal 1.603256e-02 7.475825e-01 6.639754e-01
    outer loop
      vertex   1.500823e+02 -1.050625e+02 1.165460e+01
      vertex   1.514014e+02 -1.051202e+02 1.168772e+01
      vertex   1.513989e+02 -1.050481e+02 1.160660e+01
    endloop
  endfacet
  facet normal 9.805557e-03 8.514668e-01 5.243168e-01
    outer loop
      vertex   1.500823e+02 -1.050625e+02 1.165460e+01
      vertex   1.513989e+02 -1.050481e+02 1.160660e+01
      vertex   1.500770e+02 -1.050056e+02 1.156231e+01
    endloop
  endfacet
  facet normal 9.804579e-03 8.514555e-01 5.243351e-01
    outer loop
      vertex   1.500770e+02 -1.050056e+02 1.156231e+01
      vertex   1.513989e+02 -1.050481e+02 1.160660e+01
      vertex   1.513962e+02 -1.049911e+02 1.151421e+01
    endloop
  endfacet
  facet normal 1.625141e-02 8.515785e-01 5.239751e-01
    outer loop
      vertex   1.487578e+02 -1.050295e+02 1.164213e+01
      vertex   1.487658e+02 -1.050863e+02 1.173426e+01
      vertex   1.500823e+02 -1.050625e+02 1.165460e+01
    endloop
  endfacet
  facet normal 2.657323e-02 7.477593e-01 6.634379e-01
    outer loop
      vertex   1.500823e+02 -1.050625e+02 1.165460e+01
      vertex   1.487658e+02 -1.050863e+02 1.173426e+01
      vertex   1.500873e+02 -1.051345e+02 1.173562e+01
    endloop
  endfacet
  facet normal 1.625069e-02 8.515605e-01 5.240043e-01
    outer loop
      vertex   1.487578e+02 -1.050295e+02 1.164213e+01
      vertex   1.500823e+02 -1.050625e+02 1.165460e+01
      vertex   1.500770e+02 -1.050056e+02 1.156231e+01
    endloop
  endfacet
  facet normal -7.648205e-03 -9.292901e-01 3.692714e-01
    outer loop
      vertex   1.567176e+02 -1.180681e+02 1.154119e+01
      vertex   1.580447e+02 -1.180345e+02 1.165337e+01
      vertex   1.567042e+02 -1.180282e+02 1.164137e+01
    endloop
  endfacet
  facet normal -7.835620e-03 -9.182213e-01 3.959902e-01
    outer loop
      vertex   1.567042e+02 -1.180282e+02 1.164137e+01
      vertex   1.580447e+02 -1.180345e+02 1.165337e+01
      vertex   1.580303e+02 -1.179774e+02 1.178540e+01
    endloop
  endfacet
  facet normal -2.421963e-02 -8.517460e-01 5.233949e-01
    outer loop
      vertex   1.567042e+02 -1.180282e+02 1.164137e+01
      vertex   1.580303e+02 -1.179774e+02 1.178540e+01
      vertex   1.566963e+02 -1.179714e+02 1.173350e+01
    endloop
  endfacet
  facet normal -2.680673e-02 -8.028489e-01 5.955796e-01
    outer loop
      vertex   1.566963e+02 -1.179714e+02 1.173350e+01
      vertex   1.580303e+02 -1.179774e+02 1.178540e+01
      vertex   1.580167e+02 -1.178914e+02 1.190076e+01
    endloop
  endfacet
  facet normal -3.860637e-02 -7.480508e-01 6.625176e-01
    outer loop
      vertex   1.566963e+02 -1.179714e+02 1.173350e+01
      vertex   1.580167e+02 -1.178914e+02 1.190076e+01
      vertex   1.566889e+02 -1.178994e+02 1.181437e+01
    endloop
  endfacet
  facet normal -4.577739e-02 -6.445784e-01 7.631665e-01
    outer loop
      vertex   1.566889e+02 -1.178994e+02 1.181437e+01
      vertex   1.580167e+02 -1.178914e+02 1.190076e+01
      vertex   1.580045e+02 -1.177810e+02 1.199329e+01
    endloop
  endfacet
  facet normal -5.022204e-02 -6.223395e-01 7.811347e-01
    outer loop
      vertex   1.566889e+02 -1.178994e+02 1.181437e+01
      vertex   1.580045e+02 -1.177810e+02 1.199329e+01
      vertex   1.566822e+02 -1.178144e+02 1.188161e+01
    endloop
  endfacet
  facet normal -6.195529e-02 -4.772156e-01 8.765996e-01
    outer loop
      vertex   1.566822e+02 -1.178144e+02 1.188161e+01
      vertex   1.580045e+02 -1.177810e+02 1.199329e+01
      vertex   1.566764e+02 -1.177191e+02 1.193312e+01
    endloop
  endfacet
  facet normal -4.426739e-02 -4.768317e-01 8.778792e-01
    outer loop
      vertex   1.566822e+02 -1.178144e+02 1.188161e+01
      vertex   1.566764e+02 -1.177191e+02 1.193312e+01
      vertex   1.553560e+02 -1.177429e+02 1.185361e+01
    endloop
  endfacet
  facet normal -5.127863e-02 -3.178996e-01 9.467367e-01
    outer loop
      vertex   1.553560e+02 -1.177429e+02 1.185361e+01
      vertex   1.566764e+02 -1.177191e+02 1.193312e+01
      vertex   1.553528e+02 -1.176400e+02 1.188800e+01
    endloop
  endfacet
  facet normal -3.068235e-02 -3.176026e-01 9.477274e-01
    outer loop
      vertex   1.553560e+02 -1.177429e+02 1.185361e+01
      vertex   1.553528e+02 -1.176400e+02 1.188800e+01
      vertex   1.540341e+02 -1.176541e+02 1.184055e+01
    endloop
  endfacet
  facet normal -3.396739e-02 -1.482440e-01 9.883673e-01
    outer loop
      vertex   1.540341e+02 -1.176541e+02 1.184055e+01
      vertex   1.553528e+02 -1.176400e+02 1.188800e+01
      vertex   1.540329e+02 -1.175468e+02 1.185661e+01
    endloop
  endfacet
  facet normal -1.109042e-02 -1.480803e-01 9.889132e-01
    outer loop
      vertex   1.540341e+02 -1.176541e+02 1.184055e+01
      vertex   1.540329e+02 -1.175468e+02 1.185661e+01
      vertex   1.527154e+02 -1.175514e+02 1.184114e+01
    endloop
  endfacet
  facet normal -1.183039e-02 2.717572e-02 9.995607e-01
    outer loop
      vertex   1.527154e+02 -1.175514e+02 1.184114e+01
      vertex   1.540329e+02 -1.175468e+02 1.185661e+01
      vertex   1.527363e+02 -1.174429e+02 1.183844e+01
    endloop
  endfacet
  facet normal 1.215615e-02 2.256915e-02 9.996714e-01
    outer loop
      vertex   1.527154e+02 -1.175514e+02 1.184114e+01
      vertex   1.527363e+02 -1.174429e+02 1.183844e+01
      vertex   1.514246e+02 -1.174382e+02 1.185428e+01
    endloop
  endfacet
  facet normal -6.137788e-02 -4.518010e-01 8.900048e-01
    outer loop
      vertex   1.580045e+02 -1.177810e+02 1.199329e+01
      vertex   1.579945e+02 -1.176521e+02 1.205801e+01
      vertex   1.566764e+02 -1.177191e+02 1.193312e+01
    endloop
  endfacet
  facet normal -7.336826e-02 -3.184869e-01 9.450837e-01
    outer loop
      vertex   1.566764e+02 -1.177191e+02 1.193312e+01
      vertex   1.579945e+02 -1.176521e+02 1.205801e+01
      vertex   1.566716e+02 -1.176162e+02 1.196742e+01
    endloop
  endfacet
  facet normal -5.128411e-02 -3.180133e-01 9.466982e-01
    outer loop
      vertex   1.566764e+02 -1.177191e+02 1.193312e+01
      vertex   1.566716e+02 -1.176162e+02 1.196742e+01
      vertex   1.553528e+02 -1.176400e+02 1.188800e+01
    endloop
  endfacet
  facet normal -5.677746e-02 -1.486564e-01 9.872576e-01
    outer loop
      vertex   1.553528e+02 -1.176400e+02 1.188800e+01
      vertex   1.566716e+02 -1.176162e+02 1.196742e+01
      vertex   1.553505e+02 -1.175326e+02 1.190403e+01
    endloop
  endfacet
  facet normal -3.397298e-02 -1.483274e-01 9.883546e-01
    outer loop
      vertex   1.553528e+02 -1.176400e+02 1.188800e+01
      vertex   1.553505e+02 -1.175326e+02 1.190403e+01
      vertex   1.540329e+02 -1.175468e+02 1.185661e+01
    endloop
  endfacet
  facet normal -3.623524e-02 2.639793e-02 9.989946e-01
    outer loop
      vertex   1.540329e+02 -1.175468e+02 1.185661e+01
      vertex   1.553505e+02 -1.175326e+02 1.190403e+01
      vertex   1.540479e+02 -1.174382e+02 1.185428e+01
    endloop
  endfacet
  facet normal -1.215794e-02 2.310523e-02 9.996591e-01
    outer loop
      vertex   1.540329e+02 -1.175468e+02 1.185661e+01
      vertex   1.540479e+02 -1.174382e+02 1.185428e+01
      vertex   1.527363e+02 -1.174429e+02 1.183844e+01
    endloop
  endfacet
  facet normal -7.275634e-02 -2.348343e-01 9.693087e-01
    outer loop
      vertex   1.579945e+02 -1.176521e+02 1.205801e+01
      vertex   1.579872e+02 -1.175117e+02 1.209149e+01
      vertex   1.566716e+02 -1.176162e+02 1.196742e+01
    endloop
  endfacet
  facet normal -8.107390e-02 -1.493184e-01 9.854598e-01
    outer loop
      vertex   1.566716e+02 -1.176162e+02 1.196742e+01
      vertex   1.579872e+02 -1.175117e+02 1.209149e+01
      vertex   1.566682e+02 -1.175089e+02 1.198339e+01
    endloop
  endfacet
  facet normal -5.678517e-02 -1.487942e-01 9.872364e-01
    outer loop
      vertex   1.566716e+02 -1.176162e+02 1.196742e+01
      vertex   1.566682e+02 -1.175089e+02 1.198339e+01
      vertex   1.553505e+02 -1.175326e+02 1.190403e+01
    endloop
  endfacet
  facet normal -6.055947e-02 2.537605e-02 9.978420e-01
    outer loop
      vertex   1.553505e+02 -1.175326e+02 1.190403e+01
      vertex   1.566682e+02 -1.175089e+02 1.198339e+01
      vertex   1.553595e+02 -1.174240e+02 1.190181e+01
    endloop
  endfacet
  facet normal -3.645467e-02 2.340714e-02 9.990611e-01
    outer loop
      vertex   1.553505e+02 -1.175326e+02 1.190403e+01
      vertex   1.553595e+02 -1.174240e+02 1.190181e+01
      vertex   1.540479e+02 -1.174382e+02 1.185428e+01
    endloop
  endfacet
  facet normal -8.168738e-02 -5.361673e-03 9.966436e-01
    outer loop
      vertex   1.579872e+02 -1.175117e+02 1.209149e+01
      vertex   1.579830e+02 -1.173672e+02 1.209192e+01
      vertex   1.566682e+02 -1.175089e+02 1.198339e+01
    endloop
  endfacet
  facet normal -8.482008e-02 2.411605e-02 9.961044e-01
    outer loop
      vertex   1.566682e+02 -1.175089e+02 1.198339e+01
      vertex   1.579830e+02 -1.173672e+02 1.209192e+01
      vertex   1.566712e+02 -1.174003e+02 1.198102e+01
    endloop
  endfacet
  facet normal -6.068524e-02 2.347567e-02 9.978809e-01
    outer loop
      vertex   1.566682e+02 -1.175089e+02 1.198339e+01
      vertex   1.566712e+02 -1.174003e+02 1.198102e+01
      vertex   1.553595e+02 -1.174240e+02 1.190181e+01
    endloop
  endfacet
  facet normal 1.250503e-02 2.655702e-02 9.995691e-01
    outer loop
      vertex   1.527154e+02 -1.175514e+02 1.184114e+01
      vertex   1.514246e+02 -1.174382e+02 1.185428e+01
      vertex   1.514083e+02 -1.175466e+02 1.185737e+01
    endloop
  endfacet
  facet normal 3.644990e-02 2.292895e-02 9.990724e-01
    outer loop
      vertex   1.514083e+02 -1.175466e+02 1.185737e+01
      vertex   1.514246e+02 -1.174382e+02 1.185428e+01
      vertex   1.501130e+02 -1.174240e+02 1.190181e+01
    endloop
  endfacet
  facet normal 3.671085e-02 2.571378e-02 9.989951e-01
    outer loop
      vertex   1.514083e+02 -1.175466e+02 1.185737e+01
      vertex   1.501130e+02 -1.174240e+02 1.190181e+01
      vertex   1.501011e+02 -1.175323e+02 1.190503e+01
    endloop
  endfacet
  facet normal 6.067828e-02 2.305579e-02 9.978911e-01
    outer loop
      vertex   1.501011e+02 -1.175323e+02 1.190503e+01
      vertex   1.501130e+02 -1.174240e+02 1.190181e+01
      vertex   1.488013e+02 -1.174003e+02 1.198102e+01
    endloop
  endfacet
  facet normal 6.083547e-02 2.463064e-02 9.978439e-01
    outer loop
      vertex   1.501011e+02 -1.175323e+02 1.190503e+01
      vertex   1.488013e+02 -1.174003e+02 1.198102e+01
      vertex   1.487939e+02 -1.175087e+02 1.198415e+01
    endloop
  endfacet
  facet normal 8.479320e-02 2.295145e-02 9.961342e-01
    outer loop
      vertex   1.487939e+02 -1.175087e+02 1.198415e+01
      vertex   1.488013e+02 -1.174003e+02 1.198102e+01
      vertex   1.474895e+02 -1.173672e+02 1.209192e+01
    endloop
  endfacet
  facet normal 8.176335e-02 -5.363878e-03 9.966373e-01
    outer loop
      vertex   1.487939e+02 -1.175087e+02 1.198415e+01
      vertex   1.474895e+02 -1.173672e+02 1.209192e+01
      vertex   1.474853e+02 -1.175117e+02 1.209149e+01
    endloop
  endfacet
  facet normal 8.117605e-02 -1.493228e-01 9.854507e-01
    outer loop
      vertex   1.487939e+02 -1.175087e+02 1.198415e+01
      vertex   1.474853e+02 -1.175117e+02 1.209149e+01
      vertex   1.487904e+02 -1.176160e+02 1.196818e+01
    endloop
  endfacet
  facet normal 7.281673e-02 -2.348363e-01 9.693037e-01
    outer loop
      vertex   1.487904e+02 -1.176160e+02 1.196818e+01
      vertex   1.474853e+02 -1.175117e+02 1.209149e+01
      vertex   1.474780e+02 -1.176521e+02 1.205801e+01
    endloop
  endfacet
  facet normal 7.346170e-02 -3.184910e-01 9.450751e-01
    outer loop
      vertex   1.487904e+02 -1.176160e+02 1.196818e+01
      vertex   1.474780e+02 -1.176521e+02 1.205801e+01
      vertex   1.487857e+02 -1.177188e+02 1.193388e+01
    endloop
  endfacet
  facet normal 6.143097e-02 -4.518028e-01 8.900003e-01
    outer loop
      vertex   1.487857e+02 -1.177188e+02 1.193388e+01
      vertex   1.474780e+02 -1.176521e+02 1.205801e+01
      vertex   1.474680e+02 -1.177810e+02 1.199329e+01
    endloop
  endfacet
  facet normal 6.202501e-02 -4.772187e-01 8.765930e-01
    outer loop
      vertex   1.487857e+02 -1.177188e+02 1.193388e+01
      vertex   1.474680e+02 -1.177810e+02 1.199329e+01
      vertex   1.487799e+02 -1.178142e+02 1.188237e+01
    endloop
  endfacet
  facet normal 5.027853e-02 -6.223419e-01 7.811291e-01
    outer loop
      vertex   1.487799e+02 -1.178142e+02 1.188237e+01
      vertex   1.474680e+02 -1.177810e+02 1.199329e+01
      vertex   1.487732e+02 -1.178991e+02 1.181513e+01
    endloop
  endfacet
  facet normal 3.604154e-02 -6.220322e-01 7.821617e-01
    outer loop
      vertex   1.487799e+02 -1.178142e+02 1.188237e+01
      vertex   1.487732e+02 -1.178991e+02 1.181513e+01
      vertex   1.500872e+02 -1.179230e+02 1.173563e+01
    endloop
  endfacet
  facet normal 2.657841e-02 -7.477594e-01 6.634376e-01
    outer loop
      vertex   1.500872e+02 -1.179230e+02 1.173563e+01
      vertex   1.487732e+02 -1.178991e+02 1.181513e+01
      vertex   1.500822e+02 -1.179950e+02 1.165460e+01
    endloop
  endfacet
  facet normal 1.603220e-02 -7.476061e-01 6.639489e-01
    outer loop
      vertex   1.500872e+02 -1.179230e+02 1.173563e+01
      vertex   1.500822e+02 -1.179950e+02 1.165460e+01
      vertex   1.513988e+02 -1.180094e+02 1.160661e+01
    endloop
  endfacet
  facet normal 9.806875e-03 -8.514556e-01 5.243351e-01
    outer loop
      vertex   1.513988e+02 -1.180094e+02 1.160661e+01
      vertex   1.500822e+02 -1.179950e+02 1.165460e+01
      vertex   1.513961e+02 -1.180664e+02 1.151421e+01
    endloop
  endfacet
  facet normal 3.339315e-03 -8.514082e-01 5.244931e-01
    outer loop
      vertex   1.513988e+02 -1.180094e+02 1.160661e+01
      vertex   1.513961e+02 -1.180664e+02 1.151421e+01
      vertex   1.527152e+02 -1.180713e+02 1.149784e+01
    endloop
  endfacet
  facet normal 1.126363e-03 -9.292270e-01 3.695078e-01
    outer loop
      vertex   1.527152e+02 -1.180713e+02 1.149784e+01
      vertex   1.513961e+02 -1.180664e+02 1.151421e+01
      vertex   1.514091e+02 -1.181066e+02 1.141299e+01
    endloop
  endfacet
  facet normal 1.100330e-03 -9.290902e-01 3.698516e-01
    outer loop
      vertex   1.527152e+02 -1.180713e+02 1.149784e+01
      vertex   1.514091e+02 -1.181066e+02 1.141299e+01
      vertex   1.527363e+02 -1.181114e+02 1.139697e+01
    endloop
  endfacet
  facet normal 4.581295e-02 -6.445797e-01 7.631633e-01
    outer loop
      vertex   1.474680e+02 -1.177810e+02 1.199329e+01
      vertex   1.474558e+02 -1.178914e+02 1.190076e+01
      vertex   1.487732e+02 -1.178991e+02 1.181513e+01
    endloop
  endfacet
  facet normal 3.866060e-02 -7.480528e-01 6.625121e-01
    outer loop
      vertex   1.487732e+02 -1.178991e+02 1.181513e+01
      vertex   1.474558e+02 -1.178914e+02 1.190076e+01
      vertex   1.487657e+02 -1.179711e+02 1.173426e+01
    endloop
  endfacet
  facet normal 2.657050e-02 -7.477970e-01 6.633955e-01
    outer loop
      vertex   1.487732e+02 -1.178991e+02 1.181513e+01
      vertex   1.487657e+02 -1.179711e+02 1.173426e+01
      vertex   1.500822e+02 -1.179950e+02 1.165460e+01
    endloop
  endfacet
  facet normal 1.625381e-02 -8.515606e-01 5.240042e-01
    outer loop
      vertex   1.500822e+02 -1.179950e+02 1.165460e+01
      vertex   1.487657e+02 -1.179711e+02 1.173426e+01
      vertex   1.500769e+02 -1.180519e+02 1.156231e+01
    endloop
  endfacet
  facet normal 9.804316e-03 -8.514668e-01 5.243168e-01
    outer loop
      vertex   1.500822e+02 -1.179950e+02 1.165460e+01
      vertex   1.500769e+02 -1.180519e+02 1.156231e+01
      vertex   1.513961e+02 -1.180664e+02 1.151421e+01
    endloop
  endfacet
  facet normal 3.308992e-03 -9.292264e-01 3.694960e-01
    outer loop
      vertex   1.513961e+02 -1.180664e+02 1.151421e+01
      vertex   1.500769e+02 -1.180519e+02 1.156231e+01
      vertex   1.500820e+02 -1.180922e+02 1.146107e+01
    endloop
  endfacet
  facet normal 3.296841e-03 -9.291263e-01 3.697478e-01
    outer loop
      vertex   1.513961e+02 -1.180664e+02 1.151421e+01
      vertex   1.500820e+02 -1.180922e+02 1.146107e+01
      vertex   1.514091e+02 -1.181066e+02 1.141299e+01
    endloop
  endfacet
  facet normal 2.681547e-02 -8.028492e-01 5.955788e-01
    outer loop
      vertex   1.474558e+02 -1.178914e+02 1.190076e+01
      vertex   1.474422e+02 -1.179774e+02 1.178540e+01
      vertex   1.487657e+02 -1.179711e+02 1.173426e+01
    endloop
  endfacet
  facet normal 2.425765e-02 -8.517473e-01 5.233910e-01
    outer loop
      vertex   1.487657e+02 -1.179711e+02 1.173426e+01
      vertex   1.474422e+02 -1.179774e+02 1.178540e+01
      vertex   1.487578e+02 -1.180280e+02 1.164213e+01
    endloop
  endfacet
  facet normal 1.624892e-02 -8.515785e-01 5.239753e-01
    outer loop
      vertex   1.487657e+02 -1.179711e+02 1.173426e+01
      vertex   1.487578e+02 -1.180280e+02 1.164213e+01
      vertex   1.500769e+02 -1.180519e+02 1.156231e+01
    endloop
  endfacet
  facet normal 5.487333e-03 -9.292430e-01 3.694284e-01
    outer loop
      vertex   1.500769e+02 -1.180519e+02 1.156231e+01
      vertex   1.487578e+02 -1.180280e+02 1.164213e+01
      vertex   1.487549e+02 -1.180681e+02 1.154119e+01
    endloop
  endfacet
  facet normal 5.484033e-03 -9.291801e-01 3.695867e-01
    outer loop
      vertex   1.500769e+02 -1.180519e+02 1.156231e+01
      vertex   1.487549e+02 -1.180681e+02 1.154119e+01
      vertex   1.500820e+02 -1.180922e+02 1.146107e+01
    endloop
  endfacet
  facet normal 7.828525e-03 -9.182211e-01 3.959908e-01
    outer loop
      vertex   1.474422e+02 -1.179774e+02 1.178540e+01
      vertex   1.474278e+02 -1.180345e+02 1.165337e+01
      vertex   1.487578e+02 -1.180280e+02 1.164213e+01
    endloop
  endfacet
  facet normal 7.657478e-03 -9.292511e-01 3.693694e-01
    outer loop
      vertex   1.487578e+02 -1.180280e+02 1.164213e+01
      vertex   1.474278e+02 -1.180345e+02 1.165337e+01
      vertex   1.487549e+02 -1.180681e+02 1.154119e+01
    endloop
  endfacet
  facet normal -1.064802e-03 -9.292454e-01 3.694616e-01
    outer loop
      vertex   1.527152e+02 -1.180713e+02 1.149784e+01
      vertex   1.527363e+02 -1.181114e+02 1.139697e+01
      vertex   1.540449e+02 -1.180666e+02 1.151345e+01
    endloop
  endfacet
  facet normal -1.099648e-03 -9.291103e-01 3.698011e-01
    outer loop
      vertex   1.540449e+02 -1.180666e+02 1.151345e+01
      vertex   1.527363e+02 -1.181114e+02 1.139697e+01
      vertex   1.540634e+02 -1.181066e+02 1.141299e+01
    endloop
  endfacet
  facet normal -3.263810e-03 -9.292429e-01 3.694551e-01
    outer loop
      vertex   1.540449e+02 -1.180666e+02 1.151345e+01
      vertex   1.540634e+02 -1.181066e+02 1.141299e+01
      vertex   1.553745e+02 -1.180522e+02 1.156129e+01
    endloop
  endfacet
  facet normal -3.294605e-03 -9.291483e-01 3.696927e-01
    outer loop
      vertex   1.553745e+02 -1.180522e+02 1.156129e+01
      vertex   1.540634e+02 -1.181066e+02 1.141299e+01
      vertex   1.553905e+02 -1.180922e+02 1.146107e+01
    endloop
  endfacet
  facet normal -5.458750e-03 -9.292578e-01 3.693915e-01
    outer loop
      vertex   1.553745e+02 -1.180522e+02 1.156129e+01
      vertex   1.553905e+02 -1.180922e+02 1.146107e+01
      vertex   1.567042e+02 -1.180282e+02 1.164137e+01
    endloop
  endfacet
  facet normal -5.480020e-03 -9.292037e-01 3.695273e-01
    outer loop
      vertex   1.567042e+02 -1.180282e+02 1.164137e+01
      vertex   1.553905e+02 -1.180922e+02 1.146107e+01
      vertex   1.567176e+02 -1.180681e+02 1.154119e+01
    endloop
  endfacet
  facet normal -1.617406e-02 -8.515588e-01 5.240096e-01
    outer loop
      vertex   1.553745e+02 -1.180522e+02 1.156129e+01
      vertex   1.567042e+02 -1.180282e+02 1.164137e+01
      vertex   1.553692e+02 -1.179953e+02 1.165359e+01
    endloop
  endfacet
  facet normal -1.617478e-02 -8.515768e-01 5.239802e-01
    outer loop
      vertex   1.553692e+02 -1.179953e+02 1.165359e+01
      vertex   1.567042e+02 -1.180282e+02 1.164137e+01
      vertex   1.566963e+02 -1.179714e+02 1.173350e+01
    endloop
  endfacet
  facet normal -2.644793e-02 -7.477563e-01 6.634464e-01
    outer loop
      vertex   1.553692e+02 -1.179953e+02 1.165359e+01
      vertex   1.566963e+02 -1.179714e+02 1.173350e+01
      vertex   1.553643e+02 -1.179233e+02 1.173462e+01
    endloop
  endfacet
  facet normal -2.644933e-02 -7.477942e-01 6.634035e-01
    outer loop
      vertex   1.553643e+02 -1.179233e+02 1.173462e+01
      vertex   1.566963e+02 -1.179714e+02 1.173350e+01
      vertex   1.566889e+02 -1.178994e+02 1.181437e+01
    endloop
  endfacet
  facet normal -3.587493e-02 -6.219665e-01 7.822216e-01
    outer loop
      vertex   1.553643e+02 -1.179233e+02 1.173462e+01
      vertex   1.566889e+02 -1.178994e+02 1.181437e+01
      vertex   1.553598e+02 -1.178383e+02 1.180199e+01
    endloop
  endfacet
  facet normal -3.587730e-02 -6.220282e-01 7.821724e-01
    outer loop
      vertex   1.553598e+02 -1.178383e+02 1.180199e+01
      vertex   1.566889e+02 -1.178994e+02 1.181437e+01
      vertex   1.566822e+02 -1.178144e+02 1.188161e+01
    endloop
  endfacet
  facet normal -4.426366e-02 -4.767439e-01 8.779271e-01
    outer loop
      vertex   1.553598e+02 -1.178383e+02 1.180199e+01
      vertex   1.566822e+02 -1.178144e+02 1.188161e+01
      vertex   1.553560e+02 -1.177429e+02 1.185361e+01
    endloop
  endfacet
  facet normal -9.676319e-03 -8.514538e-01 5.243403e-01
    outer loop
      vertex   1.540449e+02 -1.180666e+02 1.151345e+01
      vertex   1.553745e+02 -1.180522e+02 1.156129e+01
      vertex   1.540422e+02 -1.180097e+02 1.160585e+01
    endloop
  endfacet
  facet normal -9.677289e-03 -8.514650e-01 5.243221e-01
    outer loop
      vertex   1.540422e+02 -1.180097e+02 1.160585e+01
      vertex   1.553745e+02 -1.180522e+02 1.156129e+01
      vertex   1.553692e+02 -1.179953e+02 1.165359e+01
    endloop
  endfacet
  facet normal -1.582283e-02 -7.475795e-01 6.639838e-01
    outer loop
      vertex   1.540422e+02 -1.180097e+02 1.160585e+01
      vertex   1.553692e+02 -1.179953e+02 1.165359e+01
      vertex   1.540398e+02 -1.179376e+02 1.168697e+01
    endloop
  endfacet
  facet normal -1.582452e-02 -7.476030e-01 6.639573e-01
    outer loop
      vertex   1.540398e+02 -1.179376e+02 1.168697e+01
      vertex   1.553692e+02 -1.179953e+02 1.165359e+01
      vertex   1.553643e+02 -1.179233e+02 1.173462e+01
    endloop
  endfacet
  facet normal -2.146266e-02 -6.217206e-01 7.829450e-01
    outer loop
      vertex   1.540398e+02 -1.179376e+02 1.168697e+01
      vertex   1.553643e+02 -1.179233e+02 1.173462e+01
      vertex   1.540376e+02 -1.178525e+02 1.175442e+01
    endloop
  endfacet
  facet normal -2.146515e-02 -6.217587e-01 7.829147e-01
    outer loop
      vertex   1.540376e+02 -1.178525e+02 1.175442e+01
      vertex   1.553643e+02 -1.179233e+02 1.173462e+01
      vertex   1.553598e+02 -1.178383e+02 1.180199e+01
    endloop
  endfacet
  facet normal -2.648128e-02 -4.764335e-01 8.788116e-01
    outer loop
      vertex   1.540376e+02 -1.178525e+02 1.175442e+01
      vertex   1.553598e+02 -1.178383e+02 1.180199e+01
      vertex   1.540357e+02 -1.177571e+02 1.180611e+01
    endloop
  endfacet
  facet normal -2.648468e-02 -4.764874e-01 8.787823e-01
    outer loop
      vertex   1.540357e+02 -1.177571e+02 1.180611e+01
      vertex   1.553598e+02 -1.178383e+02 1.180199e+01
      vertex   1.553560e+02 -1.177429e+02 1.185361e+01
    endloop
  endfacet
  facet normal -3.067793e-02 -3.175332e-01 9.477508e-01
    outer loop
      vertex   1.540357e+02 -1.177571e+02 1.180611e+01
      vertex   1.553560e+02 -1.177429e+02 1.185361e+01
      vertex   1.540341e+02 -1.176541e+02 1.184055e+01
    endloop
  endfacet
  facet normal -3.158726e-03 -8.514034e-01 5.245019e-01
    outer loop
      vertex   1.527152e+02 -1.180713e+02 1.149784e+01
      vertex   1.540449e+02 -1.180666e+02 1.151345e+01
      vertex   1.527152e+02 -1.180143e+02 1.159027e+01
    endloop
  endfacet
  facet normal -3.159223e-03 -8.514072e-01 5.244958e-01
    outer loop
      vertex   1.527152e+02 -1.180143e+02 1.159027e+01
      vertex   1.540449e+02 -1.180666e+02 1.151345e+01
      vertex   1.540422e+02 -1.180097e+02 1.160585e+01
    endloop
  endfacet
  facet normal -5.165196e-03 -7.474955e-01 6.642468e-01
    outer loop
      vertex   1.527152e+02 -1.180143e+02 1.159027e+01
      vertex   1.540422e+02 -1.180097e+02 1.160585e+01
      vertex   1.527153e+02 -1.179422e+02 1.167142e+01
    endloop
  endfacet
  facet normal -5.166028e-03 -7.475033e-01 6.642380e-01
    outer loop
      vertex   1.527153e+02 -1.179422e+02 1.167142e+01
      vertex   1.540422e+02 -1.180097e+02 1.160585e+01
      vertex   1.540398e+02 -1.179376e+02 1.168697e+01
    endloop
  endfacet
  facet normal -7.006270e-03 -6.216046e-01 7.832999e-01
    outer loop
      vertex   1.527153e+02 -1.179422e+02 1.167142e+01
      vertex   1.540398e+02 -1.179376e+02 1.168697e+01
      vertex   1.527153e+02 -1.178572e+02 1.173890e+01
    endloop
  endfacet
  facet normal -7.007429e-03 -6.216172e-01 7.832898e-01
    outer loop
      vertex   1.527153e+02 -1.178572e+02 1.173890e+01
      vertex   1.540398e+02 -1.179376e+02 1.168697e+01
      vertex   1.540376e+02 -1.178525e+02 1.175442e+01
    endloop
  endfacet
  facet normal -8.644551e-03 -4.762881e-01 8.792468e-01
    outer loop
      vertex   1.527153e+02 -1.178572e+02 1.173890e+01
      vertex   1.540376e+02 -1.178525e+02 1.175442e+01
      vertex   1.527154e+02 -1.177617e+02 1.179061e+01
    endloop
  endfacet
  facet normal -8.646039e-03 -4.763059e-01 8.792371e-01
    outer loop
      vertex   1.527154e+02 -1.177617e+02 1.179061e+01
      vertex   1.540376e+02 -1.178525e+02 1.175442e+01
      vertex   1.540357e+02 -1.177571e+02 1.180611e+01
    endloop
  endfacet
  facet normal -1.001449e-02 -3.173626e-01 9.482514e-01
    outer loop
      vertex   1.527154e+02 -1.177617e+02 1.179061e+01
      vertex   1.540357e+02 -1.177571e+02 1.180611e+01
      vertex   1.527154e+02 -1.176588e+02 1.182507e+01
    endloop
  endfacet
  facet normal -1.001631e-02 -3.173854e-01 9.482437e-01
    outer loop
      vertex   1.527154e+02 -1.176588e+02 1.182507e+01
      vertex   1.540357e+02 -1.177571e+02 1.180611e+01
      vertex   1.540341e+02 -1.176541e+02 1.184055e+01
    endloop
  endfacet
  facet normal -1.108829e-02 -1.480529e-01 9.889173e-01
    outer loop
      vertex   1.527154e+02 -1.176588e+02 1.182507e+01
      vertex   1.540341e+02 -1.176541e+02 1.184055e+01
      vertex   1.527154e+02 -1.175514e+02 1.184114e+01
    endloop
  endfacet
  facet normal 3.340023e-03 -8.514043e-01 5.244994e-01
    outer loop
      vertex   1.527152e+02 -1.180713e+02 1.149784e+01
      vertex   1.527152e+02 -1.180143e+02 1.159027e+01
      vertex   1.513988e+02 -1.180094e+02 1.160661e+01
    endloop
  endfacet
  facet normal 5.460506e-03 -7.475050e-01 6.642337e-01
    outer loop
      vertex   1.513988e+02 -1.180094e+02 1.160661e+01
      vertex   1.527152e+02 -1.180143e+02 1.159027e+01
      vertex   1.514013e+02 -1.179373e+02 1.168772e+01
    endloop
  endfacet
  facet normal 1.603635e-02 -7.475825e-01 6.639753e-01
    outer loop
      vertex   1.513988e+02 -1.180094e+02 1.160661e+01
      vertex   1.514013e+02 -1.179373e+02 1.168772e+01
      vertex   1.500872e+02 -1.179230e+02 1.173563e+01
    endloop
  endfacet
  facet normal 2.174680e-02 -6.217630e-01 7.829035e-01
    outer loop
      vertex   1.500872e+02 -1.179230e+02 1.173563e+01
      vertex   1.514013e+02 -1.179373e+02 1.168772e+01
      vertex   1.500917e+02 -1.178380e+02 1.180300e+01
    endloop
  endfacet
  facet normal 3.605205e-02 -6.219709e-01 7.822100e-01
    outer loop
      vertex   1.500872e+02 -1.179230e+02 1.173563e+01
      vertex   1.500917e+02 -1.178380e+02 1.180300e+01
      vertex   1.487799e+02 -1.178142e+02 1.188237e+01
    endloop
  endfacet
  facet normal 4.446981e-02 -4.768367e-01 8.778663e-01
    outer loop
      vertex   1.487799e+02 -1.178142e+02 1.188237e+01
      vertex   1.500917e+02 -1.178380e+02 1.180300e+01
      vertex   1.487857e+02 -1.177188e+02 1.193388e+01
    endloop
  endfacet
  facet normal 5.461668e-03 -7.474969e-01 6.642429e-01
    outer loop
      vertex   1.514013e+02 -1.179373e+02 1.168772e+01
      vertex   1.527152e+02 -1.180143e+02 1.159027e+01
      vertex   1.527153e+02 -1.179422e+02 1.167142e+01
    endloop
  endfacet
  facet normal 7.406858e-03 -6.216197e-01 7.832842e-01
    outer loop
      vertex   1.514013e+02 -1.179373e+02 1.168772e+01
      vertex   1.527153e+02 -1.179422e+02 1.167142e+01
      vertex   1.514035e+02 -1.178523e+02 1.175518e+01
    endloop
  endfacet
  facet normal 7.408434e-03 -6.216065e-01 7.832946e-01
    outer loop
      vertex   1.514035e+02 -1.178523e+02 1.175518e+01
      vertex   1.527153e+02 -1.179422e+02 1.167142e+01
      vertex   1.527153e+02 -1.178572e+02 1.173890e+01
    endloop
  endfacet
  facet normal 9.138836e-03 -4.763091e-01 8.792304e-01
    outer loop
      vertex   1.514035e+02 -1.178523e+02 1.175518e+01
      vertex   1.527153e+02 -1.178572e+02 1.173890e+01
      vertex   1.514055e+02 -1.177569e+02 1.180687e+01
    endloop
  endfacet
  facet normal 9.140791e-03 -4.762905e-01 8.792405e-01
    outer loop
      vertex   1.514055e+02 -1.177569e+02 1.180687e+01
      vertex   1.527153e+02 -1.178572e+02 1.173890e+01
      vertex   1.527154e+02 -1.177617e+02 1.179061e+01
    endloop
  endfacet
  facet normal 1.058715e-02 -3.173892e-01 9.482363e-01
    outer loop
      vertex   1.514055e+02 -1.177569e+02 1.180687e+01
      vertex   1.527154e+02 -1.177617e+02 1.179061e+01
      vertex   1.514071e+02 -1.176539e+02 1.184130e+01
    endloop
  endfacet
  facet normal 1.058943e-02 -3.173652e-01 9.482443e-01
    outer loop
      vertex   1.514071e+02 -1.176539e+02 1.184130e+01
      vertex   1.527154e+02 -1.177617e+02 1.179061e+01
      vertex   1.527154e+02 -1.176588e+02 1.182507e+01
    endloop
  endfacet
  facet normal 1.172240e-02 -1.480844e-01 9.889053e-01
    outer loop
      vertex   1.514071e+02 -1.176539e+02 1.184130e+01
      vertex   1.527154e+02 -1.176588e+02 1.182507e+01
      vertex   1.514083e+02 -1.175466e+02 1.185737e+01
    endloop
  endfacet
  facet normal 1.172497e-02 -1.480557e-01 9.889095e-01
    outer loop
      vertex   1.514083e+02 -1.175466e+02 1.185737e+01
      vertex   1.527154e+02 -1.176588e+02 1.182507e+01
      vertex   1.527154e+02 -1.175514e+02 1.184114e+01
    endloop
  endfacet
  facet normal 2.683885e-02 -4.764388e-01 8.787979e-01
    outer loop
      vertex   1.514055e+02 -1.177569e+02 1.180687e+01
      vertex   1.500956e+02 -1.177426e+02 1.185462e+01
      vertex   1.514035e+02 -1.178523e+02 1.175518e+01
    endloop
  endfacet
  facet normal 2.683209e-02 -4.764929e-01 8.787688e-01
    outer loop
      vertex   1.514035e+02 -1.178523e+02 1.175518e+01
      vertex   1.500956e+02 -1.177426e+02 1.185462e+01
      vertex   1.500917e+02 -1.178380e+02 1.180300e+01
    endloop
  endfacet
  facet normal 2.175236e-02 -6.217248e-01 7.829337e-01
    outer loop
      vertex   1.514035e+02 -1.178523e+02 1.175518e+01
      vertex   1.500917e+02 -1.178380e+02 1.180300e+01
      vertex   1.514013e+02 -1.179373e+02 1.168772e+01
    endloop
  endfacet
  facet normal 5.151827e-02 -3.180191e-01 9.466835e-01
    outer loop
      vertex   1.487904e+02 -1.176160e+02 1.196818e+01
      vertex   1.487857e+02 -1.177188e+02 1.193388e+01
      vertex   1.500956e+02 -1.177426e+02 1.185462e+01
    endloop
  endfacet
  facet normal 4.448245e-02 -4.767494e-01 8.779130e-01
    outer loop
      vertex   1.500956e+02 -1.177426e+02 1.185462e+01
      vertex   1.487857e+02 -1.177188e+02 1.193388e+01
      vertex   1.500917e+02 -1.178380e+02 1.180300e+01
    endloop
  endfacet
  facet normal 3.108465e-02 -3.176089e-01 9.477122e-01
    outer loop
      vertex   1.500956e+02 -1.177426e+02 1.185462e+01
      vertex   1.514055e+02 -1.177569e+02 1.180687e+01
      vertex   1.500988e+02 -1.176397e+02 1.188901e+01
    endloop
  endfacet
  facet normal 3.109234e-02 -3.175394e-01 9.477352e-01
    outer loop
      vertex   1.500988e+02 -1.176397e+02 1.188901e+01
      vertex   1.514055e+02 -1.177569e+02 1.180687e+01
      vertex   1.514071e+02 -1.176539e+02 1.184130e+01
    endloop
  endfacet
  facet normal 3.441815e-02 -1.483345e-01 9.883381e-01
    outer loop
      vertex   1.500988e+02 -1.176397e+02 1.188901e+01
      vertex   1.514071e+02 -1.176539e+02 1.184130e+01
      vertex   1.501011e+02 -1.175323e+02 1.190503e+01
    endloop
  endfacet
  facet normal 3.442655e-02 -1.482507e-01 9.883504e-01
    outer loop
      vertex   1.501011e+02 -1.175323e+02 1.190503e+01
      vertex   1.514071e+02 -1.176539e+02 1.184130e+01
      vertex   1.514083e+02 -1.175466e+02 1.185737e+01
    endloop
  endfacet
  facet normal 5.704391e-02 -1.488006e-01 9.872205e-01
    outer loop
      vertex   1.487939e+02 -1.175087e+02 1.198415e+01
      vertex   1.487904e+02 -1.176160e+02 1.196818e+01
      vertex   1.500988e+02 -1.176397e+02 1.188901e+01
    endloop
  endfacet
  facet normal 5.153246e-02 -3.179062e-01 9.467207e-01
    outer loop
      vertex   1.500988e+02 -1.176397e+02 1.188901e+01
      vertex   1.487904e+02 -1.176160e+02 1.196818e+01
      vertex   1.500956e+02 -1.177426e+02 1.185462e+01
    endloop
  endfacet
  facet normal 5.705910e-02 -1.486637e-01 9.872403e-01
    outer loop
      vertex   1.487939e+02 -1.175087e+02 1.198415e+01
      vertex   1.500988e+02 -1.176397e+02 1.188901e+01
      vertex   1.501011e+02 -1.175323e+02 1.190503e+01
    endloop
  endfacet
  facet normal 9.003234e-02 -2.499110e-02 9.956252e-01
    outer loop
      vertex   1.473755e+02 -1.057042e+02 1.210188e+01
      vertex   1.474895e+02 -1.056903e+02 1.209192e+01
      vertex   1.473533e+02 -1.056005e+02 1.210650e+01
    endloop
  endfacet
  facet normal 1.104099e-01 6.194061e-03 9.938668e-01
    outer loop
      vertex   1.473533e+02 -1.056005e+02 1.210650e+01
      vertex   1.474895e+02 -1.056903e+02 1.209192e+01
      vertex   1.474853e+02 -1.055458e+02 1.209149e+01
    endloop
  endfacet
  facet normal 5.418957e-02 1.405777e-01 9.885856e-01
    outer loop
      vertex   1.473533e+02 -1.056005e+02 1.210650e+01
      vertex   1.474853e+02 -1.055458e+02 1.209149e+01
      vertex   1.473298e+02 -1.054977e+02 1.209317e+01
    endloop
  endfacet
  facet normal 8.324007e-02 2.351596e-01 9.683858e-01
    outer loop
      vertex   1.473298e+02 -1.054977e+02 1.209317e+01
      vertex   1.474853e+02 -1.055458e+02 1.209149e+01
      vertex   1.474780e+02 -1.054054e+02 1.205801e+01
    endloop
  endfacet
  facet normal 3.457940e-02 3.066849e-01 9.511828e-01
    outer loop
      vertex   1.473298e+02 -1.054977e+02 1.209317e+01
      vertex   1.474780e+02 -1.054054e+02 1.205801e+01
      vertex   1.473059e+02 -1.053990e+02 1.206220e+01
    endloop
  endfacet
  facet normal 3.851161e-02 4.509016e-01 8.917424e-01
    outer loop
      vertex   1.473059e+02 -1.053990e+02 1.206220e+01
      vertex   1.474780e+02 -1.054054e+02 1.205801e+01
      vertex   1.474680e+02 -1.052765e+02 1.199329e+01
    endloop
  endfacet
  facet normal 2.495408e-02 4.650234e-01 8.849467e-01
    outer loop
      vertex   1.473059e+02 -1.053990e+02 1.206220e+01
      vertex   1.474680e+02 -1.052765e+02 1.199329e+01
      vertex   1.472822e+02 -1.053070e+02 1.201457e+01
    endloop
  endfacet
  facet normal -8.678548e-05 5.722518e-01 8.200780e-01
    outer loop
      vertex   1.472822e+02 -1.053070e+02 1.201457e+01
      vertex   1.474680e+02 -1.052765e+02 1.199329e+01
      vertex   1.472706e+02 -1.052645e+02 1.198487e+01
    endloop
  endfacet
  facet normal -1.167444e-01 5.467831e-01 8.290953e-01
    outer loop
      vertex   1.472822e+02 -1.053070e+02 1.201457e+01
      vertex   1.472706e+02 -1.052645e+02 1.198487e+01
      vertex   1.470851e+02 -1.053303e+02 1.200215e+01
    endloop
  endfacet
  facet normal -1.397297e-01 6.006010e-01 7.872446e-01
    outer loop
      vertex   1.470851e+02 -1.053303e+02 1.200215e+01
      vertex   1.472706e+02 -1.052645e+02 1.198487e+01
      vertex   1.470672e+02 -1.052928e+02 1.197037e+01
    endloop
  endfacet
  facet normal -2.612123e-01 5.487378e-01 7.941378e-01
    outer loop
      vertex   1.470851e+02 -1.053303e+02 1.200215e+01
      vertex   1.470672e+02 -1.052928e+02 1.197037e+01
      vertex   1.468905e+02 -1.053936e+02 1.198188e+01
    endloop
  endfacet
  facet normal -3.083916e-01 6.228685e-01 7.189781e-01
    outer loop
      vertex   1.468905e+02 -1.053936e+02 1.198188e+01
      vertex   1.470672e+02 -1.052928e+02 1.197037e+01
      vertex   1.468471e+02 -1.053326e+02 1.191047e+01
    endloop
  endfacet
  facet normal -4.310580e-01 5.400708e-01 7.228503e-01
    outer loop
      vertex   1.468905e+02 -1.053936e+02 1.198188e+01
      vertex   1.468471e+02 -1.053326e+02 1.191047e+01
      vertex   1.466802e+02 -1.054720e+02 1.191506e+01
    endloop
  endfacet
  facet normal -4.851189e-01 6.019006e-01 6.343306e-01
    outer loop
      vertex   1.466802e+02 -1.054720e+02 1.191506e+01
      vertex   1.468471e+02 -1.053326e+02 1.191047e+01
      vertex   1.466570e+02 -1.054488e+02 1.187529e+01
    endloop
  endfacet
  facet normal -6.016906e-01 4.853915e-01 6.343213e-01
    outer loop
      vertex   1.466802e+02 -1.054720e+02 1.191506e+01
      vertex   1.466570e+02 -1.054488e+02 1.187529e+01
      vertex   1.465149e+02 -1.056186e+02 1.187046e+01
    endloop
  endfacet
  facet normal -6.404078e-01 5.197423e-01 5.654607e-01
    outer loop
      vertex   1.465149e+02 -1.056186e+02 1.187046e+01
      vertex   1.466570e+02 -1.054488e+02 1.187529e+01
      vertex   1.464913e+02 -1.056012e+02 1.182779e+01
    endloop
  endfacet
  facet normal -7.379309e-01 3.755006e-01 5.607649e-01
    outer loop
      vertex   1.465149e+02 -1.056186e+02 1.187046e+01
      vertex   1.464913e+02 -1.056012e+02 1.182779e+01
      vertex   1.463795e+02 -1.057981e+02 1.181240e+01
    endloop
  endfacet
  facet normal -7.781994e-01 4.046815e-01 4.802485e-01
    outer loop
      vertex   1.463795e+02 -1.057981e+02 1.181240e+01
      vertex   1.464913e+02 -1.056012e+02 1.182779e+01
      vertex   1.463574e+02 -1.057860e+02 1.176653e+01
    endloop
  endfacet
  facet normal -8.499021e-01 2.369279e-01 4.706714e-01
    outer loop
      vertex   1.463795e+02 -1.057981e+02 1.181240e+01
      vertex   1.463574e+02 -1.057860e+02 1.176653e+01
      vertex   1.462828e+02 -1.060012e+02 1.174011e+01
    endloop
  endfacet
  facet normal -8.814465e-01 2.570063e-01 3.962321e-01
    outer loop
      vertex   1.462828e+02 -1.060012e+02 1.174011e+01
      vertex   1.463574e+02 -1.057860e+02 1.176653e+01
      vertex   1.463390e+02 -1.057755e+02 1.171875e+01
    endloop
  endfacet
  facet normal -8.900456e-01 2.572651e-01 3.763422e-01
    outer loop
      vertex   1.462828e+02 -1.060012e+02 1.174011e+01
      vertex   1.463390e+02 -1.057755e+02 1.171875e+01
      vertex   1.462643e+02 -1.059933e+02 1.169092e+01
    endloop
  endfacet
  facet normal 6.504141e-03 6.427066e-01 7.660848e-01
    outer loop
      vertex   1.474680e+02 -1.052765e+02 1.199329e+01
      vertex   1.474558e+02 -1.051661e+02 1.190076e+01
      vertex   1.472706e+02 -1.052645e+02 1.198487e+01
    endloop
  endfacet
  facet normal 6.805610e-03 6.423746e-01 7.663606e-01
    outer loop
      vertex   1.472706e+02 -1.052645e+02 1.198487e+01
      vertex   1.474558e+02 -1.051661e+02 1.190076e+01
      vertex   1.472593e+02 -1.052246e+02 1.195156e+01
    endloop
  endfacet
  facet normal -1.406041e-01 6.111559e-01 7.789216e-01
    outer loop
      vertex   1.472706e+02 -1.052645e+02 1.198487e+01
      vertex   1.472593e+02 -1.052246e+02 1.195156e+01
      vertex   1.470672e+02 -1.052928e+02 1.197037e+01
    endloop
  endfacet
  facet normal -1.749788e-01 6.875550e-01 7.047344e-01
    outer loop
      vertex   1.470672e+02 -1.052928e+02 1.197037e+01
      vertex   1.472593e+02 -1.052246e+02 1.195156e+01
      vertex   1.470345e+02 -1.052259e+02 1.189702e+01
    endloop
  endfacet
  facet normal -3.079882e-01 6.307362e-01 7.122606e-01
    outer loop
      vertex   1.470672e+02 -1.052928e+02 1.197037e+01
      vertex   1.470345e+02 -1.052259e+02 1.189702e+01
      vertex   1.468471e+02 -1.053326e+02 1.191047e+01
    endloop
  endfacet
  facet normal -3.508889e-01 6.953576e-01 6.271800e-01
    outer loop
      vertex   1.468471e+02 -1.053326e+02 1.191047e+01
      vertex   1.470345e+02 -1.052259e+02 1.189702e+01
      vertex   1.468280e+02 -1.053061e+02 1.187036e+01
    endloop
  endfacet
  facet normal -4.859890e-01 6.041865e-01 6.314850e-01
    outer loop
      vertex   1.468471e+02 -1.053326e+02 1.191047e+01
      vertex   1.468280e+02 -1.053061e+02 1.187036e+01
      vertex   1.466570e+02 -1.054488e+02 1.187529e+01
    endloop
  endfacet
  facet normal -5.173126e-01 6.395542e-01 5.686459e-01
    outer loop
      vertex   1.466570e+02 -1.054488e+02 1.187529e+01
      vertex   1.468280e+02 -1.053061e+02 1.187036e+01
      vertex   1.466362e+02 -1.054280e+02 1.183294e+01
    endloop
  endfacet
  facet normal -6.393378e-01 5.175899e-01 5.686368e-01
    outer loop
      vertex   1.466570e+02 -1.054488e+02 1.187529e+01
      vertex   1.466362e+02 -1.054280e+02 1.183294e+01
      vertex   1.464913e+02 -1.056012e+02 1.182779e+01
    endloop
  endfacet
  facet normal -6.734697e-01 5.482877e-01 4.958015e-01
    outer loop
      vertex   1.464913e+02 -1.056012e+02 1.182779e+01
      vertex   1.466362e+02 -1.054280e+02 1.183294e+01
      vertex   1.464708e+02 -1.055859e+02 1.178286e+01
    endloop
  endfacet
  facet normal -7.746721e-01 3.985846e-01 4.909312e-01
    outer loop
      vertex   1.464913e+02 -1.056012e+02 1.182779e+01
      vertex   1.464708e+02 -1.055859e+02 1.178286e+01
      vertex   1.463574e+02 -1.057860e+02 1.176653e+01
    endloop
  endfacet
  facet normal -8.048100e-01 4.216150e-01 4.177580e-01
    outer loop
      vertex   1.463574e+02 -1.057860e+02 1.176653e+01
      vertex   1.464708e+02 -1.055859e+02 1.178286e+01
      vertex   1.464534e+02 -1.055726e+02 1.173595e+01
    endloop
  endfacet
  facet normal -8.105606e-01 4.224596e-01 4.056098e-01
    outer loop
      vertex   1.463574e+02 -1.057860e+02 1.176653e+01
      vertex   1.464534e+02 -1.055726e+02 1.173595e+01
      vertex   1.463390e+02 -1.057755e+02 1.171875e+01
    endloop
  endfacet
  facet normal -4.030316e-02 7.287561e-01 6.835863e-01
    outer loop
      vertex   1.472593e+02 -1.052246e+02 1.195156e+01
      vertex   1.474558e+02 -1.051661e+02 1.190076e+01
      vertex   1.472380e+02 -1.051541e+02 1.187508e+01
    endloop
  endfacet
  facet normal -2.647888e-02 7.998372e-01 5.996326e-01
    outer loop
      vertex   1.472380e+02 -1.051541e+02 1.187508e+01
      vertex   1.474558e+02 -1.051661e+02 1.190076e+01
      vertex   1.474422e+02 -1.050801e+02 1.178540e+01
    endloop
  endfacet
  facet normal -3.813644e-02 8.116817e-01 5.828537e-01
    outer loop
      vertex   1.472380e+02 -1.051541e+02 1.187508e+01
      vertex   1.474422e+02 -1.050801e+02 1.178540e+01
      vertex   1.472281e+02 -1.051239e+02 1.183244e+01
    endloop
  endfacet
  facet normal -6.224866e-02 8.555536e-01 5.139584e-01
    outer loop
      vertex   1.472281e+02 -1.051239e+02 1.183244e+01
      vertex   1.474422e+02 -1.050801e+02 1.178540e+01
      vertex   1.472188e+02 -1.050975e+02 1.178727e+01
    endloop
  endfacet
  facet normal -2.241383e-01 8.201167e-01 5.264700e-01
    outer loop
      vertex   1.472281e+02 -1.051239e+02 1.183244e+01
      vertex   1.472188e+02 -1.050975e+02 1.178727e+01
      vertex   1.470065e+02 -1.051715e+02 1.181231e+01
    endloop
  endfacet
  facet normal -2.406459e-01 8.486720e-01 4.710048e-01
    outer loop
      vertex   1.470065e+02 -1.051715e+02 1.181231e+01
      vertex   1.472188e+02 -1.050975e+02 1.178727e+01
      vertex   1.469945e+02 -1.051495e+02 1.176644e+01
    endloop
  endfacet
  facet normal -4.010411e-01 7.801599e-01 4.801214e-01
    outer loop
      vertex   1.470065e+02 -1.051715e+02 1.181231e+01
      vertex   1.469945e+02 -1.051495e+02 1.176644e+01
      vertex   1.467953e+02 -1.052619e+02 1.178274e+01
    endloop
  endfacet
  facet normal -4.204501e-01 8.054832e-01 4.176343e-01
    outer loop
      vertex   1.467953e+02 -1.052619e+02 1.178274e+01
      vertex   1.469945e+02 -1.051495e+02 1.176644e+01
      vertex   1.467821e+02 -1.052445e+02 1.173583e+01
    endloop
  endfacet
  facet normal -5.714189e-01 7.035619e-01 4.224702e-01
    outer loop
      vertex   1.467953e+02 -1.052619e+02 1.178274e+01
      vertex   1.467821e+02 -1.052445e+02 1.173583e+01
      vertex   1.466023e+02 -1.053941e+02 1.174171e+01
    endloop
  endfacet
  facet normal -6.601596e-02 8.959502e-01 4.392210e-01
    outer loop
      vertex   1.472188e+02 -1.050975e+02 1.178727e+01
      vertex   1.474422e+02 -1.050801e+02 1.178540e+01
      vertex   1.472102e+02 -1.050749e+02 1.173992e+01
    endloop
  endfacet
  facet normal -5.819586e-02 9.140544e-01 4.013949e-01
    outer loop
      vertex   1.472102e+02 -1.050749e+02 1.173992e+01
      vertex   1.474422e+02 -1.050801e+02 1.178540e+01
      vertex   1.474278e+02 -1.050230e+02 1.165337e+01
    endloop
  endfacet
  facet normal -7.737345e-02 9.289278e-01 3.620864e-01
    outer loop
      vertex   1.472102e+02 -1.050749e+02 1.173992e+01
      vertex   1.474278e+02 -1.050230e+02 1.165337e+01
      vertex   1.472023e+02 -1.050564e+02 1.169072e+01
    endloop
  endfacet
  facet normal -2.565850e-01 8.903022e-01 3.761997e-01
    outer loop
      vertex   1.472023e+02 -1.050564e+02 1.169072e+01
      vertex   1.469839e+02 -1.051311e+02 1.171864e+01
      vertex   1.472102e+02 -1.050749e+02 1.173992e+01
    endloop
  endfacet
  facet normal -2.563199e-01 8.816985e-01 3.961159e-01
    outer loop
      vertex   1.472102e+02 -1.050749e+02 1.173992e+01
      vertex   1.469839e+02 -1.051311e+02 1.171864e+01
      vertex   1.469945e+02 -1.051495e+02 1.176644e+01
    endloop
  endfacet
  facet normal -2.411966e-01 8.582240e-01 4.530737e-01
    outer loop
      vertex   1.472102e+02 -1.050749e+02 1.173992e+01
      vertex   1.469945e+02 -1.051495e+02 1.176644e+01
      vertex   1.472188e+02 -1.050975e+02 1.178727e+01
    endloop
  endfacet
  facet normal -4.212737e-01 8.112337e-01 4.054977e-01
    outer loop
      vertex   1.469839e+02 -1.051311e+02 1.171864e+01
      vertex   1.467821e+02 -1.052445e+02 1.173583e+01
      vertex   1.469945e+02 -1.051495e+02 1.176644e+01
    endloop
  endfacet
  facet normal -5.708872e-01 7.015078e-01 4.265848e-01
    outer loop
      vertex   1.467953e+02 -1.052619e+02 1.178274e+01
      vertex   1.466023e+02 -1.053941e+02 1.174171e+01
      vertex   1.466179e+02 -1.054097e+02 1.178832e+01
    endloop
  endfacet
  facet normal -7.012968e-01 5.711517e-01 4.265776e-01
    outer loop
      vertex   1.466179e+02 -1.054097e+02 1.178832e+01
      vertex   1.466023e+02 -1.053941e+02 1.174171e+01
      vertex   1.464534e+02 -1.055726e+02 1.173595e+01
    endloop
  endfacet
  facet normal -7.020499e-01 5.731994e-01 4.225735e-01
    outer loop
      vertex   1.466179e+02 -1.054097e+02 1.178832e+01
      vertex   1.464534e+02 -1.055726e+02 1.173595e+01
      vertex   1.464708e+02 -1.055859e+02 1.178286e+01
    endloop
  endfacet
  facet normal -9.287948e-01 7.825547e-02 3.622379e-01
    outer loop
      vertex   1.462643e+02 -1.059933e+02 1.169092e+01
      vertex   1.462305e+02 -1.062203e+02 1.165337e+01
      vertex   1.462828e+02 -1.060012e+02 1.174011e+01
    endloop
  endfacet
  facet normal -9.139612e-01 5.918462e-02 4.014625e-01
    outer loop
      vertex   1.462828e+02 -1.060012e+02 1.174011e+01
      vertex   1.462305e+02 -1.062203e+02 1.165337e+01
      vertex   1.462876e+02 -1.062347e+02 1.178540e+01
    endloop
  endfacet
  facet normal -8.958130e-01 6.690695e-02 4.393660e-01
    outer loop
      vertex   1.462828e+02 -1.060012e+02 1.174011e+01
      vertex   1.462876e+02 -1.062347e+02 1.178540e+01
      vertex   1.463054e+02 -1.060098e+02 1.178745e+01
    endloop
  endfacet
  facet normal -8.554213e-01 6.302698e-02 5.140836e-01
    outer loop
      vertex   1.463054e+02 -1.060098e+02 1.178745e+01
      vertex   1.462876e+02 -1.062347e+02 1.178540e+01
      vertex   1.463318e+02 -1.060192e+02 1.183261e+01
    endloop
  endfacet
  facet normal -8.186065e-01 2.289876e-01 5.267334e-01
    outer loop
      vertex   1.463054e+02 -1.060098e+02 1.178745e+01
      vertex   1.463318e+02 -1.060192e+02 1.183261e+01
      vertex   1.464050e+02 -1.058115e+02 1.185602e+01
    endloop
  endfacet
  facet normal -7.664209e-01 2.012149e-01 6.100095e-01
    outer loop
      vertex   1.464050e+02 -1.058115e+02 1.185602e+01
      vertex   1.463318e+02 -1.060192e+02 1.183261e+01
      vertex   1.464338e+02 -1.058262e+02 1.189710e+01
    endloop
  endfacet
  facet normal -7.003596e-01 3.557362e-01 6.188281e-01
    outer loop
      vertex   1.464050e+02 -1.058115e+02 1.185602e+01
      vertex   1.464338e+02 -1.058262e+02 1.189710e+01
      vertex   1.465414e+02 -1.056378e+02 1.191057e+01
    endloop
  endfacet
  facet normal -6.246991e-01 3.053871e-01 7.186722e-01
    outer loop
      vertex   1.465414e+02 -1.056378e+02 1.191057e+01
      vertex   1.464338e+02 -1.058262e+02 1.189710e+01
      vertex   1.466023e+02 -1.056813e+02 1.198196e+01
    endloop
  endfacet
  facet normal -5.383821e-01 4.331065e-01 7.228855e-01
    outer loop
      vertex   1.465414e+02 -1.056378e+02 1.191057e+01
      vertex   1.466023e+02 -1.056813e+02 1.198196e+01
      vertex   1.467332e+02 -1.055250e+02 1.198581e+01
    endloop
  endfacet
  facet normal -4.651542e-01 3.697688e-01 8.043025e-01
    outer loop
      vertex   1.467332e+02 -1.055250e+02 1.198581e+01
      vertex   1.466023e+02 -1.056813e+02 1.198196e+01
      vertex   1.467625e+02 -1.055544e+02 1.201633e+01
    endloop
  endfacet
  facet normal -3.695471e-01 4.653153e-01 8.043113e-01
    outer loop
      vertex   1.467332e+02 -1.055250e+02 1.198581e+01
      vertex   1.467625e+02 -1.055544e+02 1.201633e+01
      vertex   1.469144e+02 -1.054276e+02 1.201272e+01
    endloop
  endfacet
  facet normal -3.264640e-01 4.150113e-01 8.492272e-01
    outer loop
      vertex   1.469144e+02 -1.054276e+02 1.201272e+01
      vertex   1.467625e+02 -1.055544e+02 1.201633e+01
      vertex   1.469396e+02 -1.054636e+02 1.204002e+01
    endloop
  endfacet
  facet normal -2.253260e-01 4.832186e-01 8.460071e-01
    outer loop
      vertex   1.469144e+02 -1.054276e+02 1.201272e+01
      vertex   1.469396e+02 -1.054636e+02 1.204002e+01
      vertex   1.471037e+02 -1.053702e+02 1.203035e+01
    endloop
  endfacet
  facet normal -1.711844e-01 3.940402e-01 9.030106e-01
    outer loop
      vertex   1.471037e+02 -1.053702e+02 1.203035e+01
      vertex   1.469396e+02 -1.054636e+02 1.204002e+01
      vertex   1.471429e+02 -1.054560e+02 1.207524e+01
    endloop
  endfacet
  facet normal -7.977579e-02 4.330569e-01 8.978294e-01
    outer loop
      vertex   1.471037e+02 -1.053702e+02 1.203035e+01
      vertex   1.471429e+02 -1.054560e+02 1.207524e+01
      vertex   1.473059e+02 -1.053990e+02 1.206220e+01
    endloop
  endfacet
  facet normal -2.624426e-02 2.933441e-01 9.556466e-01
    outer loop
      vertex   1.473059e+02 -1.053990e+02 1.206220e+01
      vertex   1.471429e+02 -1.054560e+02 1.207524e+01
      vertex   1.473298e+02 -1.054977e+02 1.209317e+01
    endloop
  endfacet
  facet normal -8.115568e-01 3.893476e-02 5.829749e-01
    outer loop
      vertex   1.463318e+02 -1.060192e+02 1.183261e+01
      vertex   1.462876e+02 -1.062347e+02 1.178540e+01
      vertex   1.463620e+02 -1.060291e+02 1.187524e+01
    endloop
  endfacet
  facet normal -7.997675e-01 2.736834e-02 5.996857e-01
    outer loop
      vertex   1.463620e+02 -1.060291e+02 1.187524e+01
      vertex   1.462876e+02 -1.062347e+02 1.178540e+01
      vertex   1.463736e+02 -1.062483e+02 1.190076e+01
    endloop
  endfacet
  facet normal -7.286354e-01 4.091814e-02 6.836784e-01
    outer loop
      vertex   1.463620e+02 -1.060291e+02 1.187524e+01
      vertex   1.463736e+02 -1.062483e+02 1.190076e+01
      vertex   1.464325e+02 -1.060505e+02 1.195170e+01
    endloop
  endfacet
  facet normal -6.426699e-01 -5.897970e-03 7.661205e-01
    outer loop
      vertex   1.464325e+02 -1.060505e+02 1.195170e+01
      vertex   1.463736e+02 -1.062483e+02 1.190076e+01
      vertex   1.464840e+02 -1.062605e+02 1.199329e+01
    endloop
  endfacet
  facet normal -6.422025e-01 -5.705482e-03 7.665138e-01
    outer loop
      vertex   1.464325e+02 -1.060505e+02 1.195170e+01
      vertex   1.464840e+02 -1.062605e+02 1.199329e+01
      vertex   1.464724e+02 -1.060618e+02 1.198500e+01
    endloop
  endfacet
  facet normal -5.721464e-01 6.383132e-04 8.201513e-01
    outer loop
      vertex   1.464724e+02 -1.060618e+02 1.198500e+01
      vertex   1.464840e+02 -1.062605e+02 1.199329e+01
      vertex   1.465149e+02 -1.060734e+02 1.201468e+01
    endloop
  endfacet
  facet normal -5.457681e-01 1.203192e-01 8.292530e-01
    outer loop
      vertex   1.464724e+02 -1.060618e+02 1.198500e+01
      vertex   1.465149e+02 -1.060734e+02 1.201468e+01
      vertex   1.465780e+02 -1.058954e+02 1.203041e+01
    endloop
  endfacet
  facet normal -4.349714e-01 7.500594e-02 8.973149e-01
    outer loop
      vertex   1.465780e+02 -1.058954e+02 1.203041e+01
      vertex   1.465149e+02 -1.060734e+02 1.201468e+01
      vertex   1.466639e+02 -1.059347e+02 1.207529e+01
    endloop
  endfacet
  facet normal -3.922518e-01 1.749676e-01 9.030642e-01
    outer loop
      vertex   1.465780e+02 -1.058954e+02 1.203041e+01
      vertex   1.466639e+02 -1.059347e+02 1.207529e+01
      vertex   1.467494e+02 -1.057841e+02 1.208328e+01
    endloop
  endfacet
  facet normal -2.538359e-01 9.313504e-02 9.627529e-01
    outer loop
      vertex   1.467494e+02 -1.057841e+02 1.208328e+01
      vertex   1.466639e+02 -1.059347e+02 1.207529e+01
      vertex   1.468317e+02 -1.058407e+02 1.211043e+01
    endloop
  endfacet
  facet normal -2.103056e-01 1.574777e-01 9.648691e-01
    outer loop
      vertex   1.467494e+02 -1.057841e+02 1.208328e+01
      vertex   1.468317e+02 -1.058407e+02 1.211043e+01
      vertex   1.469303e+02 -1.057223e+02 1.211262e+01
    endloop
  endfacet
  facet normal -8.417716e-02 5.177293e-02 9.951049e-01
    outer loop
      vertex   1.469303e+02 -1.057223e+02 1.211262e+01
      vertex   1.468317e+02 -1.058407e+02 1.211043e+01
      vertex   1.470028e+02 -1.057949e+02 1.212253e+01
    endloop
  endfacet
  facet normal -5.195691e-02 8.396846e-02 9.951129e-01
    outer loop
      vertex   1.469303e+02 -1.057223e+02 1.211262e+01
      vertex   1.470028e+02 -1.057949e+02 1.212253e+01
      vertex   1.471072e+02 -1.057084e+02 1.212069e+01
    endloop
  endfacet
  facet normal 5.327719e-02 -4.305616e-02 9.976511e-01
    outer loop
      vertex   1.471072e+02 -1.057084e+02 1.212069e+01
      vertex   1.470028e+02 -1.057949e+02 1.212253e+01
      vertex   1.471647e+02 -1.057941e+02 1.211392e+01
    endloop
  endfacet
  facet normal 6.458437e-02 -3.543600e-02 9.972829e-01
    outer loop
      vertex   1.471072e+02 -1.057084e+02 1.212069e+01
      vertex   1.471647e+02 -1.057941e+02 1.211392e+01
      vertex   1.472657e+02 -1.057393e+02 1.210933e+01
    endloop
  endfacet
  facet normal -4.649370e-01 -2.448108e-02 8.850052e-01
    outer loop
      vertex   1.465149e+02 -1.060734e+02 1.201468e+01
      vertex   1.464840e+02 -1.062605e+02 1.199329e+01
      vertex   1.466068e+02 -1.060973e+02 1.206230e+01
    endloop
  endfacet
  facet normal -4.508754e-01 -3.792476e-02 8.917808e-01
    outer loop
      vertex   1.466068e+02 -1.060973e+02 1.206230e+01
      vertex   1.464840e+02 -1.062605e+02 1.199329e+01
      vertex   1.466129e+02 -1.062705e+02 1.205801e+01
    endloop
  endfacet
  facet normal -3.066196e-01 -3.431840e-02 9.512133e-01
    outer loop
      vertex   1.466068e+02 -1.060973e+02 1.206230e+01
      vertex   1.466129e+02 -1.062705e+02 1.205801e+01
      vertex   1.467055e+02 -1.061213e+02 1.209325e+01
    endloop
  endfacet
  facet normal -2.351456e-01 -8.277127e-02 9.684294e-01
    outer loop
      vertex   1.467055e+02 -1.061213e+02 1.209325e+01
      vertex   1.466129e+02 -1.062705e+02 1.205801e+01
      vertex   1.467533e+02 -1.062778e+02 1.209149e+01
    endloop
  endfacet
  facet normal -1.405363e-01 -5.407871e-02 9.885975e-01
    outer loop
      vertex   1.467055e+02 -1.061213e+02 1.209325e+01
      vertex   1.467533e+02 -1.062778e+02 1.209149e+01
      vertex   1.468082e+02 -1.061449e+02 1.210656e+01
    endloop
  endfacet
  facet normal -6.186960e-03 -1.101650e-01 9.938941e-01
    outer loop
      vertex   1.468082e+02 -1.061449e+02 1.210656e+01
      vertex   1.467533e+02 -1.062778e+02 1.209149e+01
      vertex   1.468978e+02 -1.062820e+02 1.209192e+01
    endloop
  endfacet
  facet normal 2.500776e-02 -8.996467e-02 9.956309e-01
    outer loop
      vertex   1.468082e+02 -1.061449e+02 1.210656e+01
      vertex   1.468978e+02 -1.062820e+02 1.209192e+01
      vertex   1.469119e+02 -1.061673e+02 1.210193e+01
    endloop
  endfacet
  facet normal 2.774533e-02 -7.747895e-02 9.966079e-01
    outer loop
      vertex   1.468082e+02 -1.061449e+02 1.210656e+01
      vertex   1.469119e+02 -1.061673e+02 1.210193e+01
      vertex   1.468509e+02 -1.060170e+02 1.211532e+01
    endloop
  endfacet
  facet normal 2.927804e-02 -7.685718e-02 9.966121e-01
    outer loop
      vertex   1.468509e+02 -1.060170e+02 1.211532e+01
      vertex   1.469119e+02 -1.061673e+02 1.210193e+01
      vertex   1.469470e+02 -1.060577e+02 1.210936e+01
    endloop
  endfacet
  facet normal 3.448217e-02 -6.468812e-02 9.973096e-01
    outer loop
      vertex   1.468509e+02 -1.060170e+02 1.211532e+01
      vertex   1.469470e+02 -1.060577e+02 1.210936e+01
      vertex   1.469167e+02 -1.058986e+02 1.212072e+01
    endloop
  endfacet
  facet normal 3.548714e-02 -6.449551e-02 9.972868e-01
    outer loop
      vertex   1.469167e+02 -1.058986e+02 1.212072e+01
      vertex   1.469470e+02 -1.060577e+02 1.210936e+01
      vertex   1.470023e+02 -1.059563e+02 1.211395e+01
    endloop
  endfacet
  facet normal 4.312985e-02 -5.320277e-02 9.976519e-01
    outer loop
      vertex   1.469167e+02 -1.058986e+02 1.212072e+01
      vertex   1.470023e+02 -1.059563e+02 1.211395e+01
      vertex   1.470028e+02 -1.057949e+02 1.212253e+01
    endloop
  endfacet
  facet normal 4.347242e-02 -5.320308e-02 9.976370e-01
    outer loop
      vertex   1.470028e+02 -1.057949e+02 1.212253e+01
      vertex   1.470023e+02 -1.059563e+02 1.211395e+01
      vertex   1.470755e+02 -1.058676e+02 1.211548e+01
    endloop
  endfacet
  facet normal 5.327805e-02 -4.340538e-02 9.976359e-01
    outer loop
      vertex   1.470028e+02 -1.057949e+02 1.212253e+01
      vertex   1.470755e+02 -1.058676e+02 1.211548e+01
      vertex   1.471647e+02 -1.057941e+02 1.211392e+01
    endloop
  endfacet
  facet normal 6.478123e-02 -3.443225e-02 9.973053e-01
    outer loop
      vertex   1.471072e+02 -1.057084e+02 1.212069e+01
      vertex   1.472657e+02 -1.057393e+02 1.210933e+01
      vertex   1.472250e+02 -1.056432e+02 1.211529e+01
    endloop
  endfacet
  facet normal 7.690731e-02 -2.925869e-02 9.966088e-01
    outer loop
      vertex   1.472250e+02 -1.056432e+02 1.211529e+01
      vertex   1.472657e+02 -1.057393e+02 1.210933e+01
      vertex   1.473755e+02 -1.057042e+02 1.210188e+01
    endloop
  endfacet
  facet normal 7.753297e-02 -2.771546e-02 9.966045e-01
    outer loop
      vertex   1.472250e+02 -1.056432e+02 1.211529e+01
      vertex   1.473755e+02 -1.057042e+02 1.210188e+01
      vertex   1.473533e+02 -1.056005e+02 1.210650e+01
    endloop
  endfacet
  facet normal -8.566202e-01 2.462797e-01 4.533741e-01
    outer loop
      vertex   1.463795e+02 -1.057981e+02 1.181240e+01
      vertex   1.462828e+02 -1.060012e+02 1.174011e+01
      vertex   1.463054e+02 -1.060098e+02 1.178745e+01
    endloop
  endfacet
  facet normal -7.766386e-02 4.428179e-01 8.932416e-01
    outer loop
      vertex   1.471037e+02 -1.053702e+02 1.203035e+01
      vertex   1.473059e+02 -1.053990e+02 1.206220e+01
      vertex   1.472822e+02 -1.053070e+02 1.201457e+01
    endloop
  endfacet
  facet normal 2.472985e-02 1.297423e-01 9.912393e-01
    outer loop
      vertex   1.472250e+02 -1.056432e+02 1.211529e+01
      vertex   1.473533e+02 -1.056005e+02 1.210650e+01
      vertex   1.471837e+02 -1.055479e+02 1.210384e+01
    endloop
  endfacet
  facet normal 2.620142e-02 1.344533e-01 9.905735e-01
    outer loop
      vertex   1.471837e+02 -1.055479e+02 1.210384e+01
      vertex   1.473533e+02 -1.056005e+02 1.210650e+01
      vertex   1.473298e+02 -1.054977e+02 1.209317e+01
    endloop
  endfacet
  facet normal -2.813778e-02 2.858102e-01 9.578730e-01
    outer loop
      vertex   1.471837e+02 -1.055479e+02 1.210384e+01
      vertex   1.473298e+02 -1.054977e+02 1.209317e+01
      vertex   1.471429e+02 -1.054560e+02 1.207524e+01
    endloop
  endfacet
  facet normal -1.527411e-02 1.097898e-01 9.938375e-01
    outer loop
      vertex   1.471072e+02 -1.057084e+02 1.212069e+01
      vertex   1.472250e+02 -1.056432e+02 1.211529e+01
      vertex   1.470495e+02 -1.056232e+02 1.211039e+01
    endloop
  endfacet
  facet normal -1.492000e-02 1.128266e-01 9.935027e-01
    outer loop
      vertex   1.470495e+02 -1.056232e+02 1.211039e+01
      vertex   1.472250e+02 -1.056432e+02 1.211529e+01
      vertex   1.471837e+02 -1.055479e+02 1.210384e+01
    endloop
  endfacet
  facet normal -9.490514e-02 2.526209e-01 9.628996e-01
    outer loop
      vertex   1.470495e+02 -1.056232e+02 1.211039e+01
      vertex   1.471837e+02 -1.055479e+02 1.210384e+01
      vertex   1.469931e+02 -1.055409e+02 1.208323e+01
    endloop
  endfacet
  facet normal -9.459303e-02 2.574533e-01 9.616496e-01
    outer loop
      vertex   1.469931e+02 -1.055409e+02 1.208323e+01
      vertex   1.471837e+02 -1.055479e+02 1.210384e+01
      vertex   1.471429e+02 -1.054560e+02 1.207524e+01
    endloop
  endfacet
  facet normal -1.714121e-01 3.877755e-01 9.056755e-01
    outer loop
      vertex   1.469931e+02 -1.055409e+02 1.208323e+01
      vertex   1.471429e+02 -1.054560e+02 1.207524e+01
      vertex   1.469396e+02 -1.054636e+02 1.204002e+01
    endloop
  endfacet
  facet normal -8.443940e-02 5.277348e-02 9.950301e-01
    outer loop
      vertex   1.470028e+02 -1.057949e+02 1.212253e+01
      vertex   1.468317e+02 -1.058407e+02 1.211043e+01
      vertex   1.469167e+02 -1.058986e+02 1.212072e+01
    endloop
  endfacet
  facet normal -1.106332e-01 1.406531e-02 9.937618e-01
    outer loop
      vertex   1.469167e+02 -1.058986e+02 1.212072e+01
      vertex   1.468317e+02 -1.058407e+02 1.211043e+01
      vertex   1.467557e+02 -1.059756e+02 1.210388e+01
    endloop
  endfacet
  facet normal -1.119532e-01 1.686805e-02 9.935703e-01
    outer loop
      vertex   1.469167e+02 -1.058986e+02 1.212072e+01
      vertex   1.467557e+02 -1.059756e+02 1.210388e+01
      vertex   1.468509e+02 -1.060170e+02 1.211532e+01
    endloop
  endfacet
  facet normal -1.308263e-01 -2.727261e-02 9.910301e-01
    outer loop
      vertex   1.468509e+02 -1.060170e+02 1.211532e+01
      vertex   1.467557e+02 -1.059756e+02 1.210388e+01
      vertex   1.467055e+02 -1.061213e+02 1.209325e+01
    endloop
  endfacet
  facet normal -1.337276e-01 -2.317092e-02 9.907472e-01
    outer loop
      vertex   1.468509e+02 -1.060170e+02 1.211532e+01
      vertex   1.467055e+02 -1.061213e+02 1.209325e+01
      vertex   1.468082e+02 -1.061449e+02 1.210656e+01
    endloop
  endfacet
  facet normal -5.203484e-02 8.501478e-02 9.950200e-01
    outer loop
      vertex   1.471072e+02 -1.057084e+02 1.212069e+01
      vertex   1.470495e+02 -1.056232e+02 1.211039e+01
      vertex   1.469303e+02 -1.057223e+02 1.211262e+01
    endloop
  endfacet
  facet normal -1.561339e-01 2.095526e-01 9.652512e-01
    outer loop
      vertex   1.469303e+02 -1.057223e+02 1.211262e+01
      vertex   1.470495e+02 -1.056232e+02 1.211039e+01
      vertex   1.468599e+02 -1.056519e+02 1.208595e+01
    endloop
  endfacet
  facet normal -2.098241e-01 1.558966e-01 9.652306e-01
    outer loop
      vertex   1.469303e+02 -1.057223e+02 1.211262e+01
      vertex   1.468599e+02 -1.056519e+02 1.208595e+01
      vertex   1.467494e+02 -1.057841e+02 1.208328e+01
    endloop
  endfacet
  facet normal -3.297018e-01 2.572438e-01 9.083625e-01
    outer loop
      vertex   1.467494e+02 -1.057841e+02 1.208328e+01
      vertex   1.468599e+02 -1.056519e+02 1.208595e+01
      vertex   1.466722e+02 -1.057305e+02 1.204009e+01
    endloop
  endfacet
  facet normal -3.892468e-01 1.692028e-01 9.054597e-01
    outer loop
      vertex   1.467494e+02 -1.057841e+02 1.208328e+01
      vertex   1.466722e+02 -1.057305e+02 1.204009e+01
      vertex   1.465780e+02 -1.058954e+02 1.203041e+01
    endloop
  endfacet
  facet normal -4.881206e-01 2.293980e-01 8.420896e-01
    outer loop
      vertex   1.465780e+02 -1.058954e+02 1.203041e+01
      vertex   1.466722e+02 -1.057305e+02 1.204009e+01
      vertex   1.465382e+02 -1.058768e+02 1.200221e+01
    endloop
  endfacet
  facet normal -5.376825e-01 1.134858e-01 8.354750e-01
    outer loop
      vertex   1.465780e+02 -1.058954e+02 1.203041e+01
      vertex   1.465382e+02 -1.058768e+02 1.200221e+01
      vertex   1.464724e+02 -1.060618e+02 1.198500e+01
    endloop
  endfacet
  facet normal -6.100398e-01 1.444542e-01 7.790920e-01
    outer loop
      vertex   1.464724e+02 -1.060618e+02 1.198500e+01
      vertex   1.465382e+02 -1.058768e+02 1.200221e+01
      vertex   1.464325e+02 -1.060505e+02 1.195170e+01
    endloop
  endfacet
  facet normal -1.563339e-01 2.112108e-01 9.648574e-01
    outer loop
      vertex   1.468599e+02 -1.056519e+02 1.208595e+01
      vertex   1.470495e+02 -1.056232e+02 1.211039e+01
      vertex   1.469931e+02 -1.055409e+02 1.208323e+01
    endloop
  endfacet
  facet normal -2.922079e-01 3.082060e-02 9.558581e-01
    outer loop
      vertex   1.466068e+02 -1.060973e+02 1.206230e+01
      vertex   1.467055e+02 -1.061213e+02 1.209325e+01
      vertex   1.467557e+02 -1.059756e+02 1.210388e+01
    endloop
  endfacet
  facet normal -2.873840e-01 2.435789e-02 9.575057e-01
    outer loop
      vertex   1.466068e+02 -1.060973e+02 1.206230e+01
      vertex   1.467557e+02 -1.059756e+02 1.210388e+01
      vertex   1.466639e+02 -1.059347e+02 1.207529e+01
    endloop
  endfacet
  facet normal -2.560950e-01 9.755423e-02 9.617164e-01
    outer loop
      vertex   1.466639e+02 -1.059347e+02 1.207529e+01
      vertex   1.467557e+02 -1.059756e+02 1.210388e+01
      vertex   1.468317e+02 -1.058407e+02 1.211043e+01
    endloop
  endfacet
  facet normal -2.554514e-01 3.287430e-01 9.092154e-01
    outer loop
      vertex   1.468599e+02 -1.056519e+02 1.208595e+01
      vertex   1.469931e+02 -1.055409e+02 1.208323e+01
      vertex   1.467936e+02 -1.055855e+02 1.204332e+01
    endloop
  endfacet
  facet normal -2.557594e-01 3.308950e-01 9.083477e-01
    outer loop
      vertex   1.467936e+02 -1.055855e+02 1.204332e+01
      vertex   1.469931e+02 -1.055409e+02 1.208323e+01
      vertex   1.469396e+02 -1.054636e+02 1.204002e+01
    endloop
  endfacet
  facet normal -3.255981e-01 4.129780e-01 8.505499e-01
    outer loop
      vertex   1.467936e+02 -1.055855e+02 1.204332e+01
      vertex   1.469396e+02 -1.054636e+02 1.204002e+01
      vertex   1.467625e+02 -1.055544e+02 1.201633e+01
    endloop
  endfacet
  facet normal -4.413034e-01 8.348393e-02 8.934661e-01
    outer loop
      vertex   1.465149e+02 -1.060734e+02 1.201468e+01
      vertex   1.466068e+02 -1.060973e+02 1.206230e+01
      vertex   1.466639e+02 -1.059347e+02 1.207529e+01
    endloop
  endfacet
  facet normal -1.159765e-01 5.367172e-01 8.357536e-01
    outer loop
      vertex   1.471037e+02 -1.053702e+02 1.203035e+01
      vertex   1.472822e+02 -1.053070e+02 1.201457e+01
      vertex   1.470851e+02 -1.053303e+02 1.200215e+01
    endloop
  endfacet
  facet normal -2.268304e-01 4.893973e-01 8.420441e-01
    outer loop
      vertex   1.471037e+02 -1.053702e+02 1.203035e+01
      vertex   1.470851e+02 -1.053303e+02 1.200215e+01
      vertex   1.469144e+02 -1.054276e+02 1.201272e+01
    endloop
  endfacet
  facet normal -2.596140e-01 5.422306e-01 7.991162e-01
    outer loop
      vertex   1.469144e+02 -1.054276e+02 1.201272e+01
      vertex   1.470851e+02 -1.053303e+02 1.200215e+01
      vertex   1.468905e+02 -1.053936e+02 1.198188e+01
    endloop
  endfacet
  facet normal -3.704562e-01 4.674667e-01 8.026438e-01
    outer loop
      vertex   1.469144e+02 -1.054276e+02 1.201272e+01
      vertex   1.468905e+02 -1.053936e+02 1.198188e+01
      vertex   1.467332e+02 -1.055250e+02 1.198581e+01
    endloop
  endfacet
  facet normal -4.307415e-01 5.373155e-01 7.250889e-01
    outer loop
      vertex   1.467332e+02 -1.055250e+02 1.198581e+01
      vertex   1.468905e+02 -1.053936e+02 1.198188e+01
      vertex   1.466802e+02 -1.054720e+02 1.191506e+01
    endloop
  endfacet
  facet normal -5.376452e-01 4.304177e-01 7.250367e-01
    outer loop
      vertex   1.467332e+02 -1.055250e+02 1.198581e+01
      vertex   1.466802e+02 -1.054720e+02 1.191506e+01
      vertex   1.465414e+02 -1.056378e+02 1.191057e+01
    endloop
  endfacet
  facet normal -6.028556e-01 4.875465e-01 6.315564e-01
    outer loop
      vertex   1.465414e+02 -1.056378e+02 1.191057e+01
      vertex   1.466802e+02 -1.054720e+02 1.191506e+01
      vertex   1.465149e+02 -1.056186e+02 1.187046e+01
    endloop
  endfacet
  facet normal -6.960322e-01 3.497498e-01 6.270680e-01
    outer loop
      vertex   1.465414e+02 -1.056378e+02 1.191057e+01
      vertex   1.465149e+02 -1.056186e+02 1.187046e+01
      vertex   1.464050e+02 -1.058115e+02 1.185602e+01
    endloop
  endfacet
  facet normal -7.419304e-01 3.815792e-01 5.513045e-01
    outer loop
      vertex   1.464050e+02 -1.058115e+02 1.185602e+01
      vertex   1.465149e+02 -1.056186e+02 1.187046e+01
      vertex   1.463795e+02 -1.057981e+02 1.181240e+01
    endloop
  endfacet
  facet normal -8.110503e-01 2.198899e-01 5.420755e-01
    outer loop
      vertex   1.464050e+02 -1.058115e+02 1.185602e+01
      vertex   1.463795e+02 -1.057981e+02 1.181240e+01
      vertex   1.463054e+02 -1.060098e+02 1.178745e+01
    endloop
  endfacet
  facet normal -4.128407e-01 3.257932e-01 8.505418e-01
    outer loop
      vertex   1.467625e+02 -1.055544e+02 1.201633e+01
      vertex   1.466362e+02 -1.057053e+02 1.201280e+01
      vertex   1.467936e+02 -1.055855e+02 1.204332e+01
    endloop
  endfacet
  facet normal -4.140032e-01 3.276468e-01 8.492638e-01
    outer loop
      vertex   1.467936e+02 -1.055855e+02 1.204332e+01
      vertex   1.466362e+02 -1.057053e+02 1.201280e+01
      vertex   1.466722e+02 -1.057305e+02 1.204009e+01
    endloop
  endfacet
  facet normal -3.290409e-01 2.551879e-01 9.091816e-01
    outer loop
      vertex   1.467936e+02 -1.055855e+02 1.204332e+01
      vertex   1.466722e+02 -1.057305e+02 1.204009e+01
      vertex   1.468599e+02 -1.056519e+02 1.208595e+01
    endloop
  endfacet
  facet normal -4.838080e-01 2.244570e-01 8.459012e-01
    outer loop
      vertex   1.466722e+02 -1.057305e+02 1.204009e+01
      vertex   1.466362e+02 -1.057053e+02 1.201280e+01
      vertex   1.465382e+02 -1.058768e+02 1.200221e+01
    endloop
  endfacet
  facet normal -5.473391e-01 2.639823e-01 7.941871e-01
    outer loop
      vertex   1.465382e+02 -1.058768e+02 1.200221e+01
      vertex   1.466362e+02 -1.057053e+02 1.201280e+01
      vertex   1.465007e+02 -1.058589e+02 1.197043e+01
    endloop
  endfacet
  facet normal -6.016129e-01 1.370471e-01 7.869434e-01
    outer loop
      vertex   1.465382e+02 -1.058768e+02 1.200221e+01
      vertex   1.465007e+02 -1.058589e+02 1.197043e+01
      vertex   1.464325e+02 -1.060505e+02 1.195170e+01
    endloop
  endfacet
  facet normal -6.972971e-01 1.801937e-01 6.937629e-01
    outer loop
      vertex   1.464325e+02 -1.060505e+02 1.195170e+01
      vertex   1.465007e+02 -1.058589e+02 1.197043e+01
      vertex   1.463620e+02 -1.060291e+02 1.187524e+01
    endloop
  endfacet
  facet normal -5.428407e-01 2.586853e-01 7.990030e-01
    outer loop
      vertex   1.465007e+02 -1.058589e+02 1.197043e+01
      vertex   1.466362e+02 -1.057053e+02 1.201280e+01
      vertex   1.466023e+02 -1.056813e+02 1.198196e+01
    endloop
  endfacet
  facet normal -4.663693e-01 3.717414e-01 8.026880e-01
    outer loop
      vertex   1.466023e+02 -1.056813e+02 1.198196e+01
      vertex   1.466362e+02 -1.057053e+02 1.201280e+01
      vertex   1.467625e+02 -1.055544e+02 1.201633e+01
    endloop
  endfacet
  facet normal -1.723161e-01 6.995681e-01 6.934779e-01
    outer loop
      vertex   1.472593e+02 -1.052246e+02 1.195156e+01
      vertex   1.472380e+02 -1.051541e+02 1.187508e+01
      vertex   1.470345e+02 -1.052259e+02 1.189702e+01
    endloop
  endfacet
  facet normal -2.044939e-01 7.652829e-01 6.103477e-01
    outer loop
      vertex   1.470345e+02 -1.052259e+02 1.189702e+01
      vertex   1.472380e+02 -1.051541e+02 1.187508e+01
      vertex   1.470199e+02 -1.051971e+02 1.185594e+01
    endloop
  endfacet
  facet normal -3.524206e-01 7.021066e-01 6.187455e-01
    outer loop
      vertex   1.470345e+02 -1.052259e+02 1.189702e+01
      vertex   1.470199e+02 -1.051971e+02 1.185594e+01
      vertex   1.468280e+02 -1.053061e+02 1.187036e+01
    endloop
  endfacet
  facet normal -3.767253e-01 7.372281e-01 5.608678e-01
    outer loop
      vertex   1.468280e+02 -1.053061e+02 1.187036e+01
      vertex   1.470199e+02 -1.051971e+02 1.185594e+01
      vertex   1.468107e+02 -1.052825e+02 1.182768e+01
    endloop
  endfacet
  facet normal -5.181052e-01 6.418049e-01 5.653791e-01
    outer loop
      vertex   1.468280e+02 -1.053061e+02 1.187036e+01
      vertex   1.468107e+02 -1.052825e+02 1.182768e+01
      vertex   1.466362e+02 -1.054280e+02 1.183294e+01
    endloop
  endfacet
  facet normal -5.458965e-01 6.727539e-01 4.993988e-01
    outer loop
      vertex   1.466362e+02 -1.054280e+02 1.183294e+01
      vertex   1.468107e+02 -1.052825e+02 1.182768e+01
      vertex   1.466179e+02 -1.054097e+02 1.178832e+01
    endloop
  endfacet
  facet normal -6.725367e-01 5.461717e-01 4.993905e-01
    outer loop
      vertex   1.466362e+02 -1.054280e+02 1.183294e+01
      vertex   1.466179e+02 -1.054097e+02 1.178832e+01
      vertex   1.464708e+02 -1.055859e+02 1.178286e+01
    endloop
  endfacet
  facet normal -6.281421e-01 3.131128e-01 7.123186e-01
    outer loop
      vertex   1.465007e+02 -1.058589e+02 1.197043e+01
      vertex   1.466023e+02 -1.056813e+02 1.198196e+01
      vertex   1.464338e+02 -1.058262e+02 1.189710e+01
    endloop
  endfacet
  facet normal -7.745586e-01 2.099872e-01 5.966275e-01
    outer loop
      vertex   1.463318e+02 -1.060192e+02 1.183261e+01
      vertex   1.463620e+02 -1.060291e+02 1.187524e+01
      vertex   1.464338e+02 -1.058262e+02 1.189710e+01
    endloop
  endfacet
  facet normal -6.899265e-01 1.684566e-01 7.040055e-01
    outer loop
      vertex   1.464338e+02 -1.058262e+02 1.189710e+01
      vertex   1.463620e+02 -1.060291e+02 1.187524e+01
      vertex   1.465007e+02 -1.058589e+02 1.197043e+01
    endloop
  endfacet
  facet normal -2.233836e-01 8.098681e-01 5.424144e-01
    outer loop
      vertex   1.472281e+02 -1.051239e+02 1.183244e+01
      vertex   1.470065e+02 -1.051715e+02 1.181231e+01
      vertex   1.470199e+02 -1.051971e+02 1.185594e+01
    endloop
  endfacet
  facet normal -3.780978e-01 7.437866e-01 5.512020e-01
    outer loop
      vertex   1.470199e+02 -1.051971e+02 1.185594e+01
      vertex   1.470065e+02 -1.051715e+02 1.181231e+01
      vertex   1.468107e+02 -1.052825e+02 1.182768e+01
    endloop
  endfacet
  facet normal -5.465768e-01 6.749268e-01 4.957092e-01
    outer loop
      vertex   1.466179e+02 -1.054097e+02 1.178832e+01
      vertex   1.468107e+02 -1.052825e+02 1.182768e+01
      vertex   1.467953e+02 -1.052619e+02 1.178274e+01
    endloop
  endfacet
  facet normal -3.999035e-01 7.739354e-01 4.910205e-01
    outer loop
      vertex   1.467953e+02 -1.052619e+02 1.178274e+01
      vertex   1.468107e+02 -1.052825e+02 1.182768e+01
      vertex   1.470065e+02 -1.051715e+02 1.181231e+01
    endloop
  endfacet
  facet normal -2.053771e-01 7.759723e-01 5.963951e-01
    outer loop
      vertex   1.472380e+02 -1.051541e+02 1.187508e+01
      vertex   1.472281e+02 -1.051239e+02 1.183244e+01
      vertex   1.470199e+02 -1.051971e+02 1.185594e+01
    endloop
  endfacet
  facet normal -7.825543e-02 -9.287947e-01 3.622381e-01
    outer loop
      vertex   1.472008e+02 -1.180007e+02 1.169092e+01
      vertex   1.474278e+02 -1.180345e+02 1.165337e+01
      vertex   1.472087e+02 -1.179822e+02 1.174011e+01
    endloop
  endfacet
  facet normal -5.918466e-02 -9.139612e-01 4.014625e-01
    outer loop
      vertex   1.472087e+02 -1.179822e+02 1.174011e+01
      vertex   1.474278e+02 -1.180345e+02 1.165337e+01
      vertex   1.474422e+02 -1.179774e+02 1.178540e+01
    endloop
  endfacet
  facet normal -6.690702e-02 -8.958129e-01 4.393662e-01
    outer loop
      vertex   1.472087e+02 -1.179822e+02 1.174011e+01
      vertex   1.474422e+02 -1.179774e+02 1.178540e+01
      vertex   1.472173e+02 -1.179596e+02 1.178745e+01
    endloop
  endfacet
  facet normal -6.302703e-02 -8.554212e-01 5.140838e-01
    outer loop
      vertex   1.472173e+02 -1.179596e+02 1.178745e+01
      vertex   1.474422e+02 -1.179774e+02 1.178540e+01
      vertex   1.472267e+02 -1.179332e+02 1.183261e+01
    endloop
  endfacet
  facet normal -2.289877e-01 -8.186064e-01 5.267335e-01
    outer loop
      vertex   1.472173e+02 -1.179596e+02 1.178745e+01
      vertex   1.472267e+02 -1.179332e+02 1.183261e+01
      vertex   1.470190e+02 -1.178600e+02 1.185602e+01
    endloop
  endfacet
  facet normal -2.012150e-01 -7.664207e-01 6.100097e-01
    outer loop
      vertex   1.470190e+02 -1.178600e+02 1.185602e+01
      vertex   1.472267e+02 -1.179332e+02 1.183261e+01
      vertex   1.470337e+02 -1.178312e+02 1.189710e+01
    endloop
  endfacet
  facet normal -3.557363e-01 -7.003596e-01 6.188280e-01
    outer loop
      vertex   1.470190e+02 -1.178600e+02 1.185602e+01
      vertex   1.470337e+02 -1.178312e+02 1.189710e+01
      vertex   1.468453e+02 -1.177236e+02 1.191057e+01
    endloop
  endfacet
  facet normal -3.053872e-01 -6.246990e-01 7.186723e-01
    outer loop
      vertex   1.468453e+02 -1.177236e+02 1.191057e+01
      vertex   1.470337e+02 -1.178312e+02 1.189710e+01
      vertex   1.468888e+02 -1.176627e+02 1.198196e+01
    endloop
  endfacet
  facet normal -4.331065e-01 -5.383821e-01 7.228855e-01
    outer loop
      vertex   1.468453e+02 -1.177236e+02 1.191057e+01
      vertex   1.468888e+02 -1.176627e+02 1.198196e+01
      vertex   1.467325e+02 -1.175318e+02 1.198581e+01
    endloop
  endfacet
  facet normal -3.697689e-01 -4.651542e-01 8.043025e-01
    outer loop
      vertex   1.467325e+02 -1.175318e+02 1.198581e+01
      vertex   1.468888e+02 -1.176627e+02 1.198196e+01
      vertex   1.467619e+02 -1.175025e+02 1.201633e+01
    endloop
  endfacet
  facet normal -4.653152e-01 -3.695472e-01 8.043113e-01
    outer loop
      vertex   1.467325e+02 -1.175318e+02 1.198581e+01
      vertex   1.467619e+02 -1.175025e+02 1.201633e+01
      vertex   1.466351e+02 -1.173506e+02 1.201272e+01
    endloop
  endfacet
  facet normal -4.150112e-01 -3.264641e-01 8.492272e-01
    outer loop
      vertex   1.466351e+02 -1.173506e+02 1.201272e+01
      vertex   1.467619e+02 -1.175025e+02 1.201633e+01
      vertex   1.466711e+02 -1.173254e+02 1.204002e+01
    endloop
  endfacet
  facet normal -4.832184e-01 -2.253262e-01 8.460072e-01
    outer loop
      vertex   1.466351e+02 -1.173506e+02 1.201272e+01
      vertex   1.466711e+02 -1.173254e+02 1.204002e+01
      vertex   1.465777e+02 -1.171613e+02 1.203035e+01
    endloop
  endfacet
  facet normal -3.940401e-01 -1.711846e-01 9.030106e-01
    outer loop
      vertex   1.465777e+02 -1.171613e+02 1.203035e+01
      vertex   1.466711e+02 -1.173254e+02 1.204002e+01
      vertex   1.466635e+02 -1.171221e+02 1.207524e+01
    endloop
  endfacet
  facet normal -4.330568e-01 -7.977598e-02 8.978294e-01
    outer loop
      vertex   1.465777e+02 -1.171613e+02 1.203035e+01
      vertex   1.466635e+02 -1.171221e+02 1.207524e+01
      vertex   1.466065e+02 -1.169591e+02 1.206220e+01
    endloop
  endfacet
  facet normal -2.933434e-01 -2.624448e-02 9.556468e-01
    outer loop
      vertex   1.466065e+02 -1.169591e+02 1.206220e+01
      vertex   1.466635e+02 -1.171221e+02 1.207524e+01
      vertex   1.467052e+02 -1.169352e+02 1.209317e+01
    endloop
  endfacet
  facet normal -3.066842e-01 3.457939e-02 9.511830e-01
    outer loop
      vertex   1.466065e+02 -1.169591e+02 1.206220e+01
      vertex   1.467052e+02 -1.169352e+02 1.209317e+01
      vertex   1.466129e+02 -1.167870e+02 1.205801e+01
    endloop
  endfacet
  facet normal -2.351596e-01 8.323958e-02 9.683858e-01
    outer loop
      vertex   1.466129e+02 -1.167870e+02 1.205801e+01
      vertex   1.467052e+02 -1.169352e+02 1.209317e+01
      vertex   1.467533e+02 -1.167797e+02 1.209149e+01
    endloop
  endfacet
  facet normal -1.405769e-01 5.418951e-02 9.885857e-01
    outer loop
      vertex   1.467533e+02 -1.167797e+02 1.209149e+01
      vertex   1.467052e+02 -1.169352e+02 1.209317e+01
      vertex   1.468080e+02 -1.169117e+02 1.210650e+01
    endloop
  endfacet
  facet normal -6.194043e-03 1.104098e-01 9.938668e-01
    outer loop
      vertex   1.467533e+02 -1.167797e+02 1.209149e+01
      vertex   1.468080e+02 -1.169117e+02 1.210650e+01
      vertex   1.468978e+02 -1.167755e+02 1.209192e+01
    endloop
  endfacet
  facet normal 2.499211e-02 9.003194e-02 9.956253e-01
    outer loop
      vertex   1.468978e+02 -1.167755e+02 1.209192e+01
      vertex   1.468080e+02 -1.169117e+02 1.210650e+01
      vertex   1.469117e+02 -1.168895e+02 1.210188e+01
    endloop
  endfacet
  facet normal 2.771639e-02 7.753287e-02 9.966045e-01
    outer loop
      vertex   1.469117e+02 -1.168895e+02 1.210188e+01
      vertex   1.468080e+02 -1.169117e+02 1.210650e+01
      vertex   1.468507e+02 -1.170400e+02 1.211529e+01
    endloop
  endfacet
  facet normal 2.925862e-02 7.690761e-02 9.966088e-01
    outer loop
      vertex   1.469117e+02 -1.168895e+02 1.210188e+01
      vertex   1.468507e+02 -1.170400e+02 1.211529e+01
      vertex   1.469468e+02 -1.169993e+02 1.210933e+01
    endloop
  endfacet
  facet normal 3.443232e-02 6.478121e-02 9.973053e-01
    outer loop
      vertex   1.469468e+02 -1.169993e+02 1.210933e+01
      vertex   1.468507e+02 -1.170400e+02 1.211529e+01
      vertex   1.469159e+02 -1.171578e+02 1.212069e+01
    endloop
  endfacet
  facet normal 3.543605e-02 6.458435e-02 9.972829e-01
    outer loop
      vertex   1.469468e+02 -1.169993e+02 1.210933e+01
      vertex   1.469159e+02 -1.171578e+02 1.212069e+01
      vertex   1.470016e+02 -1.171003e+02 1.211392e+01
    endloop
  endfacet
  facet normal 4.305621e-02 5.327716e-02 9.976511e-01
    outer loop
      vertex   1.470016e+02 -1.171003e+02 1.211392e+01
      vertex   1.469159e+02 -1.171578e+02 1.212069e+01
      vertex   1.470024e+02 -1.172622e+02 1.212253e+01
    endloop
  endfacet
  facet normal 4.340537e-02 5.327802e-02 9.976359e-01
    outer loop
      vertex   1.470016e+02 -1.171003e+02 1.211392e+01
      vertex   1.470024e+02 -1.172622e+02 1.212253e+01
      vertex   1.470751e+02 -1.171895e+02 1.211548e+01
    endloop
  endfacet
  facet normal 5.320306e-02 4.347240e-02 9.976370e-01
    outer loop
      vertex   1.470751e+02 -1.171895e+02 1.211548e+01
      vertex   1.470024e+02 -1.172622e+02 1.212253e+01
      vertex   1.471638e+02 -1.172627e+02 1.211395e+01
    endloop
  endfacet
  facet normal 5.320276e-02 4.312989e-02 9.976519e-01
    outer loop
      vertex   1.471638e+02 -1.172627e+02 1.211395e+01
      vertex   1.470024e+02 -1.172622e+02 1.212253e+01
      vertex   1.471061e+02 -1.173483e+02 1.212072e+01
    endloop
  endfacet
  facet normal 6.449557e-02 3.548713e-02 9.972868e-01
    outer loop
      vertex   1.471638e+02 -1.172627e+02 1.211395e+01
      vertex   1.471061e+02 -1.173483e+02 1.212072e+01
      vertex   1.472652e+02 -1.173180e+02 1.210936e+01
    endloop
  endfacet
  facet normal 6.468812e-02 3.448249e-02 9.973096e-01
    outer loop
      vertex   1.472652e+02 -1.173180e+02 1.210936e+01
      vertex   1.471061e+02 -1.173483e+02 1.212072e+01
      vertex   1.472245e+02 -1.174141e+02 1.211532e+01
    endloop
  endfacet
  facet normal 7.685718e-02 2.927837e-02 9.966121e-01
    outer loop
      vertex   1.472652e+02 -1.173180e+02 1.210936e+01
      vertex   1.472245e+02 -1.174141e+02 1.211532e+01
      vertex   1.473748e+02 -1.173531e+02 1.210193e+01
    endloop
  endfacet
  facet normal 7.747899e-02 2.774555e-02 9.966078e-01
    outer loop
      vertex   1.473748e+02 -1.173531e+02 1.210193e+01
      vertex   1.472245e+02 -1.174141e+02 1.211532e+01
      vertex   1.473524e+02 -1.174568e+02 1.210656e+01
    endloop
  endfacet
  facet normal 8.996454e-02 2.500802e-02 9.956309e-01
    outer loop
      vertex   1.473748e+02 -1.173531e+02 1.210193e+01
      vertex   1.473524e+02 -1.174568e+02 1.210656e+01
      vertex   1.474895e+02 -1.173672e+02 1.209192e+01
    endloop
  endfacet
  facet normal 1.101649e-01 -6.186957e-03 9.938941e-01
    outer loop
      vertex   1.474895e+02 -1.173672e+02 1.209192e+01
      vertex   1.473524e+02 -1.174568e+02 1.210656e+01
      vertex   1.474853e+02 -1.175117e+02 1.209149e+01
    endloop
  endfacet
  facet normal 5.407861e-02 -1.405361e-01 9.885976e-01
    outer loop
      vertex   1.474853e+02 -1.175117e+02 1.209149e+01
      vertex   1.473524e+02 -1.174568e+02 1.210656e+01
      vertex   1.473288e+02 -1.175595e+02 1.209325e+01
    endloop
  endfacet
  facet normal 8.277103e-02 -2.351456e-01 9.684294e-01
    outer loop
      vertex   1.474853e+02 -1.175117e+02 1.209149e+01
      vertex   1.473288e+02 -1.175595e+02 1.209325e+01
      vertex   1.474780e+02 -1.176521e+02 1.205801e+01
    endloop
  endfacet
  facet normal 3.431830e-02 -3.066194e-01 9.512133e-01
    outer loop
      vertex   1.474780e+02 -1.176521e+02 1.205801e+01
      vertex   1.473288e+02 -1.175595e+02 1.209325e+01
      vertex   1.473048e+02 -1.176582e+02 1.206230e+01
    endloop
  endfacet
  facet normal 3.792446e-02 -4.508754e-01 8.917809e-01
    outer loop
      vertex   1.474780e+02 -1.176521e+02 1.205801e+01
      vertex   1.473048e+02 -1.176582e+02 1.206230e+01
      vertex   1.474680e+02 -1.177810e+02 1.199329e+01
    endloop
  endfacet
  facet normal 2.448098e-02 -4.649368e-01 8.850053e-01
    outer loop
      vertex   1.474680e+02 -1.177810e+02 1.199329e+01
      vertex   1.473048e+02 -1.176582e+02 1.206230e+01
      vertex   1.472809e+02 -1.177501e+02 1.201468e+01
    endloop
  endfacet
  facet normal -6.384897e-04 -5.721462e-01 8.201514e-01
    outer loop
      vertex   1.474680e+02 -1.177810e+02 1.199329e+01
      vertex   1.472809e+02 -1.177501e+02 1.201468e+01
      vertex   1.472693e+02 -1.177926e+02 1.198500e+01
    endloop
  endfacet
  facet normal -1.203194e-01 -5.457679e-01 8.292530e-01
    outer loop
      vertex   1.472693e+02 -1.177926e+02 1.198500e+01
      vertex   1.472809e+02 -1.177501e+02 1.201468e+01
      vertex   1.471029e+02 -1.176870e+02 1.203041e+01
    endloop
  endfacet
  facet normal -1.134859e-01 -5.376822e-01 8.354752e-01
    outer loop
      vertex   1.472693e+02 -1.177926e+02 1.198500e+01
      vertex   1.471029e+02 -1.176870e+02 1.203041e+01
      vertex   1.470843e+02 -1.177268e+02 1.200221e+01
    endloop
  endfacet
  facet normal -2.293982e-01 -4.881204e-01 8.420896e-01
    outer loop
      vertex   1.470843e+02 -1.177268e+02 1.200221e+01
      vertex   1.471029e+02 -1.176870e+02 1.203041e+01
      vertex   1.469380e+02 -1.175928e+02 1.204009e+01
    endloop
  endfacet
  facet normal -2.244572e-01 -4.838078e-01 8.459013e-01
    outer loop
      vertex   1.470843e+02 -1.177268e+02 1.200221e+01
      vertex   1.469380e+02 -1.175928e+02 1.204009e+01
      vertex   1.469128e+02 -1.176288e+02 1.201280e+01
    endloop
  endfacet
  facet normal -3.276469e-01 -4.140031e-01 8.492638e-01
    outer loop
      vertex   1.469128e+02 -1.176288e+02 1.201280e+01
      vertex   1.469380e+02 -1.175928e+02 1.204009e+01
      vertex   1.467930e+02 -1.174714e+02 1.204332e+01
    endloop
  endfacet
  facet normal -3.257932e-01 -4.128407e-01 8.505418e-01
    outer loop
      vertex   1.469128e+02 -1.176288e+02 1.201280e+01
      vertex   1.467930e+02 -1.174714e+02 1.204332e+01
      vertex   1.467619e+02 -1.175025e+02 1.201633e+01
    endloop
  endfacet
  facet normal -4.129779e-01 -3.255982e-01 8.505499e-01
    outer loop
      vertex   1.467619e+02 -1.175025e+02 1.201633e+01
      vertex   1.467930e+02 -1.174714e+02 1.204332e+01
      vertex   1.466711e+02 -1.173254e+02 1.204002e+01
    endloop
  endfacet
  facet normal -3.893479e-02 -8.115566e-01 5.829751e-01
    outer loop
      vertex   1.472267e+02 -1.179332e+02 1.183261e+01
      vertex   1.474422e+02 -1.179774e+02 1.178540e+01
      vertex   1.472366e+02 -1.179030e+02 1.187524e+01
    endloop
  endfacet
  facet normal -2.736848e-02 -7.997674e-01 5.996857e-01
    outer loop
      vertex   1.472366e+02 -1.179030e+02 1.187524e+01
      vertex   1.474422e+02 -1.179774e+02 1.178540e+01
      vertex   1.474558e+02 -1.178914e+02 1.190076e+01
    endloop
  endfacet
  facet normal -4.091826e-02 -7.286352e-01 6.836786e-01
    outer loop
      vertex   1.472366e+02 -1.179030e+02 1.187524e+01
      vertex   1.474558e+02 -1.178914e+02 1.190076e+01
      vertex   1.472580e+02 -1.178325e+02 1.195170e+01
    endloop
  endfacet
  facet normal 5.897797e-03 -6.426699e-01 7.661205e-01
    outer loop
      vertex   1.472580e+02 -1.178325e+02 1.195170e+01
      vertex   1.474558e+02 -1.178914e+02 1.190076e+01
      vertex   1.474680e+02 -1.177810e+02 1.199329e+01
    endloop
  endfacet
  facet normal 5.705229e-03 -6.422023e-01 7.665139e-01
    outer loop
      vertex   1.472580e+02 -1.178325e+02 1.195170e+01
      vertex   1.474680e+02 -1.177810e+02 1.199329e+01
      vertex   1.472693e+02 -1.177926e+02 1.198500e+01
    endloop
  endfacet
  facet normal -4.509016e-01 3.851103e-02 8.917425e-01
    outer loop
      vertex   1.466129e+02 -1.167870e+02 1.205801e+01
      vertex   1.464840e+02 -1.167970e+02 1.199329e+01
      vertex   1.466065e+02 -1.169591e+02 1.206220e+01
    endloop
  endfacet
  facet normal -4.650228e-01 2.495407e-02 8.849470e-01
    outer loop
      vertex   1.466065e+02 -1.169591e+02 1.206220e+01
      vertex   1.464840e+02 -1.167970e+02 1.199329e+01
      vertex   1.465145e+02 -1.169828e+02 1.201457e+01
    endloop
  endfacet
  facet normal -4.428174e-01 -7.766410e-02 8.932419e-01
    outer loop
      vertex   1.466065e+02 -1.169591e+02 1.206220e+01
      vertex   1.465145e+02 -1.169828e+02 1.201457e+01
      vertex   1.465777e+02 -1.171613e+02 1.203035e+01
    endloop
  endfacet
  facet normal -5.367171e-01 -1.159767e-01 8.357537e-01
    outer loop
      vertex   1.465777e+02 -1.171613e+02 1.203035e+01
      vertex   1.465145e+02 -1.169828e+02 1.201457e+01
      vertex   1.465378e+02 -1.171799e+02 1.200215e+01
    endloop
  endfacet
  facet normal -4.893972e-01 -2.268305e-01 8.420441e-01
    outer loop
      vertex   1.465777e+02 -1.171613e+02 1.203035e+01
      vertex   1.465378e+02 -1.171799e+02 1.200215e+01
      vertex   1.466351e+02 -1.173506e+02 1.201272e+01
    endloop
  endfacet
  facet normal -5.422304e-01 -2.596141e-01 7.991162e-01
    outer loop
      vertex   1.466351e+02 -1.173506e+02 1.201272e+01
      vertex   1.465378e+02 -1.171799e+02 1.200215e+01
      vertex   1.466011e+02 -1.173745e+02 1.198188e+01
    endloop
  endfacet
  facet normal -4.674667e-01 -3.704564e-01 8.026438e-01
    outer loop
      vertex   1.466351e+02 -1.173506e+02 1.201272e+01
      vertex   1.466011e+02 -1.173745e+02 1.198188e+01
      vertex   1.467325e+02 -1.175318e+02 1.198581e+01
    endloop
  endfacet
  facet normal -5.373154e-01 -4.307416e-01 7.250888e-01
    outer loop
      vertex   1.467325e+02 -1.175318e+02 1.198581e+01
      vertex   1.466011e+02 -1.173745e+02 1.198188e+01
      vertex   1.466795e+02 -1.175848e+02 1.191506e+01
    endloop
  endfacet
  facet normal -4.304177e-01 -5.376452e-01 7.250367e-01
    outer loop
      vertex   1.467325e+02 -1.175318e+02 1.198581e+01
      vertex   1.466795e+02 -1.175848e+02 1.191506e+01
      vertex   1.468453e+02 -1.177236e+02 1.191057e+01
    endloop
  endfacet
  facet normal -4.875466e-01 -6.028556e-01 6.315564e-01
    outer loop
      vertex   1.468453e+02 -1.177236e+02 1.191057e+01
      vertex   1.466795e+02 -1.175848e+02 1.191506e+01
      vertex   1.468261e+02 -1.177501e+02 1.187046e+01
    endloop
  endfacet
  facet normal -3.497499e-01 -6.960321e-01 6.270680e-01
    outer loop
      vertex   1.468453e+02 -1.177236e+02 1.191057e+01
      vertex   1.468261e+02 -1.177501e+02 1.187046e+01
      vertex   1.470190e+02 -1.178600e+02 1.185602e+01
    endloop
  endfacet
  facet normal -3.815793e-01 -7.419303e-01 5.513044e-01
    outer loop
      vertex   1.470190e+02 -1.178600e+02 1.185602e+01
      vertex   1.468261e+02 -1.177501e+02 1.187046e+01
      vertex   1.470056e+02 -1.178855e+02 1.181240e+01
    endloop
  endfacet
  facet normal -2.198899e-01 -8.110502e-01 5.420757e-01
    outer loop
      vertex   1.470190e+02 -1.178600e+02 1.185602e+01
      vertex   1.470056e+02 -1.178855e+02 1.181240e+01
      vertex   1.472173e+02 -1.179596e+02 1.178745e+01
    endloop
  endfacet
  facet normal -2.462798e-01 -8.566202e-01 4.533742e-01
    outer loop
      vertex   1.472173e+02 -1.179596e+02 1.178745e+01
      vertex   1.470056e+02 -1.178855e+02 1.181240e+01
      vertex   1.472087e+02 -1.179822e+02 1.174011e+01
    endloop
  endfacet
  facet normal -5.722513e-01 -8.702917e-05 8.200783e-01
    outer loop
      vertex   1.465145e+02 -1.169828e+02 1.201457e+01
      vertex   1.464840e+02 -1.167970e+02 1.199329e+01
      vertex   1.464720e+02 -1.169944e+02 1.198488e+01
    endloop
  endfacet
  facet normal -6.427066e-01 6.503715e-03 7.660848e-01
    outer loop
      vertex   1.464720e+02 -1.169944e+02 1.198488e+01
      vertex   1.464840e+02 -1.167970e+02 1.199329e+01
      vertex   1.463736e+02 -1.168092e+02 1.190076e+01
    endloop
  endfacet
  facet normal -6.423742e-01 6.805585e-03 7.663610e-01
    outer loop
      vertex   1.464720e+02 -1.169944e+02 1.198488e+01
      vertex   1.463736e+02 -1.168092e+02 1.190076e+01
      vertex   1.464321e+02 -1.170057e+02 1.195156e+01
    endloop
  endfacet
  facet normal -7.287557e-01 -4.030330e-02 6.835867e-01
    outer loop
      vertex   1.464321e+02 -1.170057e+02 1.195156e+01
      vertex   1.463736e+02 -1.168092e+02 1.190076e+01
      vertex   1.463616e+02 -1.170270e+02 1.187508e+01
    endloop
  endfacet
  facet normal -6.995679e-01 -1.723163e-01 6.934780e-01
    outer loop
      vertex   1.464321e+02 -1.170057e+02 1.195156e+01
      vertex   1.463616e+02 -1.170270e+02 1.187508e+01
      vertex   1.464334e+02 -1.172305e+02 1.189702e+01
    endloop
  endfacet
  facet normal -7.652829e-01 -2.044940e-01 6.103477e-01
    outer loop
      vertex   1.464334e+02 -1.172305e+02 1.189702e+01
      vertex   1.463616e+02 -1.170270e+02 1.187508e+01
      vertex   1.464046e+02 -1.172451e+02 1.185594e+01
    endloop
  endfacet
  facet normal -7.021066e-01 -3.524207e-01 6.187455e-01
    outer loop
      vertex   1.464334e+02 -1.172305e+02 1.189702e+01
      vertex   1.464046e+02 -1.172451e+02 1.185594e+01
      vertex   1.465136e+02 -1.174370e+02 1.187036e+01
    endloop
  endfacet
  facet normal -7.372280e-01 -3.767254e-01 5.608679e-01
    outer loop
      vertex   1.465136e+02 -1.174370e+02 1.187036e+01
      vertex   1.464046e+02 -1.172451e+02 1.185594e+01
      vertex   1.464900e+02 -1.174543e+02 1.182768e+01
    endloop
  endfacet
  facet normal -6.418049e-01 -5.181052e-01 5.653790e-01
    outer loop
      vertex   1.465136e+02 -1.174370e+02 1.187036e+01
      vertex   1.464900e+02 -1.174543e+02 1.182768e+01
      vertex   1.466355e+02 -1.176288e+02 1.183294e+01
    endloop
  endfacet
  facet normal -6.727539e-01 -5.458966e-01 4.993988e-01
    outer loop
      vertex   1.466355e+02 -1.176288e+02 1.183294e+01
      vertex   1.464900e+02 -1.174543e+02 1.182768e+01
      vertex   1.466172e+02 -1.176471e+02 1.178832e+01
    endloop
  endfacet
  facet normal -5.461717e-01 -6.725367e-01 4.993905e-01
    outer loop
      vertex   1.466355e+02 -1.176288e+02 1.183294e+01
      vertex   1.466172e+02 -1.176471e+02 1.178832e+01
      vertex   1.467934e+02 -1.177942e+02 1.178286e+01
    endloop
  endfacet
  facet normal -5.731994e-01 -7.020499e-01 4.225735e-01
    outer loop
      vertex   1.467934e+02 -1.177942e+02 1.178286e+01
      vertex   1.466172e+02 -1.176471e+02 1.178832e+01
      vertex   1.467801e+02 -1.178116e+02 1.173595e+01
    endloop
  endfacet
  facet normal -4.216150e-01 -8.048099e-01 4.177580e-01
    outer loop
      vertex   1.467934e+02 -1.177942e+02 1.178286e+01
      vertex   1.467801e+02 -1.178116e+02 1.173595e+01
      vertex   1.469935e+02 -1.179076e+02 1.176653e+01
    endloop
  endfacet
  facet normal -4.224596e-01 -8.105607e-01 4.056098e-01
    outer loop
      vertex   1.469935e+02 -1.179076e+02 1.176653e+01
      vertex   1.467801e+02 -1.178116e+02 1.173595e+01
      vertex   1.469830e+02 -1.179260e+02 1.171875e+01
    endloop
  endfacet
  facet normal -2.570063e-01 -8.814464e-01 3.962323e-01
    outer loop
      vertex   1.469935e+02 -1.179076e+02 1.176653e+01
      vertex   1.469830e+02 -1.179260e+02 1.171875e+01
      vertex   1.472087e+02 -1.179822e+02 1.174011e+01
    endloop
  endfacet
  facet normal -2.572651e-01 -8.900456e-01 3.763422e-01
    outer loop
      vertex   1.472087e+02 -1.179822e+02 1.174011e+01
      vertex   1.469830e+02 -1.179260e+02 1.171875e+01
      vertex   1.472008e+02 -1.180007e+02 1.169092e+01
    endloop
  endfacet
  facet normal -7.998372e-01 -2.647912e-02 5.996326e-01
    outer loop
      vertex   1.463736e+02 -1.168092e+02 1.190076e+01
      vertex   1.462876e+02 -1.168228e+02 1.178540e+01
      vertex   1.463616e+02 -1.170270e+02 1.187508e+01
    endloop
  endfacet
  facet normal -8.116814e-01 -3.813644e-02 5.828541e-01
    outer loop
      vertex   1.463616e+02 -1.170270e+02 1.187508e+01
      vertex   1.462876e+02 -1.168228e+02 1.178540e+01
      vertex   1.463314e+02 -1.170369e+02 1.183244e+01
    endloop
  endfacet
  facet normal -7.759723e-01 -2.053773e-01 5.963952e-01
    outer loop
      vertex   1.463616e+02 -1.170270e+02 1.187508e+01
      vertex   1.463314e+02 -1.170369e+02 1.183244e+01
      vertex   1.464046e+02 -1.172451e+02 1.185594e+01
    endloop
  endfacet
  facet normal -8.098680e-01 -2.233837e-01 5.424145e-01
    outer loop
      vertex   1.464046e+02 -1.172451e+02 1.185594e+01
      vertex   1.463314e+02 -1.170369e+02 1.183244e+01
      vertex   1.463790e+02 -1.172585e+02 1.181231e+01
    endloop
  endfacet
  facet normal -7.437865e-01 -3.780978e-01 5.512020e-01
    outer loop
      vertex   1.464046e+02 -1.172451e+02 1.185594e+01
      vertex   1.463790e+02 -1.172585e+02 1.181231e+01
      vertex   1.464900e+02 -1.174543e+02 1.182768e+01
    endloop
  endfacet
  facet normal -7.739354e-01 -3.999035e-01 4.910206e-01
    outer loop
      vertex   1.464900e+02 -1.174543e+02 1.182768e+01
      vertex   1.463790e+02 -1.172585e+02 1.181231e+01
      vertex   1.464694e+02 -1.174697e+02 1.178274e+01
    endloop
  endfacet
  facet normal -6.749268e-01 -5.465768e-01 4.957092e-01
    outer loop
      vertex   1.464900e+02 -1.174543e+02 1.182768e+01
      vertex   1.464694e+02 -1.174697e+02 1.178274e+01
      vertex   1.466172e+02 -1.176471e+02 1.178832e+01
    endloop
  endfacet
  facet normal -7.015078e-01 -5.708872e-01 4.265848e-01
    outer loop
      vertex   1.466172e+02 -1.176471e+02 1.178832e+01
      vertex   1.464694e+02 -1.174697e+02 1.178274e+01
      vertex   1.466016e+02 -1.176627e+02 1.174171e+01
    endloop
  endfacet
  facet normal -5.711517e-01 -7.012968e-01 4.265776e-01
    outer loop
      vertex   1.466172e+02 -1.176471e+02 1.178832e+01
      vertex   1.466016e+02 -1.176627e+02 1.174171e+01
      vertex   1.467801e+02 -1.178116e+02 1.173595e+01
    endloop
  endfacet
  facet normal -9.140543e-01 -5.819592e-02 4.013949e-01
    outer loop
      vertex   1.462305e+02 -1.168372e+02 1.165337e+01
      vertex   1.462824e+02 -1.170548e+02 1.173992e+01
      vertex   1.462876e+02 -1.168228e+02 1.178540e+01
    endloop
  endfacet
  facet normal -8.959501e-01 -6.601607e-02 4.392213e-01
    outer loop
      vertex   1.462876e+02 -1.168228e+02 1.178540e+01
      vertex   1.462824e+02 -1.170548e+02 1.173992e+01
      vertex   1.463050e+02 -1.170462e+02 1.178727e+01
    endloop
  endfacet
  facet normal -8.555533e-01 -6.224871e-02 5.139587e-01
    outer loop
      vertex   1.462876e+02 -1.168228e+02 1.178540e+01
      vertex   1.463050e+02 -1.170462e+02 1.178727e+01
      vertex   1.463314e+02 -1.170369e+02 1.183244e+01
    endloop
  endfacet
  facet normal -8.201166e-01 -2.241384e-01 5.264700e-01
    outer loop
      vertex   1.463314e+02 -1.170369e+02 1.183244e+01
      vertex   1.463050e+02 -1.170462e+02 1.178727e+01
      vertex   1.463790e+02 -1.172585e+02 1.181231e+01
    endloop
  endfacet
  facet normal -9.289277e-01 -7.737338e-02 3.620867e-01
    outer loop
      vertex   1.462305e+02 -1.168372e+02 1.165337e+01
      vertex   1.462639e+02 -1.170627e+02 1.169072e+01
      vertex   1.462824e+02 -1.170548e+02 1.173992e+01
    endloop
  endfacet
  facet normal -8.903022e-01 -2.565851e-01 3.761996e-01
    outer loop
      vertex   1.462824e+02 -1.170548e+02 1.173992e+01
      vertex   1.462639e+02 -1.170627e+02 1.169072e+01
      vertex   1.463386e+02 -1.172811e+02 1.171864e+01
    endloop
  endfacet
  facet normal -8.816985e-01 -2.563200e-01 3.961160e-01
    outer loop
      vertex   1.462824e+02 -1.170548e+02 1.173992e+01
      vertex   1.463386e+02 -1.172811e+02 1.171864e+01
      vertex   1.463570e+02 -1.172705e+02 1.176644e+01
    endloop
  endfacet
  facet normal -8.112337e-01 -4.212737e-01 4.054977e-01
    outer loop
      vertex   1.463570e+02 -1.172705e+02 1.176644e+01
      vertex   1.463386e+02 -1.172811e+02 1.171864e+01
      vertex   1.464520e+02 -1.174829e+02 1.173583e+01
    endloop
  endfacet
  facet normal -8.054832e-01 -4.204501e-01 4.176345e-01
    outer loop
      vertex   1.463570e+02 -1.172705e+02 1.176644e+01
      vertex   1.464520e+02 -1.174829e+02 1.173583e+01
      vertex   1.464694e+02 -1.174697e+02 1.178274e+01
    endloop
  endfacet
  facet normal -7.035620e-01 -5.714189e-01 4.224701e-01
    outer loop
      vertex   1.464694e+02 -1.174697e+02 1.178274e+01
      vertex   1.464520e+02 -1.174829e+02 1.173583e+01
      vertex   1.466016e+02 -1.176627e+02 1.174171e+01
    endloop
  endfacet
  facet normal -2.369279e-01 -8.499020e-01 4.706716e-01
    outer loop
      vertex   1.472087e+02 -1.179822e+02 1.174011e+01
      vertex   1.470056e+02 -1.178855e+02 1.181240e+01
      vertex   1.469935e+02 -1.179076e+02 1.176653e+01
    endloop
  endfacet
  facet normal -4.046815e-01 -7.781994e-01 4.802485e-01
    outer loop
      vertex   1.469935e+02 -1.179076e+02 1.176653e+01
      vertex   1.470056e+02 -1.178855e+02 1.181240e+01
      vertex   1.468087e+02 -1.177737e+02 1.182779e+01
    endloop
  endfacet
  facet normal -3.985846e-01 -7.746721e-01 4.909313e-01
    outer loop
      vertex   1.469935e+02 -1.179076e+02 1.176653e+01
      vertex   1.468087e+02 -1.177737e+02 1.182779e+01
      vertex   1.467934e+02 -1.177942e+02 1.178286e+01
    endloop
  endfacet
  facet normal -5.482877e-01 -6.734697e-01 4.958014e-01
    outer loop
      vertex   1.467934e+02 -1.177942e+02 1.178286e+01
      vertex   1.468087e+02 -1.177737e+02 1.182779e+01
      vertex   1.466355e+02 -1.176288e+02 1.183294e+01
    endloop
  endfacet
  facet normal -8.582240e-01 -2.411967e-01 4.530736e-01
    outer loop
      vertex   1.463050e+02 -1.170462e+02 1.178727e+01
      vertex   1.462824e+02 -1.170548e+02 1.173992e+01
      vertex   1.463570e+02 -1.172705e+02 1.176644e+01
    endloop
  endfacet
  facet normal -8.486719e-01 -2.406460e-01 4.710048e-01
    outer loop
      vertex   1.463050e+02 -1.170462e+02 1.178727e+01
      vertex   1.463570e+02 -1.172705e+02 1.176644e+01
      vertex   1.463790e+02 -1.172585e+02 1.181231e+01
    endloop
  endfacet
  facet normal -7.801599e-01 -4.010412e-01 4.801214e-01
    outer loop
      vertex   1.463790e+02 -1.172585e+02 1.181231e+01
      vertex   1.463570e+02 -1.172705e+02 1.176644e+01
      vertex   1.464694e+02 -1.174697e+02 1.178274e+01
    endloop
  endfacet
  facet normal -3.755007e-01 -7.379309e-01 5.607649e-01
    outer loop
      vertex   1.468087e+02 -1.177737e+02 1.182779e+01
      vertex   1.470056e+02 -1.178855e+02 1.181240e+01
      vertex   1.468261e+02 -1.177501e+02 1.187046e+01
    endloop
  endfacet
  facet normal -5.175899e-01 -6.393378e-01 5.686368e-01
    outer loop
      vertex   1.466355e+02 -1.176288e+02 1.183294e+01
      vertex   1.468087e+02 -1.177737e+02 1.182779e+01
      vertex   1.466563e+02 -1.176080e+02 1.187529e+01
    endloop
  endfacet
  facet normal -5.197423e-01 -6.404078e-01 5.654606e-01
    outer loop
      vertex   1.466563e+02 -1.176080e+02 1.187529e+01
      vertex   1.468087e+02 -1.177737e+02 1.182779e+01
      vertex   1.468261e+02 -1.177501e+02 1.187046e+01
    endloop
  endfacet
  facet normal -4.853915e-01 -6.016906e-01 6.343213e-01
    outer loop
      vertex   1.466563e+02 -1.176080e+02 1.187529e+01
      vertex   1.468261e+02 -1.177501e+02 1.187046e+01
      vertex   1.466795e+02 -1.175848e+02 1.191506e+01
    endloop
  endfacet
  facet normal -6.395542e-01 -5.173126e-01 5.686459e-01
    outer loop
      vertex   1.466355e+02 -1.176288e+02 1.183294e+01
      vertex   1.466563e+02 -1.176080e+02 1.187529e+01
      vertex   1.465136e+02 -1.174370e+02 1.187036e+01
    endloop
  endfacet
  facet normal -6.041865e-01 -4.859891e-01 6.314850e-01
    outer loop
      vertex   1.465136e+02 -1.174370e+02 1.187036e+01
      vertex   1.466563e+02 -1.176080e+02 1.187529e+01
      vertex   1.465401e+02 -1.174179e+02 1.191047e+01
    endloop
  endfacet
  facet normal -6.953575e-01 -3.508889e-01 6.271801e-01
    outer loop
      vertex   1.465136e+02 -1.174370e+02 1.187036e+01
      vertex   1.465401e+02 -1.174179e+02 1.191047e+01
      vertex   1.464334e+02 -1.172305e+02 1.189702e+01
    endloop
  endfacet
  facet normal -6.307362e-01 -3.079883e-01 7.122606e-01
    outer loop
      vertex   1.464334e+02 -1.172305e+02 1.189702e+01
      vertex   1.465401e+02 -1.174179e+02 1.191047e+01
      vertex   1.465003e+02 -1.171978e+02 1.197037e+01
    endloop
  endfacet
  facet normal -6.875549e-01 -1.749790e-01 7.047344e-01
    outer loop
      vertex   1.464334e+02 -1.172305e+02 1.189702e+01
      vertex   1.465003e+02 -1.171978e+02 1.197037e+01
      vertex   1.464321e+02 -1.170057e+02 1.195156e+01
    endloop
  endfacet
  facet normal -6.111556e-01 -1.406043e-01 7.789218e-01
    outer loop
      vertex   1.464321e+02 -1.170057e+02 1.195156e+01
      vertex   1.465003e+02 -1.171978e+02 1.197037e+01
      vertex   1.464720e+02 -1.169944e+02 1.198488e+01
    endloop
  endfacet
  facet normal -6.019005e-01 -4.851190e-01 6.343306e-01
    outer loop
      vertex   1.465401e+02 -1.174179e+02 1.191047e+01
      vertex   1.466563e+02 -1.176080e+02 1.187529e+01
      vertex   1.466795e+02 -1.175848e+02 1.191506e+01
    endloop
  endfacet
  facet normal -1.801938e-01 -6.972970e-01 6.937630e-01
    outer loop
      vertex   1.472580e+02 -1.178325e+02 1.195170e+01
      vertex   1.470664e+02 -1.177643e+02 1.197043e+01
      vertex   1.472366e+02 -1.179030e+02 1.187524e+01
    endloop
  endfacet
  facet normal -1.684566e-01 -6.899263e-01 7.040057e-01
    outer loop
      vertex   1.472366e+02 -1.179030e+02 1.187524e+01
      vertex   1.470664e+02 -1.177643e+02 1.197043e+01
      vertex   1.470337e+02 -1.178312e+02 1.189710e+01
    endloop
  endfacet
  facet normal -2.099874e-01 -7.745585e-01 5.966275e-01
    outer loop
      vertex   1.472366e+02 -1.179030e+02 1.187524e+01
      vertex   1.470337e+02 -1.178312e+02 1.189710e+01
      vertex   1.472267e+02 -1.179332e+02 1.183261e+01
    endloop
  endfacet
  facet normal -3.131130e-01 -6.281420e-01 7.123186e-01
    outer loop
      vertex   1.470337e+02 -1.178312e+02 1.189710e+01
      vertex   1.470664e+02 -1.177643e+02 1.197043e+01
      vertex   1.468888e+02 -1.176627e+02 1.198196e+01
    endloop
  endfacet
  facet normal -2.586855e-01 -5.428406e-01 7.990031e-01
    outer loop
      vertex   1.468888e+02 -1.176627e+02 1.198196e+01
      vertex   1.470664e+02 -1.177643e+02 1.197043e+01
      vertex   1.469128e+02 -1.176288e+02 1.201280e+01
    endloop
  endfacet
  facet normal -3.717415e-01 -4.663692e-01 8.026880e-01
    outer loop
      vertex   1.468888e+02 -1.176627e+02 1.198196e+01
      vertex   1.469128e+02 -1.176288e+02 1.201280e+01
      vertex   1.467619e+02 -1.175025e+02 1.201633e+01
    endloop
  endfacet
  facet normal -1.444544e-01 -6.100397e-01 7.790921e-01
    outer loop
      vertex   1.472693e+02 -1.177926e+02 1.198500e+01
      vertex   1.470843e+02 -1.177268e+02 1.200221e+01
      vertex   1.472580e+02 -1.178325e+02 1.195170e+01
    endloop
  endfacet
  facet normal -1.370472e-01 -6.016127e-01 7.869436e-01
    outer loop
      vertex   1.472580e+02 -1.178325e+02 1.195170e+01
      vertex   1.470843e+02 -1.177268e+02 1.200221e+01
      vertex   1.470664e+02 -1.177643e+02 1.197043e+01
    endloop
  endfacet
  facet normal -2.639825e-01 -5.473390e-01 7.941872e-01
    outer loop
      vertex   1.470843e+02 -1.177268e+02 1.200221e+01
      vertex   1.469128e+02 -1.176288e+02 1.201280e+01
      vertex   1.470664e+02 -1.177643e+02 1.197043e+01
    endloop
  endfacet
  facet normal -5.400708e-01 -4.310581e-01 7.228502e-01
    outer loop
      vertex   1.465401e+02 -1.174179e+02 1.191047e+01
      vertex   1.466795e+02 -1.175848e+02 1.191506e+01
      vertex   1.466011e+02 -1.173745e+02 1.198188e+01
    endloop
  endfacet
  facet normal -6.228684e-01 -3.083917e-01 7.189782e-01
    outer loop
      vertex   1.465401e+02 -1.174179e+02 1.191047e+01
      vertex   1.466011e+02 -1.173745e+02 1.198188e+01
      vertex   1.465003e+02 -1.171978e+02 1.197037e+01
    endloop
  endfacet
  facet normal -5.487378e-01 -2.612124e-01 7.941379e-01
    outer loop
      vertex   1.465003e+02 -1.171978e+02 1.197037e+01
      vertex   1.466011e+02 -1.173745e+02 1.198188e+01
      vertex   1.465378e+02 -1.171799e+02 1.200215e+01
    endloop
  endfacet
  facet normal -6.006009e-01 -1.397299e-01 7.872446e-01
    outer loop
      vertex   1.465003e+02 -1.171978e+02 1.197037e+01
      vertex   1.465378e+02 -1.171799e+02 1.200215e+01
      vertex   1.464720e+02 -1.169944e+02 1.198488e+01
    endloop
  endfacet
  facet normal -5.467827e-01 -1.167446e-01 8.290955e-01
    outer loop
      vertex   1.464720e+02 -1.169944e+02 1.198488e+01
      vertex   1.465378e+02 -1.171799e+02 1.200215e+01
      vertex   1.465145e+02 -1.169828e+02 1.201457e+01
    endloop
  endfacet
  facet normal -7.500601e-02 -4.349711e-01 8.973150e-01
    outer loop
      vertex   1.471029e+02 -1.176870e+02 1.203041e+01
      vertex   1.472809e+02 -1.177501e+02 1.201468e+01
      vertex   1.471422e+02 -1.176011e+02 1.207529e+01
    endloop
  endfacet
  facet normal -8.348413e-02 -4.413032e-01 8.934662e-01
    outer loop
      vertex   1.471422e+02 -1.176011e+02 1.207529e+01
      vertex   1.472809e+02 -1.177501e+02 1.201468e+01
      vertex   1.473048e+02 -1.176582e+02 1.206230e+01
    endloop
  endfacet
  facet normal -2.435795e-02 -2.873837e-01 9.575058e-01
    outer loop
      vertex   1.471422e+02 -1.176011e+02 1.207529e+01
      vertex   1.473048e+02 -1.176582e+02 1.206230e+01
      vertex   1.471831e+02 -1.175093e+02 1.210388e+01
    endloop
  endfacet
  facet normal -3.082078e-02 -2.922077e-01 9.558581e-01
    outer loop
      vertex   1.471831e+02 -1.175093e+02 1.210388e+01
      vertex   1.473048e+02 -1.176582e+02 1.206230e+01
      vertex   1.473288e+02 -1.175595e+02 1.209325e+01
    endloop
  endfacet
  facet normal 2.727260e-02 -1.308260e-01 9.910302e-01
    outer loop
      vertex   1.471831e+02 -1.175093e+02 1.210388e+01
      vertex   1.473288e+02 -1.175595e+02 1.209325e+01
      vertex   1.472245e+02 -1.174141e+02 1.211532e+01
    endloop
  endfacet
  facet normal 2.317079e-02 -1.337274e-01 9.907472e-01
    outer loop
      vertex   1.472245e+02 -1.174141e+02 1.211532e+01
      vertex   1.473288e+02 -1.175595e+02 1.209325e+01
      vertex   1.473524e+02 -1.174568e+02 1.210656e+01
    endloop
  endfacet
  facet normal -1.692030e-01 -3.892467e-01 9.054598e-01
    outer loop
      vertex   1.469380e+02 -1.175928e+02 1.204009e+01
      vertex   1.471029e+02 -1.176870e+02 1.203041e+01
      vertex   1.469916e+02 -1.175156e+02 1.208328e+01
    endloop
  endfacet
  facet normal -1.749677e-01 -3.922516e-01 9.030642e-01
    outer loop
      vertex   1.469916e+02 -1.175156e+02 1.208328e+01
      vertex   1.471029e+02 -1.176870e+02 1.203041e+01
      vertex   1.471422e+02 -1.176011e+02 1.207529e+01
    endloop
  endfacet
  facet normal -9.313525e-02 -2.538357e-01 9.627530e-01
    outer loop
      vertex   1.469916e+02 -1.175156e+02 1.208328e+01
      vertex   1.471422e+02 -1.176011e+02 1.207529e+01
      vertex   1.470482e+02 -1.174333e+02 1.211043e+01
    endloop
  endfacet
  facet normal -9.755433e-02 -2.560948e-01 9.617165e-01
    outer loop
      vertex   1.470482e+02 -1.174333e+02 1.211043e+01
      vertex   1.471422e+02 -1.176011e+02 1.207529e+01
      vertex   1.471831e+02 -1.175093e+02 1.210388e+01
    endloop
  endfacet
  facet normal -1.406549e-02 -1.106331e-01 9.937618e-01
    outer loop
      vertex   1.470482e+02 -1.174333e+02 1.211043e+01
      vertex   1.471831e+02 -1.175093e+02 1.210388e+01
      vertex   1.471061e+02 -1.173483e+02 1.212072e+01
    endloop
  endfacet
  facet normal -1.686803e-02 -1.119530e-01 9.935703e-01
    outer loop
      vertex   1.471061e+02 -1.173483e+02 1.212072e+01
      vertex   1.471831e+02 -1.175093e+02 1.210388e+01
      vertex   1.472245e+02 -1.174141e+02 1.211532e+01
    endloop
  endfacet
  facet normal -2.551879e-01 -3.290409e-01 9.091816e-01
    outer loop
      vertex   1.467930e+02 -1.174714e+02 1.204332e+01
      vertex   1.469380e+02 -1.175928e+02 1.204009e+01
      vertex   1.468594e+02 -1.174051e+02 1.208595e+01
    endloop
  endfacet
  facet normal -2.572439e-01 -3.297017e-01 9.083625e-01
    outer loop
      vertex   1.468594e+02 -1.174051e+02 1.208595e+01
      vertex   1.469380e+02 -1.175928e+02 1.204009e+01
      vertex   1.469916e+02 -1.175156e+02 1.208328e+01
    endloop
  endfacet
  facet normal -1.558967e-01 -2.098240e-01 9.652306e-01
    outer loop
      vertex   1.468594e+02 -1.174051e+02 1.208595e+01
      vertex   1.469916e+02 -1.175156e+02 1.208328e+01
      vertex   1.469298e+02 -1.173347e+02 1.211262e+01
    endloop
  endfacet
  facet normal -1.574777e-01 -2.103056e-01 9.648691e-01
    outer loop
      vertex   1.469298e+02 -1.173347e+02 1.211262e+01
      vertex   1.469916e+02 -1.175156e+02 1.208328e+01
      vertex   1.470482e+02 -1.174333e+02 1.211043e+01
    endloop
  endfacet
  facet normal -5.177298e-02 -8.417714e-02 9.951049e-01
    outer loop
      vertex   1.469298e+02 -1.173347e+02 1.211262e+01
      vertex   1.470482e+02 -1.174333e+02 1.211043e+01
      vertex   1.470024e+02 -1.172622e+02 1.212253e+01
    endloop
  endfacet
  facet normal -5.277350e-02 -8.443936e-02 9.950301e-01
    outer loop
      vertex   1.470024e+02 -1.172622e+02 1.212253e+01
      vertex   1.470482e+02 -1.174333e+02 1.211043e+01
      vertex   1.471061e+02 -1.173483e+02 1.212072e+01
    endloop
  endfacet
  facet normal -3.308950e-01 -2.557595e-01 9.083477e-01
    outer loop
      vertex   1.466711e+02 -1.173254e+02 1.204002e+01
      vertex   1.467930e+02 -1.174714e+02 1.204332e+01
      vertex   1.467484e+02 -1.172719e+02 1.208323e+01
    endloop
  endfacet
  facet normal -3.287429e-01 -2.554515e-01 9.092154e-01
    outer loop
      vertex   1.467484e+02 -1.172719e+02 1.208323e+01
      vertex   1.467930e+02 -1.174714e+02 1.204332e+01
      vertex   1.468594e+02 -1.174051e+02 1.208595e+01
    endloop
  endfacet
  facet normal -2.112107e-01 -1.563340e-01 9.648573e-01
    outer loop
      vertex   1.467484e+02 -1.172719e+02 1.208323e+01
      vertex   1.468594e+02 -1.174051e+02 1.208595e+01
      vertex   1.468307e+02 -1.172155e+02 1.211039e+01
    endloop
  endfacet
  facet normal -2.095525e-01 -1.561340e-01 9.652512e-01
    outer loop
      vertex   1.468307e+02 -1.172155e+02 1.211039e+01
      vertex   1.468594e+02 -1.174051e+02 1.208595e+01
      vertex   1.469298e+02 -1.173347e+02 1.211262e+01
    endloop
  endfacet
  facet normal -8.501472e-02 -5.203491e-02 9.950200e-01
    outer loop
      vertex   1.468307e+02 -1.172155e+02 1.211039e+01
      vertex   1.469298e+02 -1.173347e+02 1.211262e+01
      vertex   1.469159e+02 -1.171578e+02 1.212069e+01
    endloop
  endfacet
  facet normal -8.396842e-02 -5.195698e-02 9.951129e-01
    outer loop
      vertex   1.469159e+02 -1.171578e+02 1.212069e+01
      vertex   1.469298e+02 -1.173347e+02 1.211262e+01
      vertex   1.470024e+02 -1.172622e+02 1.212253e+01
    endloop
  endfacet
  facet normal -3.877753e-01 -1.714122e-01 9.056755e-01
    outer loop
      vertex   1.466711e+02 -1.173254e+02 1.204002e+01
      vertex   1.467484e+02 -1.172719e+02 1.208323e+01
      vertex   1.466635e+02 -1.171221e+02 1.207524e+01
    endloop
  endfacet
  facet normal -2.574532e-01 -9.459316e-02 9.616496e-01
    outer loop
      vertex   1.466635e+02 -1.171221e+02 1.207524e+01
      vertex   1.467484e+02 -1.172719e+02 1.208323e+01
      vertex   1.467554e+02 -1.170813e+02 1.210384e+01
    endloop
  endfacet
  facet normal -2.858101e-01 -2.813790e-02 9.578731e-01
    outer loop
      vertex   1.466635e+02 -1.171221e+02 1.207524e+01
      vertex   1.467554e+02 -1.170813e+02 1.210384e+01
      vertex   1.467052e+02 -1.169352e+02 1.209317e+01
    endloop
  endfacet
  facet normal -1.344525e-01 2.620124e-02 9.905736e-01
    outer loop
      vertex   1.467052e+02 -1.169352e+02 1.209317e+01
      vertex   1.467554e+02 -1.170813e+02 1.210384e+01
      vertex   1.468080e+02 -1.169117e+02 1.210650e+01
    endloop
  endfacet
  facet normal -2.526208e-01 -9.490526e-02 9.628997e-01
    outer loop
      vertex   1.467554e+02 -1.170813e+02 1.210384e+01
      vertex   1.467484e+02 -1.172719e+02 1.208323e+01
      vertex   1.468307e+02 -1.172155e+02 1.211039e+01
    endloop
  endfacet
  facet normal -1.097897e-01 -1.527420e-02 9.938375e-01
    outer loop
      vertex   1.469159e+02 -1.171578e+02 1.212069e+01
      vertex   1.468507e+02 -1.170400e+02 1.211529e+01
      vertex   1.468307e+02 -1.172155e+02 1.211039e+01
    endloop
  endfacet
  facet normal -1.128265e-01 -1.492009e-02 9.935027e-01
    outer loop
      vertex   1.468307e+02 -1.172155e+02 1.211039e+01
      vertex   1.468507e+02 -1.170400e+02 1.211529e+01
      vertex   1.467554e+02 -1.170813e+02 1.210384e+01
    endloop
  endfacet
  facet normal -1.297423e-01 2.472989e-02 9.912393e-01
    outer loop
      vertex   1.468507e+02 -1.170400e+02 1.211529e+01
      vertex   1.468080e+02 -1.169117e+02 1.210650e+01
      vertex   1.467554e+02 -1.170813e+02 1.210384e+01
    endloop
  endfacet
  facet normal 2.411124e-02 -8.481997e-02 9.961045e-01
    outer loop
      vertex   1.468647e+02 -1.075938e+02 1.198102e+01
      vertex   1.468978e+02 -1.062820e+02 1.209192e+01
      vertex   1.467561e+02 -1.075968e+02 1.198339e+01
    endloop
  endfacet
  facet normal -5.361682e-03 -8.168769e-02 9.966436e-01
    outer loop
      vertex   1.467561e+02 -1.075968e+02 1.198339e+01
      vertex   1.468978e+02 -1.062820e+02 1.209192e+01
      vertex   1.467533e+02 -1.062778e+02 1.209149e+01
    endloop
  endfacet
  facet normal -1.493184e-01 -8.107431e-02 9.854598e-01
    outer loop
      vertex   1.467561e+02 -1.075968e+02 1.198339e+01
      vertex   1.467533e+02 -1.062778e+02 1.209149e+01
      vertex   1.466488e+02 -1.075933e+02 1.196742e+01
    endloop
  endfacet
  facet normal -2.348344e-01 -7.275659e-02 9.693087e-01
    outer loop
      vertex   1.466488e+02 -1.075933e+02 1.196742e+01
      vertex   1.467533e+02 -1.062778e+02 1.209149e+01
      vertex   1.466129e+02 -1.062705e+02 1.205801e+01
    endloop
  endfacet
  facet normal -3.184870e-01 -7.336865e-02 9.450836e-01
    outer loop
      vertex   1.466488e+02 -1.075933e+02 1.196742e+01
      vertex   1.466129e+02 -1.062705e+02 1.205801e+01
      vertex   1.465459e+02 -1.075886e+02 1.193312e+01
    endloop
  endfacet
  facet normal -4.518010e-01 -6.137809e-02 8.900048e-01
    outer loop
      vertex   1.465459e+02 -1.075886e+02 1.193312e+01
      vertex   1.466129e+02 -1.062705e+02 1.205801e+01
      vertex   1.464840e+02 -1.062605e+02 1.199329e+01
    endloop
  endfacet
  facet normal -4.772156e-01 -6.195558e-02 8.765996e-01
    outer loop
      vertex   1.465459e+02 -1.075886e+02 1.193312e+01
      vertex   1.464840e+02 -1.062605e+02 1.199329e+01
      vertex   1.464506e+02 -1.075828e+02 1.188162e+01
    endloop
  endfacet
  facet normal -6.223395e-01 -5.022227e-02 7.811346e-01
    outer loop
      vertex   1.464506e+02 -1.075828e+02 1.188162e+01
      vertex   1.464840e+02 -1.062605e+02 1.199329e+01
      vertex   1.463656e+02 -1.075761e+02 1.181438e+01
    endloop
  endfacet
  facet normal -6.220281e-01 -3.587158e-02 7.821728e-01
    outer loop
      vertex   1.464506e+02 -1.075828e+02 1.188162e+01
      vertex   1.463656e+02 -1.075761e+02 1.181438e+01
      vertex   1.463417e+02 -1.089006e+02 1.173462e+01
    endloop
  endfacet
  facet normal -7.477563e-01 -2.645310e-02 6.634461e-01
    outer loop
      vertex   1.463417e+02 -1.089006e+02 1.173462e+01
      vertex   1.463656e+02 -1.075761e+02 1.181438e+01
      vertex   1.462697e+02 -1.088957e+02 1.165359e+01
    endloop
  endfacet
  facet normal -7.476030e-01 -1.582249e-02 6.639574e-01
    outer loop
      vertex   1.463417e+02 -1.089006e+02 1.173462e+01
      vertex   1.462697e+02 -1.088957e+02 1.165359e+01
      vertex   1.462553e+02 -1.102226e+02 1.160585e+01
    endloop
  endfacet
  facet normal -8.514538e-01 -9.678592e-03 5.243403e-01
    outer loop
      vertex   1.462553e+02 -1.102226e+02 1.160585e+01
      vertex   1.462697e+02 -1.088957e+02 1.165359e+01
      vertex   1.461984e+02 -1.102200e+02 1.151345e+01
    endloop
  endfacet
  facet normal -8.514072e-01 -3.159381e-03 5.244958e-01
    outer loop
      vertex   1.462553e+02 -1.102226e+02 1.160585e+01
      vertex   1.461984e+02 -1.102200e+02 1.151345e+01
      vertex   1.461937e+02 -1.115496e+02 1.149784e+01
    endloop
  endfacet
  facet normal -9.292448e-01 -1.065072e-03 3.694631e-01
    outer loop
      vertex   1.461937e+02 -1.115496e+02 1.149784e+01
      vertex   1.461984e+02 -1.102200e+02 1.151345e+01
      vertex   1.461536e+02 -1.115287e+02 1.139697e+01
    endloop
  endfacet
  facet normal -9.290908e-01 1.100309e-03 3.698500e-01
    outer loop
      vertex   1.461937e+02 -1.115496e+02 1.149784e+01
      vertex   1.461536e+02 -1.115287e+02 1.139697e+01
      vertex   1.461584e+02 -1.128559e+02 1.141299e+01
    endloop
  endfacet
  facet normal -6.445784e-01 -4.577753e-02 7.631665e-01
    outer loop
      vertex   1.464840e+02 -1.062605e+02 1.199329e+01
      vertex   1.463736e+02 -1.062483e+02 1.190076e+01
      vertex   1.463656e+02 -1.075761e+02 1.181438e+01
    endloop
  endfacet
  facet normal -7.480508e-01 -3.860659e-02 6.625176e-01
    outer loop
      vertex   1.463656e+02 -1.075761e+02 1.181438e+01
      vertex   1.463736e+02 -1.062483e+02 1.190076e+01
      vertex   1.462936e+02 -1.075687e+02 1.173350e+01
    endloop
  endfacet
  facet normal -7.477941e-01 -2.644520e-02 6.634038e-01
    outer loop
      vertex   1.463656e+02 -1.075761e+02 1.181438e+01
      vertex   1.462936e+02 -1.075687e+02 1.173350e+01
      vertex   1.462697e+02 -1.088957e+02 1.165359e+01
    endloop
  endfacet
  facet normal -8.515588e-01 -1.617718e-02 5.240095e-01
    outer loop
      vertex   1.462697e+02 -1.088957e+02 1.165359e+01
      vertex   1.462936e+02 -1.075687e+02 1.173350e+01
      vertex   1.462128e+02 -1.088904e+02 1.156130e+01
    endloop
  endfacet
  facet normal -8.514650e-01 -9.676070e-03 5.243221e-01
    outer loop
      vertex   1.462697e+02 -1.088957e+02 1.165359e+01
      vertex   1.462128e+02 -1.088904e+02 1.156130e+01
      vertex   1.461984e+02 -1.102200e+02 1.151345e+01
    endloop
  endfacet
  facet normal -9.292424e-01 -3.264036e-03 3.694563e-01
    outer loop
      vertex   1.461984e+02 -1.102200e+02 1.151345e+01
      vertex   1.462128e+02 -1.088904e+02 1.156130e+01
      vertex   1.461584e+02 -1.102016e+02 1.141299e+01
    endloop
  endfacet
  facet normal -9.291108e-01 -1.099632e-03 3.697999e-01
    outer loop
      vertex   1.461984e+02 -1.102200e+02 1.151345e+01
      vertex   1.461584e+02 -1.102016e+02 1.141299e+01
      vertex   1.461536e+02 -1.115287e+02 1.139697e+01
    endloop
  endfacet
  facet normal -8.028489e-01 -2.680676e-02 5.955796e-01
    outer loop
      vertex   1.463736e+02 -1.062483e+02 1.190076e+01
      vertex   1.462876e+02 -1.062347e+02 1.178540e+01
      vertex   1.462936e+02 -1.075687e+02 1.173350e+01
    endloop
  endfacet
  facet normal -8.517460e-01 -2.421978e-02 5.233949e-01
    outer loop
      vertex   1.462936e+02 -1.075687e+02 1.173350e+01
      vertex   1.462876e+02 -1.062347e+02 1.178540e+01
      vertex   1.462368e+02 -1.075608e+02 1.164137e+01
    endloop
  endfacet
  facet normal -8.515768e-01 -1.617229e-02 5.239804e-01
    outer loop
      vertex   1.462936e+02 -1.075687e+02 1.173350e+01
      vertex   1.462368e+02 -1.075608e+02 1.164137e+01
      vertex   1.462128e+02 -1.088904e+02 1.156130e+01
    endloop
  endfacet
  facet normal -9.292575e-01 -5.458910e-03 3.693923e-01
    outer loop
      vertex   1.462128e+02 -1.088904e+02 1.156130e+01
      vertex   1.462368e+02 -1.075608e+02 1.164137e+01
      vertex   1.461728e+02 -1.088745e+02 1.146107e+01
    endloop
  endfacet
  facet normal -9.291486e-01 -3.294572e-03 3.696919e-01
    outer loop
      vertex   1.462128e+02 -1.088904e+02 1.156130e+01
      vertex   1.461728e+02 -1.088745e+02 1.146107e+01
      vertex   1.461584e+02 -1.102016e+02 1.141299e+01
    endloop
  endfacet
  facet normal -9.182213e-01 -7.835591e-03 3.959902e-01
    outer loop
      vertex   1.462876e+02 -1.062347e+02 1.178540e+01
      vertex   1.462305e+02 -1.062203e+02 1.165337e+01
      vertex   1.462368e+02 -1.075608e+02 1.164137e+01
    endloop
  endfacet
  facet normal -9.292900e-01 -7.648243e-03 3.692718e-01
    outer loop
      vertex   1.462368e+02 -1.075608e+02 1.164137e+01
      vertex   1.462305e+02 -1.062203e+02 1.165337e+01
      vertex   1.461969e+02 -1.075474e+02 1.154119e+01
    endloop
  endfacet
  facet normal -9.292039e-01 -5.479993e-03 3.695269e-01
    outer loop
      vertex   1.462368e+02 -1.075608e+02 1.164137e+01
      vertex   1.461969e+02 -1.075474e+02 1.154119e+01
      vertex   1.461728e+02 -1.088745e+02 1.146107e+01
    endloop
  endfacet
  facet normal -9.292265e-01 1.126130e-03 3.695089e-01
    outer loop
      vertex   1.461937e+02 -1.115496e+02 1.149784e+01
      vertex   1.461584e+02 -1.128559e+02 1.141299e+01
      vertex   1.461986e+02 -1.128688e+02 1.151421e+01
    endloop
  endfacet
  facet normal -9.291268e-01 3.296793e-03 3.697466e-01
    outer loop
      vertex   1.461986e+02 -1.128688e+02 1.151421e+01
      vertex   1.461584e+02 -1.128559e+02 1.141299e+01
      vertex   1.461728e+02 -1.141830e+02 1.146107e+01
    endloop
  endfacet
  facet normal -9.292261e-01 3.308846e-03 3.694968e-01
    outer loop
      vertex   1.461986e+02 -1.128688e+02 1.151421e+01
      vertex   1.461728e+02 -1.141830e+02 1.146107e+01
      vertex   1.462131e+02 -1.141880e+02 1.156231e+01
    endloop
  endfacet
  facet normal -9.291804e-01 5.483980e-03 3.695859e-01
    outer loop
      vertex   1.462131e+02 -1.141880e+02 1.156231e+01
      vertex   1.461728e+02 -1.141830e+02 1.146107e+01
      vertex   1.461969e+02 -1.155101e+02 1.154119e+01
    endloop
  endfacet
  facet normal -9.292429e-01 5.487254e-03 3.694288e-01
    outer loop
      vertex   1.462131e+02 -1.141880e+02 1.156231e+01
      vertex   1.461969e+02 -1.155101e+02 1.154119e+01
      vertex   1.462370e+02 -1.155072e+02 1.164213e+01
    endloop
  endfacet
  facet normal -9.292513e-01 7.657441e-03 3.693690e-01
    outer loop
      vertex   1.462370e+02 -1.155072e+02 1.164213e+01
      vertex   1.461969e+02 -1.155101e+02 1.154119e+01
      vertex   1.462305e+02 -1.168372e+02 1.165337e+01
    endloop
  endfacet
  facet normal -9.182211e-01 7.828555e-03 3.959908e-01
    outer loop
      vertex   1.462370e+02 -1.155072e+02 1.164213e+01
      vertex   1.462305e+02 -1.168372e+02 1.165337e+01
      vertex   1.462876e+02 -1.168228e+02 1.178540e+01
    endloop
  endfacet
  facet normal -8.517473e-01 2.425749e-02 5.233910e-01
    outer loop
      vertex   1.462370e+02 -1.155072e+02 1.164213e+01
      vertex   1.462876e+02 -1.168228e+02 1.178540e+01
      vertex   1.462938e+02 -1.154992e+02 1.173426e+01
    endloop
  endfacet
  facet normal -8.028492e-01 2.681544e-02 5.955788e-01
    outer loop
      vertex   1.462938e+02 -1.154992e+02 1.173426e+01
      vertex   1.462876e+02 -1.168228e+02 1.178540e+01
      vertex   1.463736e+02 -1.168092e+02 1.190076e+01
    endloop
  endfacet
  facet normal -7.480528e-01 3.866038e-02 6.625122e-01
    outer loop
      vertex   1.462938e+02 -1.154992e+02 1.173426e+01
      vertex   1.463736e+02 -1.168092e+02 1.190076e+01
      vertex   1.463659e+02 -1.154918e+02 1.181513e+01
    endloop
  endfacet
  facet normal -6.445797e-01 4.581281e-02 7.631633e-01
    outer loop
      vertex   1.463659e+02 -1.154918e+02 1.181513e+01
      vertex   1.463736e+02 -1.168092e+02 1.190076e+01
      vertex   1.464840e+02 -1.167970e+02 1.199329e+01
    endloop
  endfacet
  facet normal -6.223419e-01 5.027830e-02 7.811291e-01
    outer loop
      vertex   1.463659e+02 -1.154918e+02 1.181513e+01
      vertex   1.464840e+02 -1.167970e+02 1.199329e+01
      vertex   1.464508e+02 -1.154851e+02 1.188237e+01
    endloop
  endfacet
  facet normal -4.772187e-01 6.202472e-02 8.765930e-01
    outer loop
      vertex   1.464508e+02 -1.154851e+02 1.188237e+01
      vertex   1.464840e+02 -1.167970e+02 1.199329e+01
      vertex   1.465462e+02 -1.154793e+02 1.193387e+01
    endloop
  endfacet
  facet normal -4.768369e-01 4.447715e-02 8.778658e-01
    outer loop
      vertex   1.464508e+02 -1.154851e+02 1.188237e+01
      vertex   1.465462e+02 -1.154793e+02 1.193387e+01
      vertex   1.465224e+02 -1.141693e+02 1.185462e+01
    endloop
  endfacet
  facet normal -3.179060e-01 5.152161e-02 9.467213e-01
    outer loop
      vertex   1.465224e+02 -1.141693e+02 1.185462e+01
      vertex   1.465462e+02 -1.154793e+02 1.193387e+01
      vertex   1.466253e+02 -1.141661e+02 1.188900e+01
    endloop
  endfacet
  facet normal -3.176090e-01 3.108906e-02 9.477120e-01
    outer loop
      vertex   1.465224e+02 -1.141693e+02 1.185462e+01
      vertex   1.466253e+02 -1.141661e+02 1.188900e+01
      vertex   1.466111e+02 -1.128578e+02 1.184130e+01
    endloop
  endfacet
  facet normal -1.482507e-01 3.441767e-02 9.883507e-01
    outer loop
      vertex   1.466111e+02 -1.128578e+02 1.184130e+01
      vertex   1.466253e+02 -1.141661e+02 1.188900e+01
      vertex   1.467184e+02 -1.128566e+02 1.185736e+01
    endloop
  endfacet
  facet normal -1.480844e-01 1.172221e-02 9.889053e-01
    outer loop
      vertex   1.466111e+02 -1.128578e+02 1.184130e+01
      vertex   1.467184e+02 -1.128566e+02 1.185736e+01
      vertex   1.467136e+02 -1.115494e+02 1.184114e+01
    endloop
  endfacet
  facet normal 2.654315e-02 1.250222e-02 9.995695e-01
    outer loop
      vertex   1.467136e+02 -1.115494e+02 1.184114e+01
      vertex   1.467184e+02 -1.128566e+02 1.185736e+01
      vertex   1.468268e+02 -1.128404e+02 1.185428e+01
    endloop
  endfacet
  facet normal 2.258763e-02 1.215622e-02 9.996710e-01
    outer loop
      vertex   1.467136e+02 -1.115494e+02 1.184114e+01
      vertex   1.468268e+02 -1.128404e+02 1.185428e+01
      vertex   1.468221e+02 -1.115287e+02 1.183844e+01
    endloop
  endfacet
  facet normal -4.518028e-01 6.143075e-02 8.900003e-01
    outer loop
      vertex   1.464840e+02 -1.167970e+02 1.199329e+01
      vertex   1.466129e+02 -1.167870e+02 1.205801e+01
      vertex   1.465462e+02 -1.154793e+02 1.193387e+01
    endloop
  endfacet
  facet normal -3.184910e-01 7.346132e-02 9.450751e-01
    outer loop
      vertex   1.465462e+02 -1.154793e+02 1.193387e+01
      vertex   1.466129e+02 -1.167870e+02 1.205801e+01
      vertex   1.466490e+02 -1.154745e+02 1.196817e+01
    endloop
  endfacet
  facet normal -3.180194e-01 5.152713e-02 9.466830e-01
    outer loop
      vertex   1.465462e+02 -1.154793e+02 1.193387e+01
      vertex   1.466490e+02 -1.154745e+02 1.196817e+01
      vertex   1.466253e+02 -1.141661e+02 1.188900e+01
    endloop
  endfacet
  facet normal -1.486635e-01 5.704652e-02 9.872410e-01
    outer loop
      vertex   1.466253e+02 -1.141661e+02 1.188900e+01
      vertex   1.466490e+02 -1.154745e+02 1.196817e+01
      vertex   1.467327e+02 -1.141638e+02 1.190503e+01
    endloop
  endfacet
  facet normal -1.483345e-01 3.442333e-02 9.883379e-01
    outer loop
      vertex   1.466253e+02 -1.141661e+02 1.188900e+01
      vertex   1.467327e+02 -1.141638e+02 1.190503e+01
      vertex   1.467184e+02 -1.128566e+02 1.185736e+01
    endloop
  endfacet
  facet normal 2.570448e-02 3.670878e-02 9.989954e-01
    outer loop
      vertex   1.467184e+02 -1.128566e+02 1.185736e+01
      vertex   1.467327e+02 -1.141638e+02 1.190503e+01
      vertex   1.468410e+02 -1.141520e+02 1.190181e+01
    endloop
  endfacet
  facet normal 2.294292e-02 3.645004e-02 9.990721e-01
    outer loop
      vertex   1.467184e+02 -1.128566e+02 1.185736e+01
      vertex   1.468410e+02 -1.141520e+02 1.190181e+01
      vertex   1.468268e+02 -1.128404e+02 1.185428e+01
    endloop
  endfacet
  facet normal -2.348363e-01 7.281648e-02 9.693037e-01
    outer loop
      vertex   1.466129e+02 -1.167870e+02 1.205801e+01
      vertex   1.467533e+02 -1.167797e+02 1.209149e+01
      vertex   1.466490e+02 -1.154745e+02 1.196817e+01
    endloop
  endfacet
  facet normal -1.493228e-01 8.117563e-02 9.854508e-01
    outer loop
      vertex   1.466490e+02 -1.154745e+02 1.196817e+01
      vertex   1.467533e+02 -1.167797e+02 1.209149e+01
      vertex   1.467563e+02 -1.154710e+02 1.198414e+01
    endloop
  endfacet
  facet normal -1.488009e-01 5.705427e-02 9.872199e-01
    outer loop
      vertex   1.466490e+02 -1.154745e+02 1.196817e+01
      vertex   1.467563e+02 -1.154710e+02 1.198414e+01
      vertex   1.467327e+02 -1.141638e+02 1.190503e+01
    endloop
  endfacet
  facet normal 2.462597e-02 6.083422e-02 9.978441e-01
    outer loop
      vertex   1.467327e+02 -1.141638e+02 1.190503e+01
      vertex   1.467563e+02 -1.154710e+02 1.198414e+01
      vertex   1.468647e+02 -1.154637e+02 1.198102e+01
    endloop
  endfacet
  facet normal 2.306517e-02 6.067844e-02 9.978908e-01
    outer loop
      vertex   1.467327e+02 -1.141638e+02 1.190503e+01
      vertex   1.468647e+02 -1.154637e+02 1.198102e+01
      vertex   1.468410e+02 -1.141520e+02 1.190181e+01
    endloop
  endfacet
  facet normal -5.363869e-03 8.176304e-02 9.966374e-01
    outer loop
      vertex   1.467533e+02 -1.167797e+02 1.209149e+01
      vertex   1.468978e+02 -1.167755e+02 1.209192e+01
      vertex   1.467563e+02 -1.154710e+02 1.198414e+01
    endloop
  endfacet
  facet normal 2.295617e-02 8.479331e-02 9.961341e-01
    outer loop
      vertex   1.467563e+02 -1.154710e+02 1.198414e+01
      vertex   1.468978e+02 -1.167755e+02 1.209192e+01
      vertex   1.468647e+02 -1.154637e+02 1.198102e+01
    endloop
  endfacet
  facet normal 2.715705e-02 -1.183310e-02 9.995611e-01
    outer loop
      vertex   1.467136e+02 -1.115494e+02 1.184114e+01
      vertex   1.468221e+02 -1.115287e+02 1.183844e+01
      vertex   1.467182e+02 -1.102319e+02 1.185661e+01
    endloop
  endfacet
  facet normal 2.311920e-02 -1.215799e-02 9.996588e-01
    outer loop
      vertex   1.467182e+02 -1.102319e+02 1.185661e+01
      vertex   1.468221e+02 -1.115287e+02 1.183844e+01
      vertex   1.468268e+02 -1.102171e+02 1.185428e+01
    endloop
  endfacet
  facet normal 2.638381e-02 -3.623708e-02 9.989949e-01
    outer loop
      vertex   1.467182e+02 -1.102319e+02 1.185661e+01
      vertex   1.468268e+02 -1.102171e+02 1.185428e+01
      vertex   1.467324e+02 -1.089144e+02 1.190403e+01
    endloop
  endfacet
  facet normal 2.341652e-02 -3.645476e-02 9.990609e-01
    outer loop
      vertex   1.467324e+02 -1.089144e+02 1.190403e+01
      vertex   1.468268e+02 -1.102171e+02 1.185428e+01
      vertex   1.468410e+02 -1.089055e+02 1.190181e+01
    endloop
  endfacet
  facet normal 2.536657e-02 -6.056050e-02 9.978422e-01
    outer loop
      vertex   1.467324e+02 -1.089144e+02 1.190403e+01
      vertex   1.468410e+02 -1.089055e+02 1.190181e+01
      vertex   1.467561e+02 -1.075968e+02 1.198339e+01
    endloop
  endfacet
  facet normal 2.348039e-02 -6.068532e-02 9.978807e-01
    outer loop
      vertex   1.467561e+02 -1.075968e+02 1.198339e+01
      vertex   1.468410e+02 -1.089055e+02 1.190181e+01
      vertex   1.468647e+02 -1.075938e+02 1.198102e+01
    endloop
  endfacet
  facet normal -1.486566e-01 -5.678999e-02 9.872569e-01
    outer loop
      vertex   1.467324e+02 -1.089144e+02 1.190403e+01
      vertex   1.467561e+02 -1.075968e+02 1.198339e+01
      vertex   1.466250e+02 -1.089121e+02 1.188800e+01
    endloop
  endfacet
  facet normal -1.487940e-01 -5.677486e-02 9.872370e-01
    outer loop
      vertex   1.466250e+02 -1.089121e+02 1.188800e+01
      vertex   1.467561e+02 -1.075968e+02 1.198339e+01
      vertex   1.466488e+02 -1.075933e+02 1.196742e+01
    endloop
  endfacet
  facet normal -3.178998e-01 -5.128944e-02 9.467360e-01
    outer loop
      vertex   1.466250e+02 -1.089121e+02 1.188800e+01
      vertex   1.466488e+02 -1.075933e+02 1.196742e+01
      vertex   1.465221e+02 -1.089089e+02 1.185362e+01
    endloop
  endfacet
  facet normal -3.180131e-01 -5.127530e-02 9.466987e-01
    outer loop
      vertex   1.465221e+02 -1.089089e+02 1.185362e+01
      vertex   1.466488e+02 -1.075933e+02 1.196742e+01
      vertex   1.465459e+02 -1.075886e+02 1.193312e+01
    endloop
  endfacet
  facet normal -4.767440e-01 -4.427269e-02 8.779266e-01
    outer loop
      vertex   1.465221e+02 -1.089089e+02 1.185362e+01
      vertex   1.465459e+02 -1.075886e+02 1.193312e+01
      vertex   1.464267e+02 -1.089051e+02 1.180200e+01
    endloop
  endfacet
  facet normal -4.768315e-01 -4.426009e-02 8.778797e-01
    outer loop
      vertex   1.464267e+02 -1.089051e+02 1.180200e+01
      vertex   1.465459e+02 -1.075886e+02 1.193312e+01
      vertex   1.464506e+02 -1.075828e+02 1.188162e+01
    endloop
  endfacet
  facet normal -6.219666e-01 -3.588205e-02 7.822212e-01
    outer loop
      vertex   1.464267e+02 -1.089051e+02 1.180200e+01
      vertex   1.464506e+02 -1.075828e+02 1.188162e+01
      vertex   1.463417e+02 -1.089006e+02 1.173462e+01
    endloop
  endfacet
  facet normal -1.482440e-01 -3.397618e-02 9.883670e-01
    outer loop
      vertex   1.467182e+02 -1.102319e+02 1.185661e+01
      vertex   1.467324e+02 -1.089144e+02 1.190403e+01
      vertex   1.466109e+02 -1.102308e+02 1.184055e+01
    endloop
  endfacet
  facet normal -1.483273e-01 -3.396790e-02 9.883548e-01
    outer loop
      vertex   1.466109e+02 -1.102308e+02 1.184055e+01
      vertex   1.467324e+02 -1.089144e+02 1.190403e+01
      vertex   1.466250e+02 -1.089121e+02 1.188800e+01
    endloop
  endfacet
  facet normal -3.175333e-01 -3.068560e-02 9.477505e-01
    outer loop
      vertex   1.466109e+02 -1.102308e+02 1.184055e+01
      vertex   1.466250e+02 -1.089121e+02 1.188800e+01
      vertex   1.465079e+02 -1.102292e+02 1.180611e+01
    endloop
  endfacet
  facet normal -3.176025e-01 -3.067802e-02 9.477276e-01
    outer loop
      vertex   1.465079e+02 -1.102292e+02 1.180611e+01
      vertex   1.466250e+02 -1.089121e+02 1.188800e+01
      vertex   1.465221e+02 -1.089089e+02 1.185362e+01
    endloop
  endfacet
  facet normal -4.764335e-01 -2.648776e-02 8.788114e-01
    outer loop
      vertex   1.465079e+02 -1.102292e+02 1.180611e+01
      vertex   1.465221e+02 -1.089089e+02 1.185362e+01
      vertex   1.464125e+02 -1.102273e+02 1.175443e+01
    endloop
  endfacet
  facet normal -4.764874e-01 -2.648110e-02 8.787824e-01
    outer loop
      vertex   1.464125e+02 -1.102273e+02 1.175443e+01
      vertex   1.465221e+02 -1.089089e+02 1.185362e+01
      vertex   1.464267e+02 -1.089051e+02 1.180200e+01
    endloop
  endfacet
  facet normal -6.217206e-01 -2.146781e-02 7.829448e-01
    outer loop
      vertex   1.464125e+02 -1.102273e+02 1.175443e+01
      vertex   1.464267e+02 -1.089051e+02 1.180200e+01
      vertex   1.463274e+02 -1.102251e+02 1.168697e+01
    endloop
  endfacet
  facet normal -6.217586e-01 -2.146234e-02 7.829148e-01
    outer loop
      vertex   1.463274e+02 -1.102251e+02 1.168697e+01
      vertex   1.464267e+02 -1.089051e+02 1.180200e+01
      vertex   1.463417e+02 -1.089006e+02 1.173462e+01
    endloop
  endfacet
  facet normal -7.475795e-01 -1.582658e-02 6.639837e-01
    outer loop
      vertex   1.463274e+02 -1.102251e+02 1.168697e+01
      vertex   1.463417e+02 -1.089006e+02 1.173462e+01
      vertex   1.462553e+02 -1.102226e+02 1.160585e+01
    endloop
  endfacet
  facet normal -1.480529e-01 -1.109316e-02 9.889172e-01
    outer loop
      vertex   1.467136e+02 -1.115494e+02 1.184114e+01
      vertex   1.467182e+02 -1.102319e+02 1.185661e+01
      vertex   1.466062e+02 -1.115495e+02 1.182507e+01
    endloop
  endfacet
  facet normal -1.480803e-01 -1.109074e-02 9.889132e-01
    outer loop
      vertex   1.466062e+02 -1.115495e+02 1.182507e+01
      vertex   1.467182e+02 -1.102319e+02 1.185661e+01
      vertex   1.466109e+02 -1.102308e+02 1.184055e+01
    endloop
  endfacet
  facet normal -3.173626e-01 -1.001882e-02 9.482513e-01
    outer loop
      vertex   1.466062e+02 -1.115495e+02 1.182507e+01
      vertex   1.466109e+02 -1.102308e+02 1.184055e+01
      vertex   1.465033e+02 -1.115495e+02 1.179061e+01
    endloop
  endfacet
  facet normal -3.173854e-01 -1.001667e-02 9.482437e-01
    outer loop
      vertex   1.465033e+02 -1.115495e+02 1.179061e+01
      vertex   1.466109e+02 -1.102308e+02 1.184055e+01
      vertex   1.465079e+02 -1.102292e+02 1.180611e+01
    endloop
  endfacet
  facet normal -4.762881e-01 -8.648238e-03 8.792467e-01
    outer loop
      vertex   1.465033e+02 -1.115495e+02 1.179061e+01
      vertex   1.465079e+02 -1.102292e+02 1.180611e+01
      vertex   1.464078e+02 -1.115495e+02 1.173890e+01
    endloop
  endfacet
  facet normal -4.763059e-01 -8.646397e-03 8.792371e-01
    outer loop
      vertex   1.464078e+02 -1.115495e+02 1.173890e+01
      vertex   1.465079e+02 -1.102292e+02 1.180611e+01
      vertex   1.464125e+02 -1.102273e+02 1.175443e+01
    endloop
  endfacet
  facet normal -6.216046e-01 -7.009230e-03 7.832998e-01
    outer loop
      vertex   1.464078e+02 -1.115495e+02 1.173890e+01
      vertex   1.464125e+02 -1.102273e+02 1.175443e+01
      vertex   1.463228e+02 -1.115495e+02 1.167142e+01
    endloop
  endfacet
  facet normal -6.216172e-01 -7.007747e-03 7.832898e-01
    outer loop
      vertex   1.463228e+02 -1.115495e+02 1.167142e+01
      vertex   1.464125e+02 -1.102273e+02 1.175443e+01
      vertex   1.463274e+02 -1.102251e+02 1.168697e+01
    endloop
  endfacet
  facet normal -7.474955e-01 -5.167367e-03 6.642468e-01
    outer loop
      vertex   1.463228e+02 -1.115495e+02 1.167142e+01
      vertex   1.463274e+02 -1.102251e+02 1.168697e+01
      vertex   1.462507e+02 -1.115496e+02 1.159027e+01
    endloop
  endfacet
  facet normal -7.475033e-01 -5.166274e-03 6.642380e-01
    outer loop
      vertex   1.462507e+02 -1.115496e+02 1.159027e+01
      vertex   1.463274e+02 -1.102251e+02 1.168697e+01
      vertex   1.462553e+02 -1.102226e+02 1.160585e+01
    endloop
  endfacet
  facet normal -8.514034e-01 -3.160047e-03 5.245018e-01
    outer loop
      vertex   1.462507e+02 -1.115496e+02 1.159027e+01
      vertex   1.462553e+02 -1.102226e+02 1.160585e+01
      vertex   1.461937e+02 -1.115496e+02 1.149784e+01
    endloop
  endfacet
  facet normal -1.480557e-01 1.171996e-02 9.889096e-01
    outer loop
      vertex   1.467136e+02 -1.115494e+02 1.184114e+01
      vertex   1.466062e+02 -1.115495e+02 1.182507e+01
      vertex   1.466111e+02 -1.128578e+02 1.184130e+01
    endloop
  endfacet
  facet normal -3.173892e-01 1.058690e-02 9.482363e-01
    outer loop
      vertex   1.466111e+02 -1.128578e+02 1.184130e+01
      vertex   1.466062e+02 -1.115495e+02 1.182507e+01
      vertex   1.465081e+02 -1.128594e+02 1.180686e+01
    endloop
  endfacet
  facet normal -3.175393e-01 3.108459e-02 9.477355e-01
    outer loop
      vertex   1.466111e+02 -1.128578e+02 1.184130e+01
      vertex   1.465081e+02 -1.128594e+02 1.180686e+01
      vertex   1.465224e+02 -1.141693e+02 1.185462e+01
    endloop
  endfacet
  facet normal -4.764929e-01 2.683574e-02 8.787686e-01
    outer loop
      vertex   1.465224e+02 -1.141693e+02 1.185462e+01
      vertex   1.465081e+02 -1.128594e+02 1.180686e+01
      vertex   1.464270e+02 -1.141732e+02 1.180300e+01
    endloop
  endfacet
  facet normal -4.767493e-01 4.447339e-02 8.779135e-01
    outer loop
      vertex   1.465224e+02 -1.141693e+02 1.185462e+01
      vertex   1.464270e+02 -1.141732e+02 1.180300e+01
      vertex   1.464508e+02 -1.154851e+02 1.188237e+01
    endloop
  endfacet
  facet normal -6.220323e-01 3.604730e-02 7.821613e-01
    outer loop
      vertex   1.464508e+02 -1.154851e+02 1.188237e+01
      vertex   1.464270e+02 -1.141732e+02 1.180300e+01
      vertex   1.463659e+02 -1.154918e+02 1.181513e+01
    endloop
  endfacet
  facet normal -3.173652e-01 1.058500e-02 9.482443e-01
    outer loop
      vertex   1.465081e+02 -1.128594e+02 1.180686e+01
      vertex   1.466062e+02 -1.115495e+02 1.182507e+01
      vertex   1.465033e+02 -1.115495e+02 1.179061e+01
    endloop
  endfacet
  facet normal -4.763091e-01 9.138573e-03 8.792304e-01
    outer loop
      vertex   1.465081e+02 -1.128594e+02 1.180686e+01
      vertex   1.465033e+02 -1.115495e+02 1.179061e+01
      vertex   1.464127e+02 -1.128613e+02 1.175518e+01
    endloop
  endfacet
  facet normal -4.762905e-01 9.137009e-03 8.792405e-01
    outer loop
      vertex   1.464127e+02 -1.128613e+02 1.175518e+01
      vertex   1.465033e+02 -1.115495e+02 1.179061e+01
      vertex   1.464078e+02 -1.115495e+02 1.173890e+01
    endloop
  endfacet
  facet normal -6.216197e-01 7.406615e-03 7.832842e-01
    outer loop
      vertex   1.464127e+02 -1.128613e+02 1.175518e+01
      vertex   1.464078e+02 -1.115495e+02 1.173890e+01
      vertex   1.463277e+02 -1.128636e+02 1.168772e+01
    endloop
  endfacet
  facet normal -6.216065e-01 7.405398e-03 7.832947e-01
    outer loop
      vertex   1.463277e+02 -1.128636e+02 1.168772e+01
      vertex   1.464078e+02 -1.115495e+02 1.173890e+01
      vertex   1.463228e+02 -1.115495e+02 1.167142e+01
    endloop
  endfacet
  facet normal -7.475050e-01 5.460314e-03 6.642337e-01
    outer loop
      vertex   1.463277e+02 -1.128636e+02 1.168772e+01
      vertex   1.463228e+02 -1.115495e+02 1.167142e+01
      vertex   1.462556e+02 -1.128661e+02 1.160660e+01
    endloop
  endfacet
  facet normal -7.474969e-01 5.459443e-03 6.642429e-01
    outer loop
      vertex   1.462556e+02 -1.128661e+02 1.160660e+01
      vertex   1.463228e+02 -1.115495e+02 1.167142e+01
      vertex   1.462507e+02 -1.115496e+02 1.159027e+01
    endloop
  endfacet
  facet normal -8.514082e-01 3.339190e-03 5.244931e-01
    outer loop
      vertex   1.462556e+02 -1.128661e+02 1.160660e+01
      vertex   1.462507e+02 -1.115496e+02 1.159027e+01
      vertex   1.461986e+02 -1.128688e+02 1.151421e+01
    endloop
  endfacet
  facet normal -8.514043e-01 3.338669e-03 5.244994e-01
    outer loop
      vertex   1.461986e+02 -1.128688e+02 1.151421e+01
      vertex   1.462507e+02 -1.115496e+02 1.159027e+01
      vertex   1.461937e+02 -1.115496e+02 1.149784e+01
    endloop
  endfacet
  facet normal -6.217247e-01 2.174716e-02 7.829338e-01
    outer loop
      vertex   1.463277e+02 -1.128636e+02 1.168772e+01
      vertex   1.463420e+02 -1.141777e+02 1.173562e+01
      vertex   1.464127e+02 -1.128613e+02 1.175518e+01
    endloop
  endfacet
  facet normal -6.217630e-01 2.174967e-02 7.829034e-01
    outer loop
      vertex   1.464127e+02 -1.128613e+02 1.175518e+01
      vertex   1.463420e+02 -1.141777e+02 1.173562e+01
      vertex   1.464270e+02 -1.141732e+02 1.180300e+01
    endloop
  endfacet
  facet normal -4.764387e-01 2.683231e-02 8.787981e-01
    outer loop
      vertex   1.464127e+02 -1.128613e+02 1.175518e+01
      vertex   1.464270e+02 -1.141732e+02 1.180300e+01
      vertex   1.465081e+02 -1.128594e+02 1.180686e+01
    endloop
  endfacet
  facet normal -7.477971e-01 2.657465e-02 6.633952e-01
    outer loop
      vertex   1.462938e+02 -1.154992e+02 1.173426e+01
      vertex   1.463659e+02 -1.154918e+02 1.181513e+01
      vertex   1.463420e+02 -1.141777e+02 1.173562e+01
    endloop
  endfacet
  facet normal -6.219708e-01 3.604489e-02 7.822104e-01
    outer loop
      vertex   1.463420e+02 -1.141777e+02 1.173562e+01
      vertex   1.463659e+02 -1.154918e+02 1.181513e+01
      vertex   1.464270e+02 -1.141732e+02 1.180300e+01
    endloop
  endfacet
  facet normal -7.476061e-01 1.603426e-02 6.639488e-01
    outer loop
      vertex   1.463420e+02 -1.141777e+02 1.173562e+01
      vertex   1.463277e+02 -1.128636e+02 1.168772e+01
      vertex   1.462700e+02 -1.141827e+02 1.165460e+01
    endloop
  endfacet
  facet normal -7.475825e-01 1.603256e-02 6.639754e-01
    outer loop
      vertex   1.462700e+02 -1.141827e+02 1.165460e+01
      vertex   1.463277e+02 -1.128636e+02 1.168772e+01
      vertex   1.462556e+02 -1.128661e+02 1.160660e+01
    endloop
  endfacet
  facet normal -8.514668e-01 9.805557e-03 5.243168e-01
    outer loop
      vertex   1.462700e+02 -1.141827e+02 1.165460e+01
      vertex   1.462556e+02 -1.128661e+02 1.160660e+01
      vertex   1.462131e+02 -1.141880e+02 1.156231e+01
    endloop
  endfacet
  facet normal -8.514555e-01 9.804579e-03 5.243351e-01
    outer loop
      vertex   1.462131e+02 -1.141880e+02 1.156231e+01
      vertex   1.462556e+02 -1.128661e+02 1.160660e+01
      vertex   1.461986e+02 -1.128688e+02 1.151421e+01
    endloop
  endfacet
  facet normal -8.515785e-01 1.625141e-02 5.239751e-01
    outer loop
      vertex   1.462370e+02 -1.155072e+02 1.164213e+01
      vertex   1.462938e+02 -1.154992e+02 1.173426e+01
      vertex   1.462700e+02 -1.141827e+02 1.165460e+01
    endloop
  endfacet
  facet normal -7.477593e-01 2.657323e-02 6.634379e-01
    outer loop
      vertex   1.462700e+02 -1.141827e+02 1.165460e+01
      vertex   1.462938e+02 -1.154992e+02 1.173426e+01
      vertex   1.463420e+02 -1.141777e+02 1.173562e+01
    endloop
  endfacet
  facet normal -8.515605e-01 1.625069e-02 5.240044e-01
    outer loop
      vertex   1.462370e+02 -1.155072e+02 1.164213e+01
      vertex   1.462700e+02 -1.141827e+02 1.165460e+01
      vertex   1.462131e+02 -1.141880e+02 1.156231e+01
    endloop
  endfacet
  facet normal 9.219944e-01 -8.522539e-02 -3.777074e-01
    outer loop
      vertex   1.462522e+02 -1.057470e+02 9.505804e+00
      vertex   1.455022e+02 -1.049970e+02 7.505804e+00
      vertex   1.462653e+02 -1.056056e+02 9.505804e+00
    endloop
  endfacet
  facet normal 9.219944e-01 -8.522539e-02 -3.777074e-01
    outer loop
      vertex   1.462653e+02 -1.056056e+02 9.505804e+00
      vertex   1.455022e+02 -1.049970e+02 7.505804e+00
      vertex   1.455153e+02 -1.048556e+02 7.505804e+00
    endloop
  endfacet
  facet normal 8.708903e-01 -2.528948e-01 -4.214194e-01
    outer loop
      vertex   1.462653e+02 -1.056056e+02 9.505804e+00
      vertex   1.455153e+02 -1.048556e+02 7.505804e+00
      vertex   1.463041e+02 -1.054720e+02 9.505804e+00
    endloop
  endfacet
  facet normal 8.708903e-01 -2.528948e-01 -4.214194e-01
    outer loop
      vertex   1.463041e+02 -1.054720e+02 9.505804e+00
      vertex   1.455153e+02 -1.048556e+02 7.505804e+00
      vertex   1.455541e+02 -1.047220e+02 7.505804e+00
    endloop
  endfacet
  facet normal 7.913643e-01 -4.123109e-01 -4.513782e-01
    outer loop
      vertex   1.463041e+02 -1.054720e+02 9.505804e+00
      vertex   1.455541e+02 -1.047220e+02 7.505804e+00
      vertex   1.463673e+02 -1.053507e+02 9.505804e+00
    endloop
  endfacet
  facet normal 7.913643e-01 -4.123109e-01 -4.513782e-01
    outer loop
      vertex   1.463673e+02 -1.053507e+02 9.505804e+00
      vertex   1.455541e+02 -1.047220e+02 7.505804e+00
      vertex   1.456173e+02 -1.046007e+02 7.505804e+00
    endloop
  endfacet
  facet normal 6.860118e-01 -5.582711e-01 -4.666061e-01
    outer loop
      vertex   1.463673e+02 -1.053507e+02 9.505804e+00
      vertex   1.456173e+02 -1.046007e+02 7.505804e+00
      vertex   1.464530e+02 -1.052455e+02 9.505804e+00
    endloop
  endfacet
  facet normal 6.860118e-01 -5.582711e-01 -4.666061e-01
    outer loop
      vertex   1.464530e+02 -1.052455e+02 9.505804e+00
      vertex   1.456173e+02 -1.046007e+02 7.505804e+00
      vertex   1.457030e+02 -1.044955e+02 7.505804e+00
    endloop
  endfacet
  facet normal 5.582711e-01 -6.860118e-01 -4.666061e-01
    outer loop
      vertex   1.464530e+02 -1.052455e+02 9.505804e+00
      vertex   1.457030e+02 -1.044955e+02 7.505804e+00
      vertex   1.458082e+02 -1.044098e+02 7.505804e+00
    endloop
  endfacet
  facet normal 5.582711e-01 -6.860118e-01 -4.666061e-01
    outer loop
      vertex   1.464530e+02 -1.052455e+02 9.505804e+00
      vertex   1.458082e+02 -1.044098e+02 7.505804e+00
      vertex   1.465582e+02 -1.051598e+02 9.505804e+00
    endloop
  endfacet
  facet normal 4.123109e-01 -7.913643e-01 -4.513782e-01
    outer loop
      vertex   1.465582e+02 -1.051598e+02 9.505804e+00
      vertex   1.458082e+02 -1.044098e+02 7.505804e+00
      vertex   1.459295e+02 -1.043466e+02 7.505804e+00
    endloop
  endfacet
  facet normal 4.123109e-01 -7.913643e-01 -4.513782e-01
    outer loop
      vertex   1.465582e+02 -1.051598e+02 9.505804e+00
      vertex   1.459295e+02 -1.043466e+02 7.505804e+00
      vertex   1.466795e+02 -1.050966e+02 9.505804e+00
    endloop
  endfacet
  facet normal 2.528948e-01 -8.708903e-01 -4.214194e-01
    outer loop
      vertex   1.466795e+02 -1.050966e+02 9.505804e+00
      vertex   1.459295e+02 -1.043466e+02 7.505804e+00
      vertex   1.460631e+02 -1.043078e+02 7.505804e+00
    endloop
  endfacet
  facet normal 2.528948e-01 -8.708903e-01 -4.214194e-01
    outer loop
      vertex   1.466795e+02 -1.050966e+02 9.505804e+00
      vertex   1.460631e+02 -1.043078e+02 7.505804e+00
      vertex   1.468131e+02 -1.050578e+02 9.505804e+00
    endloop
  endfacet
  facet normal 8.522539e-02 -9.219944e-01 -3.777074e-01
    outer loop
      vertex   1.468131e+02 -1.050578e+02 9.505804e+00
      vertex   1.460631e+02 -1.043078e+02 7.505804e+00
      vertex   1.462045e+02 -1.042947e+02 7.505804e+00
    endloop
  endfacet
  facet normal 8.522539e-02 -9.219944e-01 -3.777074e-01
    outer loop
      vertex   1.468131e+02 -1.050578e+02 9.505804e+00
      vertex   1.462045e+02 -1.042947e+02 7.505804e+00
      vertex   1.469545e+02 -1.050447e+02 9.505804e+00
    endloop
  endfacet
  facet normal -8.522539e-02 -9.219944e-01 -3.777074e-01
    outer loop
      vertex   1.585180e+02 -1.050447e+02 9.505804e+00
      vertex   1.592680e+02 -1.042947e+02 7.505804e+00
      vertex   1.586594e+02 -1.050578e+02 9.505804e+00
    endloop
  endfacet
  facet normal -8.522539e-02 -9.219944e-01 -3.777074e-01
    outer loop
      vertex   1.586594e+02 -1.050578e+02 9.505804e+00
      vertex   1.592680e+02 -1.042947e+02 7.505804e+00
      vertex   1.594094e+02 -1.043078e+02 7.505804e+00
    endloop
  endfacet
  facet normal -2.528948e-01 -8.708903e-01 -4.214194e-01
    outer loop
      vertex   1.586594e+02 -1.050578e+02 9.505804e+00
      vertex   1.594094e+02 -1.043078e+02 7.505804e+00
      vertex   1.587930e+02 -1.050966e+02 9.505804e+00
    endloop
  endfacet
  facet normal -2.528948e-01 -8.708903e-01 -4.214194e-01
    outer loop
      vertex   1.587930e+02 -1.050966e+02 9.505804e+00
      vertex   1.594094e+02 -1.043078e+02 7.505804e+00
      vertex   1.595430e+02 -1.043466e+02 7.505804e+00
    endloop
  endfacet
  facet normal -4.123109e-01 -7.913643e-01 -4.513782e-01
    outer loop
      vertex   1.587930e+02 -1.050966e+02 9.505804e+00
      vertex   1.595430e+02 -1.043466e+02 7.505804e+00
      vertex   1.589143e+02 -1.051598e+02 9.505804e+00
    endloop
  endfacet
  facet normal -4.123109e-01 -7.913643e-01 -4.513782e-01
    outer loop
      vertex   1.589143e+02 -1.051598e+02 9.505804e+00
      vertex   1.595430e+02 -1.043466e+02 7.505804e+00
      vertex   1.596643e+02 -1.044098e+02 7.505804e+00
    endloop
  endfacet
  facet normal -5.582711e-01 -6.860118e-01 -4.666061e-01
    outer loop
      vertex   1.589143e+02 -1.051598e+02 9.505804e+00
      vertex   1.596643e+02 -1.044098e+02 7.505804e+00
      vertex   1.590195e+02 -1.052455e+02 9.505804e+00
    endloop
  endfacet
  facet normal -5.582711e-01 -6.860118e-01 -4.666061e-01
    outer loop
      vertex   1.590195e+02 -1.052455e+02 9.505804e+00
      vertex   1.596643e+02 -1.044098e+02 7.505804e+00
      vertex   1.597695e+02 -1.044955e+02 7.505804e+00
    endloop
  endfacet
  facet normal -6.860118e-01 -5.582711e-01 -4.666061e-01
    outer loop
      vertex   1.590195e+02 -1.052455e+02 9.505804e+00
      vertex   1.597695e+02 -1.044955e+02 7.505804e+00
      vertex   1.598552e+02 -1.046007e+02 7.505804e+00
    endloop
  endfacet
  facet normal -6.860118e-01 -5.582711e-01 -4.666061e-01
    outer loop
      vertex   1.590195e+02 -1.052455e+02 9.505804e+00
      vertex   1.598552e+02 -1.046007e+02 7.505804e+00
      vertex   1.591052e+02 -1.053507e+02 9.505804e+00
    endloop
  endfacet
  facet normal -7.913643e-01 -4.123109e-01 -4.513782e-01
    outer loop
      vertex   1.591052e+02 -1.053507e+02 9.505804e+00
      vertex   1.598552e+02 -1.046007e+02 7.505804e+00
      vertex   1.599184e+02 -1.047220e+02 7.505804e+00
    endloop
  endfacet
  facet normal -7.913643e-01 -4.123109e-01 -4.513782e-01
    outer loop
      vertex   1.591052e+02 -1.053507e+02 9.505804e+00
      vertex   1.599184e+02 -1.047220e+02 7.505804e+00
      vertex   1.591684e+02 -1.054720e+02 9.505804e+00
    endloop
  endfacet
  facet normal -8.708903e-01 -2.528948e-01 -4.214194e-01
    outer loop
      vertex   1.591684e+02 -1.054720e+02 9.505804e+00
      vertex   1.599184e+02 -1.047220e+02 7.505804e+00
      vertex   1.599572e+02 -1.048556e+02 7.505804e+00
    endloop
  endfacet
  facet normal -8.708903e-01 -2.528948e-01 -4.214194e-01
    outer loop
      vertex   1.591684e+02 -1.054720e+02 9.505804e+00
      vertex   1.599572e+02 -1.048556e+02 7.505804e+00
      vertex   1.592072e+02 -1.056056e+02 9.505804e+00
    endloop
  endfacet
  facet normal -9.219944e-01 -8.522538e-02 -3.777074e-01
    outer loop
      vertex   1.592072e+02 -1.056056e+02 9.505804e+00
      vertex   1.599572e+02 -1.048556e+02 7.505804e+00
      vertex   1.599703e+02 -1.049970e+02 7.505804e+00
    endloop
  endfacet
  facet normal -9.219944e-01 -8.522538e-02 -3.777074e-01
    outer loop
      vertex   1.592072e+02 -1.056056e+02 9.505804e+00
      vertex   1.599703e+02 -1.049970e+02 7.505804e+00
      vertex   1.592203e+02 -1.057470e+02 9.505804e+00
    endloop
  endfacet
  facet normal -9.219944e-01 8.522539e-02 -3.777074e-01
    outer loop
      vertex   1.592203e+02 -1.173105e+02 9.505804e+00
      vertex   1.599703e+02 -1.180605e+02 7.505804e+00
      vertex   1.592072e+02 -1.174519e+02 9.505804e+00
    endloop
  endfacet
  facet normal -9.219944e-01 8.522538e-02 -3.777074e-01
    outer loop
      vertex   1.592072e+02 -1.174519e+02 9.505804e+00
      vertex   1.599703e+02 -1.180605e+02 7.505804e+00
      vertex   1.599572e+02 -1.182019e+02 7.505804e+00
    endloop
  endfacet
  facet normal -8.708903e-01 2.528948e-01 -4.214194e-01
    outer loop
      vertex   1.592072e+02 -1.174519e+02 9.505804e+00
      vertex   1.599572e+02 -1.182019e+02 7.505804e+00
      vertex   1.591684e+02 -1.175855e+02 9.505804e+00
    endloop
  endfacet
  facet normal -8.708903e-01 2.528948e-01 -4.214194e-01
    outer loop
      vertex   1.591684e+02 -1.175855e+02 9.505804e+00
      vertex   1.599572e+02 -1.182019e+02 7.505804e+00
      vertex   1.599184e+02 -1.183355e+02 7.505804e+00
    endloop
  endfacet
  facet normal -7.913643e-01 4.123109e-01 -4.513782e-01
    outer loop
      vertex   1.591684e+02 -1.175855e+02 9.505804e+00
      vertex   1.599184e+02 -1.183355e+02 7.505804e+00
      vertex   1.591052e+02 -1.177068e+02 9.505804e+00
    endloop
  endfacet
  facet normal -7.913643e-01 4.123109e-01 -4.513782e-01
    outer loop
      vertex   1.591052e+02 -1.177068e+02 9.505804e+00
      vertex   1.599184e+02 -1.183355e+02 7.505804e+00
      vertex   1.598552e+02 -1.184568e+02 7.505804e+00
    endloop
  endfacet
  facet normal -6.860118e-01 5.582711e-01 -4.666061e-01
    outer loop
      vertex   1.591052e+02 -1.177068e+02 9.505804e+00
      vertex   1.598552e+02 -1.184568e+02 7.505804e+00
      vertex   1.590195e+02 -1.178120e+02 9.505804e+00
    endloop
  endfacet
  facet normal -6.860118e-01 5.582711e-01 -4.666061e-01
    outer loop
      vertex   1.590195e+02 -1.178120e+02 9.505804e+00
      vertex   1.598552e+02 -1.184568e+02 7.505804e+00
      vertex   1.597695e+02 -1.185620e+02 7.505804e+00
    endloop
  endfacet
  facet normal -5.582711e-01 6.860118e-01 -4.666061e-01
    outer loop
      vertex   1.590195e+02 -1.178120e+02 9.505804e+00
      vertex   1.597695e+02 -1.185620e+02 7.505804e+00
      vertex   1.596643e+02 -1.186477e+02 7.505804e+00
    endloop
  endfacet
  facet normal -5.582711e-01 6.860118e-01 -4.666061e-01
    outer loop
      vertex   1.590195e+02 -1.178120e+02 9.505804e+00
      vertex   1.596643e+02 -1.186477e+02 7.505804e+00
      vertex   1.589143e+02 -1.178977e+02 9.505804e+00
    endloop
  endfacet
  facet normal -4.123109e-01 7.913643e-01 -4.513782e-01
    outer loop
      vertex   1.589143e+02 -1.178977e+02 9.505804e+00
      vertex   1.596643e+02 -1.186477e+02 7.505804e+00
      vertex   1.595430e+02 -1.187109e+02 7.505804e+00
    endloop
  endfacet
  facet normal -4.123109e-01 7.913643e-01 -4.513782e-01
    outer loop
      vertex   1.589143e+02 -1.178977e+02 9.505804e+00
      vertex   1.595430e+02 -1.187109e+02 7.505804e+00
      vertex   1.587930e+02 -1.179609e+02 9.505804e+00
    endloop
  endfacet
  facet normal -2.528948e-01 8.708903e-01 -4.214194e-01
    outer loop
      vertex   1.587930e+02 -1.179609e+02 9.505804e+00
      vertex   1.595430e+02 -1.187109e+02 7.505804e+00
      vertex   1.594094e+02 -1.187497e+02 7.505804e+00
    endloop
  endfacet
  facet normal -2.528948e-01 8.708903e-01 -4.214194e-01
    outer loop
      vertex   1.587930e+02 -1.179609e+02 9.505804e+00
      vertex   1.594094e+02 -1.187497e+02 7.505804e+00
      vertex   1.586594e+02 -1.179997e+02 9.505804e+00
    endloop
  endfacet
  facet normal -8.522539e-02 9.219944e-01 -3.777074e-01
    outer loop
      vertex   1.586594e+02 -1.179997e+02 9.505804e+00
      vertex   1.594094e+02 -1.187497e+02 7.505804e+00
      vertex   1.592680e+02 -1.187628e+02 7.505804e+00
    endloop
  endfacet
  facet normal -8.522539e-02 9.219944e-01 -3.777074e-01
    outer loop
      vertex   1.586594e+02 -1.179997e+02 9.505804e+00
      vertex   1.592680e+02 -1.187628e+02 7.505804e+00
      vertex   1.585180e+02 -1.180128e+02 9.505804e+00
    endloop
  endfacet
  facet normal 8.522539e-02 9.219944e-01 -3.777074e-01
    outer loop
      vertex   1.469545e+02 -1.180128e+02 9.505804e+00
      vertex   1.462045e+02 -1.187628e+02 7.505804e+00
      vertex   1.468131e+02 -1.179997e+02 9.505804e+00
    endloop
  endfacet
  facet normal 8.522539e-02 9.219944e-01 -3.777074e-01
    outer loop
      vertex   1.468131e+02 -1.179997e+02 9.505804e+00
      vertex   1.462045e+02 -1.187628e+02 7.505804e+00
      vertex   1.460631e+02 -1.187497e+02 7.505804e+00
    endloop
  endfacet
  facet normal 2.528948e-01 8.708903e-01 -4.214194e-01
    outer loop
      vertex   1.468131e+02 -1.179997e+02 9.505804e+00
      vertex   1.460631e+02 -1.187497e+02 7.505804e+00
      vertex   1.466795e+02 -1.179609e+02 9.505804e+00
    endloop
  endfacet
  facet normal 2.528948e-01 8.708903e-01 -4.214194e-01
    outer loop
      vertex   1.466795e+02 -1.179609e+02 9.505804e+00
      vertex   1.460631e+02 -1.187497e+02 7.505804e+00
      vertex   1.459295e+02 -1.187109e+02 7.505804e+00
    endloop
  endfacet
  facet normal 4.123109e-01 7.913643e-01 -4.513782e-01
    outer loop
      vertex   1.466795e+02 -1.179609e+02 9.505804e+00
      vertex   1.459295e+02 -1.187109e+02 7.505804e+00
      vertex   1.465582e+02 -1.178977e+02 9.505804e+00
    endloop
  endfacet
  facet normal 4.123109e-01 7.913643e-01 -4.513782e-01
    outer loop
      vertex   1.465582e+02 -1.178977e+02 9.505804e+00
      vertex   1.459295e+02 -1.187109e+02 7.505804e+00
      vertex   1.458082e+02 -1.186477e+02 7.505804e+00
    endloop
  endfacet
  facet normal 5.582711e-01 6.860118e-01 -4.666061e-01
    outer loop
      vertex   1.465582e+02 -1.178977e+02 9.505804e+00
      vertex   1.458082e+02 -1.186477e+02 7.505804e+00
      vertex   1.464530e+02 -1.178120e+02 9.505804e+00
    endloop
  endfacet
  facet normal 5.582711e-01 6.860118e-01 -4.666061e-01
    outer loop
      vertex   1.464530e+02 -1.178120e+02 9.505804e+00
      vertex   1.458082e+02 -1.186477e+02 7.505804e+00
      vertex   1.457030e+02 -1.185620e+02 7.505804e+00
    endloop
  endfacet
  facet normal 6.860118e-01 5.582711e-01 -4.666061e-01
    outer loop
      vertex   1.464530e+02 -1.178120e+02 9.505804e+00
      vertex   1.457030e+02 -1.185620e+02 7.505804e+00
      vertex   1.456173e+02 -1.184568e+02 7.505804e+00
    endloop
  endfacet
  facet normal 6.860118e-01 5.582711e-01 -4.666061e-01
    outer loop
      vertex   1.464530e+02 -1.178120e+02 9.505804e+00
      vertex   1.456173e+02 -1.184568e+02 7.505804e+00
      vertex   1.463673e+02 -1.177068e+02 9.505804e+00
    endloop
  endfacet
  facet normal 7.913643e-01 4.123109e-01 -4.513782e-01
    outer loop
      vertex   1.463673e+02 -1.177068e+02 9.505804e+00
      vertex   1.456173e+02 -1.184568e+02 7.505804e+00
      vertex   1.455541e+02 -1.183355e+02 7.505804e+00
    endloop
  endfacet
  facet normal 7.913643e-01 4.123109e-01 -4.513782e-01
    outer loop
      vertex   1.463673e+02 -1.177068e+02 9.505804e+00
      vertex   1.455541e+02 -1.183355e+02 7.505804e+00
      vertex   1.463041e+02 -1.175855e+02 9.505804e+00
    endloop
  endfacet
  facet normal 8.708903e-01 2.528948e-01 -4.214194e-01
    outer loop
      vertex   1.463041e+02 -1.175855e+02 9.505804e+00
      vertex   1.455541e+02 -1.183355e+02 7.505804e+00
      vertex   1.455153e+02 -1.182019e+02 7.505804e+00
    endloop
  endfacet
  facet normal 8.708903e-01 2.528948e-01 -4.214194e-01
    outer loop
      vertex   1.463041e+02 -1.175855e+02 9.505804e+00
      vertex   1.455153e+02 -1.182019e+02 7.505804e+00
      vertex   1.462653e+02 -1.174519e+02 9.505804e+00
    endloop
  endfacet
  facet normal 9.219944e-01 8.522539e-02 -3.777074e-01
    outer loop
      vertex   1.462653e+02 -1.174519e+02 9.505804e+00
      vertex   1.455153e+02 -1.182019e+02 7.505804e+00
      vertex   1.455022e+02 -1.180605e+02 7.505804e+00
    endloop
  endfacet
  facet normal 9.219944e-01 8.522539e-02 -3.777074e-01
    outer loop
      vertex   1.462653e+02 -1.174519e+02 9.505804e+00
      vertex   1.455022e+02 -1.180605e+02 7.505804e+00
      vertex   1.462522e+02 -1.173105e+02 9.505804e+00
    endloop
  endfacet
endsolid
