solid ASCII
  facet normal -9.974460e-01 -7.142528e-02 -4.613701e-17
    outer loop
      vertex   1.667849e+02 -3.787327e+01 1.900000e+00
      vertex   1.667182e+02 -3.694200e+01 1.900000e+00
      vertex   1.667849e+02 -3.787327e+01 -9.100000e+00
    endloop
  endfacet
  facet normal -9.974460e-01 -7.142528e-02 2.484664e-15
    outer loop
      vertex   1.667849e+02 -3.787327e+01 -9.100000e+00
      vertex   1.667182e+02 -3.694200e+01 1.900000e+00
      vertex   1.667182e+02 -3.694200e+01 -9.100000e+00
    endloop
  endfacet
  facet normal -9.859818e-01 -1.668528e-01 2.332015e-15
    outer loop
      vertex   1.667182e+02 -3.694200e+01 -9.100000e+00
      vertex   1.667182e+02 -3.694200e+01 1.900000e+00
      vertex   1.665627e+02 -3.602343e+01 1.900000e+00
    endloop
  endfacet
  facet normal -9.859818e-01 -1.668528e-01 3.715368e-19
    outer loop
      vertex   1.667182e+02 -3.694200e+01 -9.100000e+00
      vertex   1.665627e+02 -3.602343e+01 1.900000e+00
      vertex   1.665627e+02 -3.602343e+01 -9.100000e+00
    endloop
  endfacet
  facet normal -9.654280e-01 -2.606698e-01 0.000000e+00
    outer loop
      vertex   1.665627e+02 -3.602343e+01 -9.100000e+00
      vertex   1.665627e+02 -3.602343e+01 1.900000e+00
      vertex   1.663199e+02 -3.512397e+01 1.900000e+00
    endloop
  endfacet
  facet normal -9.654280e-01 -2.606698e-01 1.689992e-16
    outer loop
      vertex   1.665627e+02 -3.602343e+01 -9.100000e+00
      vertex   1.663199e+02 -3.512397e+01 1.900000e+00
      vertex   1.663199e+02 -3.512397e+01 -9.100000e+00
    endloop
  endfacet
  facet normal -9.359087e-01 -3.522427e-01 2.275304e-16
    outer loop
      vertex   1.663199e+02 -3.512397e+01 -9.100000e+00
      vertex   1.663199e+02 -3.512397e+01 1.900000e+00
      vertex   1.659909e+02 -3.425002e+01 1.900000e+00
    endloop
  endfacet
  facet normal -9.359087e-01 -3.522427e-01 -2.420456e-15
    outer loop
      vertex   1.663199e+02 -3.512397e+01 -9.100000e+00
      vertex   1.659909e+02 -3.425002e+01 1.900000e+00
      vertex   1.659909e+02 -3.425002e+01 -9.100000e+00
    endloop
  endfacet
  facet normal -8.976553e-01 -4.406983e-01 -2.319354e-15
    outer loop
      vertex   1.659909e+02 -3.425002e+01 -9.100000e+00
      vertex   1.659909e+02 -3.425002e+01 1.900000e+00
      vertex   1.655796e+02 -3.341218e+01 1.900000e+00
    endloop
  endfacet
  facet normal -8.976553e-01 -4.406983e-01 4.356724e-15
    outer loop
      vertex   1.659909e+02 -3.425002e+01 -9.100000e+00
      vertex   1.655796e+02 -3.341218e+01 1.900000e+00
      vertex   1.655796e+02 -3.341218e+01 -9.100000e+00
    endloop
  endfacet
  facet normal -8.510879e-01 -5.250232e-01 4.058930e-15
    outer loop
      vertex   1.655796e+02 -3.341218e+01 -9.100000e+00
      vertex   1.655796e+02 -3.341218e+01 1.900000e+00
      vertex   1.650906e+02 -3.261956e+01 1.900000e+00
    endloop
  endfacet
  facet normal -8.510879e-01 -5.250232e-01 -6.807982e-16
    outer loop
      vertex   1.655796e+02 -3.341218e+01 -9.100000e+00
      vertex   1.650906e+02 -3.261956e+01 1.900000e+00
      vertex   1.650906e+02 -3.261956e+01 -9.100000e+00
    endloop
  endfacet
  facet normal -7.966270e-01 -6.044712e-01 -7.809139e-16
    outer loop
      vertex   1.650906e+02 -3.261956e+01 -9.100000e+00
      vertex   1.650906e+02 -3.261956e+01 1.900000e+00
      vertex   1.645277e+02 -3.187761e+01 1.900000e+00
    endloop
  endfacet
  facet normal -7.966270e-01 -6.044712e-01 -1.348668e-18
    outer loop
      vertex   1.650906e+02 -3.261956e+01 -9.100000e+00
      vertex   1.645277e+02 -3.187761e+01 1.900000e+00
      vertex   1.645277e+02 -3.187761e+01 -9.100000e+00
    endloop
  endfacet
  facet normal -7.346176e-01 -6.784814e-01 0.000000e+00
    outer loop
      vertex   1.645277e+02 -3.187761e+01 -9.100000e+00
      vertex   1.645277e+02 -3.187761e+01 1.900000e+00
      vertex   1.638943e+02 -3.119181e+01 1.900000e+00
    endloop
  endfacet
  facet normal -7.346176e-01 -6.784814e-01 -1.676615e-15
    outer loop
      vertex   1.645277e+02 -3.187761e+01 -9.100000e+00
      vertex   1.638943e+02 -3.119181e+01 1.900000e+00
      vertex   1.638943e+02 -3.119181e+01 -9.100000e+00
    endloop
  endfacet
  facet normal -6.655949e-01 -7.463133e-01 -1.478719e-15
    outer loop
      vertex   1.638943e+02 -3.119181e+01 -9.100000e+00
      vertex   1.638943e+02 -3.119181e+01 1.900000e+00
      vertex   1.631977e+02 -3.057056e+01 1.900000e+00
    endloop
  endfacet
  facet normal -6.655949e-01 -7.463133e-01 1.720977e-15
    outer loop
      vertex   1.638943e+02 -3.119181e+01 -9.100000e+00
      vertex   1.631977e+02 -3.057056e+01 1.900000e+00
      vertex   1.631977e+02 -3.057056e+01 -9.100000e+00
    endloop
  endfacet
  facet normal -5.903421e-01 -8.071532e-01 1.525321e-15
    outer loop
      vertex   1.631977e+02 -3.057056e+01 -9.100000e+00
      vertex   1.631977e+02 -3.057056e+01 1.900000e+00
      vertex   1.624461e+02 -3.002083e+01 1.900000e+00
    endloop
  endfacet
  facet normal -5.903421e-01 -8.071532e-01 -5.220513e-16
    outer loop
      vertex   1.631977e+02 -3.057056e+01 -9.100000e+00
      vertex   1.624461e+02 -3.002083e+01 1.900000e+00
      vertex   1.624461e+02 -3.002083e+01 -9.100000e+00
    endloop
  endfacet
  facet normal -5.095605e-01 -8.604349e-01 -5.557961e-16
    outer loop
      vertex   1.624461e+02 -3.002083e+01 -9.100000e+00
      vertex   1.624461e+02 -3.002083e+01 1.900000e+00
      vertex   1.616448e+02 -2.954633e+01 1.900000e+00
    endloop
  endfacet
  facet normal -5.095605e-01 -8.604349e-01 -2.633771e-15
    outer loop
      vertex   1.624461e+02 -3.002083e+01 -9.100000e+00
      vertex   1.616448e+02 -2.954633e+01 1.900000e+00
      vertex   1.616448e+02 -2.954633e+01 -9.100000e+00
    endloop
  endfacet
  facet normal -4.237991e-01 -9.057562e-01 -2.190017e-15
    outer loop
      vertex   1.616448e+02 -2.954633e+01 -9.100000e+00
      vertex   1.616448e+02 -2.954633e+01 1.900000e+00
      vertex   1.607994e+02 -2.915076e+01 1.900000e+00
    endloop
  endfacet
  facet normal -4.237991e-01 -9.057562e-01 2.555549e-18
    outer loop
      vertex   1.616448e+02 -2.954633e+01 -9.100000e+00
      vertex   1.607994e+02 -2.915076e+01 1.900000e+00
      vertex   1.607994e+02 -2.915076e+01 -9.100000e+00
    endloop
  endfacet
  facet normal -3.338523e-01 -9.426254e-01 0.000000e+00
    outer loop
      vertex   1.607994e+02 -2.915076e+01 -9.100000e+00
      vertex   1.607994e+02 -2.915076e+01 1.900000e+00
      vertex   1.599196e+02 -2.883916e+01 1.900000e+00
    endloop
  endfacet
  facet normal -3.338523e-01 -9.426254e-01 2.160872e-18
    outer loop
      vertex   1.607994e+02 -2.915076e+01 -9.100000e+00
      vertex   1.599196e+02 -2.883916e+01 1.900000e+00
      vertex   1.599196e+02 -2.883916e+01 -9.100000e+00
    endloop
  endfacet
  facet normal -2.407885e-01 -9.705776e-01 0.000000e+00
    outer loop
      vertex   1.599196e+02 -2.883916e+01 -9.100000e+00
      vertex   1.599196e+02 -2.883916e+01 1.900000e+00
      vertex   1.590159e+02 -2.861496e+01 1.900000e+00
    endloop
  endfacet
  facet normal -2.407885e-01 -9.705776e-01 6.233942e-16
    outer loop
      vertex   1.599196e+02 -2.883916e+01 -9.100000e+00
      vertex   1.590159e+02 -2.861496e+01 1.900000e+00
      vertex   1.590159e+02 -2.861496e+01 -9.100000e+00
    endloop
  endfacet
  facet normal -1.455107e-01 -9.893567e-01 3.759694e-16
    outer loop
      vertex   1.590159e+02 -2.861496e+01 -9.100000e+00
      vertex   1.590159e+02 -2.861496e+01 1.900000e+00
      vertex   1.580947e+02 -2.847948e+01 1.900000e+00
    endloop
  endfacet
  facet normal -1.455107e-01 -9.893567e-01 8.888508e-20
    outer loop
      vertex   1.590159e+02 -2.861496e+01 -9.100000e+00
      vertex   1.580947e+02 -2.847948e+01 1.900000e+00
      vertex   1.580947e+02 -2.847948e+01 -9.100000e+00
    endloop
  endfacet
  facet normal -4.870077e-02 -9.988134e-01 0.000000e+00
    outer loop
      vertex   1.580947e+02 -2.847948e+01 -9.100000e+00
      vertex   1.580947e+02 -2.847948e+01 1.900000e+00
      vertex   1.571625e+02 -2.843402e+01 1.900000e+00
    endloop
  endfacet
  facet normal -4.870077e-02 -9.988134e-01 -1.615294e-19
    outer loop
      vertex   1.580947e+02 -2.847948e+01 -9.100000e+00
      vertex   1.571625e+02 -2.843402e+01 1.900000e+00
      vertex   1.571625e+02 -2.843402e+01 -9.100000e+00
    endloop
  endfacet
  facet normal 1.225267e-13 -1.000000e+00 -1.004693e-12
    outer loop
      vertex   1.000125e+02 -2.843402e+01 1.900000e+00
      vertex   1.282259e+02 -2.843402e+01 -1.621873e+00
      vertex   1.571625e+02 -2.843402e+01 1.900000e+00
    endloop
  endfacet
  facet normal 0.000000e+00 -1.000000e+00 2.017514e-15
    outer loop
      vertex   1.571625e+02 -2.843402e+01 1.900000e+00
      vertex   1.282259e+02 -2.843402e+01 -1.621873e+00
      vertex   1.289491e+02 -2.843402e+01 -1.621873e+00
    endloop
  endfacet
  facet normal 1.671779e-16 -1.000000e+00 6.782674e-16
    outer loop
      vertex   1.571625e+02 -2.843402e+01 1.900000e+00
      vertex   1.289491e+02 -2.843402e+01 -1.621873e+00
      vertex   1.296513e+02 -2.843402e+01 -1.794951e+00
    endloop
  endfacet
  facet normal 2.726644e-13 -1.000000e+00 3.229740e-16
    outer loop
      vertex   1.000125e+02 -2.843402e+01 -9.100000e+00
      vertex   1.256747e+02 -2.843402e+01 -3.882053e+00
      vertex   1.000125e+02 -2.843402e+01 1.900000e+00
    endloop
  endfacet
  facet normal 2.511322e-13 -1.000000e+00 -9.524190e-14
    outer loop
      vertex   1.000125e+02 -2.843402e+01 1.900000e+00
      vertex   1.256747e+02 -2.843402e+01 -3.882053e+00
      vertex   1.259311e+02 -2.843402e+01 -3.205830e+00
    endloop
  endfacet
  facet normal 2.375882e-13 -1.000000e+00 -1.639953e-13
    outer loop
      vertex   1.000125e+02 -2.843402e+01 1.900000e+00
      vertex   1.259311e+02 -2.843402e+01 -3.205830e+00
      vertex   1.263420e+02 -2.843402e+01 -2.610632e+00
    endloop
  endfacet
  facet normal 1.225888e-13 -1.000000e+00 2.326212e-12
    outer loop
      vertex   1.571625e+02 -2.843402e+01 -9.100000e+00
      vertex   1.282259e+02 -2.843402e+01 -7.578127e+00
      vertex   1.000125e+02 -2.843402e+01 -9.100000e+00
    endloop
  endfacet
  facet normal 2.035266e-13 -1.000000e+00 8.257398e-13
    outer loop
      vertex   1.000125e+02 -2.843402e+01 -9.100000e+00
      vertex   1.282259e+02 -2.843402e+01 -7.578127e+00
      vertex   1.275237e+02 -2.843402e+01 -7.405049e+00
    endloop
  endfacet
  facet normal 2.276740e-13 -1.000000e+00 4.337966e-13
    outer loop
      vertex   1.000125e+02 -2.843402e+01 -9.100000e+00
      vertex   1.275237e+02 -2.843402e+01 -7.405049e+00
      vertex   1.268833e+02 -2.843402e+01 -7.068952e+00
    endloop
  endfacet
  facet normal 2.768833e-16 -1.000000e+00 0.000000e+00
    outer loop
      vertex   1.571625e+02 -2.843402e+01 1.900000e+00
      vertex   1.315003e+02 -2.843402e+01 -3.882053e+00
      vertex   1.571625e+02 -2.843402e+01 -9.100000e+00
    endloop
  endfacet
  facet normal 2.838923e-16 -1.000000e+00 3.447077e-17
    outer loop
      vertex   1.571625e+02 -2.843402e+01 -9.100000e+00
      vertex   1.315003e+02 -2.843402e+01 -3.882053e+00
      vertex   1.315875e+02 -2.843402e+01 -4.600000e+00
    endloop
  endfacet
  facet normal 2.720156e-16 -1.000000e+00 -3.302867e-17
    outer loop
      vertex   1.571625e+02 -2.843402e+01 -9.100000e+00
      vertex   1.315875e+02 -2.843402e+01 -4.600000e+00
      vertex   1.315003e+02 -2.843402e+01 -5.317947e+00
    endloop
  endfacet
  facet normal 2.679353e-13 -1.000000e+00 3.253324e-14
    outer loop
      vertex   1.256747e+02 -2.843402e+01 -5.317947e+00
      vertex   1.255875e+02 -2.843402e+01 -4.600000e+00
      vertex   1.000125e+02 -2.843402e+01 -9.100000e+00
    endloop
  endfacet
  facet normal 2.796339e-13 -1.000000e+00 -3.395371e-14
    outer loop
      vertex   1.000125e+02 -2.843402e+01 -9.100000e+00
      vertex   1.255875e+02 -2.843402e+01 -4.600000e+00
      vertex   1.256747e+02 -2.843402e+01 -3.882053e+00
    endloop
  endfacet
  facet normal 2.226317e-13 -1.000000e+00 -2.512993e-13
    outer loop
      vertex   1.263420e+02 -2.843402e+01 -2.610632e+00
      vertex   1.268833e+02 -2.843402e+01 -2.131048e+00
      vertex   1.000125e+02 -2.843402e+01 1.900000e+00
    endloop
  endfacet
  facet normal 2.024609e-13 -1.000000e+00 -3.857570e-13
    outer loop
      vertex   1.000125e+02 -2.843402e+01 1.900000e+00
      vertex   1.268833e+02 -2.843402e+01 -2.131048e+00
      vertex   1.275237e+02 -2.843402e+01 -1.794951e+00
    endloop
  endfacet
  facet normal 1.645866e-13 -1.000000e+00 -6.677543e-13
    outer loop
      vertex   1.000125e+02 -2.843402e+01 1.900000e+00
      vertex   1.275237e+02 -2.843402e+01 -1.794951e+00
      vertex   1.282259e+02 -2.843402e+01 -1.621873e+00
    endloop
  endfacet
  facet normal 2.056485e-16 -1.000000e+00 3.918304e-16
    outer loop
      vertex   1.296513e+02 -2.843402e+01 -1.794951e+00
      vertex   1.302917e+02 -2.843402e+01 -2.131048e+00
      vertex   1.571625e+02 -2.843402e+01 1.900000e+00
    endloop
  endfacet
  facet normal 2.261368e-16 -1.000000e+00 2.552557e-16
    outer loop
      vertex   1.571625e+02 -2.843402e+01 1.900000e+00
      vertex   1.302917e+02 -2.843402e+01 -2.131048e+00
      vertex   1.308330e+02 -2.843402e+01 -2.610632e+00
    endloop
  endfacet
  facet normal 2.413288e-16 -1.000000e+00 1.665772e-16
    outer loop
      vertex   1.571625e+02 -2.843402e+01 1.900000e+00
      vertex   1.308330e+02 -2.843402e+01 -2.610632e+00
      vertex   1.312439e+02 -2.843402e+01 -3.205830e+00
    endloop
  endfacet
  facet normal 2.550861e-16 -1.000000e+00 9.674139e-17
    outer loop
      vertex   1.312439e+02 -2.843402e+01 -3.205830e+00
      vertex   1.315003e+02 -2.843402e+01 -3.882053e+00
      vertex   1.571625e+02 -2.843402e+01 1.900000e+00
    endloop
  endfacet
  facet normal 2.622266e-16 -1.000000e+00 -9.944943e-17
    outer loop
      vertex   1.315003e+02 -2.843402e+01 -5.317947e+00
      vertex   1.312439e+02 -2.843402e+01 -5.994170e+00
      vertex   1.571625e+02 -2.843402e+01 -9.100000e+00
    endloop
  endfacet
  facet normal 2.532007e-16 -1.000000e+00 -1.747718e-16
    outer loop
      vertex   1.571625e+02 -2.843402e+01 -9.100000e+00
      vertex   1.312439e+02 -2.843402e+01 -5.994170e+00
      vertex   1.308330e+02 -2.843402e+01 -6.589368e+00
    endloop
  endfacet
  facet normal 2.436421e-16 -1.000000e+00 -2.750150e-16
    outer loop
      vertex   1.571625e+02 -2.843402e+01 -9.100000e+00
      vertex   1.308330e+02 -2.843402e+01 -6.589368e+00
      vertex   1.302917e+02 -2.843402e+01 -7.068952e+00
    endloop
  endfacet
  facet normal 2.311411e-16 -1.000000e+00 -4.404026e-16
    outer loop
      vertex   1.302917e+02 -2.843402e+01 -7.068952e+00
      vertex   1.296513e+02 -2.843402e+01 -7.405049e+00
      vertex   1.571625e+02 -2.843402e+01 -9.100000e+00
    endloop
  endfacet
  facet normal 2.066260e-16 -1.000000e+00 -8.383145e-16
    outer loop
      vertex   1.571625e+02 -2.843402e+01 -9.100000e+00
      vertex   1.296513e+02 -2.843402e+01 -7.405049e+00
      vertex   1.289491e+02 -2.843402e+01 -7.578127e+00
    endloop
  endfacet
  facet normal 0.000000e+00 -1.000000e+00 -4.668869e-15
    outer loop
      vertex   1.571625e+02 -2.843402e+01 -9.100000e+00
      vertex   1.289491e+02 -2.843402e+01 -7.578127e+00
      vertex   1.282259e+02 -2.843402e+01 -7.578127e+00
    endloop
  endfacet
  facet normal 2.399874e-13 -1.000000e+00 2.708898e-13
    outer loop
      vertex   1.268833e+02 -2.843402e+01 -7.068952e+00
      vertex   1.263420e+02 -2.843402e+01 -6.589368e+00
      vertex   1.000125e+02 -2.843402e+01 -9.100000e+00
    endloop
  endfacet
  facet normal 2.494027e-13 -1.000000e+00 1.721502e-13
    outer loop
      vertex   1.000125e+02 -2.843402e+01 -9.100000e+00
      vertex   1.263420e+02 -2.843402e+01 -6.589368e+00
      vertex   1.259311e+02 -2.843402e+01 -5.994170e+00
    endloop
  endfacet
  facet normal 2.582932e-13 -1.000000e+00 9.795768e-14
    outer loop
      vertex   1.000125e+02 -2.843402e+01 -9.100000e+00
      vertex   1.259311e+02 -2.843402e+01 -5.994170e+00
      vertex   1.256747e+02 -2.843402e+01 -5.317947e+00
    endloop
  endfacet
  facet normal 4.870376e-02 -9.988133e-01 3.225907e-16
    outer loop
      vertex   1.000125e+02 -2.843402e+01 1.900000e+00
      vertex   9.908022e+01 -2.847948e+01 1.900000e+00
      vertex   1.000125e+02 -2.843402e+01 -9.100000e+00
    endloop
  endfacet
  facet normal 4.870376e-02 -9.988133e-01 1.149148e-19
    outer loop
      vertex   1.000125e+02 -2.843402e+01 -9.100000e+00
      vertex   9.908022e+01 -2.847948e+01 1.900000e+00
      vertex   9.908022e+01 -2.847948e+01 -9.100000e+00
    endloop
  endfacet
  facet normal 1.455255e-01 -9.893545e-01 0.000000e+00
    outer loop
      vertex   9.908022e+01 -2.847948e+01 -9.100000e+00
      vertex   9.908022e+01 -2.847948e+01 1.900000e+00
      vertex   9.815887e+01 -2.861500e+01 1.900000e+00
    endloop
  endfacet
  facet normal 1.455255e-01 -9.893545e-01 -3.339845e-19
    outer loop
      vertex   9.908022e+01 -2.847948e+01 -9.100000e+00
      vertex   9.815887e+01 -2.861500e+01 1.900000e+00
      vertex   9.815887e+01 -2.861500e+01 -9.100000e+00
    endloop
  endfacet
  facet normal 2.408271e-01 -9.705680e-01 0.000000e+00
    outer loop
      vertex   9.815887e+01 -2.861500e+01 -9.100000e+00
      vertex   9.815887e+01 -2.861500e+01 1.900000e+00
      vertex   9.725489e+01 -2.883931e+01 1.900000e+00
    endloop
  endfacet
  facet normal 2.408271e-01 -9.705680e-01 -5.688337e-19
    outer loop
      vertex   9.815887e+01 -2.861500e+01 -9.100000e+00
      vertex   9.725489e+01 -2.883931e+01 1.900000e+00
      vertex   9.725489e+01 -2.883931e+01 -9.100000e+00
    endloop
  endfacet
  facet normal 3.339226e-01 -9.426005e-01 0.000000e+00
    outer loop
      vertex   9.725489e+01 -2.883931e+01 -9.100000e+00
      vertex   9.725489e+01 -2.883931e+01 1.900000e+00
      vertex   9.637478e+01 -2.915110e+01 1.900000e+00
    endloop
  endfacet
  facet normal 3.339226e-01 -9.426005e-01 1.015045e-18
    outer loop
      vertex   9.725489e+01 -2.883931e+01 -9.100000e+00
      vertex   9.637478e+01 -2.915110e+01 1.900000e+00
      vertex   9.637478e+01 -2.915110e+01 -9.100000e+00
    endloop
  endfacet
  facet normal 4.238676e-01 -9.057242e-01 0.000000e+00
    outer loop
      vertex   9.637478e+01 -2.915110e+01 -9.100000e+00
      vertex   9.637478e+01 -2.915110e+01 1.900000e+00
      vertex   9.552969e+01 -2.954658e+01 1.900000e+00
    endloop
  endfacet
  facet normal 4.238676e-01 -9.057242e-01 2.670685e-18
    outer loop
      vertex   9.637478e+01 -2.915110e+01 -9.100000e+00
      vertex   9.552969e+01 -2.954658e+01 1.900000e+00
      vertex   9.552969e+01 -2.954658e+01 -9.100000e+00
    endloop
  endfacet
  facet normal 5.096048e-01 -8.604086e-01 0.000000e+00
    outer loop
      vertex   9.552969e+01 -2.954658e+01 -9.100000e+00
      vertex   9.552969e+01 -2.954658e+01 1.900000e+00
      vertex   9.472857e+01 -3.002107e+01 1.900000e+00
    endloop
  endfacet
  facet normal 5.096048e-01 -8.604086e-01 -2.030287e-18
    outer loop
      vertex   9.552969e+01 -2.954658e+01 -9.100000e+00
      vertex   9.472857e+01 -3.002107e+01 1.900000e+00
      vertex   9.472857e+01 -3.002107e+01 -9.100000e+00
    endloop
  endfacet
  facet normal 5.903841e-01 -8.071224e-01 0.000000e+00
    outer loop
      vertex   9.472857e+01 -3.002107e+01 -9.100000e+00
      vertex   9.472857e+01 -3.002107e+01 1.900000e+00
      vertex   9.397688e+01 -3.057091e+01 1.900000e+00
    endloop
  endfacet
  facet normal 5.903841e-01 -8.071224e-01 -2.415376e-18
    outer loop
      vertex   9.472857e+01 -3.002107e+01 -9.100000e+00
      vertex   9.397688e+01 -3.057091e+01 1.900000e+00
      vertex   9.397688e+01 -3.057091e+01 -9.100000e+00
    endloop
  endfacet
  facet normal 6.656515e-01 -7.462628e-01 0.000000e+00
    outer loop
      vertex   9.397688e+01 -3.057091e+01 -9.100000e+00
      vertex   9.397688e+01 -3.057091e+01 1.900000e+00
      vertex   9.328009e+01 -3.119243e+01 1.900000e+00
    endloop
  endfacet
  facet normal 6.656515e-01 -7.462628e-01 2.406938e-18
    outer loop
      vertex   9.397688e+01 -3.057091e+01 -9.100000e+00
      vertex   9.328009e+01 -3.119243e+01 1.900000e+00
      vertex   9.328009e+01 -3.119243e+01 -9.100000e+00
    endloop
  endfacet
  facet normal 7.346685e-01 -6.784263e-01 0.000000e+00
    outer loop
      vertex   9.328009e+01 -3.119243e+01 -9.100000e+00
      vertex   9.328009e+01 -3.119243e+01 1.900000e+00
      vertex   9.264698e+01 -3.187803e+01 1.900000e+00
    endloop
  endfacet
  facet normal 7.346685e-01 -6.784263e-01 1.030496e-18
    outer loop
      vertex   9.328009e+01 -3.119243e+01 -9.100000e+00
      vertex   9.264698e+01 -3.187803e+01 1.900000e+00
      vertex   9.264698e+01 -3.187803e+01 -9.100000e+00
    endloop
  endfacet
  facet normal 7.966579e-01 -6.044305e-01 0.000000e+00
    outer loop
      vertex   9.264698e+01 -3.187803e+01 -9.100000e+00
      vertex   9.264698e+01 -3.187803e+01 1.900000e+00
      vertex   9.208410e+01 -3.261992e+01 1.900000e+00
    endloop
  endfacet
  facet normal 7.966579e-01 -6.044305e-01 -7.955838e-19
    outer loop
      vertex   9.264698e+01 -3.187803e+01 -9.100000e+00
      vertex   9.208410e+01 -3.261992e+01 1.900000e+00
      vertex   9.208410e+01 -3.261992e+01 -9.100000e+00
    endloop
  endfacet
  facet normal 8.511147e-01 -5.249798e-01 0.000000e+00
    outer loop
      vertex   9.208410e+01 -3.261992e+01 -9.100000e+00
      vertex   9.208410e+01 -3.261992e+01 1.900000e+00
      vertex   9.159513e+01 -3.341267e+01 1.900000e+00
    endloop
  endfacet
  facet normal 8.511147e-01 -5.249798e-01 1.349042e-18
    outer loop
      vertex   9.208410e+01 -3.261992e+01 -9.100000e+00
      vertex   9.159513e+01 -3.341267e+01 1.900000e+00
      vertex   9.159513e+01 -3.341267e+01 -9.100000e+00
    endloop
  endfacet
  facet normal 8.976882e-01 -4.406313e-01 0.000000e+00
    outer loop
      vertex   9.159513e+01 -3.341267e+01 -9.100000e+00
      vertex   9.159513e+01 -3.341267e+01 1.900000e+00
      vertex   9.118371e+01 -3.425084e+01 1.900000e+00
    endloop
  endfacet
  facet normal 8.976882e-01 -4.406313e-01 1.897951e-18
    outer loop
      vertex   9.159513e+01 -3.341267e+01 -9.100000e+00
      vertex   9.118371e+01 -3.425084e+01 1.900000e+00
      vertex   9.118371e+01 -3.425084e+01 -9.100000e+00
    endloop
  endfacet
  facet normal 9.359341e-01 -3.521752e-01 0.000000e+00
    outer loop
      vertex   9.118371e+01 -3.425084e+01 -9.100000e+00
      vertex   9.118371e+01 -3.425084e+01 1.900000e+00
      vertex   9.085498e+01 -3.512445e+01 1.900000e+00
    endloop
  endfacet
  facet normal 9.359341e-01 -3.521752e-01 1.137924e-18
    outer loop
      vertex   9.118371e+01 -3.425084e+01 -9.100000e+00
      vertex   9.085498e+01 -3.512445e+01 1.900000e+00
      vertex   9.085498e+01 -3.512445e+01 -9.100000e+00
    endloop
  endfacet
  facet normal 9.654378e-01 -2.606334e-01 0.000000e+00
    outer loop
      vertex   9.085498e+01 -3.512445e+01 -9.100000e+00
      vertex   9.085498e+01 -3.512445e+01 1.900000e+00
      vertex   9.061223e+01 -3.602365e+01 1.900000e+00
    endloop
  endfacet
  facet normal 9.654378e-01 -2.606334e-01 1.023741e-19
    outer loop
      vertex   9.085498e+01 -3.512445e+01 -9.100000e+00
      vertex   9.061223e+01 -3.602365e+01 1.900000e+00
      vertex   9.061223e+01 -3.602365e+01 -9.100000e+00
    endloop
  endfacet
  facet normal 9.859842e-01 -1.668389e-01 0.000000e+00
    outer loop
      vertex   9.061223e+01 -3.602365e+01 -9.100000e+00
      vertex   9.061223e+01 -3.602365e+01 1.900000e+00
      vertex   9.045683e+01 -3.694205e+01 1.900000e+00
    endloop
  endfacet
  facet normal 9.859842e-01 -1.668389e-01 6.393952e-19
    outer loop
      vertex   9.061223e+01 -3.602365e+01 -9.100000e+00
      vertex   9.045683e+01 -3.694205e+01 1.900000e+00
      vertex   9.045683e+01 -3.694205e+01 -9.100000e+00
    endloop
  endfacet
  facet normal 9.974462e-01 -7.142252e-02 0.000000e+00
    outer loop
      vertex   9.045683e+01 -3.694205e+01 -9.100000e+00
      vertex   9.045683e+01 -3.694205e+01 1.900000e+00
      vertex   9.039015e+01 -3.787327e+01 1.900000e+00
    endloop
  endfacet
  facet normal 9.974462e-01 -7.142252e-02 -6.542874e-20
    outer loop
      vertex   9.045683e+01 -3.694205e+01 -9.100000e+00
      vertex   9.039015e+01 -3.787327e+01 1.900000e+00
      vertex   9.039015e+01 -3.787327e+01 -9.100000e+00
    endloop
  endfacet
  facet normal 9.997910e-01 -2.044174e-02 2.880082e-09
    outer loop
      vertex   9.038899e+01 -3.792995e+01 1.900000e+00
      vertex   9.038899e+01 -3.792995e+01 3.285714e-01
      vertex   9.039015e+01 -3.787327e+01 1.900000e+00
    endloop
  endfacet
  facet normal 9.997910e-01 -2.044166e-02 -2.846379e-20
    outer loop
      vertex   9.039015e+01 -3.787327e+01 1.900000e+00
      vertex   9.038899e+01 -3.792995e+01 3.285714e-01
      vertex   9.038899e+01 -3.792995e+01 -1.242857e+00
    endloop
  endfacet
  facet normal 9.997910e-01 -2.044166e-02 -2.846379e-20
    outer loop
      vertex   9.039015e+01 -3.787327e+01 1.900000e+00
      vertex   9.038899e+01 -3.792995e+01 -1.242857e+00
      vertex   9.038899e+01 -3.792995e+01 -2.814286e+00
    endloop
  endfacet
  facet normal 9.998934e-01 -1.460167e-02 0.000000e+00
    outer loop
      vertex   9.038899e+01 -3.792995e+01 -2.814286e+00
      vertex   9.038899e+01 -3.792995e+01 -1.242857e+00
      vertex   9.038816e+01 -3.798663e+01 -1.242857e+00
    endloop
  endfacet
  facet normal 9.998934e-01 -1.460167e-02 3.672612e-20
    outer loop
      vertex   9.038899e+01 -3.792995e+01 -2.814286e+00
      vertex   9.038816e+01 -3.798663e+01 -1.242857e+00
      vertex   9.038816e+01 -3.798663e+01 -2.814286e+00
    endloop
  endfacet
  facet normal 9.999616e-01 -8.761312e-03 0.000000e+00
    outer loop
      vertex   9.038816e+01 -3.798663e+01 -2.814286e+00
      vertex   9.038816e+01 -3.798663e+01 -1.242857e+00
      vertex   9.038767e+01 -3.804331e+01 -1.242857e+00
    endloop
  endfacet
  facet normal 9.999616e-01 -8.761312e-03 -4.857776e-21
    outer loop
      vertex   9.038816e+01 -3.798663e+01 -2.814286e+00
      vertex   9.038767e+01 -3.804331e+01 -1.242857e+00
      vertex   9.038767e+01 -3.804331e+01 -2.814286e+00
    endloop
  endfacet
  facet normal 9.999957e-01 -2.920552e-03 0.000000e+00
    outer loop
      vertex   9.038767e+01 -3.804331e+01 -2.814286e+00
      vertex   9.038767e+01 -3.804331e+01 -1.242857e+00
      vertex   9.038750e+01 -3.810000e+01 1.900000e+00
    endloop
  endfacet
  facet normal 9.999957e-01 -2.920552e-03 -1.176175e-21
    outer loop
      vertex   9.038767e+01 -3.804331e+01 -2.814286e+00
      vertex   9.038750e+01 -3.810000e+01 1.900000e+00
      vertex   9.038750e+01 -3.810000e+01 -9.100000e+00
    endloop
  endfacet
  facet normal 9.998934e-01 -1.460174e-02 2.880132e-09
    outer loop
      vertex   9.038899e+01 -3.792995e+01 1.900000e+00
      vertex   9.038816e+01 -3.798663e+01 1.900000e+00
      vertex   9.038899e+01 -3.792995e+01 3.285714e-01
    endloop
  endfacet
  facet normal 9.998934e-01 -1.460167e-02 5.120238e-09
    outer loop
      vertex   9.038899e+01 -3.792995e+01 3.285714e-01
      vertex   9.038816e+01 -3.798663e+01 1.900000e+00
      vertex   9.038816e+01 -3.798663e+01 3.285714e-01
    endloop
  endfacet
  facet normal 9.998934e-01 -1.460167e-02 0.000000e+00
    outer loop
      vertex   9.038899e+01 -3.792995e+01 3.285714e-01
      vertex   9.038816e+01 -3.798663e+01 3.285714e-01
      vertex   9.038899e+01 -3.792995e+01 -1.242857e+00
    endloop
  endfacet
  facet normal 9.998934e-01 -1.460167e-02 3.672612e-20
    outer loop
      vertex   9.038899e+01 -3.792995e+01 -1.242857e+00
      vertex   9.038816e+01 -3.798663e+01 3.285714e-01
      vertex   9.038816e+01 -3.798663e+01 -1.242857e+00
    endloop
  endfacet
  facet normal 9.999616e-01 -8.761250e-03 5.120195e-09
    outer loop
      vertex   9.038816e+01 -3.798663e+01 1.900000e+00
      vertex   9.038767e+01 -3.804331e+01 1.900000e+00
      vertex   9.038816e+01 -3.798663e+01 3.285714e-01
    endloop
  endfacet
  facet normal 9.999616e-01 -8.761312e-03 2.880135e-09
    outer loop
      vertex   9.038816e+01 -3.798663e+01 3.285714e-01
      vertex   9.038767e+01 -3.804331e+01 1.900000e+00
      vertex   9.038767e+01 -3.804331e+01 3.285714e-01
    endloop
  endfacet
  facet normal 9.999616e-01 -8.761312e-03 0.000000e+00
    outer loop
      vertex   9.038816e+01 -3.798663e+01 3.285714e-01
      vertex   9.038767e+01 -3.804331e+01 3.285714e-01
      vertex   9.038816e+01 -3.798663e+01 -1.242857e+00
    endloop
  endfacet
  facet normal 9.999616e-01 -8.761312e-03 -4.857776e-21
    outer loop
      vertex   9.038816e+01 -3.798663e+01 -1.242857e+00
      vertex   9.038767e+01 -3.804331e+01 3.285714e-01
      vertex   9.038767e+01 -3.804331e+01 -1.242857e+00
    endloop
  endfacet
  facet normal 9.999957e-01 -2.920472e-03 2.880035e-09
    outer loop
      vertex   9.038767e+01 -3.804331e+01 1.900000e+00
      vertex   9.038750e+01 -3.810000e+01 1.900000e+00
      vertex   9.038767e+01 -3.804331e+01 3.285714e-01
    endloop
  endfacet
  facet normal 9.999957e-01 -2.920552e-03 0.000000e+00
    outer loop
      vertex   9.038767e+01 -3.804331e+01 3.285714e-01
      vertex   9.038750e+01 -3.810000e+01 1.900000e+00
      vertex   9.038767e+01 -3.804331e+01 -1.242857e+00
    endloop
  endfacet
  facet normal 9.999957e-01 -2.920460e-03 -3.316015e-09
    outer loop
      vertex   9.038767e+01 -3.804331e+01 -9.100000e+00
      vertex   9.038767e+01 -3.804331e+01 -7.528571e+00
      vertex   9.038750e+01 -3.810000e+01 -9.100000e+00
    endloop
  endfacet
  facet normal 9.999957e-01 -2.920552e-03 -8.233223e-21
    outer loop
      vertex   9.038750e+01 -3.810000e+01 -9.100000e+00
      vertex   9.038767e+01 -3.804331e+01 -7.528571e+00
      vertex   9.038767e+01 -3.804331e+01 -5.957143e+00
    endloop
  endfacet
  facet normal 9.999957e-01 -2.920552e-03 -8.233223e-21
    outer loop
      vertex   9.038750e+01 -3.810000e+01 -9.100000e+00
      vertex   9.038767e+01 -3.804331e+01 -5.957143e+00
      vertex   9.038767e+01 -3.804331e+01 -4.385714e+00
    endloop
  endfacet
  facet normal 9.999616e-01 -8.761312e-03 0.000000e+00
    outer loop
      vertex   9.038767e+01 -3.804331e+01 -4.385714e+00
      vertex   9.038767e+01 -3.804331e+01 -5.957143e+00
      vertex   9.038816e+01 -3.798663e+01 -5.957143e+00
    endloop
  endfacet
  facet normal 9.999616e-01 -8.761312e-03 -4.857776e-21
    outer loop
      vertex   9.038767e+01 -3.804331e+01 -4.385714e+00
      vertex   9.038816e+01 -3.798663e+01 -5.957143e+00
      vertex   9.038816e+01 -3.798663e+01 -4.385714e+00
    endloop
  endfacet
  facet normal 9.998934e-01 -1.460167e-02 0.000000e+00
    outer loop
      vertex   9.038816e+01 -3.798663e+01 -4.385714e+00
      vertex   9.038816e+01 -3.798663e+01 -5.957143e+00
      vertex   9.038899e+01 -3.792995e+01 -5.957143e+00
    endloop
  endfacet
  facet normal 9.998934e-01 -1.460167e-02 3.672612e-20
    outer loop
      vertex   9.038816e+01 -3.798663e+01 -4.385714e+00
      vertex   9.038899e+01 -3.792995e+01 -5.957143e+00
      vertex   9.038899e+01 -3.792995e+01 -4.385714e+00
    endloop
  endfacet
  facet normal 9.997910e-01 -2.044166e-02 0.000000e+00
    outer loop
      vertex   9.038899e+01 -3.792995e+01 -4.385714e+00
      vertex   9.038899e+01 -3.792995e+01 -5.957143e+00
      vertex   9.039015e+01 -3.787327e+01 -9.100000e+00
    endloop
  endfacet
  facet normal 9.997910e-01 -2.044166e-02 -4.066255e-21
    outer loop
      vertex   9.038899e+01 -3.792995e+01 -4.385714e+00
      vertex   9.039015e+01 -3.787327e+01 -9.100000e+00
      vertex   9.039015e+01 -3.787327e+01 1.900000e+00
    endloop
  endfacet
  facet normal 9.999616e-01 -8.761230e-03 -2.444209e-09
    outer loop
      vertex   9.038767e+01 -3.804331e+01 -9.100000e+00
      vertex   9.038816e+01 -3.798663e+01 -9.100000e+00
      vertex   9.038767e+01 -3.804331e+01 -7.528571e+00
    endloop
  endfacet
  facet normal 9.999616e-01 -8.761312e-03 -5.410829e-09
    outer loop
      vertex   9.038767e+01 -3.804331e+01 -7.528571e+00
      vertex   9.038816e+01 -3.798663e+01 -9.100000e+00
      vertex   9.038816e+01 -3.798663e+01 -7.528571e+00
    endloop
  endfacet
  facet normal 9.999616e-01 -8.761312e-03 0.000000e+00
    outer loop
      vertex   9.038767e+01 -3.804331e+01 -7.528571e+00
      vertex   9.038816e+01 -3.798663e+01 -7.528571e+00
      vertex   9.038767e+01 -3.804331e+01 -5.957143e+00
    endloop
  endfacet
  facet normal 9.999616e-01 -8.761312e-03 -4.857776e-21
    outer loop
      vertex   9.038767e+01 -3.804331e+01 -5.957143e+00
      vertex   9.038816e+01 -3.798663e+01 -7.528571e+00
      vertex   9.038816e+01 -3.798663e+01 -5.957143e+00
    endloop
  endfacet
  facet normal 9.998934e-01 -1.460172e-02 -4.829605e-09
    outer loop
      vertex   9.038816e+01 -3.798663e+01 -9.100000e+00
      vertex   9.038899e+01 -3.792995e+01 -9.100000e+00
      vertex   9.038816e+01 -3.798663e+01 -7.528571e+00
    endloop
  endfacet
  facet normal 9.998934e-01 -1.460167e-02 -3.025448e-09
    outer loop
      vertex   9.038816e+01 -3.798663e+01 -7.528571e+00
      vertex   9.038899e+01 -3.792995e+01 -9.100000e+00
      vertex   9.038899e+01 -3.792995e+01 -7.528571e+00
    endloop
  endfacet
  facet normal 9.998934e-01 -1.460167e-02 0.000000e+00
    outer loop
      vertex   9.038816e+01 -3.798663e+01 -7.528571e+00
      vertex   9.038899e+01 -3.792995e+01 -7.528571e+00
      vertex   9.038816e+01 -3.798663e+01 -5.957143e+00
    endloop
  endfacet
  facet normal 9.998934e-01 -1.460167e-02 3.672612e-20
    outer loop
      vertex   9.038816e+01 -3.798663e+01 -5.957143e+00
      vertex   9.038899e+01 -3.792995e+01 -7.528571e+00
      vertex   9.038899e+01 -3.792995e+01 -5.957143e+00
    endloop
  endfacet
  facet normal 9.997910e-01 -2.044173e-02 -2.734758e-09
    outer loop
      vertex   9.038899e+01 -3.792995e+01 -9.100000e+00
      vertex   9.039015e+01 -3.787327e+01 -9.100000e+00
      vertex   9.038899e+01 -3.792995e+01 -7.528571e+00
    endloop
  endfacet
  facet normal 9.997910e-01 -2.044166e-02 0.000000e+00
    outer loop
      vertex   9.038899e+01 -3.792995e+01 -7.528571e+00
      vertex   9.039015e+01 -3.787327e+01 -9.100000e+00
      vertex   9.038899e+01 -3.792995e+01 -5.957143e+00
    endloop
  endfacet
  facet normal 9.997910e-01 -2.044166e-02 0.000000e+00
    outer loop
      vertex   9.038899e+01 -3.792995e+01 -4.385714e+00
      vertex   9.039015e+01 -3.787327e+01 1.900000e+00
      vertex   9.038899e+01 -3.792995e+01 -2.814286e+00
    endloop
  endfacet
  facet normal 9.999957e-01 -2.920552e-03 0.000000e+00
    outer loop
      vertex   9.038767e+01 -3.804331e+01 -2.814286e+00
      vertex   9.038750e+01 -3.810000e+01 -9.100000e+00
      vertex   9.038767e+01 -3.804331e+01 -4.385714e+00
    endloop
  endfacet
  facet normal 9.998934e-01 -1.460167e-02 0.000000e+00
    outer loop
      vertex   9.038899e+01 -3.792995e+01 -4.385714e+00
      vertex   9.038899e+01 -3.792995e+01 -2.814286e+00
      vertex   9.038816e+01 -3.798663e+01 -2.814286e+00
    endloop
  endfacet
  facet normal 9.999616e-01 -8.761312e-03 0.000000e+00
    outer loop
      vertex   9.038767e+01 -3.804331e+01 -4.385714e+00
      vertex   9.038816e+01 -3.798663e+01 -4.385714e+00
      vertex   9.038767e+01 -3.804331e+01 -2.814286e+00
    endloop
  endfacet
  facet normal 9.999616e-01 -8.761312e-03 -4.857776e-21
    outer loop
      vertex   9.038767e+01 -3.804331e+01 -2.814286e+00
      vertex   9.038816e+01 -3.798663e+01 -4.385714e+00
      vertex   9.038816e+01 -3.798663e+01 -2.814286e+00
    endloop
  endfacet
  facet normal 9.998934e-01 -1.460167e-02 0.000000e+00
    outer loop
      vertex   9.038816e+01 -3.798663e+01 -4.385714e+00
      vertex   9.038899e+01 -3.792995e+01 -4.385714e+00
      vertex   9.038816e+01 -3.798663e+01 -2.814286e+00
    endloop
  endfacet
  facet normal 1.000000e+00 -8.172588e-14 0.000000e+00
    outer loop
      vertex   9.038750e+01 -3.810000e+01 1.900000e+00
      vertex   9.038750e+01 -1.238250e+02 1.900000e+00
      vertex   9.038750e+01 -3.810000e+01 -9.100000e+00
    endloop
  endfacet
  facet normal 1.000000e+00 -8.172588e-14 -4.326051e-29
    outer loop
      vertex   9.038750e+01 -3.810000e+01 -9.100000e+00
      vertex   9.038750e+01 -1.238250e+02 1.900000e+00
      vertex   9.038750e+01 -1.238250e+02 -9.100000e+00
    endloop
  endfacet
  facet normal 9.927089e-01 1.498813e-16 -1.205367e-01
    outer loop
      vertex   1.256747e+02 -1.334500e+02 -3.882053e+00
      vertex   1.256747e+02 -1.359500e+02 -3.882053e+00
      vertex   1.255875e+02 -1.334500e+02 -4.600000e+00
    endloop
  endfacet
  facet normal 9.927089e-01 -4.282323e-17 -1.205367e-01
    outer loop
      vertex   1.255875e+02 -1.334500e+02 -4.600000e+00
      vertex   1.256747e+02 -1.359500e+02 -3.882053e+00
      vertex   1.255875e+02 -1.359500e+02 -4.600000e+00
    endloop
  endfacet
  facet normal 9.927089e-01 4.282323e-17 1.205367e-01
    outer loop
      vertex   1.255875e+02 -1.334500e+02 -4.600000e+00
      vertex   1.255875e+02 -1.359500e+02 -4.600000e+00
      vertex   1.256747e+02 -1.334500e+02 -5.317947e+00
    endloop
  endfacet
  facet normal 9.927089e-01 -8.564646e-17 1.205367e-01
    outer loop
      vertex   1.256747e+02 -1.334500e+02 -5.317947e+00
      vertex   1.255875e+02 -1.359500e+02 -4.600000e+00
      vertex   1.256747e+02 -1.359500e+02 -5.317947e+00
    endloop
  endfacet
  facet normal 9.350162e-01 -2.519619e-16 3.546049e-01
    outer loop
      vertex   1.256747e+02 -1.334500e+02 -5.317947e+00
      vertex   1.256747e+02 -1.359500e+02 -5.317947e+00
      vertex   1.259311e+02 -1.334500e+02 -5.994170e+00
    endloop
  endfacet
  facet normal 9.350162e-01 -1.259810e-16 3.546049e-01
    outer loop
      vertex   1.259311e+02 -1.334500e+02 -5.994170e+00
      vertex   1.256747e+02 -1.359500e+02 -5.317947e+00
      vertex   1.259311e+02 -1.359500e+02 -5.994170e+00
    endloop
  endfacet
  facet normal 8.229839e-01 -2.018171e-16 5.680647e-01
    outer loop
      vertex   1.259311e+02 -1.334500e+02 -5.994170e+00
      vertex   1.259311e+02 -1.359500e+02 -5.994170e+00
      vertex   1.263420e+02 -1.334500e+02 -6.589368e+00
    endloop
  endfacet
  facet normal 8.229839e-01 -2.018171e-16 5.680647e-01
    outer loop
      vertex   1.263420e+02 -1.334500e+02 -6.589368e+00
      vertex   1.259311e+02 -1.359500e+02 -5.994170e+00
      vertex   1.263420e+02 -1.359500e+02 -6.589368e+00
    endloop
  endfacet
  facet normal 6.631227e-01 -2.659244e-16 7.485107e-01
    outer loop
      vertex   1.263420e+02 -1.334500e+02 -6.589368e+00
      vertex   1.263420e+02 -1.359500e+02 -6.589368e+00
      vertex   1.268833e+02 -1.334500e+02 -7.068952e+00
    endloop
  endfacet
  facet normal 6.631227e-01 0.000000e+00 7.485107e-01
    outer loop
      vertex   1.268833e+02 -1.334500e+02 -7.068952e+00
      vertex   1.263420e+02 -1.359500e+02 -6.589368e+00
      vertex   1.268833e+02 -1.359500e+02 -7.068952e+00
    endloop
  endfacet
  facet normal 4.647232e-01 0.000000e+00 8.854560e-01
    outer loop
      vertex   1.268833e+02 -1.334500e+02 -7.068952e+00
      vertex   1.268833e+02 -1.359500e+02 -7.068952e+00
      vertex   1.275237e+02 -1.334500e+02 -7.405049e+00
    endloop
  endfacet
  facet normal 4.647232e-01 0.000000e+00 8.854560e-01
    outer loop
      vertex   1.275237e+02 -1.334500e+02 -7.405049e+00
      vertex   1.268833e+02 -1.359500e+02 -7.068952e+00
      vertex   1.275237e+02 -1.359500e+02 -7.405049e+00
    endloop
  endfacet
  facet normal 2.393157e-01 0.000000e+00 9.709418e-01
    outer loop
      vertex   1.275237e+02 -1.334500e+02 -7.405049e+00
      vertex   1.275237e+02 -1.359500e+02 -7.405049e+00
      vertex   1.282259e+02 -1.334500e+02 -7.578127e+00
    endloop
  endfacet
  facet normal 2.393157e-01 0.000000e+00 9.709418e-01
    outer loop
      vertex   1.282259e+02 -1.334500e+02 -7.578127e+00
      vertex   1.275237e+02 -1.359500e+02 -7.405049e+00
      vertex   1.282259e+02 -1.359500e+02 -7.578127e+00
    endloop
  endfacet
  facet normal -0.000000e+00 0.000000e+00 1.000000e+00
    outer loop
      vertex   1.282259e+02 -1.334500e+02 -7.578127e+00
      vertex   1.282259e+02 -1.359500e+02 -7.578127e+00
      vertex   1.289491e+02 -1.334500e+02 -7.578127e+00
    endloop
  endfacet
  facet normal 0.000000e+00 0.000000e+00 1.000000e+00
    outer loop
      vertex   1.289491e+02 -1.334500e+02 -7.578127e+00
      vertex   1.282259e+02 -1.359500e+02 -7.578127e+00
      vertex   1.289491e+02 -1.359500e+02 -7.578127e+00
    endloop
  endfacet
  facet normal -2.393157e-01 0.000000e+00 9.709418e-01
    outer loop
      vertex   1.289491e+02 -1.334500e+02 -7.578127e+00
      vertex   1.289491e+02 -1.359500e+02 -7.578127e+00
      vertex   1.296513e+02 -1.334500e+02 -7.405049e+00
    endloop
  endfacet
  facet normal -2.393157e-01 0.000000e+00 9.709418e-01
    outer loop
      vertex   1.296513e+02 -1.334500e+02 -7.405049e+00
      vertex   1.289491e+02 -1.359500e+02 -7.578127e+00
      vertex   1.296513e+02 -1.359500e+02 -7.405049e+00
    endloop
  endfacet
  facet normal -4.647232e-01 0.000000e+00 8.854560e-01
    outer loop
      vertex   1.296513e+02 -1.334500e+02 -7.405049e+00
      vertex   1.296513e+02 -1.359500e+02 -7.405049e+00
      vertex   1.302917e+02 -1.334500e+02 -7.068952e+00
    endloop
  endfacet
  facet normal -4.647232e-01 0.000000e+00 8.854560e-01
    outer loop
      vertex   1.302917e+02 -1.334500e+02 -7.068952e+00
      vertex   1.296513e+02 -1.359500e+02 -7.405049e+00
      vertex   1.302917e+02 -1.359500e+02 -7.068952e+00
    endloop
  endfacet
  facet normal -6.631227e-01 0.000000e+00 7.485107e-01
    outer loop
      vertex   1.302917e+02 -1.334500e+02 -7.068952e+00
      vertex   1.302917e+02 -1.359500e+02 -7.068952e+00
      vertex   1.308330e+02 -1.334500e+02 -6.589368e+00
    endloop
  endfacet
  facet normal -6.631227e-01 2.659244e-16 7.485107e-01
    outer loop
      vertex   1.308330e+02 -1.334500e+02 -6.589368e+00
      vertex   1.302917e+02 -1.359500e+02 -7.068952e+00
      vertex   1.308330e+02 -1.359500e+02 -6.589368e+00
    endloop
  endfacet
  facet normal -8.229839e-01 2.018171e-16 5.680647e-01
    outer loop
      vertex   1.308330e+02 -1.334500e+02 -6.589368e+00
      vertex   1.308330e+02 -1.359500e+02 -6.589368e+00
      vertex   1.312439e+02 -1.334500e+02 -5.994170e+00
    endloop
  endfacet
  facet normal -8.229839e-01 0.000000e+00 5.680647e-01
    outer loop
      vertex   1.312439e+02 -1.334500e+02 -5.994170e+00
      vertex   1.308330e+02 -1.359500e+02 -6.589368e+00
      vertex   1.312439e+02 -1.359500e+02 -5.994170e+00
    endloop
  endfacet
  facet normal -9.350162e-01 0.000000e+00 3.546049e-01
    outer loop
      vertex   1.312439e+02 -1.334500e+02 -5.994170e+00
      vertex   1.312439e+02 -1.359500e+02 -5.994170e+00
      vertex   1.315003e+02 -1.334500e+02 -5.317947e+00
    endloop
  endfacet
  facet normal -9.350162e-01 1.259810e-16 3.546049e-01
    outer loop
      vertex   1.315003e+02 -1.334500e+02 -5.317947e+00
      vertex   1.312439e+02 -1.359500e+02 -5.994170e+00
      vertex   1.315003e+02 -1.359500e+02 -5.317947e+00
    endloop
  endfacet
  facet normal -9.927089e-01 4.282323e-17 1.205367e-01
    outer loop
      vertex   1.315003e+02 -1.334500e+02 -5.317947e+00
      vertex   1.315003e+02 -1.359500e+02 -5.317947e+00
      vertex   1.315875e+02 -1.334500e+02 -4.600000e+00
    endloop
  endfacet
  facet normal -9.927089e-01 0.000000e+00 1.205367e-01
    outer loop
      vertex   1.315875e+02 -1.334500e+02 -4.600000e+00
      vertex   1.315003e+02 -1.359500e+02 -5.317947e+00
      vertex   1.315875e+02 -1.359500e+02 -4.600000e+00
    endloop
  endfacet
  facet normal -9.927089e-01 -0.000000e+00 -1.205367e-01
    outer loop
      vertex   1.315875e+02 -1.334500e+02 -4.600000e+00
      vertex   1.315875e+02 -1.359500e+02 -4.600000e+00
      vertex   1.315003e+02 -1.334500e+02 -3.882053e+00
    endloop
  endfacet
  facet normal -9.927089e-01 -6.423485e-17 -1.205367e-01
    outer loop
      vertex   1.315003e+02 -1.334500e+02 -3.882053e+00
      vertex   1.315875e+02 -1.359500e+02 -4.600000e+00
      vertex   1.315003e+02 -1.359500e+02 -3.882053e+00
    endloop
  endfacet
  facet normal -9.350162e-01 -1.889714e-16 -3.546049e-01
    outer loop
      vertex   1.315003e+02 -1.334500e+02 -3.882053e+00
      vertex   1.315003e+02 -1.359500e+02 -3.882053e+00
      vertex   1.312439e+02 -1.334500e+02 -3.205830e+00
    endloop
  endfacet
  facet normal -9.350162e-01 -0.000000e+00 -3.546049e-01
    outer loop
      vertex   1.312439e+02 -1.334500e+02 -3.205830e+00
      vertex   1.315003e+02 -1.359500e+02 -3.882053e+00
      vertex   1.312439e+02 -1.359500e+02 -3.205830e+00
    endloop
  endfacet
  facet normal -8.229839e-01 -0.000000e+00 -5.680647e-01
    outer loop
      vertex   1.312439e+02 -1.334500e+02 -3.205830e+00
      vertex   1.312439e+02 -1.359500e+02 -3.205830e+00
      vertex   1.308330e+02 -1.334500e+02 -2.610632e+00
    endloop
  endfacet
  facet normal -8.229839e-01 -3.027257e-16 -5.680647e-01
    outer loop
      vertex   1.308330e+02 -1.334500e+02 -2.610632e+00
      vertex   1.312439e+02 -1.359500e+02 -3.205830e+00
      vertex   1.308330e+02 -1.359500e+02 -2.610632e+00
    endloop
  endfacet
  facet normal -6.631227e-01 -3.988867e-16 -7.485107e-01
    outer loop
      vertex   1.308330e+02 -1.334500e+02 -2.610632e+00
      vertex   1.308330e+02 -1.359500e+02 -2.610632e+00
      vertex   1.302917e+02 -1.334500e+02 -2.131048e+00
    endloop
  endfacet
  facet normal -6.631227e-01 -0.000000e+00 -7.485107e-01
    outer loop
      vertex   1.302917e+02 -1.334500e+02 -2.131048e+00
      vertex   1.308330e+02 -1.359500e+02 -2.610632e+00
      vertex   1.302917e+02 -1.359500e+02 -2.131048e+00
    endloop
  endfacet
  facet normal -4.647232e-01 -0.000000e+00 -8.854560e-01
    outer loop
      vertex   1.302917e+02 -1.334500e+02 -2.131048e+00
      vertex   1.302917e+02 -1.359500e+02 -2.131048e+00
      vertex   1.296513e+02 -1.334500e+02 -1.794951e+00
    endloop
  endfacet
  facet normal -4.647232e-01 -1.572886e-16 -8.854560e-01
    outer loop
      vertex   1.296513e+02 -1.334500e+02 -1.794951e+00
      vertex   1.302917e+02 -1.359500e+02 -2.131048e+00
      vertex   1.296513e+02 -1.359500e+02 -1.794951e+00
    endloop
  endfacet
  facet normal -2.393157e-01 -1.724739e-16 -9.709418e-01
    outer loop
      vertex   1.296513e+02 -1.334500e+02 -1.794951e+00
      vertex   1.296513e+02 -1.359500e+02 -1.794951e+00
      vertex   1.289491e+02 -1.334500e+02 -1.621873e+00
    endloop
  endfacet
  facet normal -2.393157e-01 -0.000000e+00 -9.709418e-01
    outer loop
      vertex   1.289491e+02 -1.334500e+02 -1.621873e+00
      vertex   1.296513e+02 -1.359500e+02 -1.794951e+00
      vertex   1.289491e+02 -1.359500e+02 -1.621873e+00
    endloop
  endfacet
  facet normal -6.140444e-16 -0.000000e+00 -1.000000e+00
    outer loop
      vertex   1.289491e+02 -1.334500e+02 -1.621873e+00
      vertex   1.289491e+02 -1.359500e+02 -1.621873e+00
      vertex   1.282259e+02 -1.334500e+02 -1.621873e+00
    endloop
  endfacet
  facet normal 0.000000e+00 1.776357e-16 -1.000000e+00
    outer loop
      vertex   1.282259e+02 -1.334500e+02 -1.621873e+00
      vertex   1.289491e+02 -1.359500e+02 -1.621873e+00
      vertex   1.282259e+02 -1.359500e+02 -1.621873e+00
    endloop
  endfacet
  facet normal 2.393157e-01 1.724739e-16 -9.709418e-01
    outer loop
      vertex   1.282259e+02 -1.334500e+02 -1.621873e+00
      vertex   1.282259e+02 -1.359500e+02 -1.621873e+00
      vertex   1.275237e+02 -1.334500e+02 -1.794951e+00
    endloop
  endfacet
  facet normal 2.393157e-01 0.000000e+00 -9.709418e-01
    outer loop
      vertex   1.275237e+02 -1.334500e+02 -1.794951e+00
      vertex   1.282259e+02 -1.359500e+02 -1.621873e+00
      vertex   1.275237e+02 -1.359500e+02 -1.794951e+00
    endloop
  endfacet
  facet normal 4.647232e-01 0.000000e+00 -8.854560e-01
    outer loop
      vertex   1.275237e+02 -1.334500e+02 -1.794951e+00
      vertex   1.275237e+02 -1.359500e+02 -1.794951e+00
      vertex   1.268833e+02 -1.334500e+02 -2.131048e+00
    endloop
  endfacet
  facet normal 4.647232e-01 0.000000e+00 -8.854560e-01
    outer loop
      vertex   1.268833e+02 -1.334500e+02 -2.131048e+00
      vertex   1.275237e+02 -1.359500e+02 -1.794951e+00
      vertex   1.268833e+02 -1.359500e+02 -2.131048e+00
    endloop
  endfacet
  facet normal 6.631227e-01 0.000000e+00 -7.485107e-01
    outer loop
      vertex   1.268833e+02 -1.334500e+02 -2.131048e+00
      vertex   1.268833e+02 -1.359500e+02 -2.131048e+00
      vertex   1.263420e+02 -1.334500e+02 -2.610632e+00
    endloop
  endfacet
  facet normal 6.631227e-01 3.988867e-16 -7.485107e-01
    outer loop
      vertex   1.263420e+02 -1.334500e+02 -2.610632e+00
      vertex   1.268833e+02 -1.359500e+02 -2.131048e+00
      vertex   1.263420e+02 -1.359500e+02 -2.610632e+00
    endloop
  endfacet
  facet normal 8.229839e-01 3.027257e-16 -5.680647e-01
    outer loop
      vertex   1.263420e+02 -1.334500e+02 -2.610632e+00
      vertex   1.263420e+02 -1.359500e+02 -2.610632e+00
      vertex   1.259311e+02 -1.334500e+02 -3.205830e+00
    endloop
  endfacet
  facet normal 8.229839e-01 3.027257e-16 -5.680647e-01
    outer loop
      vertex   1.259311e+02 -1.334500e+02 -3.205830e+00
      vertex   1.263420e+02 -1.359500e+02 -2.610632e+00
      vertex   1.259311e+02 -1.359500e+02 -3.205830e+00
    endloop
  endfacet
  facet normal 9.350162e-01 1.889714e-16 -3.546049e-01
    outer loop
      vertex   1.259311e+02 -1.334500e+02 -3.205830e+00
      vertex   1.259311e+02 -1.359500e+02 -3.205830e+00
      vertex   1.256747e+02 -1.334500e+02 -3.882053e+00
    endloop
  endfacet
  facet normal 9.350162e-01 4.409334e-16 -3.546049e-01
    outer loop
      vertex   1.256747e+02 -1.334500e+02 -3.882053e+00
      vertex   1.259311e+02 -1.359500e+02 -3.205830e+00
      vertex   1.256747e+02 -1.359500e+02 -3.882053e+00
    endloop
  endfacet
  facet normal 9.927089e-01 1.523790e-16 -1.205367e-01
    outer loop
      vertex   1.256747e+02 -2.597500e+01 -3.882053e+00
      vertex   1.256747e+02 -2.843402e+01 -3.882053e+00
      vertex   1.255875e+02 -2.597500e+01 -4.600000e+00
    endloop
  endfacet
  facet normal 9.927089e-01 -4.353685e-17 -1.205367e-01
    outer loop
      vertex   1.255875e+02 -2.597500e+01 -4.600000e+00
      vertex   1.256747e+02 -2.843402e+01 -3.882053e+00
      vertex   1.255875e+02 -2.843402e+01 -4.600000e+00
    endloop
  endfacet
  facet normal 9.927089e-01 4.353685e-17 1.205367e-01
    outer loop
      vertex   1.255875e+02 -2.597500e+01 -4.600000e+00
      vertex   1.255875e+02 -2.843402e+01 -4.600000e+00
      vertex   1.256747e+02 -2.597500e+01 -5.317947e+00
    endloop
  endfacet
  facet normal 9.927089e-01 -8.707369e-17 1.205367e-01
    outer loop
      vertex   1.256747e+02 -2.597500e+01 -5.317947e+00
      vertex   1.255875e+02 -2.843402e+01 -4.600000e+00
      vertex   1.256747e+02 -2.843402e+01 -5.317947e+00
    endloop
  endfacet
  facet normal 9.350162e-01 -2.561607e-16 3.546049e-01
    outer loop
      vertex   1.256747e+02 -2.597500e+01 -5.317947e+00
      vertex   1.256747e+02 -2.843402e+01 -5.317947e+00
      vertex   1.259311e+02 -2.597500e+01 -5.994170e+00
    endloop
  endfacet
  facet normal 9.350162e-01 -1.280803e-16 3.546049e-01
    outer loop
      vertex   1.259311e+02 -2.597500e+01 -5.994170e+00
      vertex   1.256747e+02 -2.843402e+01 -5.317947e+00
      vertex   1.259311e+02 -2.843402e+01 -5.994170e+00
    endloop
  endfacet
  facet normal 8.229839e-01 -2.051803e-16 5.680647e-01
    outer loop
      vertex   1.259311e+02 -2.597500e+01 -5.994170e+00
      vertex   1.259311e+02 -2.843402e+01 -5.994170e+00
      vertex   1.263420e+02 -2.597500e+01 -6.589368e+00
    endloop
  endfacet
  facet normal 8.229839e-01 -2.051803e-16 5.680647e-01
    outer loop
      vertex   1.263420e+02 -2.597500e+01 -6.589368e+00
      vertex   1.259311e+02 -2.843402e+01 -5.994170e+00
      vertex   1.263420e+02 -2.843402e+01 -6.589368e+00
    endloop
  endfacet
  facet normal 6.631227e-01 -2.703559e-16 7.485107e-01
    outer loop
      vertex   1.263420e+02 -2.597500e+01 -6.589368e+00
      vertex   1.263420e+02 -2.843402e+01 -6.589368e+00
      vertex   1.268833e+02 -2.597500e+01 -7.068952e+00
    endloop
  endfacet
  facet normal 6.631227e-01 0.000000e+00 7.485107e-01
    outer loop
      vertex   1.268833e+02 -2.597500e+01 -7.068952e+00
      vertex   1.263420e+02 -2.843402e+01 -6.589368e+00
      vertex   1.268833e+02 -2.843402e+01 -7.068952e+00
    endloop
  endfacet
  facet normal 4.647232e-01 0.000000e+00 8.854560e-01
    outer loop
      vertex   1.268833e+02 -2.597500e+01 -7.068952e+00
      vertex   1.268833e+02 -2.843402e+01 -7.068952e+00
      vertex   1.275237e+02 -2.597500e+01 -7.405049e+00
    endloop
  endfacet
  facet normal 4.647232e-01 0.000000e+00 8.854560e-01
    outer loop
      vertex   1.275237e+02 -2.597500e+01 -7.405049e+00
      vertex   1.268833e+02 -2.843402e+01 -7.068952e+00
      vertex   1.275237e+02 -2.843402e+01 -7.405049e+00
    endloop
  endfacet
  facet normal 2.393157e-01 0.000000e+00 9.709418e-01
    outer loop
      vertex   1.275237e+02 -2.597500e+01 -7.405049e+00
      vertex   1.275237e+02 -2.843402e+01 -7.405049e+00
      vertex   1.282259e+02 -2.597500e+01 -7.578127e+00
    endloop
  endfacet
  facet normal 2.393157e-01 0.000000e+00 9.709418e-01
    outer loop
      vertex   1.282259e+02 -2.597500e+01 -7.578127e+00
      vertex   1.275237e+02 -2.843402e+01 -7.405049e+00
      vertex   1.282259e+02 -2.843402e+01 -7.578127e+00
    endloop
  endfacet
  facet normal -0.000000e+00 0.000000e+00 1.000000e+00
    outer loop
      vertex   1.282259e+02 -2.597500e+01 -7.578127e+00
      vertex   1.282259e+02 -2.843402e+01 -7.578127e+00
      vertex   1.289491e+02 -2.597500e+01 -7.578127e+00
    endloop
  endfacet
  facet normal 0.000000e+00 0.000000e+00 1.000000e+00
    outer loop
      vertex   1.289491e+02 -2.597500e+01 -7.578127e+00
      vertex   1.282259e+02 -2.843402e+01 -7.578127e+00
      vertex   1.289491e+02 -2.843402e+01 -7.578127e+00
    endloop
  endfacet
  facet normal -2.393157e-01 0.000000e+00 9.709418e-01
    outer loop
      vertex   1.289491e+02 -2.597500e+01 -7.578127e+00
      vertex   1.289491e+02 -2.843402e+01 -7.578127e+00
      vertex   1.296513e+02 -2.597500e+01 -7.405049e+00
    endloop
  endfacet
  facet normal -2.393157e-01 0.000000e+00 9.709418e-01
    outer loop
      vertex   1.296513e+02 -2.597500e+01 -7.405049e+00
      vertex   1.289491e+02 -2.843402e+01 -7.578127e+00
      vertex   1.296513e+02 -2.843402e+01 -7.405049e+00
    endloop
  endfacet
  facet normal -4.647232e-01 0.000000e+00 8.854560e-01
    outer loop
      vertex   1.296513e+02 -2.597500e+01 -7.405049e+00
      vertex   1.296513e+02 -2.843402e+01 -7.405049e+00
      vertex   1.302917e+02 -2.597500e+01 -7.068952e+00
    endloop
  endfacet
  facet normal -4.647232e-01 0.000000e+00 8.854560e-01
    outer loop
      vertex   1.302917e+02 -2.597500e+01 -7.068952e+00
      vertex   1.296513e+02 -2.843402e+01 -7.405049e+00
      vertex   1.302917e+02 -2.843402e+01 -7.068952e+00
    endloop
  endfacet
  facet normal -6.631227e-01 0.000000e+00 7.485107e-01
    outer loop
      vertex   1.302917e+02 -2.597500e+01 -7.068952e+00
      vertex   1.302917e+02 -2.843402e+01 -7.068952e+00
      vertex   1.308330e+02 -2.597500e+01 -6.589368e+00
    endloop
  endfacet
  facet normal -6.631227e-01 2.703559e-16 7.485107e-01
    outer loop
      vertex   1.308330e+02 -2.597500e+01 -6.589368e+00
      vertex   1.302917e+02 -2.843402e+01 -7.068952e+00
      vertex   1.308330e+02 -2.843402e+01 -6.589368e+00
    endloop
  endfacet
  facet normal -8.229839e-01 2.051803e-16 5.680647e-01
    outer loop
      vertex   1.308330e+02 -2.597500e+01 -6.589368e+00
      vertex   1.308330e+02 -2.843402e+01 -6.589368e+00
      vertex   1.312439e+02 -2.597500e+01 -5.994170e+00
    endloop
  endfacet
  facet normal -8.229839e-01 0.000000e+00 5.680647e-01
    outer loop
      vertex   1.312439e+02 -2.597500e+01 -5.994170e+00
      vertex   1.308330e+02 -2.843402e+01 -6.589368e+00
      vertex   1.312439e+02 -2.843402e+01 -5.994170e+00
    endloop
  endfacet
  facet normal -9.350162e-01 0.000000e+00 3.546049e-01
    outer loop
      vertex   1.312439e+02 -2.597500e+01 -5.994170e+00
      vertex   1.312439e+02 -2.843402e+01 -5.994170e+00
      vertex   1.315003e+02 -2.597500e+01 -5.317947e+00
    endloop
  endfacet
  facet normal -9.350162e-01 1.280803e-16 3.546049e-01
    outer loop
      vertex   1.315003e+02 -2.597500e+01 -5.317947e+00
      vertex   1.312439e+02 -2.843402e+01 -5.994170e+00
      vertex   1.315003e+02 -2.843402e+01 -5.317947e+00
    endloop
  endfacet
  facet normal -9.927089e-01 4.353685e-17 1.205367e-01
    outer loop
      vertex   1.315003e+02 -2.597500e+01 -5.317947e+00
      vertex   1.315003e+02 -2.843402e+01 -5.317947e+00
      vertex   1.315875e+02 -2.597500e+01 -4.600000e+00
    endloop
  endfacet
  facet normal -9.927089e-01 0.000000e+00 1.205367e-01
    outer loop
      vertex   1.315875e+02 -2.597500e+01 -4.600000e+00
      vertex   1.315003e+02 -2.843402e+01 -5.317947e+00
      vertex   1.315875e+02 -2.843402e+01 -4.600000e+00
    endloop
  endfacet
  facet normal -9.927089e-01 -0.000000e+00 -1.205367e-01
    outer loop
      vertex   1.315875e+02 -2.597500e+01 -4.600000e+00
      vertex   1.315875e+02 -2.843402e+01 -4.600000e+00
      vertex   1.315003e+02 -2.597500e+01 -3.882053e+00
    endloop
  endfacet
  facet normal -9.927089e-01 -6.530527e-17 -1.205367e-01
    outer loop
      vertex   1.315003e+02 -2.597500e+01 -3.882053e+00
      vertex   1.315875e+02 -2.843402e+01 -4.600000e+00
      vertex   1.315003e+02 -2.843402e+01 -3.882053e+00
    endloop
  endfacet
  facet normal -9.350162e-01 -1.921205e-16 -3.546049e-01
    outer loop
      vertex   1.315003e+02 -2.597500e+01 -3.882053e+00
      vertex   1.315003e+02 -2.843402e+01 -3.882053e+00
      vertex   1.312439e+02 -2.597500e+01 -3.205830e+00
    endloop
  endfacet
  facet normal -9.350162e-01 -0.000000e+00 -3.546049e-01
    outer loop
      vertex   1.312439e+02 -2.597500e+01 -3.205830e+00
      vertex   1.315003e+02 -2.843402e+01 -3.882053e+00
      vertex   1.312439e+02 -2.843402e+01 -3.205830e+00
    endloop
  endfacet
  facet normal -8.229839e-01 -0.000000e+00 -5.680647e-01
    outer loop
      vertex   1.312439e+02 -2.597500e+01 -3.205830e+00
      vertex   1.312439e+02 -2.843402e+01 -3.205830e+00
      vertex   1.308330e+02 -2.597500e+01 -2.610632e+00
    endloop
  endfacet
  facet normal -8.229839e-01 -3.077704e-16 -5.680647e-01
    outer loop
      vertex   1.308330e+02 -2.597500e+01 -2.610632e+00
      vertex   1.312439e+02 -2.843402e+01 -3.205830e+00
      vertex   1.308330e+02 -2.843402e+01 -2.610632e+00
    endloop
  endfacet
  facet normal -6.631227e-01 -4.055338e-16 -7.485107e-01
    outer loop
      vertex   1.308330e+02 -2.597500e+01 -2.610632e+00
      vertex   1.308330e+02 -2.843402e+01 -2.610632e+00
      vertex   1.302917e+02 -2.597500e+01 -2.131048e+00
    endloop
  endfacet
  facet normal -6.631227e-01 -0.000000e+00 -7.485107e-01
    outer loop
      vertex   1.302917e+02 -2.597500e+01 -2.131048e+00
      vertex   1.308330e+02 -2.843402e+01 -2.610632e+00
      vertex   1.302917e+02 -2.843402e+01 -2.131048e+00
    endloop
  endfacet
  facet normal -4.647232e-01 -0.000000e+00 -8.854560e-01
    outer loop
      vertex   1.302917e+02 -2.597500e+01 -2.131048e+00
      vertex   1.302917e+02 -2.843402e+01 -2.131048e+00
      vertex   1.296513e+02 -2.597500e+01 -1.794951e+00
    endloop
  endfacet
  facet normal -4.647232e-01 -1.599097e-16 -8.854560e-01
    outer loop
      vertex   1.296513e+02 -2.597500e+01 -1.794951e+00
      vertex   1.302917e+02 -2.843402e+01 -2.131048e+00
      vertex   1.296513e+02 -2.843402e+01 -1.794951e+00
    endloop
  endfacet
  facet normal -2.393157e-01 -1.753481e-16 -9.709418e-01
    outer loop
      vertex   1.296513e+02 -2.597500e+01 -1.794951e+00
      vertex   1.296513e+02 -2.843402e+01 -1.794951e+00
      vertex   1.289491e+02 -2.597500e+01 -1.621873e+00
    endloop
  endfacet
  facet normal -2.393157e-01 -0.000000e+00 -9.709418e-01
    outer loop
      vertex   1.289491e+02 -2.597500e+01 -1.621873e+00
      vertex   1.296513e+02 -2.843402e+01 -1.794951e+00
      vertex   1.289491e+02 -2.843402e+01 -1.621873e+00
    endloop
  endfacet
  facet normal -6.140444e-16 -0.000000e+00 -1.000000e+00
    outer loop
      vertex   1.289491e+02 -2.597500e+01 -1.621873e+00
      vertex   1.289491e+02 -2.843402e+01 -1.621873e+00
      vertex   1.282259e+02 -2.597500e+01 -1.621873e+00
    endloop
  endfacet
  facet normal 0.000000e+00 1.805958e-16 -1.000000e+00
    outer loop
      vertex   1.282259e+02 -2.597500e+01 -1.621873e+00
      vertex   1.289491e+02 -2.843402e+01 -1.621873e+00
      vertex   1.282259e+02 -2.843402e+01 -1.621873e+00
    endloop
  endfacet
  facet normal 2.393157e-01 1.753481e-16 -9.709418e-01
    outer loop
      vertex   1.282259e+02 -2.597500e+01 -1.621873e+00
      vertex   1.282259e+02 -2.843402e+01 -1.621873e+00
      vertex   1.275237e+02 -2.597500e+01 -1.794951e+00
    endloop
  endfacet
  facet normal 2.393157e-01 0.000000e+00 -9.709418e-01
    outer loop
      vertex   1.275237e+02 -2.597500e+01 -1.794951e+00
      vertex   1.282259e+02 -2.843402e+01 -1.621873e+00
      vertex   1.275237e+02 -2.843402e+01 -1.794951e+00
    endloop
  endfacet
  facet normal 4.647232e-01 0.000000e+00 -8.854560e-01
    outer loop
      vertex   1.275237e+02 -2.597500e+01 -1.794951e+00
      vertex   1.275237e+02 -2.843402e+01 -1.794951e+00
      vertex   1.268833e+02 -2.597500e+01 -2.131048e+00
    endloop
  endfacet
  facet normal 4.647232e-01 0.000000e+00 -8.854560e-01
    outer loop
      vertex   1.268833e+02 -2.597500e+01 -2.131048e+00
      vertex   1.275237e+02 -2.843402e+01 -1.794951e+00
      vertex   1.268833e+02 -2.843402e+01 -2.131048e+00
    endloop
  endfacet
  facet normal 6.631227e-01 0.000000e+00 -7.485107e-01
    outer loop
      vertex   1.268833e+02 -2.597500e+01 -2.131048e+00
      vertex   1.268833e+02 -2.843402e+01 -2.131048e+00
      vertex   1.263420e+02 -2.597500e+01 -2.610632e+00
    endloop
  endfacet
  facet normal 6.631227e-01 4.055338e-16 -7.485107e-01
    outer loop
      vertex   1.263420e+02 -2.597500e+01 -2.610632e+00
      vertex   1.268833e+02 -2.843402e+01 -2.131048e+00
      vertex   1.263420e+02 -2.843402e+01 -2.610632e+00
    endloop
  endfacet
  facet normal 8.229839e-01 3.077704e-16 -5.680647e-01
    outer loop
      vertex   1.263420e+02 -2.597500e+01 -2.610632e+00
      vertex   1.263420e+02 -2.843402e+01 -2.610632e+00
      vertex   1.259311e+02 -2.597500e+01 -3.205830e+00
    endloop
  endfacet
  facet normal 8.229839e-01 3.077704e-16 -5.680647e-01
    outer loop
      vertex   1.259311e+02 -2.597500e+01 -3.205830e+00
      vertex   1.263420e+02 -2.843402e+01 -2.610632e+00
      vertex   1.259311e+02 -2.843402e+01 -3.205830e+00
    endloop
  endfacet
  facet normal 9.350162e-01 1.921205e-16 -3.546049e-01
    outer loop
      vertex   1.259311e+02 -2.597500e+01 -3.205830e+00
      vertex   1.259311e+02 -2.843402e+01 -3.205830e+00
      vertex   1.256747e+02 -2.597500e+01 -3.882053e+00
    endloop
  endfacet
  facet normal 9.350162e-01 4.482812e-16 -3.546049e-01
    outer loop
      vertex   1.256747e+02 -2.597500e+01 -3.882053e+00
      vertex   1.259311e+02 -2.843402e+01 -3.205830e+00
      vertex   1.256747e+02 -2.843402e+01 -3.882053e+00
    endloop
  endfacet
  facet normal 3.967901e-02 -7.065499e-01 -7.065499e-01
    outer loop
      vertex   1.571625e+02 -1.359500e+02 -8.100000e+00
      vertex   1.571625e+02 -1.349500e+02 -9.100000e+00
      vertex   1.585201e+02 -1.358738e+02 -8.100000e+00
    endloop
  endfacet
  facet normal 4.260784e-02 -7.043913e-01 -7.085319e-01
    outer loop
      vertex   1.585201e+02 -1.358738e+02 -8.100000e+00
      vertex   1.571625e+02 -1.349500e+02 -9.100000e+00
      vertex   1.585035e+02 -1.348689e+02 -9.100000e+00
    endloop
  endfacet
  facet normal 1.188329e-01 -6.994005e-01 -7.047820e-01
    outer loop
      vertex   1.585201e+02 -1.358738e+02 -8.100000e+00
      vertex   1.585035e+02 -1.348689e+02 -9.100000e+00
      vertex   1.598606e+02 -1.356460e+02 -8.100000e+00
    endloop
  endfacet
  facet normal 1.268867e-01 -6.923985e-01 -7.102705e-01
    outer loop
      vertex   1.598606e+02 -1.356460e+02 -8.100000e+00
      vertex   1.585035e+02 -1.348689e+02 -9.100000e+00
      vertex   1.598249e+02 -1.346267e+02 -9.100000e+00
    endloop
  endfacet
  facet normal 1.968009e-01 -6.831110e-01 -7.032985e-01
    outer loop
      vertex   1.598606e+02 -1.356460e+02 -8.100000e+00
      vertex   1.598249e+02 -1.346267e+02 -9.100000e+00
      vertex   1.611671e+02 -1.352696e+02 -8.100000e+00
    endloop
  endfacet
  facet normal 2.089960e-01 -6.706917e-01 -7.116835e-01
    outer loop
      vertex   1.611671e+02 -1.352696e+02 -8.100000e+00
      vertex   1.598249e+02 -1.346267e+02 -9.100000e+00
      vertex   1.611075e+02 -1.342271e+02 -9.100000e+00
    endloop
  endfacet
  facet normal 2.724988e-01 -6.578702e-01 -7.021049e-01
    outer loop
      vertex   1.611671e+02 -1.352696e+02 -8.100000e+00
      vertex   1.611075e+02 -1.342271e+02 -9.100000e+00
      vertex   1.624233e+02 -1.347492e+02 -8.100000e+00
    endloop
  endfacet
  facet normal 2.878599e-01 -6.395984e-01 -7.127766e-01
    outer loop
      vertex   1.624233e+02 -1.347492e+02 -8.100000e+00
      vertex   1.611075e+02 -1.342271e+02 -9.100000e+00
      vertex   1.623325e+02 -1.336757e+02 -9.100000e+00
    endloop
  endfacet
  facet normal 3.448718e-01 -6.239984e-01 -7.012057e-01
    outer loop
      vertex   1.624233e+02 -1.347492e+02 -8.100000e+00
      vertex   1.623325e+02 -1.336757e+02 -9.100000e+00
      vertex   1.636134e+02 -1.340915e+02 -8.100000e+00
    endloop
  endfacet
  facet normal 3.624468e-01 -5.995602e-01 -7.135544e-01
    outer loop
      vertex   1.636134e+02 -1.340915e+02 -8.100000e+00
      vertex   1.623325e+02 -1.336757e+02 -9.100000e+00
      vertex   1.634822e+02 -1.329807e+02 -9.100000e+00
    endloop
  endfacet
  facet normal 4.129109e-01 -5.819434e-01 -7.006043e-01
    outer loop
      vertex   1.636134e+02 -1.340915e+02 -8.100000e+00
      vertex   1.634822e+02 -1.329807e+02 -9.100000e+00
      vertex   1.647223e+02 -1.333047e+02 -8.100000e+00
    endloop
  endfacet
  facet normal 4.317806e-01 -5.511272e-01 -7.140198e-01
    outer loop
      vertex   1.647223e+02 -1.333047e+02 -8.100000e+00
      vertex   1.634822e+02 -1.329807e+02 -9.100000e+00
      vertex   1.645397e+02 -1.321522e+02 -9.100000e+00
    endloop
  endfacet
  facet normal 4.756686e-01 -5.322734e-01 -7.003031e-01
    outer loop
      vertex   1.647223e+02 -1.333047e+02 -8.100000e+00
      vertex   1.645397e+02 -1.321522e+02 -9.100000e+00
      vertex   1.657362e+02 -1.323987e+02 -8.100000e+00
    endloop
  endfacet
  facet normal 4.949518e-01 -4.949518e-01 -7.141747e-01
    outer loop
      vertex   1.657362e+02 -1.323987e+02 -8.100000e+00
      vertex   1.645397e+02 -1.321522e+02 -9.100000e+00
      vertex   1.654897e+02 -1.312022e+02 -9.100000e+00
    endloop
  endfacet
  facet normal 5.322734e-01 -4.756686e-01 -7.003031e-01
    outer loop
      vertex   1.657362e+02 -1.323987e+02 -8.100000e+00
      vertex   1.654897e+02 -1.312022e+02 -9.100000e+00
      vertex   1.666422e+02 -1.313848e+02 -8.100000e+00
    endloop
  endfacet
  facet normal 5.511273e-01 -4.317806e-01 -7.140198e-01
    outer loop
      vertex   1.666422e+02 -1.313848e+02 -8.100000e+00
      vertex   1.654897e+02 -1.312022e+02 -9.100000e+00
      vertex   1.663182e+02 -1.301447e+02 -9.100000e+00
    endloop
  endfacet
  facet normal 5.819434e-01 -4.129109e-01 -7.006043e-01
    outer loop
      vertex   1.666422e+02 -1.313848e+02 -8.100000e+00
      vertex   1.663182e+02 -1.301447e+02 -9.100000e+00
      vertex   1.674290e+02 -1.302759e+02 -8.100000e+00
    endloop
  endfacet
  facet normal 5.995602e-01 -3.624468e-01 -7.135544e-01
    outer loop
      vertex   1.674290e+02 -1.302759e+02 -8.100000e+00
      vertex   1.663182e+02 -1.301447e+02 -9.100000e+00
      vertex   1.670132e+02 -1.289950e+02 -9.100000e+00
    endloop
  endfacet
  facet normal 6.239984e-01 -3.448717e-01 -7.012057e-01
    outer loop
      vertex   1.674290e+02 -1.302759e+02 -8.100000e+00
      vertex   1.670132e+02 -1.289950e+02 -9.100000e+00
      vertex   1.680867e+02 -1.290858e+02 -8.100000e+00
    endloop
  endfacet
  facet normal 6.395984e-01 -2.878599e-01 -7.127766e-01
    outer loop
      vertex   1.680867e+02 -1.290858e+02 -8.100000e+00
      vertex   1.670132e+02 -1.289950e+02 -9.100000e+00
      vertex   1.675646e+02 -1.277700e+02 -9.100000e+00
    endloop
  endfacet
  facet normal 6.578702e-01 -2.724988e-01 -7.021049e-01
    outer loop
      vertex   1.680867e+02 -1.290858e+02 -8.100000e+00
      vertex   1.675646e+02 -1.277700e+02 -9.100000e+00
      vertex   1.686071e+02 -1.278296e+02 -8.100000e+00
    endloop
  endfacet
  facet normal 6.706917e-01 -2.089960e-01 -7.116835e-01
    outer loop
      vertex   1.686071e+02 -1.278296e+02 -8.100000e+00
      vertex   1.675646e+02 -1.277700e+02 -9.100000e+00
      vertex   1.679642e+02 -1.264874e+02 -9.100000e+00
    endloop
  endfacet
  facet normal 6.831110e-01 -1.968009e-01 -7.032985e-01
    outer loop
      vertex   1.686071e+02 -1.278296e+02 -8.100000e+00
      vertex   1.679642e+02 -1.264874e+02 -9.100000e+00
      vertex   1.689835e+02 -1.265231e+02 -8.100000e+00
    endloop
  endfacet
  facet normal 6.923985e-01 -1.268867e-01 -7.102705e-01
    outer loop
      vertex   1.689835e+02 -1.265231e+02 -8.100000e+00
      vertex   1.679642e+02 -1.264874e+02 -9.100000e+00
      vertex   1.682064e+02 -1.251660e+02 -9.100000e+00
    endloop
  endfacet
  facet normal 6.994005e-01 -1.188329e-01 -7.047820e-01
    outer loop
      vertex   1.689835e+02 -1.265231e+02 -8.100000e+00
      vertex   1.682064e+02 -1.251660e+02 -9.100000e+00
      vertex   1.692113e+02 -1.251826e+02 -8.100000e+00
    endloop
  endfacet
  facet normal 7.043913e-01 -4.260784e-02 -7.085319e-01
    outer loop
      vertex   1.692113e+02 -1.251826e+02 -8.100000e+00
      vertex   1.682064e+02 -1.251660e+02 -9.100000e+00
      vertex   1.682875e+02 -1.238250e+02 -9.100000e+00
    endloop
  endfacet
  facet normal 7.065499e-01 -3.967901e-02 -7.065499e-01
    outer loop
      vertex   1.692113e+02 -1.251826e+02 -8.100000e+00
      vertex   1.682875e+02 -1.238250e+02 -9.100000e+00
      vertex   1.692875e+02 -1.238250e+02 -8.100000e+00
    endloop
  endfacet
  facet normal 0.000000e+00 -7.071068e-01 -7.071068e-01
    outer loop
      vertex   1.000125e+02 -1.349500e+02 -9.100000e+00
      vertex   1.571625e+02 -1.349500e+02 -9.100000e+00
      vertex   1.000125e+02 -1.359500e+02 -8.100000e+00
    endloop
  endfacet
  facet normal -7.033135e-16 -7.071068e-01 -7.071068e-01
    outer loop
      vertex   1.000125e+02 -1.359500e+02 -8.100000e+00
      vertex   1.571625e+02 -1.349500e+02 -9.100000e+00
      vertex   1.571625e+02 -1.359500e+02 -8.100000e+00
    endloop
  endfacet
  facet normal -7.065499e-01 -3.967901e-02 -7.065499e-01
    outer loop
      vertex   8.788750e+01 -1.238250e+02 -8.100000e+00
      vertex   8.888750e+01 -1.238250e+02 -9.100000e+00
      vertex   8.796374e+01 -1.251826e+02 -8.100000e+00
    endloop
  endfacet
  facet normal -7.043913e-01 -4.260784e-02 -7.085319e-01
    outer loop
      vertex   8.796374e+01 -1.251826e+02 -8.100000e+00
      vertex   8.888750e+01 -1.238250e+02 -9.100000e+00
      vertex   8.896861e+01 -1.251660e+02 -9.100000e+00
    endloop
  endfacet
  facet normal -6.994005e-01 -1.188329e-01 -7.047820e-01
    outer loop
      vertex   8.796374e+01 -1.251826e+02 -8.100000e+00
      vertex   8.896861e+01 -1.251660e+02 -9.100000e+00
      vertex   8.819150e+01 -1.265231e+02 -8.100000e+00
    endloop
  endfacet
  facet normal -6.923985e-01 -1.268867e-01 -7.102705e-01
    outer loop
      vertex   8.819150e+01 -1.265231e+02 -8.100000e+00
      vertex   8.896861e+01 -1.251660e+02 -9.100000e+00
      vertex   8.921077e+01 -1.264874e+02 -9.100000e+00
    endloop
  endfacet
  facet normal -6.831110e-01 -1.968009e-01 -7.032985e-01
    outer loop
      vertex   8.819150e+01 -1.265231e+02 -8.100000e+00
      vertex   8.921077e+01 -1.264874e+02 -9.100000e+00
      vertex   8.856791e+01 -1.278296e+02 -8.100000e+00
    endloop
  endfacet
  facet normal -6.706917e-01 -2.089960e-01 -7.116835e-01
    outer loop
      vertex   8.856791e+01 -1.278296e+02 -8.100000e+00
      vertex   8.921077e+01 -1.264874e+02 -9.100000e+00
      vertex   8.961044e+01 -1.277700e+02 -9.100000e+00
    endloop
  endfacet
  facet normal -6.578702e-01 -2.724988e-01 -7.021049e-01
    outer loop
      vertex   8.856791e+01 -1.278296e+02 -8.100000e+00
      vertex   8.961044e+01 -1.277700e+02 -9.100000e+00
      vertex   8.908825e+01 -1.290858e+02 -8.100000e+00
    endloop
  endfacet
  facet normal -6.395984e-01 -2.878599e-01 -7.127766e-01
    outer loop
      vertex   8.908825e+01 -1.290858e+02 -8.100000e+00
      vertex   8.961044e+01 -1.277700e+02 -9.100000e+00
      vertex   9.016180e+01 -1.289950e+02 -9.100000e+00
    endloop
  endfacet
  facet normal -6.239984e-01 -3.448718e-01 -7.012057e-01
    outer loop
      vertex   8.908825e+01 -1.290858e+02 -8.100000e+00
      vertex   9.016180e+01 -1.289950e+02 -9.100000e+00
      vertex   8.974597e+01 -1.302759e+02 -8.100000e+00
    endloop
  endfacet
  facet normal -5.995602e-01 -3.624468e-01 -7.135544e-01
    outer loop
      vertex   8.974597e+01 -1.302759e+02 -8.100000e+00
      vertex   9.016180e+01 -1.289950e+02 -9.100000e+00
      vertex   9.085680e+01 -1.301447e+02 -9.100000e+00
    endloop
  endfacet
  facet normal -5.819434e-01 -4.129109e-01 -7.006043e-01
    outer loop
      vertex   8.974597e+01 -1.302759e+02 -8.100000e+00
      vertex   9.085680e+01 -1.301447e+02 -9.100000e+00
      vertex   9.053279e+01 -1.313848e+02 -8.100000e+00
    endloop
  endfacet
  facet normal -5.511272e-01 -4.317806e-01 -7.140198e-01
    outer loop
      vertex   9.053279e+01 -1.313848e+02 -8.100000e+00
      vertex   9.085680e+01 -1.301447e+02 -9.100000e+00
      vertex   9.168532e+01 -1.312022e+02 -9.100000e+00
    endloop
  endfacet
  facet normal -5.322734e-01 -4.756686e-01 -7.003031e-01
    outer loop
      vertex   9.053279e+01 -1.313848e+02 -8.100000e+00
      vertex   9.168532e+01 -1.312022e+02 -9.100000e+00
      vertex   9.143883e+01 -1.323987e+02 -8.100000e+00
    endloop
  endfacet
  facet normal -4.949518e-01 -4.949518e-01 -7.141747e-01
    outer loop
      vertex   9.143883e+01 -1.323987e+02 -8.100000e+00
      vertex   9.168532e+01 -1.312022e+02 -9.100000e+00
      vertex   9.263526e+01 -1.321522e+02 -9.100000e+00
    endloop
  endfacet
  facet normal -4.756686e-01 -5.322734e-01 -7.003031e-01
    outer loop
      vertex   9.143883e+01 -1.323987e+02 -8.100000e+00
      vertex   9.263526e+01 -1.321522e+02 -9.100000e+00
      vertex   9.245269e+01 -1.333047e+02 -8.100000e+00
    endloop
  endfacet
  facet normal -4.317806e-01 -5.511273e-01 -7.140198e-01
    outer loop
      vertex   9.245269e+01 -1.333047e+02 -8.100000e+00
      vertex   9.263526e+01 -1.321522e+02 -9.100000e+00
      vertex   9.369278e+01 -1.329807e+02 -9.100000e+00
    endloop
  endfacet
  facet normal -4.129109e-01 -5.819434e-01 -7.006043e-01
    outer loop
      vertex   9.245269e+01 -1.333047e+02 -8.100000e+00
      vertex   9.369278e+01 -1.329807e+02 -9.100000e+00
      vertex   9.356161e+01 -1.340915e+02 -8.100000e+00
    endloop
  endfacet
  facet normal -3.624468e-01 -5.995602e-01 -7.135544e-01
    outer loop
      vertex   9.356161e+01 -1.340915e+02 -8.100000e+00
      vertex   9.369278e+01 -1.329807e+02 -9.100000e+00
      vertex   9.484245e+01 -1.336757e+02 -9.100000e+00
    endloop
  endfacet
  facet normal -3.448718e-01 -6.239984e-01 -7.012057e-01
    outer loop
      vertex   9.356161e+01 -1.340915e+02 -8.100000e+00
      vertex   9.484245e+01 -1.336757e+02 -9.100000e+00
      vertex   9.475166e+01 -1.347492e+02 -8.100000e+00
    endloop
  endfacet
  facet normal -2.878599e-01 -6.395984e-01 -7.127766e-01
    outer loop
      vertex   9.475166e+01 -1.347492e+02 -8.100000e+00
      vertex   9.484245e+01 -1.336757e+02 -9.100000e+00
      vertex   9.606752e+01 -1.342271e+02 -9.100000e+00
    endloop
  endfacet
  facet normal -2.724988e-01 -6.578702e-01 -7.021049e-01
    outer loop
      vertex   9.475166e+01 -1.347492e+02 -8.100000e+00
      vertex   9.606752e+01 -1.342271e+02 -9.100000e+00
      vertex   9.600787e+01 -1.352696e+02 -8.100000e+00
    endloop
  endfacet
  facet normal -2.089960e-01 -6.706917e-01 -7.116835e-01
    outer loop
      vertex   9.600787e+01 -1.352696e+02 -8.100000e+00
      vertex   9.606752e+01 -1.342271e+02 -9.100000e+00
      vertex   9.735011e+01 -1.346267e+02 -9.100000e+00
    endloop
  endfacet
  facet normal -1.968009e-01 -6.831110e-01 -7.032985e-01
    outer loop
      vertex   9.600787e+01 -1.352696e+02 -8.100000e+00
      vertex   9.735011e+01 -1.346267e+02 -9.100000e+00
      vertex   9.731443e+01 -1.356460e+02 -8.100000e+00
    endloop
  endfacet
  facet normal -1.268867e-01 -6.923985e-01 -7.102705e-01
    outer loop
      vertex   9.731443e+01 -1.356460e+02 -8.100000e+00
      vertex   9.735011e+01 -1.346267e+02 -9.100000e+00
      vertex   9.867153e+01 -1.348689e+02 -9.100000e+00
    endloop
  endfacet
  facet normal -1.188329e-01 -6.994005e-01 -7.047820e-01
    outer loop
      vertex   9.731443e+01 -1.356460e+02 -8.100000e+00
      vertex   9.867153e+01 -1.348689e+02 -9.100000e+00
      vertex   9.865493e+01 -1.358738e+02 -8.100000e+00
    endloop
  endfacet
  facet normal -4.260784e-02 -7.043913e-01 -7.085319e-01
    outer loop
      vertex   9.865493e+01 -1.358738e+02 -8.100000e+00
      vertex   9.867153e+01 -1.348689e+02 -9.100000e+00
      vertex   1.000125e+02 -1.349500e+02 -9.100000e+00
    endloop
  endfacet
  facet normal -3.967901e-02 -7.065499e-01 -7.065499e-01
    outer loop
      vertex   9.865493e+01 -1.358738e+02 -8.100000e+00
      vertex   1.000125e+02 -1.349500e+02 -9.100000e+00
      vertex   1.000125e+02 -1.359500e+02 -8.100000e+00
    endloop
  endfacet
  facet normal -7.071068e-01 5.743727e-14 -7.071068e-01
    outer loop
      vertex   8.888750e+01 -3.810000e+01 -9.100000e+00
      vertex   8.888750e+01 -1.238250e+02 -9.100000e+00
      vertex   8.788750e+01 -3.810000e+01 -8.100000e+00
    endloop
  endfacet
  facet normal -7.071068e-01 5.778893e-14 -7.071068e-01
    outer loop
      vertex   8.788750e+01 -3.810000e+01 -8.100000e+00
      vertex   8.888750e+01 -1.238250e+02 -9.100000e+00
      vertex   8.788750e+01 -1.238250e+02 -8.100000e+00
    endloop
  endfacet
  facet normal -3.967902e-02 7.065499e-01 -7.065499e-01
    outer loop
      vertex   1.000125e+02 -2.597500e+01 -8.100000e+00
      vertex   1.000125e+02 -2.697500e+01 -9.100000e+00
      vertex   9.865493e+01 -2.605124e+01 -8.100000e+00
    endloop
  endfacet
  facet normal -4.260785e-02 7.043913e-01 -7.085319e-01
    outer loop
      vertex   9.865493e+01 -2.605124e+01 -8.100000e+00
      vertex   1.000125e+02 -2.697500e+01 -9.100000e+00
      vertex   9.867153e+01 -2.705611e+01 -9.100000e+00
    endloop
  endfacet
  facet normal -1.188329e-01 6.994005e-01 -7.047820e-01
    outer loop
      vertex   9.865493e+01 -2.605124e+01 -8.100000e+00
      vertex   9.867153e+01 -2.705611e+01 -9.100000e+00
      vertex   9.731443e+01 -2.627900e+01 -8.100000e+00
    endloop
  endfacet
  facet normal -1.268867e-01 6.923985e-01 -7.102705e-01
    outer loop
      vertex   9.731443e+01 -2.627900e+01 -8.100000e+00
      vertex   9.867153e+01 -2.705611e+01 -9.100000e+00
      vertex   9.735011e+01 -2.729827e+01 -9.100000e+00
    endloop
  endfacet
  facet normal -1.968009e-01 6.831110e-01 -7.032985e-01
    outer loop
      vertex   9.731443e+01 -2.627900e+01 -8.100000e+00
      vertex   9.735011e+01 -2.729827e+01 -9.100000e+00
      vertex   9.600787e+01 -2.665541e+01 -8.100000e+00
    endloop
  endfacet
  facet normal -2.089960e-01 6.706917e-01 -7.116835e-01
    outer loop
      vertex   9.600787e+01 -2.665541e+01 -8.100000e+00
      vertex   9.735011e+01 -2.729827e+01 -9.100000e+00
      vertex   9.606752e+01 -2.769794e+01 -9.100000e+00
    endloop
  endfacet
  facet normal -2.724988e-01 6.578702e-01 -7.021049e-01
    outer loop
      vertex   9.600787e+01 -2.665541e+01 -8.100000e+00
      vertex   9.606752e+01 -2.769794e+01 -9.100000e+00
      vertex   9.475166e+01 -2.717575e+01 -8.100000e+00
    endloop
  endfacet
  facet normal -2.878599e-01 6.395984e-01 -7.127766e-01
    outer loop
      vertex   9.475166e+01 -2.717575e+01 -8.100000e+00
      vertex   9.606752e+01 -2.769794e+01 -9.100000e+00
      vertex   9.484245e+01 -2.824930e+01 -9.100000e+00
    endloop
  endfacet
  facet normal -3.448718e-01 6.239984e-01 -7.012057e-01
    outer loop
      vertex   9.475166e+01 -2.717575e+01 -8.100000e+00
      vertex   9.484245e+01 -2.824930e+01 -9.100000e+00
      vertex   9.356161e+01 -2.783347e+01 -8.100000e+00
    endloop
  endfacet
  facet normal -3.624468e-01 5.995602e-01 -7.135544e-01
    outer loop
      vertex   9.356161e+01 -2.783347e+01 -8.100000e+00
      vertex   9.484245e+01 -2.824930e+01 -9.100000e+00
      vertex   9.369278e+01 -2.894430e+01 -9.100000e+00
    endloop
  endfacet
  facet normal -4.129109e-01 5.819434e-01 -7.006043e-01
    outer loop
      vertex   9.356161e+01 -2.783347e+01 -8.100000e+00
      vertex   9.369278e+01 -2.894430e+01 -9.100000e+00
      vertex   9.245269e+01 -2.862029e+01 -8.100000e+00
    endloop
  endfacet
  facet normal -4.317806e-01 5.511272e-01 -7.140198e-01
    outer loop
      vertex   9.245269e+01 -2.862029e+01 -8.100000e+00
      vertex   9.369278e+01 -2.894430e+01 -9.100000e+00
      vertex   9.263526e+01 -2.977282e+01 -9.100000e+00
    endloop
  endfacet
  facet normal -4.756686e-01 5.322734e-01 -7.003031e-01
    outer loop
      vertex   9.245269e+01 -2.862029e+01 -8.100000e+00
      vertex   9.263526e+01 -2.977282e+01 -9.100000e+00
      vertex   9.143883e+01 -2.952633e+01 -8.100000e+00
    endloop
  endfacet
  facet normal -4.949518e-01 4.949518e-01 -7.141747e-01
    outer loop
      vertex   9.143883e+01 -2.952633e+01 -8.100000e+00
      vertex   9.263526e+01 -2.977282e+01 -9.100000e+00
      vertex   9.168532e+01 -3.072276e+01 -9.100000e+00
    endloop
  endfacet
  facet normal -5.322734e-01 4.756686e-01 -7.003031e-01
    outer loop
      vertex   9.143883e+01 -2.952633e+01 -8.100000e+00
      vertex   9.168532e+01 -3.072276e+01 -9.100000e+00
      vertex   9.053279e+01 -3.054019e+01 -8.100000e+00
    endloop
  endfacet
  facet normal -5.511273e-01 4.317806e-01 -7.140198e-01
    outer loop
      vertex   9.053279e+01 -3.054019e+01 -8.100000e+00
      vertex   9.168532e+01 -3.072276e+01 -9.100000e+00
      vertex   9.085680e+01 -3.178028e+01 -9.100000e+00
    endloop
  endfacet
  facet normal -5.819434e-01 4.129109e-01 -7.006043e-01
    outer loop
      vertex   9.053279e+01 -3.054019e+01 -8.100000e+00
      vertex   9.085680e+01 -3.178028e+01 -9.100000e+00
      vertex   8.974597e+01 -3.164911e+01 -8.100000e+00
    endloop
  endfacet
  facet normal -5.995602e-01 3.624468e-01 -7.135544e-01
    outer loop
      vertex   8.974597e+01 -3.164911e+01 -8.100000e+00
      vertex   9.085680e+01 -3.178028e+01 -9.100000e+00
      vertex   9.016180e+01 -3.292995e+01 -9.100000e+00
    endloop
  endfacet
  facet normal -6.239984e-01 3.448717e-01 -7.012057e-01
    outer loop
      vertex   8.974597e+01 -3.164911e+01 -8.100000e+00
      vertex   9.016180e+01 -3.292995e+01 -9.100000e+00
      vertex   8.908825e+01 -3.283916e+01 -8.100000e+00
    endloop
  endfacet
  facet normal -6.395984e-01 2.878599e-01 -7.127766e-01
    outer loop
      vertex   8.908825e+01 -3.283916e+01 -8.100000e+00
      vertex   9.016180e+01 -3.292995e+01 -9.100000e+00
      vertex   8.961044e+01 -3.415502e+01 -9.100000e+00
    endloop
  endfacet
  facet normal -6.578702e-01 2.724988e-01 -7.021049e-01
    outer loop
      vertex   8.908825e+01 -3.283916e+01 -8.100000e+00
      vertex   8.961044e+01 -3.415502e+01 -9.100000e+00
      vertex   8.856791e+01 -3.409537e+01 -8.100000e+00
    endloop
  endfacet
  facet normal -6.706917e-01 2.089960e-01 -7.116835e-01
    outer loop
      vertex   8.856791e+01 -3.409537e+01 -8.100000e+00
      vertex   8.961044e+01 -3.415502e+01 -9.100000e+00
      vertex   8.921077e+01 -3.543761e+01 -9.100000e+00
    endloop
  endfacet
  facet normal -6.831110e-01 1.968009e-01 -7.032985e-01
    outer loop
      vertex   8.856791e+01 -3.409537e+01 -8.100000e+00
      vertex   8.921077e+01 -3.543761e+01 -9.100000e+00
      vertex   8.819150e+01 -3.540193e+01 -8.100000e+00
    endloop
  endfacet
  facet normal -6.923985e-01 1.268867e-01 -7.102705e-01
    outer loop
      vertex   8.819150e+01 -3.540193e+01 -8.100000e+00
      vertex   8.921077e+01 -3.543761e+01 -9.100000e+00
      vertex   8.896861e+01 -3.675903e+01 -9.100000e+00
    endloop
  endfacet
  facet normal -6.994005e-01 1.188329e-01 -7.047820e-01
    outer loop
      vertex   8.819150e+01 -3.540193e+01 -8.100000e+00
      vertex   8.896861e+01 -3.675903e+01 -9.100000e+00
      vertex   8.796374e+01 -3.674243e+01 -8.100000e+00
    endloop
  endfacet
  facet normal -7.043913e-01 4.260784e-02 -7.085319e-01
    outer loop
      vertex   8.796374e+01 -3.674243e+01 -8.100000e+00
      vertex   8.896861e+01 -3.675903e+01 -9.100000e+00
      vertex   8.888750e+01 -3.810000e+01 -9.100000e+00
    endloop
  endfacet
  facet normal -7.065499e-01 3.967901e-02 -7.065499e-01
    outer loop
      vertex   8.796374e+01 -3.674243e+01 -8.100000e+00
      vertex   8.888750e+01 -3.810000e+01 -9.100000e+00
      vertex   8.788750e+01 -3.810000e+01 -8.100000e+00
    endloop
  endfacet
  facet normal -8.672735e-14 7.071068e-01 -7.071068e-01
    outer loop
      vertex   1.571625e+02 -2.697500e+01 -9.100000e+00
      vertex   1.000125e+02 -2.697500e+01 -9.100000e+00
      vertex   1.571625e+02 -2.597500e+01 -8.100000e+00
    endloop
  endfacet
  facet normal -8.672735e-14 7.071068e-01 -7.071068e-01
    outer loop
      vertex   1.571625e+02 -2.597500e+01 -8.100000e+00
      vertex   1.000125e+02 -2.697500e+01 -9.100000e+00
      vertex   1.000125e+02 -2.597500e+01 -8.100000e+00
    endloop
  endfacet
  facet normal 7.065499e-01 3.967902e-02 -7.065499e-01
    outer loop
      vertex   1.692875e+02 -3.810000e+01 -8.100000e+00
      vertex   1.682875e+02 -3.810000e+01 -9.100000e+00
      vertex   1.692113e+02 -3.674243e+01 -8.100000e+00
    endloop
  endfacet
  facet normal 7.043913e-01 4.260785e-02 -7.085319e-01
    outer loop
      vertex   1.692113e+02 -3.674243e+01 -8.100000e+00
      vertex   1.682875e+02 -3.810000e+01 -9.100000e+00
      vertex   1.682064e+02 -3.675903e+01 -9.100000e+00
    endloop
  endfacet
  facet normal 6.994005e-01 1.188329e-01 -7.047820e-01
    outer loop
      vertex   1.692113e+02 -3.674243e+01 -8.100000e+00
      vertex   1.682064e+02 -3.675903e+01 -9.100000e+00
      vertex   1.689835e+02 -3.540193e+01 -8.100000e+00
    endloop
  endfacet
  facet normal 6.923985e-01 1.268867e-01 -7.102705e-01
    outer loop
      vertex   1.689835e+02 -3.540193e+01 -8.100000e+00
      vertex   1.682064e+02 -3.675903e+01 -9.100000e+00
      vertex   1.679642e+02 -3.543761e+01 -9.100000e+00
    endloop
  endfacet
  facet normal 6.831110e-01 1.968009e-01 -7.032985e-01
    outer loop
      vertex   1.689835e+02 -3.540193e+01 -8.100000e+00
      vertex   1.679642e+02 -3.543761e+01 -9.100000e+00
      vertex   1.686071e+02 -3.409537e+01 -8.100000e+00
    endloop
  endfacet
  facet normal 6.706917e-01 2.089960e-01 -7.116835e-01
    outer loop
      vertex   1.686071e+02 -3.409537e+01 -8.100000e+00
      vertex   1.679642e+02 -3.543761e+01 -9.100000e+00
      vertex   1.675646e+02 -3.415502e+01 -9.100000e+00
    endloop
  endfacet
  facet normal 6.578702e-01 2.724988e-01 -7.021049e-01
    outer loop
      vertex   1.686071e+02 -3.409537e+01 -8.100000e+00
      vertex   1.675646e+02 -3.415502e+01 -9.100000e+00
      vertex   1.680867e+02 -3.283916e+01 -8.100000e+00
    endloop
  endfacet
  facet normal 6.395984e-01 2.878599e-01 -7.127766e-01
    outer loop
      vertex   1.680867e+02 -3.283916e+01 -8.100000e+00
      vertex   1.675646e+02 -3.415502e+01 -9.100000e+00
      vertex   1.670132e+02 -3.292995e+01 -9.100000e+00
    endloop
  endfacet
  facet normal 6.239984e-01 3.448718e-01 -7.012057e-01
    outer loop
      vertex   1.680867e+02 -3.283916e+01 -8.100000e+00
      vertex   1.670132e+02 -3.292995e+01 -9.100000e+00
      vertex   1.674290e+02 -3.164911e+01 -8.100000e+00
    endloop
  endfacet
  facet normal 5.995602e-01 3.624468e-01 -7.135544e-01
    outer loop
      vertex   1.674290e+02 -3.164911e+01 -8.100000e+00
      vertex   1.670132e+02 -3.292995e+01 -9.100000e+00
      vertex   1.663182e+02 -3.178028e+01 -9.100000e+00
    endloop
  endfacet
  facet normal 5.819434e-01 4.129109e-01 -7.006043e-01
    outer loop
      vertex   1.674290e+02 -3.164911e+01 -8.100000e+00
      vertex   1.663182e+02 -3.178028e+01 -9.100000e+00
      vertex   1.666422e+02 -3.054019e+01 -8.100000e+00
    endloop
  endfacet
  facet normal 5.511272e-01 4.317806e-01 -7.140198e-01
    outer loop
      vertex   1.666422e+02 -3.054019e+01 -8.100000e+00
      vertex   1.663182e+02 -3.178028e+01 -9.100000e+00
      vertex   1.654897e+02 -3.072276e+01 -9.100000e+00
    endloop
  endfacet
  facet normal 5.322734e-01 4.756686e-01 -7.003031e-01
    outer loop
      vertex   1.666422e+02 -3.054019e+01 -8.100000e+00
      vertex   1.654897e+02 -3.072276e+01 -9.100000e+00
      vertex   1.657362e+02 -2.952633e+01 -8.100000e+00
    endloop
  endfacet
  facet normal 4.949518e-01 4.949518e-01 -7.141747e-01
    outer loop
      vertex   1.657362e+02 -2.952633e+01 -8.100000e+00
      vertex   1.654897e+02 -3.072276e+01 -9.100000e+00
      vertex   1.645397e+02 -2.977282e+01 -9.100000e+00
    endloop
  endfacet
  facet normal 4.756686e-01 5.322734e-01 -7.003031e-01
    outer loop
      vertex   1.657362e+02 -2.952633e+01 -8.100000e+00
      vertex   1.645397e+02 -2.977282e+01 -9.100000e+00
      vertex   1.647223e+02 -2.862029e+01 -8.100000e+00
    endloop
  endfacet
  facet normal 4.317806e-01 5.511273e-01 -7.140198e-01
    outer loop
      vertex   1.647223e+02 -2.862029e+01 -8.100000e+00
      vertex   1.645397e+02 -2.977282e+01 -9.100000e+00
      vertex   1.634822e+02 -2.894430e+01 -9.100000e+00
    endloop
  endfacet
  facet normal 4.129109e-01 5.819434e-01 -7.006043e-01
    outer loop
      vertex   1.647223e+02 -2.862029e+01 -8.100000e+00
      vertex   1.634822e+02 -2.894430e+01 -9.100000e+00
      vertex   1.636134e+02 -2.783347e+01 -8.100000e+00
    endloop
  endfacet
  facet normal 3.624468e-01 5.995602e-01 -7.135544e-01
    outer loop
      vertex   1.636134e+02 -2.783347e+01 -8.100000e+00
      vertex   1.634822e+02 -2.894430e+01 -9.100000e+00
      vertex   1.623325e+02 -2.824930e+01 -9.100000e+00
    endloop
  endfacet
  facet normal 3.448717e-01 6.239984e-01 -7.012057e-01
    outer loop
      vertex   1.636134e+02 -2.783347e+01 -8.100000e+00
      vertex   1.623325e+02 -2.824930e+01 -9.100000e+00
      vertex   1.624233e+02 -2.717575e+01 -8.100000e+00
    endloop
  endfacet
  facet normal 2.878599e-01 6.395984e-01 -7.127766e-01
    outer loop
      vertex   1.624233e+02 -2.717575e+01 -8.100000e+00
      vertex   1.623325e+02 -2.824930e+01 -9.100000e+00
      vertex   1.611075e+02 -2.769794e+01 -9.100000e+00
    endloop
  endfacet
  facet normal 2.724988e-01 6.578702e-01 -7.021049e-01
    outer loop
      vertex   1.624233e+02 -2.717575e+01 -8.100000e+00
      vertex   1.611075e+02 -2.769794e+01 -9.100000e+00
      vertex   1.611671e+02 -2.665541e+01 -8.100000e+00
    endloop
  endfacet
  facet normal 2.089960e-01 6.706917e-01 -7.116835e-01
    outer loop
      vertex   1.611671e+02 -2.665541e+01 -8.100000e+00
      vertex   1.611075e+02 -2.769794e+01 -9.100000e+00
      vertex   1.598249e+02 -2.729827e+01 -9.100000e+00
    endloop
  endfacet
  facet normal 1.968009e-01 6.831110e-01 -7.032985e-01
    outer loop
      vertex   1.611671e+02 -2.665541e+01 -8.100000e+00
      vertex   1.598249e+02 -2.729827e+01 -9.100000e+00
      vertex   1.598606e+02 -2.627900e+01 -8.100000e+00
    endloop
  endfacet
  facet normal 1.268867e-01 6.923985e-01 -7.102705e-01
    outer loop
      vertex   1.598606e+02 -2.627900e+01 -8.100000e+00
      vertex   1.598249e+02 -2.729827e+01 -9.100000e+00
      vertex   1.585035e+02 -2.705611e+01 -9.100000e+00
    endloop
  endfacet
  facet normal 1.188329e-01 6.994005e-01 -7.047820e-01
    outer loop
      vertex   1.598606e+02 -2.627900e+01 -8.100000e+00
      vertex   1.585035e+02 -2.705611e+01 -9.100000e+00
      vertex   1.585201e+02 -2.605124e+01 -8.100000e+00
    endloop
  endfacet
  facet normal 4.260784e-02 7.043913e-01 -7.085319e-01
    outer loop
      vertex   1.585201e+02 -2.605124e+01 -8.100000e+00
      vertex   1.585035e+02 -2.705611e+01 -9.100000e+00
      vertex   1.571625e+02 -2.697500e+01 -9.100000e+00
    endloop
  endfacet
  facet normal 3.967901e-02 7.065499e-01 -7.065499e-01
    outer loop
      vertex   1.585201e+02 -2.605124e+01 -8.100000e+00
      vertex   1.571625e+02 -2.697500e+01 -9.100000e+00
      vertex   1.571625e+02 -2.597500e+01 -8.100000e+00
    endloop
  endfacet
  facet normal 7.071068e-01 0.000000e+00 -7.071068e-01
    outer loop
      vertex   1.682875e+02 -1.238250e+02 -9.100000e+00
      vertex   1.682875e+02 -3.810000e+01 -9.100000e+00
      vertex   1.692875e+02 -1.238250e+02 -8.100000e+00
    endloop
  endfacet
  facet normal 7.071068e-01 7.033135e-16 -7.071068e-01
    outer loop
      vertex   1.692875e+02 -1.238250e+02 -8.100000e+00
      vertex   1.682875e+02 -3.810000e+01 -9.100000e+00
      vertex   1.692875e+02 -3.810000e+01 -8.100000e+00
    endloop
  endfacet
  facet normal -1.000000e+00 5.015642e-14 1.964063e-22
    outer loop
      vertex   8.788750e+01 -3.810000e+01 4.013866e+00
      vertex   8.788750e+01 -3.810000e+01 -8.100000e+00
      vertex   8.788750e+01 -3.838333e+01 4.097567e+00
    endloop
  endfacet
  facet normal -1.000000e+00 8.172588e-14 7.333105e-16
    outer loop
      vertex   8.788750e+01 -3.838333e+01 4.097567e+00
      vertex   8.788750e+01 -3.810000e+01 -8.100000e+00
      vertex   8.788750e+01 -1.238250e+02 -8.100000e+00
    endloop
  endfacet
  facet normal -1.000000e+00 8.343823e-14 -1.126136e-14
    outer loop
      vertex   8.788750e+01 -3.838333e+01 4.097567e+00
      vertex   8.788750e+01 -1.238250e+02 -8.100000e+00
      vertex   8.788750e+01 -4.329688e+01 5.549211e+00
    endloop
  endfacet
  facet normal -1.000000e+00 8.127667e-14 1.491514e-15
    outer loop
      vertex   8.788750e+01 -4.329688e+01 5.549211e+00
      vertex   8.788750e+01 -1.238250e+02 -8.100000e+00
      vertex   8.788750e+01 -7.134660e+01 9.606000e+00
    endloop
  endfacet
  facet normal -1.000000e+00 8.250188e-14 9.962940e-15
    outer loop
      vertex   8.788750e+01 -4.329688e+01 5.549211e+00
      vertex   8.788750e+01 -7.134660e+01 9.606000e+00
      vertex   8.788750e+01 -4.721567e+01 6.620053e+00
    endloop
  endfacet
  facet normal -1.000000e+00 8.396678e-14 2.180154e-14
    outer loop
      vertex   8.788750e+01 -4.721567e+01 6.620053e+00
      vertex   8.788750e+01 -7.134660e+01 9.606000e+00
      vertex   8.788750e+01 -5.117510e+01 7.529219e+00
    endloop
  endfacet
  facet normal -1.000000e+00 7.719822e-14 -4.394061e-14
    outer loop
      vertex   8.788750e+01 -5.117510e+01 7.529219e+00
      vertex   8.788750e+01 -7.134660e+01 9.606000e+00
      vertex   8.788750e+01 -5.516849e+01 8.275180e+00
    endloop
  endfacet
  facet normal -1.000000e+00 8.484110e-14 4.897009e-14
    outer loop
      vertex   8.788750e+01 -5.516849e+01 8.275180e+00
      vertex   8.788750e+01 -7.134660e+01 9.606000e+00
      vertex   8.788750e+01 -5.918912e+01 8.856677e+00
    endloop
  endfacet
  facet normal -1.000000e+00 7.798196e-14 -6.231690e-14
    outer loop
      vertex   8.788750e+01 -5.918912e+01 8.856677e+00
      vertex   8.788750e+01 -7.134660e+01 9.606000e+00
      vertex   8.788750e+01 -6.323022e+01 9.272734e+00
    endloop
  endfacet
  facet normal -1.000000e+00 8.739989e-14 1.670478e-13
    outer loop
      vertex   8.788750e+01 -6.323022e+01 9.272734e+00
      vertex   8.788750e+01 -7.134660e+01 9.606000e+00
      vertex   8.788750e+01 -6.728499e+01 9.522648e+00
    endloop
  endfacet
  facet normal -1.000000e+00 8.177990e-14 0.000000e+00
    outer loop
      vertex   8.788750e+01 -1.238250e+02 -8.100000e+00
      vertex   8.788750e+01 -1.238250e+02 9.606000e+00
      vertex   8.788750e+01 -7.134660e+01 9.606000e+00
    endloop
  endfacet
  facet normal -9.984268e-01 -5.607048e-02 -0.000000e+00
    outer loop
      vertex   8.788750e+01 -1.238250e+02 9.606000e+00
      vertex   8.788750e+01 -1.238250e+02 -8.100000e+00
      vertex   8.796374e+01 -1.251826e+02 9.606000e+00
    endloop
  endfacet
  facet normal -9.984268e-01 -5.607048e-02 -0.000000e+00
    outer loop
      vertex   8.796374e+01 -1.251826e+02 9.606000e+00
      vertex   8.788750e+01 -1.238250e+02 -8.100000e+00
      vertex   8.796374e+01 -1.251826e+02 -8.100000e+00
    endloop
  endfacet
  facet normal -9.858710e-01 -1.675062e-01 -0.000000e+00
    outer loop
      vertex   8.796374e+01 -1.251826e+02 9.606000e+00
      vertex   8.796374e+01 -1.251826e+02 -8.100000e+00
      vertex   8.819150e+01 -1.265231e+02 -8.100000e+00
    endloop
  endfacet
  facet normal -9.858710e-01 -1.675062e-01 -8.009479e-19
    outer loop
      vertex   8.796374e+01 -1.251826e+02 9.606000e+00
      vertex   8.819150e+01 -1.265231e+02 -8.100000e+00
      vertex   8.819150e+01 -1.265231e+02 9.606000e+00
    endloop
  endfacet
  facet normal -9.609173e-01 -2.768355e-01 -0.000000e+00
    outer loop
      vertex   8.819150e+01 -1.265231e+02 9.606000e+00
      vertex   8.819150e+01 -1.265231e+02 -8.100000e+00
      vertex   8.856791e+01 -1.278296e+02 -8.100000e+00
    endloop
  endfacet
  facet normal -9.609173e-01 -2.768355e-01 -6.723633e-19
    outer loop
      vertex   8.819150e+01 -1.265231e+02 9.606000e+00
      vertex   8.856791e+01 -1.278296e+02 -8.100000e+00
      vertex   8.856791e+01 -1.278296e+02 9.606000e+00
    endloop
  endfacet
  facet normal -9.238795e-01 -3.826834e-01 -0.000000e+00
    outer loop
      vertex   8.856791e+01 -1.278296e+02 9.606000e+00
      vertex   8.856791e+01 -1.278296e+02 -8.100000e+00
      vertex   8.908825e+01 -1.290858e+02 -8.100000e+00
    endloop
  endfacet
  facet normal -9.238795e-01 -3.826834e-01 -6.590777e-19
    outer loop
      vertex   8.856791e+01 -1.278296e+02 9.606000e+00
      vertex   8.908825e+01 -1.290858e+02 -8.100000e+00
      vertex   8.908825e+01 -1.290858e+02 9.606000e+00
    endloop
  endfacet
  facet normal -8.752234e-01 -4.837189e-01 -0.000000e+00
    outer loop
      vertex   8.908825e+01 -1.290858e+02 9.606000e+00
      vertex   8.908825e+01 -1.290858e+02 -8.100000e+00
      vertex   8.974597e+01 -1.302759e+02 -8.100000e+00
    endloop
  endfacet
  facet normal -8.752234e-01 -4.837189e-01 -7.961742e-19
    outer loop
      vertex   8.908825e+01 -1.290858e+02 9.606000e+00
      vertex   8.974597e+01 -1.302759e+02 -8.100000e+00
      vertex   8.974597e+01 -1.302759e+02 9.606000e+00
    endloop
  endfacet
  facet normal -8.155609e-01 -5.786713e-01 -0.000000e+00
    outer loop
      vertex   8.974597e+01 -1.302759e+02 9.606000e+00
      vertex   8.974597e+01 -1.302759e+02 -8.100000e+00
      vertex   9.053279e+01 -1.313848e+02 -8.100000e+00
    endloop
  endfacet
  facet normal -8.155609e-01 -5.786713e-01 1.467640e-18
    outer loop
      vertex   8.974597e+01 -1.302759e+02 9.606000e+00
      vertex   9.053279e+01 -1.313848e+02 -8.100000e+00
      vertex   9.053279e+01 -1.313848e+02 9.606000e+00
    endloop
  endfacet
  facet normal -7.456422e-01 -6.663466e-01 -0.000000e+00
    outer loop
      vertex   9.053279e+01 -1.313848e+02 9.606000e+00
      vertex   9.053279e+01 -1.313848e+02 -8.100000e+00
      vertex   9.143883e+01 -1.323987e+02 -8.100000e+00
    endloop
  endfacet
  facet normal -7.456422e-01 -6.663466e-01 -1.991506e-18
    outer loop
      vertex   9.053279e+01 -1.313848e+02 9.606000e+00
      vertex   9.143883e+01 -1.323987e+02 -8.100000e+00
      vertex   9.143883e+01 -1.323987e+02 9.606000e+00
    endloop
  endfacet
  facet normal -6.663466e-01 -7.456422e-01 -0.000000e+00
    outer loop
      vertex   9.143883e+01 -1.323987e+02 9.606000e+00
      vertex   9.143883e+01 -1.323987e+02 -8.100000e+00
      vertex   9.245269e+01 -1.333047e+02 -8.100000e+00
    endloop
  endfacet
  facet normal -6.663466e-01 -7.456422e-01 3.587966e-19
    outer loop
      vertex   9.143883e+01 -1.323987e+02 9.606000e+00
      vertex   9.245269e+01 -1.333047e+02 -8.100000e+00
      vertex   9.245269e+01 -1.333047e+02 9.606000e+00
    endloop
  endfacet
  facet normal -5.786713e-01 -8.155609e-01 -0.000000e+00
    outer loop
      vertex   9.245269e+01 -1.333047e+02 9.606000e+00
      vertex   9.245269e+01 -1.333047e+02 -8.100000e+00
      vertex   9.356161e+01 -1.340915e+02 -8.100000e+00
    endloop
  endfacet
  facet normal -5.786713e-01 -8.155609e-01 1.570502e-18
    outer loop
      vertex   9.245269e+01 -1.333047e+02 9.606000e+00
      vertex   9.356161e+01 -1.340915e+02 -8.100000e+00
      vertex   9.356161e+01 -1.340915e+02 9.606000e+00
    endloop
  endfacet
  facet normal -4.837189e-01 -8.752234e-01 -0.000000e+00
    outer loop
      vertex   9.356161e+01 -1.340915e+02 9.606000e+00
      vertex   9.356161e+01 -1.340915e+02 -8.100000e+00
      vertex   9.475166e+01 -1.347492e+02 -8.100000e+00
    endloop
  endfacet
  facet normal -4.837189e-01 -8.752234e-01 -8.403497e-19
    outer loop
      vertex   9.356161e+01 -1.340915e+02 9.606000e+00
      vertex   9.475166e+01 -1.347492e+02 -8.100000e+00
      vertex   9.475166e+01 -1.347492e+02 9.606000e+00
    endloop
  endfacet
  facet normal -3.826834e-01 -9.238795e-01 -0.000000e+00
    outer loop
      vertex   9.475166e+01 -1.347492e+02 9.606000e+00
      vertex   9.475166e+01 -1.347492e+02 -8.100000e+00
      vertex   9.600787e+01 -1.352696e+02 -8.100000e+00
    endloop
  endfacet
  facet normal -3.826834e-01 -9.238795e-01 3.399428e-19
    outer loop
      vertex   9.475166e+01 -1.347492e+02 9.606000e+00
      vertex   9.600787e+01 -1.352696e+02 -8.100000e+00
      vertex   9.600787e+01 -1.352696e+02 9.606000e+00
    endloop
  endfacet
  facet normal -2.768355e-01 -9.609173e-01 -0.000000e+00
    outer loop
      vertex   9.600787e+01 -1.352696e+02 9.606000e+00
      vertex   9.600787e+01 -1.352696e+02 -8.100000e+00
      vertex   9.731443e+01 -1.356460e+02 -8.100000e+00
    endloop
  endfacet
  facet normal -2.768355e-01 -9.609173e-01 9.873690e-19
    outer loop
      vertex   9.600787e+01 -1.352696e+02 9.606000e+00
      vertex   9.731443e+01 -1.356460e+02 -8.100000e+00
      vertex   9.731443e+01 -1.356460e+02 9.606000e+00
    endloop
  endfacet
  facet normal -1.675062e-01 -9.858710e-01 -0.000000e+00
    outer loop
      vertex   9.731443e+01 -1.356460e+02 9.606000e+00
      vertex   9.731443e+01 -1.356460e+02 -8.100000e+00
      vertex   9.865493e+01 -1.358738e+02 -8.100000e+00
    endloop
  endfacet
  facet normal -1.675062e-01 -9.858710e-01 -8.942707e-19
    outer loop
      vertex   9.731443e+01 -1.356460e+02 9.606000e+00
      vertex   9.865493e+01 -1.358738e+02 -8.100000e+00
      vertex   9.865493e+01 -1.358738e+02 9.606000e+00
    endloop
  endfacet
  facet normal -5.607047e-02 -9.984268e-01 -0.000000e+00
    outer loop
      vertex   9.865493e+01 -1.358738e+02 9.606000e+00
      vertex   9.865493e+01 -1.358738e+02 -8.100000e+00
      vertex   1.000125e+02 -1.359500e+02 9.606000e+00
    endloop
  endfacet
  facet normal -5.607047e-02 -9.984268e-01 -0.000000e+00
    outer loop
      vertex   1.000125e+02 -1.359500e+02 9.606000e+00
      vertex   9.865493e+01 -1.358738e+02 -8.100000e+00
      vertex   1.000125e+02 -1.359500e+02 -8.100000e+00
    endloop
  endfacet
  facet normal -1.093144e-15 -1.000000e+00 -1.327317e-16
    outer loop
      vertex   1.256747e+02 -1.359500e+02 -5.317947e+00
      vertex   1.255875e+02 -1.359500e+02 -4.600000e+00
      vertex   1.000125e+02 -1.359500e+02 -8.100000e+00
    endloop
  endfacet
  facet normal -1.130087e-15 -1.000000e+00 1.372174e-16
    outer loop
      vertex   1.000125e+02 -1.359500e+02 -8.100000e+00
      vertex   1.255875e+02 -1.359500e+02 -4.600000e+00
      vertex   1.256747e+02 -1.359500e+02 -3.882053e+00
    endloop
  endfacet
  facet normal -1.181161e-15 -1.000000e+00 4.479553e-16
    outer loop
      vertex   1.000125e+02 -1.359500e+02 -8.100000e+00
      vertex   1.256747e+02 -1.359500e+02 -3.882053e+00
      vertex   1.259311e+02 -1.359500e+02 -3.205830e+00
    endloop
  endfacet
  facet normal -1.260921e-15 -1.000000e+00 8.703511e-16
    outer loop
      vertex   1.259311e+02 -1.359500e+02 -3.205830e+00
      vertex   1.263420e+02 -1.359500e+02 -2.610632e+00
      vertex   1.000125e+02 -1.359500e+02 -8.100000e+00
    endloop
  endfacet
  facet normal -1.411680e-15 -1.000000e+00 1.593457e-15
    outer loop
      vertex   1.000125e+02 -1.359500e+02 -8.100000e+00
      vertex   1.263420e+02 -1.359500e+02 -2.610632e+00
      vertex   1.268833e+02 -1.359500e+02 -2.131048e+00
    endloop
  endfacet
  facet normal -1.057717e-15 -1.000000e+00 0.000000e+00
    outer loop
      vertex   1.000125e+02 -1.359500e+02 -8.100000e+00
      vertex   1.268833e+02 -1.359500e+02 -2.131048e+00
      vertex   1.000125e+02 -1.359500e+02 9.606000e+00
    endloop
  endfacet
  facet normal -5.772795e-16 -1.000000e+00 1.099914e-15
    outer loop
      vertex   1.000125e+02 -1.359500e+02 9.606000e+00
      vertex   1.268833e+02 -1.359500e+02 -2.131048e+00
      vertex   1.275237e+02 -1.359500e+02 -1.794951e+00
    endloop
  endfacet
  facet normal -3.852921e-16 -1.000000e+00 1.563191e-15
    outer loop
      vertex   1.000125e+02 -1.359500e+02 9.606000e+00
      vertex   1.275237e+02 -1.359500e+02 -1.794951e+00
      vertex   1.282259e+02 -1.359500e+02 -1.621873e+00
    endloop
  endfacet
  facet normal 0.000000e+00 -1.000000e+00 2.531353e-15
    outer loop
      vertex   1.282259e+02 -1.359500e+02 -1.621873e+00
      vertex   1.289491e+02 -1.359500e+02 -1.621873e+00
      vertex   1.000125e+02 -1.359500e+02 9.606000e+00
    endloop
  endfacet
  facet normal -9.946355e-16 -1.000000e+00 -3.203369e-17
    outer loop
      vertex   1.000125e+02 -1.359500e+02 9.606000e+00
      vertex   1.289491e+02 -1.359500e+02 -1.621873e+00
      vertex   1.571625e+02 -1.359500e+02 9.606000e+00
    endloop
  endfacet
  facet normal -3.852921e-16 -1.000000e+00 -1.563191e-15
    outer loop
      vertex   1.571625e+02 -1.359500e+02 9.606000e+00
      vertex   1.289491e+02 -1.359500e+02 -1.621873e+00
      vertex   1.296513e+02 -1.359500e+02 -1.794951e+00
    endloop
  endfacet
  facet normal -5.772795e-16 -1.000000e+00 -1.099914e-15
    outer loop
      vertex   1.571625e+02 -1.359500e+02 9.606000e+00
      vertex   1.296513e+02 -1.359500e+02 -1.794951e+00
      vertex   1.302917e+02 -1.359500e+02 -2.131048e+00
    endloop
  endfacet
  facet normal -1.057717e-15 -1.000000e+00 -0.000000e+00
    outer loop
      vertex   1.571625e+02 -1.359500e+02 9.606000e+00
      vertex   1.302917e+02 -1.359500e+02 -2.131048e+00
      vertex   1.571625e+02 -1.359500e+02 -8.100000e+00
    endloop
  endfacet
  facet normal -1.411680e-15 -1.000000e+00 -1.593457e-15
    outer loop
      vertex   1.571625e+02 -1.359500e+02 -8.100000e+00
      vertex   1.302917e+02 -1.359500e+02 -2.131048e+00
      vertex   1.308330e+02 -1.359500e+02 -2.610632e+00
    endloop
  endfacet
  facet normal -1.260921e-15 -1.000000e+00 -8.703511e-16
    outer loop
      vertex   1.571625e+02 -1.359500e+02 -8.100000e+00
      vertex   1.308330e+02 -1.359500e+02 -2.610632e+00
      vertex   1.312439e+02 -1.359500e+02 -3.205830e+00
    endloop
  endfacet
  facet normal -1.181161e-15 -1.000000e+00 -4.479553e-16
    outer loop
      vertex   1.312439e+02 -1.359500e+02 -3.205830e+00
      vertex   1.315003e+02 -1.359500e+02 -3.882053e+00
      vertex   1.571625e+02 -1.359500e+02 -8.100000e+00
    endloop
  endfacet
  facet normal -1.130087e-15 -1.000000e+00 -1.372174e-16
    outer loop
      vertex   1.571625e+02 -1.359500e+02 -8.100000e+00
      vertex   1.315003e+02 -1.359500e+02 -3.882053e+00
      vertex   1.315875e+02 -1.359500e+02 -4.600000e+00
    endloop
  endfacet
  facet normal -1.093144e-15 -1.000000e+00 1.327317e-16
    outer loop
      vertex   1.571625e+02 -1.359500e+02 -8.100000e+00
      vertex   1.315875e+02 -1.359500e+02 -4.600000e+00
      vertex   1.315003e+02 -1.359500e+02 -5.317947e+00
    endloop
  endfacet
  facet normal -1.063795e-15 -1.000000e+00 4.034444e-16
    outer loop
      vertex   1.315003e+02 -1.359500e+02 -5.317947e+00
      vertex   1.312439e+02 -1.359500e+02 -5.994170e+00
      vertex   1.571625e+02 -1.359500e+02 -8.100000e+00
    endloop
  endfacet
  facet normal -1.038343e-15 -1.000000e+00 7.167163e-16
    outer loop
      vertex   1.571625e+02 -1.359500e+02 -8.100000e+00
      vertex   1.312439e+02 -1.359500e+02 -5.994170e+00
      vertex   1.308330e+02 -1.359500e+02 -6.589368e+00
    endloop
  endfacet
  facet normal -1.013808e-15 -1.000000e+00 1.144352e-15
    outer loop
      vertex   1.571625e+02 -1.359500e+02 -8.100000e+00
      vertex   1.308330e+02 -1.359500e+02 -6.589368e+00
      vertex   1.302917e+02 -1.359500e+02 -7.068952e+00
    endloop
  endfacet
  facet normal -9.856566e-16 -1.000000e+00 1.878012e-15
    outer loop
      vertex   1.302917e+02 -1.359500e+02 -7.068952e+00
      vertex   1.296513e+02 -1.359500e+02 -7.405049e+00
      vertex   1.571625e+02 -1.359500e+02 -8.100000e+00
    endloop
  endfacet
  facet normal -9.370604e-16 -1.000000e+00 3.801803e-15
    outer loop
      vertex   1.571625e+02 -1.359500e+02 -8.100000e+00
      vertex   1.296513e+02 -1.359500e+02 -7.405049e+00
      vertex   1.289491e+02 -1.359500e+02 -7.578127e+00
    endloop
  endfacet
  facet normal 0.000000e+00 -1.000000e+00 5.446093e-14
    outer loop
      vertex   1.571625e+02 -1.359500e+02 -8.100000e+00
      vertex   1.289491e+02 -1.359500e+02 -7.578127e+00
      vertex   1.282259e+02 -1.359500e+02 -7.578127e+00
    endloop
  endfacet
  facet normal -9.946355e-16 -1.000000e+00 -6.891905e-16
    outer loop
      vertex   1.571625e+02 -1.359500e+02 -8.100000e+00
      vertex   1.282259e+02 -1.359500e+02 -7.578127e+00
      vertex   1.000125e+02 -1.359500e+02 -8.100000e+00
    endloop
  endfacet
  facet normal -9.370604e-16 -1.000000e+00 -3.801803e-15
    outer loop
      vertex   1.000125e+02 -1.359500e+02 -8.100000e+00
      vertex   1.282259e+02 -1.359500e+02 -7.578127e+00
      vertex   1.275237e+02 -1.359500e+02 -7.405049e+00
    endloop
  endfacet
  facet normal -9.856566e-16 -1.000000e+00 -1.878012e-15
    outer loop
      vertex   1.000125e+02 -1.359500e+02 -8.100000e+00
      vertex   1.275237e+02 -1.359500e+02 -7.405049e+00
      vertex   1.268833e+02 -1.359500e+02 -7.068952e+00
    endloop
  endfacet
  facet normal -1.013808e-15 -1.000000e+00 -1.144352e-15
    outer loop
      vertex   1.268833e+02 -1.359500e+02 -7.068952e+00
      vertex   1.263420e+02 -1.359500e+02 -6.589368e+00
      vertex   1.000125e+02 -1.359500e+02 -8.100000e+00
    endloop
  endfacet
  facet normal -1.038343e-15 -1.000000e+00 -7.167163e-16
    outer loop
      vertex   1.000125e+02 -1.359500e+02 -8.100000e+00
      vertex   1.263420e+02 -1.359500e+02 -6.589368e+00
      vertex   1.259311e+02 -1.359500e+02 -5.994170e+00
    endloop
  endfacet
  facet normal -1.063795e-15 -1.000000e+00 -4.034444e-16
    outer loop
      vertex   1.000125e+02 -1.359500e+02 -8.100000e+00
      vertex   1.259311e+02 -1.359500e+02 -5.994170e+00
      vertex   1.256747e+02 -1.359500e+02 -5.317947e+00
    endloop
  endfacet
  facet normal 5.607048e-02 -9.984268e-01 0.000000e+00
    outer loop
      vertex   1.571625e+02 -1.359500e+02 9.606000e+00
      vertex   1.571625e+02 -1.359500e+02 -8.100000e+00
      vertex   1.585201e+02 -1.358738e+02 9.606000e+00
    endloop
  endfacet
  facet normal 5.607048e-02 -9.984268e-01 0.000000e+00
    outer loop
      vertex   1.585201e+02 -1.358738e+02 9.606000e+00
      vertex   1.571625e+02 -1.359500e+02 -8.100000e+00
      vertex   1.585201e+02 -1.358738e+02 -8.100000e+00
    endloop
  endfacet
  facet normal 1.675062e-01 -9.858710e-01 0.000000e+00
    outer loop
      vertex   1.585201e+02 -1.358738e+02 9.606000e+00
      vertex   1.585201e+02 -1.358738e+02 -8.100000e+00
      vertex   1.598606e+02 -1.356460e+02 -8.100000e+00
    endloop
  endfacet
  facet normal 1.675062e-01 -9.858710e-01 5.210433e-19
    outer loop
      vertex   1.585201e+02 -1.358738e+02 9.606000e+00
      vertex   1.598606e+02 -1.356460e+02 -8.100000e+00
      vertex   1.598606e+02 -1.356460e+02 9.606000e+00
    endloop
  endfacet
  facet normal 2.768355e-01 -9.609173e-01 0.000000e+00
    outer loop
      vertex   1.598606e+02 -1.356460e+02 9.606000e+00
      vertex   1.598606e+02 -1.356460e+02 -8.100000e+00
      vertex   1.611671e+02 -1.352696e+02 -8.100000e+00
    endloop
  endfacet
  facet normal 2.768355e-01 -9.609173e-01 -2.196552e-19
    outer loop
      vertex   1.598606e+02 -1.356460e+02 9.606000e+00
      vertex   1.611671e+02 -1.352696e+02 -8.100000e+00
      vertex   1.611671e+02 -1.352696e+02 9.606000e+00
    endloop
  endfacet
  facet normal 3.826835e-01 -9.238795e-01 0.000000e+00
    outer loop
      vertex   1.611671e+02 -1.352696e+02 9.606000e+00
      vertex   1.611671e+02 -1.352696e+02 -8.100000e+00
      vertex   1.624233e+02 -1.347492e+02 -8.100000e+00
    endloop
  endfacet
  facet normal 3.826835e-01 -9.238795e-01 -7.965108e-19
    outer loop
      vertex   1.611671e+02 -1.352696e+02 9.606000e+00
      vertex   1.624233e+02 -1.347492e+02 -8.100000e+00
      vertex   1.624233e+02 -1.347492e+02 9.606000e+00
    endloop
  endfacet
  facet normal 4.837189e-01 -8.752234e-01 0.000000e+00
    outer loop
      vertex   1.624233e+02 -1.347492e+02 9.606000e+00
      vertex   1.624233e+02 -1.347492e+02 -8.100000e+00
      vertex   1.636134e+02 -1.340915e+02 -8.100000e+00
    endloop
  endfacet
  facet normal 4.837189e-01 -8.752234e-01 1.402849e-15
    outer loop
      vertex   1.624233e+02 -1.347492e+02 9.606000e+00
      vertex   1.636134e+02 -1.340915e+02 -8.100000e+00
      vertex   1.636134e+02 -1.340915e+02 9.606000e+00
    endloop
  endfacet
  facet normal 5.786713e-01 -8.155609e-01 1.309140e-15
    outer loop
      vertex   1.636134e+02 -1.340915e+02 9.606000e+00
      vertex   1.636134e+02 -1.340915e+02 -8.100000e+00
      vertex   1.647223e+02 -1.333047e+02 -8.100000e+00
    endloop
  endfacet
  facet normal 5.786713e-01 -8.155609e-01 -1.889681e-18
    outer loop
      vertex   1.636134e+02 -1.340915e+02 9.606000e+00
      vertex   1.647223e+02 -1.333047e+02 -8.100000e+00
      vertex   1.647223e+02 -1.333047e+02 9.606000e+00
    endloop
  endfacet
  facet normal 6.663466e-01 -7.456422e-01 0.000000e+00
    outer loop
      vertex   1.647223e+02 -1.333047e+02 9.606000e+00
      vertex   1.647223e+02 -1.333047e+02 -8.100000e+00
      vertex   1.657362e+02 -1.323987e+02 -8.100000e+00
    endloop
  endfacet
  facet normal 6.663466e-01 -7.456422e-01 1.539827e-18
    outer loop
      vertex   1.647223e+02 -1.333047e+02 9.606000e+00
      vertex   1.657362e+02 -1.323987e+02 -8.100000e+00
      vertex   1.657362e+02 -1.323987e+02 9.606000e+00
    endloop
  endfacet
  facet normal 7.456422e-01 -6.663466e-01 0.000000e+00
    outer loop
      vertex   1.657362e+02 -1.323987e+02 9.606000e+00
      vertex   1.657362e+02 -1.323987e+02 -8.100000e+00
      vertex   1.666422e+02 -1.313848e+02 -8.100000e+00
    endloop
  endfacet
  facet normal 7.456422e-01 -6.663466e-01 9.066002e-19
    outer loop
      vertex   1.657362e+02 -1.323987e+02 9.606000e+00
      vertex   1.666422e+02 -1.313848e+02 -8.100000e+00
      vertex   1.666422e+02 -1.313848e+02 9.606000e+00
    endloop
  endfacet
  facet normal 8.155609e-01 -5.786713e-01 0.000000e+00
    outer loop
      vertex   1.666422e+02 -1.313848e+02 9.606000e+00
      vertex   1.666422e+02 -1.313848e+02 -8.100000e+00
      vertex   1.674290e+02 -1.302759e+02 -8.100000e+00
    endloop
  endfacet
  facet normal 8.155609e-01 -5.786713e-01 1.886759e-18
    outer loop
      vertex   1.666422e+02 -1.313848e+02 9.606000e+00
      vertex   1.674290e+02 -1.302759e+02 -8.100000e+00
      vertex   1.674290e+02 -1.302759e+02 9.606000e+00
    endloop
  endfacet
  facet normal 8.752234e-01 -4.837189e-01 0.000000e+00
    outer loop
      vertex   1.674290e+02 -1.302759e+02 9.606000e+00
      vertex   1.674290e+02 -1.302759e+02 -8.100000e+00
      vertex   1.680867e+02 -1.290858e+02 -8.100000e+00
    endloop
  endfacet
  facet normal 8.752234e-01 -4.837189e-01 -8.266146e-19
    outer loop
      vertex   1.674290e+02 -1.302759e+02 9.606000e+00
      vertex   1.680867e+02 -1.290858e+02 -8.100000e+00
      vertex   1.680867e+02 -1.290858e+02 9.606000e+00
    endloop
  endfacet
  facet normal 9.238795e-01 -3.826834e-01 0.000000e+00
    outer loop
      vertex   1.680867e+02 -1.290858e+02 9.606000e+00
      vertex   1.680867e+02 -1.290858e+02 -8.100000e+00
      vertex   1.686071e+02 -1.278296e+02 -8.100000e+00
    endloop
  endfacet
  facet normal 9.238795e-01 -3.826834e-01 -1.088075e-18
    outer loop
      vertex   1.680867e+02 -1.290858e+02 9.606000e+00
      vertex   1.686071e+02 -1.278296e+02 -8.100000e+00
      vertex   1.686071e+02 -1.278296e+02 9.606000e+00
    endloop
  endfacet
  facet normal 9.609173e-01 -2.768355e-01 0.000000e+00
    outer loop
      vertex   1.686071e+02 -1.278296e+02 9.606000e+00
      vertex   1.686071e+02 -1.278296e+02 -8.100000e+00
      vertex   1.689835e+02 -1.265231e+02 -8.100000e+00
    endloop
  endfacet
  facet normal 9.609173e-01 -2.768355e-01 -2.227978e-16
    outer loop
      vertex   1.686071e+02 -1.278296e+02 9.606000e+00
      vertex   1.689835e+02 -1.265231e+02 -8.100000e+00
      vertex   1.689835e+02 -1.265231e+02 9.606000e+00
    endloop
  endfacet
  facet normal 9.858710e-01 -1.675062e-01 -1.344407e-16
    outer loop
      vertex   1.689835e+02 -1.265231e+02 9.606000e+00
      vertex   1.689835e+02 -1.265231e+02 -8.100000e+00
      vertex   1.692113e+02 -1.251826e+02 -8.100000e+00
    endloop
  endfacet
  facet normal 9.858710e-01 -1.675062e-01 9.501022e-20
    outer loop
      vertex   1.689835e+02 -1.265231e+02 9.606000e+00
      vertex   1.692113e+02 -1.251826e+02 -8.100000e+00
      vertex   1.692113e+02 -1.251826e+02 9.606000e+00
    endloop
  endfacet
  facet normal 9.984268e-01 -5.607047e-02 0.000000e+00
    outer loop
      vertex   1.692113e+02 -1.251826e+02 9.606000e+00
      vertex   1.692113e+02 -1.251826e+02 -8.100000e+00
      vertex   1.692875e+02 -1.238250e+02 9.606000e+00
    endloop
  endfacet
  facet normal 9.984268e-01 -5.607047e-02 0.000000e+00
    outer loop
      vertex   1.692875e+02 -1.238250e+02 9.606000e+00
      vertex   1.692113e+02 -1.251826e+02 -8.100000e+00
      vertex   1.692875e+02 -1.238250e+02 -8.100000e+00
    endloop
  endfacet
  facet normal -0.000000e+00 0.000000e+00 -1.000000e+00
    outer loop
      vertex   9.038899e+01 -3.792995e+01 -9.100000e+00
      vertex   8.888750e+01 -3.810000e+01 -9.100000e+00
      vertex   9.039015e+01 -3.787327e+01 -9.100000e+00
    endloop
  endfacet
  facet normal -0.000000e+00 0.000000e+00 -1.000000e+00
    outer loop
      vertex   9.039015e+01 -3.787327e+01 -9.100000e+00
      vertex   8.888750e+01 -3.810000e+01 -9.100000e+00
      vertex   8.896861e+01 -3.675903e+01 -9.100000e+00
    endloop
  endfacet
  facet normal 0.000000e+00 0.000000e+00 -1.000000e+00
    outer loop
      vertex   9.039015e+01 -3.787327e+01 -9.100000e+00
      vertex   8.896861e+01 -3.675903e+01 -9.100000e+00
      vertex   9.045683e+01 -3.694205e+01 -9.100000e+00
    endloop
  endfacet
  facet normal 0.000000e+00 0.000000e+00 -1.000000e+00
    outer loop
      vertex   9.045683e+01 -3.694205e+01 -9.100000e+00
      vertex   8.896861e+01 -3.675903e+01 -9.100000e+00
      vertex   8.921077e+01 -3.543761e+01 -9.100000e+00
    endloop
  endfacet
  facet normal 0.000000e+00 0.000000e+00 -1.000000e+00
    outer loop
      vertex   9.045683e+01 -3.694205e+01 -9.100000e+00
      vertex   8.921077e+01 -3.543761e+01 -9.100000e+00
      vertex   9.061223e+01 -3.602365e+01 -9.100000e+00
    endloop
  endfacet
  facet normal 0.000000e+00 0.000000e+00 -1.000000e+00
    outer loop
      vertex   9.061223e+01 -3.602365e+01 -9.100000e+00
      vertex   8.921077e+01 -3.543761e+01 -9.100000e+00
      vertex   9.085498e+01 -3.512445e+01 -9.100000e+00
    endloop
  endfacet
  facet normal -0.000000e+00 0.000000e+00 -1.000000e+00
    outer loop
      vertex   9.085498e+01 -3.512445e+01 -9.100000e+00
      vertex   8.921077e+01 -3.543761e+01 -9.100000e+00
      vertex   8.961044e+01 -3.415502e+01 -9.100000e+00
    endloop
  endfacet
  facet normal 0.000000e+00 0.000000e+00 -1.000000e+00
    outer loop
      vertex   9.085498e+01 -3.512445e+01 -9.100000e+00
      vertex   8.961044e+01 -3.415502e+01 -9.100000e+00
      vertex   9.118371e+01 -3.425084e+01 -9.100000e+00
    endloop
  endfacet
  facet normal 0.000000e+00 0.000000e+00 -1.000000e+00
    outer loop
      vertex   9.118371e+01 -3.425084e+01 -9.100000e+00
      vertex   8.961044e+01 -3.415502e+01 -9.100000e+00
      vertex   9.016180e+01 -3.292995e+01 -9.100000e+00
    endloop
  endfacet
  facet normal 0.000000e+00 0.000000e+00 -1.000000e+00
    outer loop
      vertex   9.118371e+01 -3.425084e+01 -9.100000e+00
      vertex   9.016180e+01 -3.292995e+01 -9.100000e+00
      vertex   9.159513e+01 -3.341267e+01 -9.100000e+00
    endloop
  endfacet
  facet normal 0.000000e+00 0.000000e+00 -1.000000e+00
    outer loop
      vertex   9.159513e+01 -3.341267e+01 -9.100000e+00
      vertex   9.016180e+01 -3.292995e+01 -9.100000e+00
      vertex   9.085680e+01 -3.178028e+01 -9.100000e+00
    endloop
  endfacet
  facet normal 0.000000e+00 0.000000e+00 -1.000000e+00
    outer loop
      vertex   9.159513e+01 -3.341267e+01 -9.100000e+00
      vertex   9.085680e+01 -3.178028e+01 -9.100000e+00
      vertex   9.208410e+01 -3.261992e+01 -9.100000e+00
    endloop
  endfacet
  facet normal 0.000000e+00 0.000000e+00 -1.000000e+00
    outer loop
      vertex   9.208410e+01 -3.261992e+01 -9.100000e+00
      vertex   9.085680e+01 -3.178028e+01 -9.100000e+00
      vertex   9.168532e+01 -3.072276e+01 -9.100000e+00
    endloop
  endfacet
  facet normal 0.000000e+00 0.000000e+00 -1.000000e+00
    outer loop
      vertex   9.208410e+01 -3.261992e+01 -9.100000e+00
      vertex   9.168532e+01 -3.072276e+01 -9.100000e+00
      vertex   9.264698e+01 -3.187803e+01 -9.100000e+00
    endloop
  endfacet
  facet normal 0.000000e+00 0.000000e+00 -1.000000e+00
    outer loop
      vertex   9.264698e+01 -3.187803e+01 -9.100000e+00
      vertex   9.168532e+01 -3.072276e+01 -9.100000e+00
      vertex   9.263526e+01 -2.977282e+01 -9.100000e+00
    endloop
  endfacet
  facet normal 0.000000e+00 0.000000e+00 -1.000000e+00
    outer loop
      vertex   9.264698e+01 -3.187803e+01 -9.100000e+00
      vertex   9.263526e+01 -2.977282e+01 -9.100000e+00
      vertex   9.328009e+01 -3.119243e+01 -9.100000e+00
    endloop
  endfacet
  facet normal 0.000000e+00 0.000000e+00 -1.000000e+00
    outer loop
      vertex   9.328009e+01 -3.119243e+01 -9.100000e+00
      vertex   9.263526e+01 -2.977282e+01 -9.100000e+00
      vertex   9.397688e+01 -3.057091e+01 -9.100000e+00
    endloop
  endfacet
  facet normal 0.000000e+00 0.000000e+00 -1.000000e+00
    outer loop
      vertex   9.397688e+01 -3.057091e+01 -9.100000e+00
      vertex   9.263526e+01 -2.977282e+01 -9.100000e+00
      vertex   9.369278e+01 -2.894430e+01 -9.100000e+00
    endloop
  endfacet
  facet normal 0.000000e+00 0.000000e+00 -1.000000e+00
    outer loop
      vertex   9.397688e+01 -3.057091e+01 -9.100000e+00
      vertex   9.369278e+01 -2.894430e+01 -9.100000e+00
      vertex   9.472857e+01 -3.002107e+01 -9.100000e+00
    endloop
  endfacet
  facet normal 0.000000e+00 0.000000e+00 -1.000000e+00
    outer loop
      vertex   9.472857e+01 -3.002107e+01 -9.100000e+00
      vertex   9.369278e+01 -2.894430e+01 -9.100000e+00
      vertex   9.484245e+01 -2.824930e+01 -9.100000e+00
    endloop
  endfacet
  facet normal 0.000000e+00 0.000000e+00 -1.000000e+00
    outer loop
      vertex   9.472857e+01 -3.002107e+01 -9.100000e+00
      vertex   9.484245e+01 -2.824930e+01 -9.100000e+00
      vertex   9.552969e+01 -2.954658e+01 -9.100000e+00
    endloop
  endfacet
  facet normal 0.000000e+00 0.000000e+00 -1.000000e+00
    outer loop
      vertex   9.552969e+01 -2.954658e+01 -9.100000e+00
      vertex   9.484245e+01 -2.824930e+01 -9.100000e+00
      vertex   9.606752e+01 -2.769794e+01 -9.100000e+00
    endloop
  endfacet
  facet normal 0.000000e+00 0.000000e+00 -1.000000e+00
    outer loop
      vertex   9.552969e+01 -2.954658e+01 -9.100000e+00
      vertex   9.606752e+01 -2.769794e+01 -9.100000e+00
      vertex   9.637478e+01 -2.915110e+01 -9.100000e+00
    endloop
  endfacet
  facet normal 0.000000e+00 0.000000e+00 -1.000000e+00
    outer loop
      vertex   9.637478e+01 -2.915110e+01 -9.100000e+00
      vertex   9.606752e+01 -2.769794e+01 -9.100000e+00
      vertex   9.725489e+01 -2.883931e+01 -9.100000e+00
    endloop
  endfacet
  facet normal 0.000000e+00 0.000000e+00 -1.000000e+00
    outer loop
      vertex   9.725489e+01 -2.883931e+01 -9.100000e+00
      vertex   9.606752e+01 -2.769794e+01 -9.100000e+00
      vertex   9.735011e+01 -2.729827e+01 -9.100000e+00
    endloop
  endfacet
  facet normal 0.000000e+00 0.000000e+00 -1.000000e+00
    outer loop
      vertex   9.725489e+01 -2.883931e+01 -9.100000e+00
      vertex   9.735011e+01 -2.729827e+01 -9.100000e+00
      vertex   9.815887e+01 -2.861500e+01 -9.100000e+00
    endloop
  endfacet
  facet normal 0.000000e+00 0.000000e+00 -1.000000e+00
    outer loop
      vertex   9.815887e+01 -2.861500e+01 -9.100000e+00
      vertex   9.735011e+01 -2.729827e+01 -9.100000e+00
      vertex   9.867153e+01 -2.705611e+01 -9.100000e+00
    endloop
  endfacet
  facet normal -2.025989e-15 6.662703e-16 -1.000000e+00
    outer loop
      vertex   9.815887e+01 -2.861500e+01 -9.100000e+00
      vertex   9.867153e+01 -2.705611e+01 -9.100000e+00
      vertex   9.908022e+01 -2.847948e+01 -9.100000e+00
    endloop
  endfacet
  facet normal -7.420113e-17 1.226690e-15 -1.000000e+00
    outer loop
      vertex   9.908022e+01 -2.847948e+01 -9.100000e+00
      vertex   9.867153e+01 -2.705611e+01 -9.100000e+00
      vertex   1.000125e+02 -2.697500e+01 -9.100000e+00
    endloop
  endfacet
  facet normal 1.905397e-15 1.860845e-23 -1.000000e+00
    outer loop
      vertex   9.908022e+01 -2.847948e+01 -9.100000e+00
      vertex   1.000125e+02 -2.697500e+01 -9.100000e+00
      vertex   1.000125e+02 -2.843402e+01 -9.100000e+00
    endloop
  endfacet
  facet normal 0.000000e+00 0.000000e+00 -1.000000e+00
    outer loop
      vertex   1.000125e+02 -2.843402e+01 -9.100000e+00
      vertex   1.000125e+02 -2.697500e+01 -9.100000e+00
      vertex   1.571625e+02 -2.843402e+01 -9.100000e+00
    endloop
  endfacet
  facet normal 0.000000e+00 0.000000e+00 -1.000000e+00
    outer loop
      vertex   1.571625e+02 -2.843402e+01 -9.100000e+00
      vertex   1.000125e+02 -2.697500e+01 -9.100000e+00
      vertex   1.571625e+02 -2.697500e+01 -9.100000e+00
    endloop
  endfacet
  facet normal 0.000000e+00 0.000000e+00 -1.000000e+00
    outer loop
      vertex   1.571625e+02 -2.843402e+01 -9.100000e+00
      vertex   1.571625e+02 -2.697500e+01 -9.100000e+00
      vertex   1.580947e+02 -2.847948e+01 -9.100000e+00
    endloop
  endfacet
  facet normal 0.000000e+00 0.000000e+00 -1.000000e+00
    outer loop
      vertex   1.580947e+02 -2.847948e+01 -9.100000e+00
      vertex   1.571625e+02 -2.697500e+01 -9.100000e+00
      vertex   1.585035e+02 -2.705611e+01 -9.100000e+00
    endloop
  endfacet
  facet normal 0.000000e+00 0.000000e+00 -1.000000e+00
    outer loop
      vertex   1.580947e+02 -2.847948e+01 -9.100000e+00
      vertex   1.585035e+02 -2.705611e+01 -9.100000e+00
      vertex   1.590159e+02 -2.861496e+01 -9.100000e+00
    endloop
  endfacet
  facet normal 0.000000e+00 0.000000e+00 -1.000000e+00
    outer loop
      vertex   1.590159e+02 -2.861496e+01 -9.100000e+00
      vertex   1.585035e+02 -2.705611e+01 -9.100000e+00
      vertex   1.598249e+02 -2.729827e+01 -9.100000e+00
    endloop
  endfacet
  facet normal 0.000000e+00 0.000000e+00 -1.000000e+00
    outer loop
      vertex   1.590159e+02 -2.861496e+01 -9.100000e+00
      vertex   1.598249e+02 -2.729827e+01 -9.100000e+00
      vertex   1.599196e+02 -2.883916e+01 -9.100000e+00
    endloop
  endfacet
  facet normal 0.000000e+00 0.000000e+00 -1.000000e+00
    outer loop
      vertex   1.599196e+02 -2.883916e+01 -9.100000e+00
      vertex   1.598249e+02 -2.729827e+01 -9.100000e+00
      vertex   1.611075e+02 -2.769794e+01 -9.100000e+00
    endloop
  endfacet
  facet normal 0.000000e+00 0.000000e+00 -1.000000e+00
    outer loop
      vertex   1.599196e+02 -2.883916e+01 -9.100000e+00
      vertex   1.611075e+02 -2.769794e+01 -9.100000e+00
      vertex   1.607994e+02 -2.915076e+01 -9.100000e+00
    endloop
  endfacet
  facet normal 0.000000e+00 0.000000e+00 -1.000000e+00
    outer loop
      vertex   1.607994e+02 -2.915076e+01 -9.100000e+00
      vertex   1.611075e+02 -2.769794e+01 -9.100000e+00
      vertex   1.616448e+02 -2.954633e+01 -9.100000e+00
    endloop
  endfacet
  facet normal 0.000000e+00 0.000000e+00 -1.000000e+00
    outer loop
      vertex   1.616448e+02 -2.954633e+01 -9.100000e+00
      vertex   1.611075e+02 -2.769794e+01 -9.100000e+00
      vertex   1.623325e+02 -2.824930e+01 -9.100000e+00
    endloop
  endfacet
  facet normal 0.000000e+00 0.000000e+00 -1.000000e+00
    outer loop
      vertex   1.616448e+02 -2.954633e+01 -9.100000e+00
      vertex   1.623325e+02 -2.824930e+01 -9.100000e+00
      vertex   1.624461e+02 -3.002083e+01 -9.100000e+00
    endloop
  endfacet
  facet normal 0.000000e+00 0.000000e+00 -1.000000e+00
    outer loop
      vertex   1.624461e+02 -3.002083e+01 -9.100000e+00
      vertex   1.623325e+02 -2.824930e+01 -9.100000e+00
      vertex   1.634822e+02 -2.894430e+01 -9.100000e+00
    endloop
  endfacet
  facet normal 0.000000e+00 0.000000e+00 -1.000000e+00
    outer loop
      vertex   1.624461e+02 -3.002083e+01 -9.100000e+00
      vertex   1.634822e+02 -2.894430e+01 -9.100000e+00
      vertex   1.631977e+02 -3.057056e+01 -9.100000e+00
    endloop
  endfacet
  facet normal 0.000000e+00 0.000000e+00 -1.000000e+00
    outer loop
      vertex   1.631977e+02 -3.057056e+01 -9.100000e+00
      vertex   1.634822e+02 -2.894430e+01 -9.100000e+00
      vertex   1.645397e+02 -2.977282e+01 -9.100000e+00
    endloop
  endfacet
  facet normal 0.000000e+00 0.000000e+00 -1.000000e+00
    outer loop
      vertex   1.631977e+02 -3.057056e+01 -9.100000e+00
      vertex   1.645397e+02 -2.977282e+01 -9.100000e+00
      vertex   1.638943e+02 -3.119181e+01 -9.100000e+00
    endloop
  endfacet
  facet normal 0.000000e+00 0.000000e+00 -1.000000e+00
    outer loop
      vertex   1.638943e+02 -3.119181e+01 -9.100000e+00
      vertex   1.645397e+02 -2.977282e+01 -9.100000e+00
      vertex   1.645277e+02 -3.187761e+01 -9.100000e+00
    endloop
  endfacet
  facet normal 0.000000e+00 0.000000e+00 -1.000000e+00
    outer loop
      vertex   1.645277e+02 -3.187761e+01 -9.100000e+00
      vertex   1.645397e+02 -2.977282e+01 -9.100000e+00
      vertex   1.654897e+02 -3.072276e+01 -9.100000e+00
    endloop
  endfacet
  facet normal 0.000000e+00 0.000000e+00 -1.000000e+00
    outer loop
      vertex   1.645277e+02 -3.187761e+01 -9.100000e+00
      vertex   1.654897e+02 -3.072276e+01 -9.100000e+00
      vertex   1.650906e+02 -3.261956e+01 -9.100000e+00
    endloop
  endfacet
  facet normal 0.000000e+00 0.000000e+00 -1.000000e+00
    outer loop
      vertex   1.650906e+02 -3.261956e+01 -9.100000e+00
      vertex   1.654897e+02 -3.072276e+01 -9.100000e+00
      vertex   1.663182e+02 -3.178028e+01 -9.100000e+00
    endloop
  endfacet
  facet normal 0.000000e+00 0.000000e+00 -1.000000e+00
    outer loop
      vertex   1.650906e+02 -3.261956e+01 -9.100000e+00
      vertex   1.663182e+02 -3.178028e+01 -9.100000e+00
      vertex   1.655796e+02 -3.341218e+01 -9.100000e+00
    endloop
  endfacet
  facet normal 0.000000e+00 0.000000e+00 -1.000000e+00
    outer loop
      vertex   1.655796e+02 -3.341218e+01 -9.100000e+00
      vertex   1.663182e+02 -3.178028e+01 -9.100000e+00
      vertex   1.670132e+02 -3.292995e+01 -9.100000e+00
    endloop
  endfacet
  facet normal 0.000000e+00 0.000000e+00 -1.000000e+00
    outer loop
      vertex   1.655796e+02 -3.341218e+01 -9.100000e+00
      vertex   1.670132e+02 -3.292995e+01 -9.100000e+00
      vertex   1.659909e+02 -3.425002e+01 -9.100000e+00
    endloop
  endfacet
  facet normal 0.000000e+00 0.000000e+00 -1.000000e+00
    outer loop
      vertex   1.659909e+02 -3.425002e+01 -9.100000e+00
      vertex   1.670132e+02 -3.292995e+01 -9.100000e+00
      vertex   1.675646e+02 -3.415502e+01 -9.100000e+00
    endloop
  endfacet
  facet normal 0.000000e+00 0.000000e+00 -1.000000e+00
    outer loop
      vertex   1.659909e+02 -3.425002e+01 -9.100000e+00
      vertex   1.675646e+02 -3.415502e+01 -9.100000e+00
      vertex   1.663199e+02 -3.512397e+01 -9.100000e+00
    endloop
  endfacet
  facet normal 0.000000e+00 0.000000e+00 -1.000000e+00
    outer loop
      vertex   1.663199e+02 -3.512397e+01 -9.100000e+00
      vertex   1.675646e+02 -3.415502e+01 -9.100000e+00
      vertex   1.679642e+02 -3.543761e+01 -9.100000e+00
    endloop
  endfacet
  facet normal 0.000000e+00 0.000000e+00 -1.000000e+00
    outer loop
      vertex   1.663199e+02 -3.512397e+01 -9.100000e+00
      vertex   1.679642e+02 -3.543761e+01 -9.100000e+00
      vertex   1.665627e+02 -3.602343e+01 -9.100000e+00
    endloop
  endfacet
  facet normal 0.000000e+00 0.000000e+00 -1.000000e+00
    outer loop
      vertex   1.665627e+02 -3.602343e+01 -9.100000e+00
      vertex   1.679642e+02 -3.543761e+01 -9.100000e+00
      vertex   1.667182e+02 -3.694200e+01 -9.100000e+00
    endloop
  endfacet
  facet normal 0.000000e+00 0.000000e+00 -1.000000e+00
    outer loop
      vertex   1.667182e+02 -3.694200e+01 -9.100000e+00
      vertex   1.679642e+02 -3.543761e+01 -9.100000e+00
      vertex   1.682064e+02 -3.675903e+01 -9.100000e+00
    endloop
  endfacet
  facet normal 0.000000e+00 0.000000e+00 -1.000000e+00
    outer loop
      vertex   1.667182e+02 -3.694200e+01 -9.100000e+00
      vertex   1.682064e+02 -3.675903e+01 -9.100000e+00
      vertex   1.667849e+02 -3.787327e+01 -9.100000e+00
    endloop
  endfacet
  facet normal 0.000000e+00 0.000000e+00 -1.000000e+00
    outer loop
      vertex   1.667849e+02 -3.787327e+01 -9.100000e+00
      vertex   1.682064e+02 -3.675903e+01 -9.100000e+00
      vertex   1.682875e+02 -3.810000e+01 -9.100000e+00
    endloop
  endfacet
  facet normal 0.000000e+00 0.000000e+00 -1.000000e+00
    outer loop
      vertex   1.667849e+02 -3.787327e+01 -9.100000e+00
      vertex   1.682875e+02 -3.810000e+01 -9.100000e+00
      vertex   1.667860e+02 -3.792995e+01 -9.100000e+00
    endloop
  endfacet
  facet normal 0.000000e+00 0.000000e+00 -1.000000e+00
    outer loop
      vertex   1.667860e+02 -3.792995e+01 -9.100000e+00
      vertex   1.682875e+02 -3.810000e+01 -9.100000e+00
      vertex   1.667868e+02 -3.798663e+01 -9.100000e+00
    endloop
  endfacet
  facet normal 0.000000e+00 0.000000e+00 -1.000000e+00
    outer loop
      vertex   1.667868e+02 -3.798663e+01 -9.100000e+00
      vertex   1.682875e+02 -3.810000e+01 -9.100000e+00
      vertex   1.667873e+02 -3.804331e+01 -9.100000e+00
    endloop
  endfacet
  facet normal 0.000000e+00 0.000000e+00 -1.000000e+00
    outer loop
      vertex   1.667873e+02 -3.804331e+01 -9.100000e+00
      vertex   1.682875e+02 -3.810000e+01 -9.100000e+00
      vertex   1.667875e+02 -3.810000e+01 -9.100000e+00
    endloop
  endfacet
  facet normal 0.000000e+00 0.000000e+00 -1.000000e+00
    outer loop
      vertex   1.667875e+02 -3.810000e+01 -9.100000e+00
      vertex   1.682875e+02 -3.810000e+01 -9.100000e+00
      vertex   1.667875e+02 -1.238250e+02 -9.100000e+00
    endloop
  endfacet
  facet normal 0.000000e+00 0.000000e+00 -1.000000e+00
    outer loop
      vertex   1.667875e+02 -1.238250e+02 -9.100000e+00
      vertex   1.682875e+02 -3.810000e+01 -9.100000e+00
      vertex   1.682875e+02 -1.238250e+02 -9.100000e+00
    endloop
  endfacet
  facet normal 0.000000e+00 0.000000e+00 -1.000000e+00
    outer loop
      vertex   1.667875e+02 -1.238250e+02 -9.100000e+00
      vertex   1.682875e+02 -1.238250e+02 -9.100000e+00
      vertex   1.682064e+02 -1.251660e+02 -9.100000e+00
    endloop
  endfacet
  facet normal 0.000000e+00 0.000000e+00 -1.000000e+00
    outer loop
      vertex   9.038899e+01 -3.792995e+01 -9.100000e+00
      vertex   9.038816e+01 -3.798663e+01 -9.100000e+00
      vertex   8.888750e+01 -3.810000e+01 -9.100000e+00
    endloop
  endfacet
  facet normal 0.000000e+00 0.000000e+00 -1.000000e+00
    outer loop
      vertex   8.888750e+01 -3.810000e+01 -9.100000e+00
      vertex   9.038816e+01 -3.798663e+01 -9.100000e+00
      vertex   9.038767e+01 -3.804331e+01 -9.100000e+00
    endloop
  endfacet
  facet normal 0.000000e+00 0.000000e+00 -1.000000e+00
    outer loop
      vertex   8.888750e+01 -3.810000e+01 -9.100000e+00
      vertex   9.038767e+01 -3.804331e+01 -9.100000e+00
      vertex   9.038750e+01 -3.810000e+01 -9.100000e+00
    endloop
  endfacet
  facet normal -0.000000e+00 0.000000e+00 -1.000000e+00
    outer loop
      vertex   9.038750e+01 -3.810000e+01 -9.100000e+00
      vertex   9.038750e+01 -1.238250e+02 -9.100000e+00
      vertex   8.888750e+01 -3.810000e+01 -9.100000e+00
    endloop
  endfacet
  facet normal 0.000000e+00 -0.000000e+00 -1.000000e+00
    outer loop
      vertex   8.888750e+01 -3.810000e+01 -9.100000e+00
      vertex   9.038750e+01 -1.238250e+02 -9.100000e+00
      vertex   8.888750e+01 -1.238250e+02 -9.100000e+00
    endloop
  endfacet
  facet normal 0.000000e+00 0.000000e+00 -1.000000e+00
    outer loop
      vertex   8.888750e+01 -1.238250e+02 -9.100000e+00
      vertex   9.038750e+01 -1.238250e+02 -9.100000e+00
      vertex   8.896861e+01 -1.251660e+02 -9.100000e+00
    endloop
  endfacet
  facet normal 0.000000e+00 0.000000e+00 -1.000000e+00
    outer loop
      vertex   8.896861e+01 -1.251660e+02 -9.100000e+00
      vertex   9.038750e+01 -1.238250e+02 -9.100000e+00
      vertex   9.046984e+01 -1.250813e+02 -9.100000e+00
    endloop
  endfacet
  facet normal 0.000000e+00 0.000000e+00 -1.000000e+00
    outer loop
      vertex   8.896861e+01 -1.251660e+02 -9.100000e+00
      vertex   9.046984e+01 -1.250813e+02 -9.100000e+00
      vertex   8.921077e+01 -1.264874e+02 -9.100000e+00
    endloop
  endfacet
  facet normal 0.000000e+00 0.000000e+00 -1.000000e+00
    outer loop
      vertex   8.921077e+01 -1.264874e+02 -9.100000e+00
      vertex   9.046984e+01 -1.250813e+02 -9.100000e+00
      vertex   9.071546e+01 -1.263161e+02 -9.100000e+00
    endloop
  endfacet
  facet normal 0.000000e+00 0.000000e+00 -1.000000e+00
    outer loop
      vertex   8.921077e+01 -1.264874e+02 -9.100000e+00
      vertex   9.071546e+01 -1.263161e+02 -9.100000e+00
      vertex   8.961044e+01 -1.277700e+02 -9.100000e+00
    endloop
  endfacet
  facet normal 0.000000e+00 0.000000e+00 -1.000000e+00
    outer loop
      vertex   8.961044e+01 -1.277700e+02 -9.100000e+00
      vertex   9.071546e+01 -1.263161e+02 -9.100000e+00
      vertex   9.112016e+01 -1.275083e+02 -9.100000e+00
    endloop
  endfacet
  facet normal 0.000000e+00 0.000000e+00 -1.000000e+00
    outer loop
      vertex   8.961044e+01 -1.277700e+02 -9.100000e+00
      vertex   9.112016e+01 -1.275083e+02 -9.100000e+00
      vertex   9.016180e+01 -1.289950e+02 -9.100000e+00
    endloop
  endfacet
  facet normal 0.000000e+00 0.000000e+00 -1.000000e+00
    outer loop
      vertex   9.016180e+01 -1.289950e+02 -9.100000e+00
      vertex   9.112016e+01 -1.275083e+02 -9.100000e+00
      vertex   9.167701e+01 -1.286375e+02 -9.100000e+00
    endloop
  endfacet
  facet normal 0.000000e+00 0.000000e+00 -1.000000e+00
    outer loop
      vertex   9.016180e+01 -1.289950e+02 -9.100000e+00
      vertex   9.167701e+01 -1.286375e+02 -9.100000e+00
      vertex   9.085680e+01 -1.301447e+02 -9.100000e+00
    endloop
  endfacet
  facet normal 0.000000e+00 0.000000e+00 -1.000000e+00
    outer loop
      vertex   9.085680e+01 -1.301447e+02 -9.100000e+00
      vertex   9.167701e+01 -1.286375e+02 -9.100000e+00
      vertex   9.237647e+01 -1.296843e+02 -9.100000e+00
    endloop
  endfacet
  facet normal 0.000000e+00 0.000000e+00 -1.000000e+00
    outer loop
      vertex   9.085680e+01 -1.301447e+02 -9.100000e+00
      vertex   9.237647e+01 -1.296843e+02 -9.100000e+00
      vertex   9.168532e+01 -1.312022e+02 -9.100000e+00
    endloop
  endfacet
  facet normal 0.000000e+00 0.000000e+00 -1.000000e+00
    outer loop
      vertex   9.168532e+01 -1.312022e+02 -9.100000e+00
      vertex   9.237647e+01 -1.296843e+02 -9.100000e+00
      vertex   9.320660e+01 -1.306309e+02 -9.100000e+00
    endloop
  endfacet
  facet normal 0.000000e+00 0.000000e+00 -1.000000e+00
    outer loop
      vertex   9.168532e+01 -1.312022e+02 -9.100000e+00
      vertex   9.320660e+01 -1.306309e+02 -9.100000e+00
      vertex   9.263526e+01 -1.321522e+02 -9.100000e+00
    endloop
  endfacet
  facet normal 0.000000e+00 0.000000e+00 -1.000000e+00
    outer loop
      vertex   9.263526e+01 -1.321522e+02 -9.100000e+00
      vertex   9.320660e+01 -1.306309e+02 -9.100000e+00
      vertex   9.415317e+01 -1.314610e+02 -9.100000e+00
    endloop
  endfacet
  facet normal 0.000000e+00 0.000000e+00 -1.000000e+00
    outer loop
      vertex   9.263526e+01 -1.321522e+02 -9.100000e+00
      vertex   9.415317e+01 -1.314610e+02 -9.100000e+00
      vertex   9.369278e+01 -1.329807e+02 -9.100000e+00
    endloop
  endfacet
  facet normal 0.000000e+00 0.000000e+00 -1.000000e+00
    outer loop
      vertex   9.369278e+01 -1.329807e+02 -9.100000e+00
      vertex   9.415317e+01 -1.314610e+02 -9.100000e+00
      vertex   9.520000e+01 -1.321605e+02 -9.100000e+00
    endloop
  endfacet
  facet normal 0.000000e+00 0.000000e+00 -1.000000e+00
    outer loop
      vertex   9.369278e+01 -1.329807e+02 -9.100000e+00
      vertex   9.520000e+01 -1.321605e+02 -9.100000e+00
      vertex   9.484245e+01 -1.336757e+02 -9.100000e+00
    endloop
  endfacet
  facet normal 0.000000e+00 0.000000e+00 -1.000000e+00
    outer loop
      vertex   9.484245e+01 -1.336757e+02 -9.100000e+00
      vertex   9.520000e+01 -1.321605e+02 -9.100000e+00
      vertex   9.632917e+01 -1.327173e+02 -9.100000e+00
    endloop
  endfacet
  facet normal 0.000000e+00 0.000000e+00 -1.000000e+00
    outer loop
      vertex   9.484245e+01 -1.336757e+02 -9.100000e+00
      vertex   9.632917e+01 -1.327173e+02 -9.100000e+00
      vertex   9.606752e+01 -1.342271e+02 -9.100000e+00
    endloop
  endfacet
  facet normal 0.000000e+00 0.000000e+00 -1.000000e+00
    outer loop
      vertex   9.606752e+01 -1.342271e+02 -9.100000e+00
      vertex   9.632917e+01 -1.327173e+02 -9.100000e+00
      vertex   9.752137e+01 -1.331220e+02 -9.100000e+00
    endloop
  endfacet
  facet normal 0.000000e+00 0.000000e+00 -1.000000e+00
    outer loop
      vertex   9.606752e+01 -1.342271e+02 -9.100000e+00
      vertex   9.752137e+01 -1.331220e+02 -9.100000e+00
      vertex   9.735011e+01 -1.346267e+02 -9.100000e+00
    endloop
  endfacet
  facet normal 0.000000e+00 0.000000e+00 -1.000000e+00
    outer loop
      vertex   9.735011e+01 -1.346267e+02 -9.100000e+00
      vertex   9.752137e+01 -1.331220e+02 -9.100000e+00
      vertex   9.875619e+01 -1.333677e+02 -9.100000e+00
    endloop
  endfacet
  facet normal 0.000000e+00 0.000000e+00 -1.000000e+00
    outer loop
      vertex   9.735011e+01 -1.346267e+02 -9.100000e+00
      vertex   9.875619e+01 -1.333677e+02 -9.100000e+00
      vertex   9.867153e+01 -1.348689e+02 -9.100000e+00
    endloop
  endfacet
  facet normal 0.000000e+00 0.000000e+00 -1.000000e+00
    outer loop
      vertex   9.867153e+01 -1.348689e+02 -9.100000e+00
      vertex   9.875619e+01 -1.333677e+02 -9.100000e+00
      vertex   1.000125e+02 -1.334500e+02 -9.100000e+00
    endloop
  endfacet
  facet normal 0.000000e+00 0.000000e+00 -1.000000e+00
    outer loop
      vertex   9.867153e+01 -1.348689e+02 -9.100000e+00
      vertex   1.000125e+02 -1.334500e+02 -9.100000e+00
      vertex   1.000125e+02 -1.349500e+02 -9.100000e+00
    endloop
  endfacet
  facet normal 0.000000e+00 0.000000e+00 -1.000000e+00
    outer loop
      vertex   1.000125e+02 -1.349500e+02 -9.100000e+00
      vertex   1.000125e+02 -1.334500e+02 -9.100000e+00
      vertex   1.571625e+02 -1.349500e+02 -9.100000e+00
    endloop
  endfacet
  facet normal 0.000000e+00 0.000000e+00 -1.000000e+00
    outer loop
      vertex   1.571625e+02 -1.349500e+02 -9.100000e+00
      vertex   1.000125e+02 -1.334500e+02 -9.100000e+00
      vertex   1.571625e+02 -1.334500e+02 -9.100000e+00
    endloop
  endfacet
  facet normal 0.000000e+00 0.000000e+00 -1.000000e+00
    outer loop
      vertex   1.571625e+02 -1.349500e+02 -9.100000e+00
      vertex   1.571625e+02 -1.334500e+02 -9.100000e+00
      vertex   1.585035e+02 -1.348689e+02 -9.100000e+00
    endloop
  endfacet
  facet normal 0.000000e+00 0.000000e+00 -1.000000e+00
    outer loop
      vertex   1.585035e+02 -1.348689e+02 -9.100000e+00
      vertex   1.571625e+02 -1.334500e+02 -9.100000e+00
      vertex   1.584188e+02 -1.333677e+02 -9.100000e+00
    endloop
  endfacet
  facet normal 0.000000e+00 0.000000e+00 -1.000000e+00
    outer loop
      vertex   1.585035e+02 -1.348689e+02 -9.100000e+00
      vertex   1.584188e+02 -1.333677e+02 -9.100000e+00
      vertex   1.598249e+02 -1.346267e+02 -9.100000e+00
    endloop
  endfacet
  facet normal 0.000000e+00 0.000000e+00 -1.000000e+00
    outer loop
      vertex   1.598249e+02 -1.346267e+02 -9.100000e+00
      vertex   1.584188e+02 -1.333677e+02 -9.100000e+00
      vertex   1.596536e+02 -1.331220e+02 -9.100000e+00
    endloop
  endfacet
  facet normal 0.000000e+00 0.000000e+00 -1.000000e+00
    outer loop
      vertex   1.598249e+02 -1.346267e+02 -9.100000e+00
      vertex   1.596536e+02 -1.331220e+02 -9.100000e+00
      vertex   1.611075e+02 -1.342271e+02 -9.100000e+00
    endloop
  endfacet
  facet normal 0.000000e+00 0.000000e+00 -1.000000e+00
    outer loop
      vertex   1.611075e+02 -1.342271e+02 -9.100000e+00
      vertex   1.596536e+02 -1.331220e+02 -9.100000e+00
      vertex   1.608458e+02 -1.327173e+02 -9.100000e+00
    endloop
  endfacet
  facet normal 0.000000e+00 0.000000e+00 -1.000000e+00
    outer loop
      vertex   1.611075e+02 -1.342271e+02 -9.100000e+00
      vertex   1.608458e+02 -1.327173e+02 -9.100000e+00
      vertex   1.623325e+02 -1.336757e+02 -9.100000e+00
    endloop
  endfacet
  facet normal 0.000000e+00 0.000000e+00 -1.000000e+00
    outer loop
      vertex   1.623325e+02 -1.336757e+02 -9.100000e+00
      vertex   1.608458e+02 -1.327173e+02 -9.100000e+00
      vertex   1.619750e+02 -1.321605e+02 -9.100000e+00
    endloop
  endfacet
  facet normal 0.000000e+00 0.000000e+00 -1.000000e+00
    outer loop
      vertex   1.623325e+02 -1.336757e+02 -9.100000e+00
      vertex   1.619750e+02 -1.321605e+02 -9.100000e+00
      vertex   1.634822e+02 -1.329807e+02 -9.100000e+00
    endloop
  endfacet
  facet normal 0.000000e+00 0.000000e+00 -1.000000e+00
    outer loop
      vertex   1.634822e+02 -1.329807e+02 -9.100000e+00
      vertex   1.619750e+02 -1.321605e+02 -9.100000e+00
      vertex   1.630218e+02 -1.314610e+02 -9.100000e+00
    endloop
  endfacet
  facet normal 0.000000e+00 0.000000e+00 -1.000000e+00
    outer loop
      vertex   1.634822e+02 -1.329807e+02 -9.100000e+00
      vertex   1.630218e+02 -1.314610e+02 -9.100000e+00
      vertex   1.645397e+02 -1.321522e+02 -9.100000e+00
    endloop
  endfacet
  facet normal 0.000000e+00 0.000000e+00 -1.000000e+00
    outer loop
      vertex   1.645397e+02 -1.321522e+02 -9.100000e+00
      vertex   1.630218e+02 -1.314610e+02 -9.100000e+00
      vertex   1.639684e+02 -1.306309e+02 -9.100000e+00
    endloop
  endfacet
  facet normal 0.000000e+00 0.000000e+00 -1.000000e+00
    outer loop
      vertex   1.645397e+02 -1.321522e+02 -9.100000e+00
      vertex   1.639684e+02 -1.306309e+02 -9.100000e+00
      vertex   1.654897e+02 -1.312022e+02 -9.100000e+00
    endloop
  endfacet
  facet normal 0.000000e+00 0.000000e+00 -1.000000e+00
    outer loop
      vertex   1.654897e+02 -1.312022e+02 -9.100000e+00
      vertex   1.639684e+02 -1.306309e+02 -9.100000e+00
      vertex   1.647985e+02 -1.296843e+02 -9.100000e+00
    endloop
  endfacet
  facet normal 0.000000e+00 0.000000e+00 -1.000000e+00
    outer loop
      vertex   1.654897e+02 -1.312022e+02 -9.100000e+00
      vertex   1.647985e+02 -1.296843e+02 -9.100000e+00
      vertex   1.663182e+02 -1.301447e+02 -9.100000e+00
    endloop
  endfacet
  facet normal 0.000000e+00 0.000000e+00 -1.000000e+00
    outer loop
      vertex   1.663182e+02 -1.301447e+02 -9.100000e+00
      vertex   1.647985e+02 -1.296843e+02 -9.100000e+00
      vertex   1.654980e+02 -1.286375e+02 -9.100000e+00
    endloop
  endfacet
  facet normal 0.000000e+00 0.000000e+00 -1.000000e+00
    outer loop
      vertex   1.663182e+02 -1.301447e+02 -9.100000e+00
      vertex   1.654980e+02 -1.286375e+02 -9.100000e+00
      vertex   1.670132e+02 -1.289950e+02 -9.100000e+00
    endloop
  endfacet
  facet normal 0.000000e+00 0.000000e+00 -1.000000e+00
    outer loop
      vertex   1.670132e+02 -1.289950e+02 -9.100000e+00
      vertex   1.654980e+02 -1.286375e+02 -9.100000e+00
      vertex   1.660548e+02 -1.275083e+02 -9.100000e+00
    endloop
  endfacet
  facet normal 0.000000e+00 0.000000e+00 -1.000000e+00
    outer loop
      vertex   1.670132e+02 -1.289950e+02 -9.100000e+00
      vertex   1.660548e+02 -1.275083e+02 -9.100000e+00
      vertex   1.675646e+02 -1.277700e+02 -9.100000e+00
    endloop
  endfacet
  facet normal 0.000000e+00 0.000000e+00 -1.000000e+00
    outer loop
      vertex   1.675646e+02 -1.277700e+02 -9.100000e+00
      vertex   1.660548e+02 -1.275083e+02 -9.100000e+00
      vertex   1.664595e+02 -1.263161e+02 -9.100000e+00
    endloop
  endfacet
  facet normal 0.000000e+00 0.000000e+00 -1.000000e+00
    outer loop
      vertex   1.675646e+02 -1.277700e+02 -9.100000e+00
      vertex   1.664595e+02 -1.263161e+02 -9.100000e+00
      vertex   1.679642e+02 -1.264874e+02 -9.100000e+00
    endloop
  endfacet
  facet normal 0.000000e+00 0.000000e+00 -1.000000e+00
    outer loop
      vertex   1.679642e+02 -1.264874e+02 -9.100000e+00
      vertex   1.664595e+02 -1.263161e+02 -9.100000e+00
      vertex   1.667052e+02 -1.250813e+02 -9.100000e+00
    endloop
  endfacet
  facet normal 0.000000e+00 0.000000e+00 -1.000000e+00
    outer loop
      vertex   1.679642e+02 -1.264874e+02 -9.100000e+00
      vertex   1.667052e+02 -1.250813e+02 -9.100000e+00
      vertex   1.682064e+02 -1.251660e+02 -9.100000e+00
    endloop
  endfacet
  facet normal 0.000000e+00 0.000000e+00 -1.000000e+00
    outer loop
      vertex   1.682064e+02 -1.251660e+02 -9.100000e+00
      vertex   1.667052e+02 -1.250813e+02 -9.100000e+00
      vertex   1.667875e+02 -1.238250e+02 -9.100000e+00
    endloop
  endfacet
  facet normal 9.987998e-01 4.897943e-02 2.343397e-15
    outer loop
      vertex   1.692875e+02 -3.810000e+01 4.013866e+00
      vertex   1.692875e+02 -3.810000e+01 -8.100000e+00
      vertex   1.692300e+02 -3.692743e+01 3.667947e+00
    endloop
  endfacet
  facet normal 9.984266e-01 5.607047e-02 -7.083825e-04
    outer loop
      vertex   1.692300e+02 -3.692743e+01 3.667947e+00
      vertex   1.692875e+02 -3.810000e+01 -8.100000e+00
      vertex   1.692113e+02 -3.674243e+01 -8.100000e+00
    endloop
  endfacet
  facet normal 9.893206e-01 1.457539e-01 7.159941e-04
    outer loop
      vertex   1.692300e+02 -3.692743e+01 3.667947e+00
      vertex   1.692113e+02 -3.674243e+01 -8.100000e+00
      vertex   1.690588e+02 -3.576349e+01 3.325345e+00
    endloop
  endfacet
  facet normal 9.858703e-01 1.675061e-01 -1.193822e-03
    outer loop
      vertex   1.690588e+02 -3.576349e+01 3.325345e+00
      vertex   1.692113e+02 -3.674243e+01 -8.100000e+00
      vertex   1.689835e+02 -3.540193e+01 -8.100000e+00
    endloop
  endfacet
  facet normal 9.706595e-01 2.404551e-01 1.214852e-03
    outer loop
      vertex   1.690588e+02 -3.576349e+01 3.325345e+00
      vertex   1.689835e+02 -3.540193e+01 -8.100000e+00
      vertex   1.687757e+02 -3.461915e+01 2.989239e+00
    endloop
  endfacet
  facet normal 9.609162e-01 2.768352e-01 -1.535769e-03
    outer loop
      vertex   1.687757e+02 -3.461915e+01 2.989239e+00
      vertex   1.689835e+02 -3.540193e+01 -8.100000e+00
      vertex   1.686071e+02 -3.409537e+01 -8.100000e+00
    endloop
  endfacet
  facet normal 9.428908e-01 3.330992e-01 1.395873e-03
    outer loop
      vertex   1.687757e+02 -3.461915e+01 2.989239e+00
      vertex   1.686071e+02 -3.409537e+01 -8.100000e+00
      vertex   1.683827e+02 -3.350539e+01 2.662805e+00
    endloop
  endfacet
  facet normal 9.238782e-01 3.826829e-01 -1.718449e-03
    outer loop
      vertex   1.683827e+02 -3.350539e+01 2.662805e+00
      vertex   1.686071e+02 -3.409537e+01 -8.100000e+00
      vertex   1.680867e+02 -3.283916e+01 -8.100000e+00
    endloop
  endfacet
  facet normal 9.058386e-01 4.236210e-01 1.311760e-03
    outer loop
      vertex   1.683827e+02 -3.350539e+01 2.662805e+00
      vertex   1.680867e+02 -3.283916e+01 -8.100000e+00
      vertex   1.678818e+02 -3.243318e+01 2.349220e+00
    endloop
  endfacet
  facet normal 8.752223e-01 4.837183e-01 -1.623802e-03
    outer loop
      vertex   1.678818e+02 -3.243318e+01 2.349220e+00
      vertex   1.680867e+02 -3.283916e+01 -8.100000e+00
      vertex   1.674290e+02 -3.164911e+01 -8.100000e+00
    endloop
  endfacet
  facet normal 8.599189e-01 5.104296e-01 1.043555e-03
    outer loop
      vertex   1.678818e+02 -3.243318e+01 2.349220e+00
      vertex   1.674290e+02 -3.164911e+01 -8.100000e+00
      vertex   1.672767e+02 -3.141320e+01 2.051529e+00
    endloop
  endfacet
  facet normal 8.155603e-01 5.786709e-01 -1.207992e-03
    outer loop
      vertex   1.672767e+02 -3.141320e+01 2.051529e+00
      vertex   1.674290e+02 -3.164911e+01 -8.100000e+00
      vertex   1.666422e+02 -3.054019e+01 -8.100000e+00
    endloop
  endfacet
  facet normal 8.061108e-01 5.917644e-01 5.086239e-04
    outer loop
      vertex   1.672767e+02 -3.141320e+01 2.051529e+00
      vertex   1.666422e+02 -3.054019e+01 -8.100000e+00
      vertex   1.665737e+02 -3.045532e+01 1.772496e+00
    endloop
  endfacet
  facet normal 7.456420e-01 6.663465e-01 -5.522174e-04
    outer loop
      vertex   1.665737e+02 -3.045532e+01 1.772496e+00
      vertex   1.666422e+02 -3.054019e+01 -8.100000e+00
      vertex   1.657362e+02 -2.952633e+01 -8.100000e+00
    endloop
  endfacet
  facet normal 7.444486e-01 6.676797e-01 -3.255136e-04
    outer loop
      vertex   1.665737e+02 -3.045532e+01 1.772496e+00
      vertex   1.657362e+02 -2.952633e+01 -8.100000e+00
      vertex   1.657789e+02 -2.956926e+01 1.514851e+00
    endloop
  endfacet
  facet normal 6.749885e-01 7.378281e-01 2.962162e-04
    outer loop
      vertex   1.657789e+02 -2.956926e+01 1.514851e+00
      vertex   1.657362e+02 -2.952633e+01 -8.100000e+00
      vertex   1.648991e+02 -2.876436e+01 1.281200e+00
    endloop
  endfacet
  facet normal 6.663462e-01 7.456417e-01 -1.109535e-03
    outer loop
      vertex   1.648991e+02 -2.876436e+01 1.281200e+00
      vertex   1.657362e+02 -2.952633e+01 -8.100000e+00
      vertex   1.647223e+02 -2.862029e+01 -8.100000e+00
    endloop
  endfacet
  facet normal 5.992795e-01 8.005392e-01 9.976721e-04
    outer loop
      vertex   1.648991e+02 -2.876436e+01 1.281200e+00
      vertex   1.647223e+02 -2.862029e+01 -8.100000e+00
      vertex   1.639432e+02 -2.804849e+01 1.073710e+00
    endloop
  endfacet
  facet normal 5.786705e-01 8.155597e-01 -1.688847e-03
    outer loop
      vertex   1.639432e+02 -2.804849e+01 1.073710e+00
      vertex   1.647223e+02 -2.862029e+01 -8.100000e+00
      vertex   1.636134e+02 -2.783347e+01 -8.100000e+00
    endloop
  endfacet
  facet normal 5.176323e-01 8.556019e-01 1.444184e-03
    outer loop
      vertex   1.639432e+02 -2.804849e+01 1.073710e+00
      vertex   1.636134e+02 -2.783347e+01 -8.100000e+00
      vertex   1.629201e+02 -2.742921e+01 8.944553e-01
    endloop
  endfacet
  facet normal 4.837179e-01 8.752216e-01 -2.051798e-03
    outer loop
      vertex   1.629201e+02 -2.742921e+01 8.944553e-01
      vertex   1.636134e+02 -2.783347e+01 -8.100000e+00
      vertex   1.624233e+02 -2.717575e+01 -8.100000e+00
    endloop
  endfacet
  facet normal 4.305320e-01 9.025738e-01 1.656312e-03
    outer loop
      vertex   1.629201e+02 -2.742921e+01 8.944553e-01
      vertex   1.624233e+02 -2.717575e+01 -8.100000e+00
      vertex   1.618394e+02 -2.691343e+01 7.453310e-01
    endloop
  endfacet
  facet normal 3.826826e-01 9.238774e-01 -2.134511e-03
    outer loop
      vertex   1.618394e+02 -2.691343e+01 7.453310e-01
      vertex   1.624233e+02 -2.717575e+01 -8.100000e+00
      vertex   1.611671e+02 -2.665541e+01 -8.100000e+00
    endloop
  endfacet
  facet normal 3.395585e-01 9.405835e-01 1.630185e-03
    outer loop
      vertex   1.618394e+02 -2.691343e+01 7.453310e-01
      vertex   1.611671e+02 -2.665541e+01 -8.100000e+00
      vertex   1.607119e+02 -2.650621e+01 6.277083e-01
    endloop
  endfacet
  facet normal 2.768350e-01 9.609154e-01 -1.988768e-03
    outer loop
      vertex   1.607119e+02 -2.650621e+01 6.277083e-01
      vertex   1.611671e+02 -2.665541e+01 -8.100000e+00
      vertex   1.598606e+02 -2.627900e+01 -8.100000e+00
    endloop
  endfacet
  facet normal 2.449732e-01 9.695289e-01 1.343520e-03
    outer loop
      vertex   1.607119e+02 -2.650621e+01 6.277083e-01
      vertex   1.598606e+02 -2.627900e+01 -8.100000e+00
      vertex   1.595488e+02 -2.621221e+01 5.428477e-01
    endloop
  endfacet
  facet normal 1.675060e-01 9.858698e-01 -1.576845e-03
    outer loop
      vertex   1.595488e+02 -2.621221e+01 5.428477e-01
      vertex   1.598606e+02 -2.627900e+01 -8.100000e+00
      vertex   1.585201e+02 -2.605124e+01 -8.100000e+00
    endloop
  endfacet
  facet normal 1.479514e-01 9.889943e-01 8.089497e-04
    outer loop
      vertex   1.595488e+02 -2.621221e+01 5.428477e-01
      vertex   1.585201e+02 -2.605124e+01 -8.100000e+00
      vertex   1.583617e+02 -2.603458e+01 4.915990e-01
    endloop
  endfacet
  facet normal 5.607045e-02 9.984264e-01 -9.030080e-04
    outer loop
      vertex   1.583617e+02 -2.603458e+01 4.915990e-01
      vertex   1.585201e+02 -2.605124e+01 -8.100000e+00
      vertex   1.571625e+02 -2.597500e+01 -8.100000e+00
    endloop
  endfacet
  facet normal 4.961787e-02 9.987683e-01 -2.401584e-19
    outer loop
      vertex   1.583617e+02 -2.603458e+01 4.915990e-01
      vertex   1.571625e+02 -2.597500e+01 -8.100000e+00
      vertex   1.571625e+02 -2.597500e+01 4.744183e-01
    endloop
  endfacet
  facet normal -5.022848e-02 9.987378e-01 0.000000e+00
    outer loop
      vertex   1.000125e+02 -2.597500e+01 4.744183e-01
      vertex   1.000125e+02 -2.597500e+01 -8.100000e+00
      vertex   9.881352e+01 -2.603530e+01 4.917957e-01
    endloop
  endfacet
  facet normal -5.607047e-02 9.984265e-01 -8.174333e-04
    outer loop
      vertex   9.881352e+01 -2.603530e+01 4.917957e-01
      vertex   1.000125e+02 -2.597500e+01 -8.100000e+00
      vertex   9.865493e+01 -2.605124e+01 -8.100000e+00
    endloop
  endfacet
  facet normal -1.489118e-01 9.888501e-01 9.139781e-04
    outer loop
      vertex   9.881352e+01 -2.603530e+01 4.917957e-01
      vertex   9.865493e+01 -2.605124e+01 -8.100000e+00
      vertex   9.762673e+01 -2.621407e+01 5.433521e-01
    endloop
  endfacet
  facet normal -1.675061e-01 9.858701e-01 -1.354112e-03
    outer loop
      vertex   9.762673e+01 -2.621407e+01 5.433521e-01
      vertex   9.865493e+01 -2.605124e+01 -8.100000e+00
      vertex   9.731443e+01 -2.627900e+01 -8.100000e+00
    endloop
  endfacet
  facet normal -2.449964e-01 9.695227e-01 1.568524e-03
    outer loop
      vertex   9.762673e+01 -2.621407e+01 5.433521e-01
      vertex   9.731443e+01 -2.627900e+01 -8.100000e+00
      vertex   9.646368e+01 -2.650810e+01 6.282236e-01
    endloop
  endfacet
  facet normal -2.768351e-01 9.609158e-01 -1.760779e-03
    outer loop
      vertex   9.646368e+01 -2.650810e+01 6.282236e-01
      vertex   9.731443e+01 -2.627900e+01 -8.100000e+00
      vertex   9.600787e+01 -2.665541e+01 -8.100000e+00
    endloop
  endfacet
  facet normal -3.386355e-01 9.409159e-01 1.804139e-03
    outer loop
      vertex   9.646368e+01 -2.650810e+01 6.282236e-01
      vertex   9.600787e+01 -2.665541e+01 -8.100000e+00
      vertex   9.533589e+01 -2.691422e+01 7.455463e-01
    endloop
  endfacet
  facet normal -3.826827e-01 9.238776e-01 -2.040523e-03
    outer loop
      vertex   9.533589e+01 -2.691422e+01 7.455463e-01
      vertex   9.600787e+01 -2.665541e+01 -8.100000e+00
      vertex   9.475166e+01 -2.717575e+01 -8.100000e+00
    endloop
  endfacet
  facet normal -4.299072e-01 9.028715e-01 1.699656e-03
    outer loop
      vertex   9.533589e+01 -2.691422e+01 7.455463e-01
      vertex   9.475166e+01 -2.717575e+01 -8.100000e+00
      vertex   9.425492e+01 -2.742921e+01 8.944564e-01
    endloop
  endfacet
  facet normal -4.837179e-01 8.752216e-01 -2.051353e-03
    outer loop
      vertex   9.425492e+01 -2.742921e+01 8.944564e-01
      vertex   9.475166e+01 -2.717575e+01 -8.100000e+00
      vertex   9.356161e+01 -2.783347e+01 -8.100000e+00
    endloop
  endfacet
  facet normal -5.176295e-01 8.556037e-01 1.444328e-03
    outer loop
      vertex   9.425492e+01 -2.742921e+01 8.944564e-01
      vertex   9.356161e+01 -2.783347e+01 -8.100000e+00
      vertex   9.323179e+01 -2.804849e+01 1.073710e+00
    endloop
  endfacet
  facet normal -5.786705e-01 8.155597e-01 -1.688847e-03
    outer loop
      vertex   9.323179e+01 -2.804849e+01 1.073710e+00
      vertex   9.356161e+01 -2.783347e+01 -8.100000e+00
      vertex   9.245269e+01 -2.862029e+01 -8.100000e+00
    endloop
  endfacet
  facet normal -5.992795e-01 8.005392e-01 9.976722e-04
    outer loop
      vertex   9.323179e+01 -2.804849e+01 1.073710e+00
      vertex   9.245269e+01 -2.862029e+01 -8.100000e+00
      vertex   9.227586e+01 -2.876436e+01 1.281200e+00
    endloop
  endfacet
  facet normal -6.663462e-01 7.456417e-01 -1.109535e-03
    outer loop
      vertex   9.227586e+01 -2.876436e+01 1.281200e+00
      vertex   9.245269e+01 -2.862029e+01 -8.100000e+00
      vertex   9.143883e+01 -2.952633e+01 -8.100000e+00
    endloop
  endfacet
  facet normal -6.749886e-01 7.378281e-01 2.962163e-04
    outer loop
      vertex   9.227586e+01 -2.876436e+01 1.281200e+00
      vertex   9.143883e+01 -2.952633e+01 -8.100000e+00
      vertex   9.139612e+01 -2.956926e+01 1.514851e+00
    endloop
  endfacet
  facet normal -7.456421e-01 6.663465e-01 -3.367678e-04
    outer loop
      vertex   9.139612e+01 -2.956926e+01 1.514851e+00
      vertex   9.143883e+01 -2.952633e+01 -8.100000e+00
      vertex   9.053279e+01 -3.054019e+01 -8.100000e+00
    endloop
  endfacet
  facet normal -7.444840e-01 6.676400e-01 -5.713749e-04
    outer loop
      vertex   9.139612e+01 -2.956926e+01 1.514851e+00
      vertex   9.053279e+01 -3.054019e+01 -8.100000e+00
      vertex   9.060132e+01 -3.045532e+01 1.772496e+00
    endloop
  endfacet
  facet normal -8.061108e-01 5.917644e-01 5.086238e-04
    outer loop
      vertex   9.060132e+01 -3.045532e+01 1.772496e+00
      vertex   9.053279e+01 -3.054019e+01 -8.100000e+00
      vertex   8.989832e+01 -3.141320e+01 2.051529e+00
    endloop
  endfacet
  facet normal -8.155603e-01 5.786709e-01 -1.207992e-03
    outer loop
      vertex   8.989832e+01 -3.141320e+01 2.051529e+00
      vertex   9.053279e+01 -3.054019e+01 -8.100000e+00
      vertex   8.974597e+01 -3.164911e+01 -8.100000e+00
    endloop
  endfacet
  facet normal -8.599189e-01 5.104296e-01 1.043555e-03
    outer loop
      vertex   8.989832e+01 -3.141320e+01 2.051529e+00
      vertex   8.974597e+01 -3.164911e+01 -8.100000e+00
      vertex   8.929324e+01 -3.243318e+01 2.349220e+00
    endloop
  endfacet
  facet normal -8.752223e-01 4.837183e-01 -1.623802e-03
    outer loop
      vertex   8.929324e+01 -3.243318e+01 2.349220e+00
      vertex   8.974597e+01 -3.164911e+01 -8.100000e+00
      vertex   8.908825e+01 -3.283916e+01 -8.100000e+00
    endloop
  endfacet
  facet normal -9.057025e-01 4.239118e-01 1.297790e-03
    outer loop
      vertex   8.929324e+01 -3.243318e+01 2.349220e+00
      vertex   8.908825e+01 -3.283916e+01 -8.100000e+00
      vertex   8.879187e+01 -3.350534e+01 2.662782e+00
    endloop
  endfacet
  facet normal -9.238781e-01 3.826829e-01 -1.754666e-03
    outer loop
      vertex   8.879187e+01 -3.350534e+01 2.662782e+00
      vertex   8.908825e+01 -3.283916e+01 -8.100000e+00
      vertex   8.856791e+01 -3.409537e+01 -8.100000e+00
    endloop
  endfacet
  facet normal -9.426542e-01 3.337684e-01 1.317561e-03
    outer loop
      vertex   8.879187e+01 -3.350534e+01 2.662782e+00
      vertex   8.856791e+01 -3.409537e+01 -8.100000e+00
      vertex   8.839801e+01 -3.461900e+01 2.989165e+00
    endloop
  endfacet
  facet normal -9.609160e-01 2.768351e-01 -1.650657e-03
    outer loop
      vertex   8.839801e+01 -3.461900e+01 2.989165e+00
      vertex   8.856791e+01 -3.409537e+01 -8.100000e+00
      vertex   8.819150e+01 -3.540193e+01 -8.100000e+00
    endloop
  endfacet
  facet normal -9.706381e-01 2.405422e-01 1.092796e-03
    outer loop
      vertex   8.839801e+01 -3.461900e+01 2.989165e+00
      vertex   8.819150e+01 -3.540193e+01 -8.100000e+00
      vertex   8.811480e+01 -3.576334e+01 3.325267e+00
    endloop
  endfacet
  facet normal -9.858702e-01 1.675061e-01 -1.319724e-03
    outer loop
      vertex   8.811480e+01 -3.576334e+01 3.325267e+00
      vertex   8.819150e+01 -3.540193e+01 -8.100000e+00
      vertex   8.796374e+01 -3.674243e+01 -8.100000e+00
    endloop
  endfacet
  facet normal -9.894281e-01 1.450230e-01 6.540218e-04
    outer loop
      vertex   8.811480e+01 -3.576334e+01 3.325267e+00
      vertex   8.796374e+01 -3.674243e+01 -8.100000e+00
      vertex   8.794441e+01 -3.692736e+01 3.667913e+00
    endloop
  endfacet
  facet normal -9.984265e-01 5.607045e-02 -7.586284e-04
    outer loop
      vertex   8.794441e+01 -3.692736e+01 3.667913e+00
      vertex   8.796374e+01 -3.674243e+01 -8.100000e+00
      vertex   8.788750e+01 -3.810000e+01 -8.100000e+00
    endloop
  endfacet
  facet normal -9.988243e-01 4.847661e-02 1.898284e-10
    outer loop
      vertex   8.794441e+01 -3.692736e+01 3.667913e+00
      vertex   8.788750e+01 -3.810000e+01 -8.100000e+00
      vertex   8.788750e+01 -3.810000e+01 4.013866e+00
    endloop
  endfacet
  facet normal 1.000000e+00 9.946355e-16 2.310383e-17
    outer loop
      vertex   1.692875e+02 -3.810000e+01 -8.100000e+00
      vertex   1.692875e+02 -3.838333e+01 4.097567e+00
      vertex   1.692875e+02 -1.238250e+02 -8.100000e+00
    endloop
  endfacet
  facet normal 1.000000e+00 6.728188e-16 2.277370e-15
    outer loop
      vertex   1.692875e+02 -1.238250e+02 -8.100000e+00
      vertex   1.692875e+02 -3.838333e+01 4.097567e+00
      vertex   1.692875e+02 -4.329688e+01 5.549211e+00
    endloop
  endfacet
  facet normal 1.000000e+00 4.875012e-16 3.370713e-15
    outer loop
      vertex   1.692875e+02 -1.238250e+02 -8.100000e+00
      vertex   1.692875e+02 -4.329688e+01 5.549211e+00
      vertex   1.692875e+02 -7.134660e+01 9.606000e+00
    endloop
  endfacet
  facet normal 1.000000e+00 0.000000e+00 0.000000e+00
    outer loop
      vertex   1.692875e+02 -7.134660e+01 9.606000e+00
      vertex   1.692875e+02 -4.329688e+01 5.549211e+00
      vertex   1.692875e+02 -4.721567e+01 6.620053e+00
    endloop
  endfacet
  facet normal 1.000000e+00 0.000000e+00 0.000000e+00
    outer loop
      vertex   1.692875e+02 -7.134660e+01 9.606000e+00
      vertex   1.692875e+02 -4.721567e+01 6.620053e+00
      vertex   1.692875e+02 -5.117510e+01 7.529219e+00
    endloop
  endfacet
  facet normal 1.000000e+00 1.010060e-13 2.346213e-15
    outer loop
      vertex   1.692875e+02 -3.810000e+01 -8.100000e+00
      vertex   1.692875e+02 -3.810000e+01 4.013866e+00
      vertex   1.692875e+02 -3.838333e+01 4.097567e+00
    endloop
  endfacet
  facet normal 1.000000e+00 0.000000e+00 0.000000e+00
    outer loop
      vertex   1.692875e+02 -5.117510e+01 7.529219e+00
      vertex   1.692875e+02 -5.516849e+01 8.275180e+00
      vertex   1.692875e+02 -7.134660e+01 9.606000e+00
    endloop
  endfacet
  facet normal 1.000000e+00 0.000000e+00 0.000000e+00
    outer loop
      vertex   1.692875e+02 -7.134660e+01 9.606000e+00
      vertex   1.692875e+02 -5.516849e+01 8.275180e+00
      vertex   1.692875e+02 -5.918912e+01 8.856677e+00
    endloop
  endfacet
  facet normal 1.000000e+00 0.000000e+00 0.000000e+00
    outer loop
      vertex   1.692875e+02 -7.134660e+01 9.606000e+00
      vertex   1.692875e+02 -5.918912e+01 8.856677e+00
      vertex   1.692875e+02 -6.323022e+01 9.272734e+00
    endloop
  endfacet
  facet normal 1.000000e+00 0.000000e+00 0.000000e+00
    outer loop
      vertex   1.692875e+02 -6.323022e+01 9.272734e+00
      vertex   1.692875e+02 -6.728499e+01 9.522648e+00
      vertex   1.692875e+02 -7.134660e+01 9.606000e+00
    endloop
  endfacet
  facet normal 1.000000e+00 1.624766e-15 -4.346797e-31
    outer loop
      vertex   1.692875e+02 -7.134660e+01 9.606000e+00
      vertex   1.692875e+02 -1.238250e+02 9.606000e+00
      vertex   1.692875e+02 -1.238250e+02 -8.100000e+00
    endloop
  endfacet
  facet normal 0.000000e+00 1.000000e+00 0.000000e+00
    outer loop
      vertex   1.256747e+02 -2.597500e+01 -3.882053e+00
      vertex   1.255875e+02 -2.597500e+01 -4.600000e+00
      vertex   1.000125e+02 -2.597500e+01 -8.100000e+00
    endloop
  endfacet
  facet normal 0.000000e+00 1.000000e+00 0.000000e+00
    outer loop
      vertex   1.000125e+02 -2.597500e+01 -8.100000e+00
      vertex   1.255875e+02 -2.597500e+01 -4.600000e+00
      vertex   1.256747e+02 -2.597500e+01 -5.317947e+00
    endloop
  endfacet
  facet normal 0.000000e+00 1.000000e+00 0.000000e+00
    outer loop
      vertex   1.000125e+02 -2.597500e+01 -8.100000e+00
      vertex   1.256747e+02 -2.597500e+01 -5.317947e+00
      vertex   1.259311e+02 -2.597500e+01 -5.994170e+00
    endloop
  endfacet
  facet normal 0.000000e+00 1.000000e+00 0.000000e+00
    outer loop
      vertex   1.259311e+02 -2.597500e+01 -5.994170e+00
      vertex   1.263420e+02 -2.597500e+01 -6.589368e+00
      vertex   1.000125e+02 -2.597500e+01 -8.100000e+00
    endloop
  endfacet
  facet normal 0.000000e+00 1.000000e+00 0.000000e+00
    outer loop
      vertex   1.000125e+02 -2.597500e+01 -8.100000e+00
      vertex   1.263420e+02 -2.597500e+01 -6.589368e+00
      vertex   1.268833e+02 -2.597500e+01 -7.068952e+00
    endloop
  endfacet
  facet normal 0.000000e+00 1.000000e+00 0.000000e+00
    outer loop
      vertex   1.000125e+02 -2.597500e+01 -8.100000e+00
      vertex   1.268833e+02 -2.597500e+01 -7.068952e+00
      vertex   1.275237e+02 -2.597500e+01 -7.405049e+00
    endloop
  endfacet
  facet normal 0.000000e+00 1.000000e+00 0.000000e+00
    outer loop
      vertex   1.275237e+02 -2.597500e+01 -7.405049e+00
      vertex   1.282259e+02 -2.597500e+01 -7.578127e+00
      vertex   1.000125e+02 -2.597500e+01 -8.100000e+00
    endloop
  endfacet
  facet normal 0.000000e+00 1.000000e+00 0.000000e+00
    outer loop
      vertex   1.000125e+02 -2.597500e+01 -8.100000e+00
      vertex   1.282259e+02 -2.597500e+01 -7.578127e+00
      vertex   1.289491e+02 -2.597500e+01 -7.578127e+00
    endloop
  endfacet
  facet normal -1.226510e-13 1.000000e+00 6.800699e-12
    outer loop
      vertex   1.000125e+02 -2.597500e+01 -8.100000e+00
      vertex   1.289491e+02 -2.597500e+01 -7.578127e+00
      vertex   1.571625e+02 -2.597500e+01 -8.100000e+00
    endloop
  endfacet
  facet normal -2.311025e-13 1.000000e+00 9.376198e-13
    outer loop
      vertex   1.571625e+02 -2.597500e+01 -8.100000e+00
      vertex   1.289491e+02 -2.597500e+01 -7.578127e+00
      vertex   1.296513e+02 -2.597500e+01 -7.405049e+00
    endloop
  endfacet
  facet normal -2.430876e-13 1.000000e+00 4.631647e-13
    outer loop
      vertex   1.571625e+02 -2.597500e+01 -8.100000e+00
      vertex   1.296513e+02 -2.597500e+01 -7.405049e+00
      vertex   1.302917e+02 -2.597500e+01 -7.068952e+00
    endloop
  endfacet
  facet normal -2.500303e-13 1.000000e+00 2.822259e-13
    outer loop
      vertex   1.302917e+02 -2.597500e+01 -7.068952e+00
      vertex   1.308330e+02 -2.597500e+01 -6.589368e+00
      vertex   1.571625e+02 -2.597500e+01 -8.100000e+00
    endloop
  endfacet
  facet normal -2.560813e-13 1.000000e+00 1.767602e-13
    outer loop
      vertex   1.571625e+02 -2.597500e+01 -8.100000e+00
      vertex   1.308330e+02 -2.597500e+01 -6.589368e+00
      vertex   1.312439e+02 -2.597500e+01 -5.994170e+00
    endloop
  endfacet
  facet normal -2.623586e-13 1.000000e+00 9.949948e-14
    outer loop
      vertex   1.571625e+02 -2.597500e+01 -8.100000e+00
      vertex   1.312439e+02 -2.597500e+01 -5.994170e+00
      vertex   1.315003e+02 -2.597500e+01 -5.317947e+00
    endloop
  endfacet
  facet normal -2.695966e-13 1.000000e+00 3.273495e-14
    outer loop
      vertex   1.315003e+02 -2.597500e+01 -5.317947e+00
      vertex   1.315875e+02 -2.597500e+01 -4.600000e+00
      vertex   1.571625e+02 -2.597500e+01 -8.100000e+00
    endloop
  endfacet
  facet normal -2.787077e-13 1.000000e+00 -3.384124e-14
    outer loop
      vertex   1.571625e+02 -2.597500e+01 -8.100000e+00
      vertex   1.315875e+02 -2.597500e+01 -4.600000e+00
      vertex   1.315003e+02 -2.597500e+01 -3.882053e+00
    endloop
  endfacet
  facet normal -2.731454e-13 1.000000e+00 0.000000e+00
    outer loop
      vertex   1.571625e+02 -2.597500e+01 -8.100000e+00
      vertex   1.315003e+02 -2.597500e+01 -3.882053e+00
      vertex   1.571625e+02 -2.597500e+01 4.744183e-01
    endloop
  endfacet
  facet normal -2.566233e-13 1.000000e+00 -9.732440e-14
    outer loop
      vertex   1.571625e+02 -2.597500e+01 4.744183e-01
      vertex   1.315003e+02 -2.597500e+01 -3.882053e+00
      vertex   1.312439e+02 -2.597500e+01 -3.205830e+00
    endloop
  endfacet
  facet normal -2.463025e-13 1.000000e+00 -1.700103e-13
    outer loop
      vertex   1.571625e+02 -2.597500e+01 4.744183e-01
      vertex   1.312439e+02 -2.597500e+01 -3.205830e+00
      vertex   1.308330e+02 -2.597500e+01 -2.610632e+00
    endloop
  endfacet
  facet normal -2.351254e-13 1.000000e+00 -2.654017e-13
    outer loop
      vertex   1.308330e+02 -2.597500e+01 -2.610632e+00
      vertex   1.302917e+02 -2.597500e+01 -2.131048e+00
      vertex   1.571625e+02 -2.597500e+01 4.744183e-01
    endloop
  endfacet
  facet normal -2.201816e-13 1.000000e+00 -4.195209e-13
    outer loop
      vertex   1.571625e+02 -2.597500e+01 4.744183e-01
      vertex   1.302917e+02 -2.597500e+01 -2.131048e+00
      vertex   1.296513e+02 -2.597500e+01 -1.794951e+00
    endloop
  endfacet
  facet normal -1.908991e-13 1.000000e+00 -7.745079e-13
    outer loop
      vertex   1.571625e+02 -2.597500e+01 4.744183e-01
      vertex   1.296513e+02 -2.597500e+01 -1.794951e+00
      vertex   1.289491e+02 -2.597500e+01 -1.621873e+00
    endloop
  endfacet
  facet normal -2.053219e-27 1.000000e+00 -3.343764e-12
    outer loop
      vertex   1.289491e+02 -2.597500e+01 -1.621873e+00
      vertex   1.282259e+02 -2.597500e+01 -1.621873e+00
      vertex   1.571625e+02 -2.597500e+01 4.744183e-01
    endloop
  endfacet
  facet normal -1.226510e-13 1.000000e+00 -1.650725e-12
    outer loop
      vertex   1.571625e+02 -2.597500e+01 4.744183e-01
      vertex   1.282259e+02 -2.597500e+01 -1.621873e+00
      vertex   1.000125e+02 -2.597500e+01 4.744183e-01
    endloop
  endfacet
  facet normal 0.000000e+00 1.000000e+00 0.000000e+00
    outer loop
      vertex   1.000125e+02 -2.597500e+01 4.744183e-01
      vertex   1.282259e+02 -2.597500e+01 -1.621873e+00
      vertex   1.275237e+02 -2.597500e+01 -1.794951e+00
    endloop
  endfacet
  facet normal 0.000000e+00 1.000000e+00 0.000000e+00
    outer loop
      vertex   1.000125e+02 -2.597500e+01 4.744183e-01
      vertex   1.275237e+02 -2.597500e+01 -1.794951e+00
      vertex   1.268833e+02 -2.597500e+01 -2.131048e+00
    endloop
  endfacet
  facet normal 0.000000e+00 1.000000e+00 0.000000e+00
    outer loop
      vertex   1.268833e+02 -2.597500e+01 -2.131048e+00
      vertex   1.263420e+02 -2.597500e+01 -2.610632e+00
      vertex   1.000125e+02 -2.597500e+01 4.744183e-01
    endloop
  endfacet
  facet normal 0.000000e+00 1.000000e+00 0.000000e+00
    outer loop
      vertex   1.000125e+02 -2.597500e+01 4.744183e-01
      vertex   1.263420e+02 -2.597500e+01 -2.610632e+00
      vertex   1.259311e+02 -2.597500e+01 -3.205830e+00
    endloop
  endfacet
  facet normal 0.000000e+00 1.000000e+00 0.000000e+00
    outer loop
      vertex   1.000125e+02 -2.597500e+01 4.744183e-01
      vertex   1.259311e+02 -2.597500e+01 -3.205830e+00
      vertex   1.256747e+02 -2.597500e+01 -3.882053e+00
    endloop
  endfacet
  facet normal 0.000000e+00 1.000000e+00 0.000000e+00
    outer loop
      vertex   1.000125e+02 -2.597500e+01 4.744183e-01
      vertex   1.256747e+02 -2.597500e+01 -3.882053e+00
      vertex   1.000125e+02 -2.597500e+01 -8.100000e+00
    endloop
  endfacet
  facet normal -9.999957e-01 -2.920485e-03 2.826882e-09
    outer loop
      vertex   1.667873e+02 -3.804331e+01 1.900000e+00
      vertex   1.667873e+02 -3.804331e+01 3.285714e-01
      vertex   1.667875e+02 -3.810000e+01 1.900000e+00
    endloop
  endfacet
  facet normal -9.999957e-01 -2.920563e-03 2.195292e-21
    outer loop
      vertex   1.667875e+02 -3.810000e+01 1.900000e+00
      vertex   1.667873e+02 -3.804331e+01 3.285714e-01
      vertex   1.667873e+02 -3.804331e+01 -1.242857e+00
    endloop
  endfacet
  facet normal -9.999957e-01 -2.920563e-03 2.195292e-21
    outer loop
      vertex   1.667875e+02 -3.810000e+01 1.900000e+00
      vertex   1.667873e+02 -3.804331e+01 -1.242857e+00
      vertex   1.667873e+02 -3.804331e+01 -2.814286e+00
    endloop
  endfacet
  facet normal -9.999616e-01 -8.761324e-03 0.000000e+00
    outer loop
      vertex   1.667873e+02 -3.804331e+01 -2.814286e+00
      vertex   1.667873e+02 -3.804331e+01 -1.242857e+00
      vertex   1.667868e+02 -3.798663e+01 -1.242857e+00
    endloop
  endfacet
  facet normal -9.999616e-01 -8.761324e-03 4.744873e-21
    outer loop
      vertex   1.667873e+02 -3.804331e+01 -2.814286e+00
      vertex   1.667868e+02 -3.798663e+01 -1.242857e+00
      vertex   1.667868e+02 -3.798663e+01 -2.814286e+00
    endloop
  endfacet
  facet normal -9.998934e-01 -1.460169e-02 0.000000e+00
    outer loop
      vertex   1.667868e+02 -3.798663e+01 -2.814286e+00
      vertex   1.667868e+02 -3.798663e+01 -1.242857e+00
      vertex   1.667860e+02 -3.792995e+01 -1.242857e+00
    endloop
  endfacet
  facet normal -9.998934e-01 -1.460169e-02 2.724079e-20
    outer loop
      vertex   1.667868e+02 -3.798663e+01 -2.814286e+00
      vertex   1.667860e+02 -3.792995e+01 -1.242857e+00
      vertex   1.667860e+02 -3.792995e+01 -2.814286e+00
    endloop
  endfacet
  facet normal -9.997910e-01 -2.044167e-02 0.000000e+00
    outer loop
      vertex   1.667860e+02 -3.792995e+01 -2.814286e+00
      vertex   1.667860e+02 -3.792995e+01 -1.242857e+00
      vertex   1.667849e+02 -3.787327e+01 1.900000e+00
    endloop
  endfacet
  facet normal -9.997910e-01 -2.044167e-02 -1.320554e-17
    outer loop
      vertex   1.667860e+02 -3.792995e+01 -2.814286e+00
      vertex   1.667849e+02 -3.787327e+01 1.900000e+00
      vertex   1.667849e+02 -3.787327e+01 -9.100000e+00
    endloop
  endfacet
  facet normal -9.999616e-01 -8.761263e-03 2.805740e-09
    outer loop
      vertex   1.667873e+02 -3.804331e+01 1.900000e+00
      vertex   1.667868e+02 -3.798663e+01 1.900000e+00
      vertex   1.667873e+02 -3.804331e+01 3.285714e-01
    endloop
  endfacet
  facet normal -9.999616e-01 -8.761324e-03 5.006866e-09
    outer loop
      vertex   1.667873e+02 -3.804331e+01 3.285714e-01
      vertex   1.667868e+02 -3.798663e+01 1.900000e+00
      vertex   1.667868e+02 -3.798663e+01 3.285714e-01
    endloop
  endfacet
  facet normal -9.999616e-01 -8.761324e-03 -0.000000e+00
    outer loop
      vertex   1.667873e+02 -3.804331e+01 3.285714e-01
      vertex   1.667868e+02 -3.798663e+01 3.285714e-01
      vertex   1.667873e+02 -3.804331e+01 -1.242857e+00
    endloop
  endfacet
  facet normal -9.999616e-01 -8.761324e-03 4.744873e-21
    outer loop
      vertex   1.667873e+02 -3.804331e+01 -1.242857e+00
      vertex   1.667868e+02 -3.798663e+01 3.285714e-01
      vertex   1.667868e+02 -3.798663e+01 -1.242857e+00
    endloop
  endfacet
  facet normal -9.998934e-01 -1.460175e-02 5.006909e-09
    outer loop
      vertex   1.667868e+02 -3.798663e+01 1.900000e+00
      vertex   1.667860e+02 -3.792995e+01 1.900000e+00
      vertex   1.667868e+02 -3.798663e+01 3.285714e-01
    endloop
  endfacet
  facet normal -9.998934e-01 -1.460169e-02 2.805752e-09
    outer loop
      vertex   1.667868e+02 -3.798663e+01 3.285714e-01
      vertex   1.667860e+02 -3.792995e+01 1.900000e+00
      vertex   1.667860e+02 -3.792995e+01 3.285714e-01
    endloop
  endfacet
  facet normal -9.998934e-01 -1.460169e-02 -0.000000e+00
    outer loop
      vertex   1.667868e+02 -3.798663e+01 3.285714e-01
      vertex   1.667860e+02 -3.792995e+01 3.285714e-01
      vertex   1.667868e+02 -3.798663e+01 -1.242857e+00
    endloop
  endfacet
  facet normal -9.998934e-01 -1.460169e-02 2.724079e-20
    outer loop
      vertex   1.667868e+02 -3.798663e+01 -1.242857e+00
      vertex   1.667860e+02 -3.792995e+01 3.285714e-01
      vertex   1.667860e+02 -3.792995e+01 -1.242857e+00
    endloop
  endfacet
  facet normal -9.997910e-01 -2.044175e-02 2.826943e-09
    outer loop
      vertex   1.667860e+02 -3.792995e+01 1.900000e+00
      vertex   1.667849e+02 -3.787327e+01 1.900000e+00
      vertex   1.667860e+02 -3.792995e+01 3.285714e-01
    endloop
  endfacet
  facet normal -9.997910e-01 -2.044167e-02 -0.000000e+00
    outer loop
      vertex   1.667860e+02 -3.792995e+01 3.285714e-01
      vertex   1.667849e+02 -3.787327e+01 1.900000e+00
      vertex   1.667860e+02 -3.792995e+01 -1.242857e+00
    endloop
  endfacet
  facet normal -9.997910e-01 -2.044175e-02 -2.826943e-09
    outer loop
      vertex   1.667860e+02 -3.792995e+01 -9.100000e+00
      vertex   1.667860e+02 -3.792995e+01 -7.528571e+00
      vertex   1.667849e+02 -3.787327e+01 -9.100000e+00
    endloop
  endfacet
  facet normal -9.997910e-01 -2.044167e-02 6.158631e-20
    outer loop
      vertex   1.667849e+02 -3.787327e+01 -9.100000e+00
      vertex   1.667860e+02 -3.792995e+01 -7.528571e+00
      vertex   1.667860e+02 -3.792995e+01 -5.957143e+00
    endloop
  endfacet
  facet normal -9.997910e-01 -2.044167e-02 6.158631e-20
    outer loop
      vertex   1.667849e+02 -3.787327e+01 -9.100000e+00
      vertex   1.667860e+02 -3.792995e+01 -5.957143e+00
      vertex   1.667860e+02 -3.792995e+01 -4.385714e+00
    endloop
  endfacet
  facet normal -9.998934e-01 -1.460169e-02 -0.000000e+00
    outer loop
      vertex   1.667860e+02 -3.792995e+01 -4.385714e+00
      vertex   1.667860e+02 -3.792995e+01 -5.957143e+00
      vertex   1.667868e+02 -3.798663e+01 -5.957143e+00
    endloop
  endfacet
  facet normal -9.998934e-01 -1.460169e-02 2.724079e-20
    outer loop
      vertex   1.667860e+02 -3.792995e+01 -4.385714e+00
      vertex   1.667868e+02 -3.798663e+01 -5.957143e+00
      vertex   1.667868e+02 -3.798663e+01 -4.385714e+00
    endloop
  endfacet
  facet normal -9.999616e-01 -8.761324e-03 -0.000000e+00
    outer loop
      vertex   1.667868e+02 -3.798663e+01 -4.385714e+00
      vertex   1.667868e+02 -3.798663e+01 -5.957143e+00
      vertex   1.667873e+02 -3.804331e+01 -5.957143e+00
    endloop
  endfacet
  facet normal -9.999616e-01 -8.761324e-03 4.744873e-21
    outer loop
      vertex   1.667868e+02 -3.798663e+01 -4.385714e+00
      vertex   1.667873e+02 -3.804331e+01 -5.957143e+00
      vertex   1.667873e+02 -3.804331e+01 -4.385714e+00
    endloop
  endfacet
  facet normal -9.999957e-01 -2.920563e-03 -0.000000e+00
    outer loop
      vertex   1.667873e+02 -3.804331e+01 -4.385714e+00
      vertex   1.667873e+02 -3.804331e+01 -5.957143e+00
      vertex   1.667875e+02 -3.810000e+01 -9.100000e+00
    endloop
  endfacet
  facet normal -9.999957e-01 -2.920563e-03 1.885747e-18
    outer loop
      vertex   1.667873e+02 -3.804331e+01 -4.385714e+00
      vertex   1.667875e+02 -3.810000e+01 -9.100000e+00
      vertex   1.667875e+02 -3.810000e+01 1.900000e+00
    endloop
  endfacet
  facet normal -9.998934e-01 -1.460175e-02 -2.805752e-09
    outer loop
      vertex   1.667860e+02 -3.792995e+01 -9.100000e+00
      vertex   1.667868e+02 -3.798663e+01 -9.100000e+00
      vertex   1.667860e+02 -3.792995e+01 -7.528571e+00
    endloop
  endfacet
  facet normal -9.998934e-01 -1.460169e-02 -5.006909e-09
    outer loop
      vertex   1.667860e+02 -3.792995e+01 -7.528571e+00
      vertex   1.667868e+02 -3.798663e+01 -9.100000e+00
      vertex   1.667868e+02 -3.798663e+01 -7.528571e+00
    endloop
  endfacet
  facet normal -9.998934e-01 -1.460169e-02 0.000000e+00
    outer loop
      vertex   1.667860e+02 -3.792995e+01 -7.528571e+00
      vertex   1.667868e+02 -3.798663e+01 -7.528571e+00
      vertex   1.667860e+02 -3.792995e+01 -5.957143e+00
    endloop
  endfacet
  facet normal -9.998934e-01 -1.460169e-02 2.724079e-20
    outer loop
      vertex   1.667860e+02 -3.792995e+01 -5.957143e+00
      vertex   1.667868e+02 -3.798663e+01 -7.528571e+00
      vertex   1.667868e+02 -3.798663e+01 -5.957143e+00
    endloop
  endfacet
  facet normal -9.999616e-01 -8.761263e-03 -5.006866e-09
    outer loop
      vertex   1.667868e+02 -3.798663e+01 -9.100000e+00
      vertex   1.667873e+02 -3.804331e+01 -9.100000e+00
      vertex   1.667868e+02 -3.798663e+01 -7.528571e+00
    endloop
  endfacet
  facet normal -9.999616e-01 -8.761324e-03 -2.805740e-09
    outer loop
      vertex   1.667868e+02 -3.798663e+01 -7.528571e+00
      vertex   1.667873e+02 -3.804331e+01 -9.100000e+00
      vertex   1.667873e+02 -3.804331e+01 -7.528571e+00
    endloop
  endfacet
  facet normal -9.999616e-01 -8.761324e-03 0.000000e+00
    outer loop
      vertex   1.667868e+02 -3.798663e+01 -7.528571e+00
      vertex   1.667873e+02 -3.804331e+01 -7.528571e+00
      vertex   1.667868e+02 -3.798663e+01 -5.957143e+00
    endloop
  endfacet
  facet normal -9.999616e-01 -8.761324e-03 4.744873e-21
    outer loop
      vertex   1.667868e+02 -3.798663e+01 -5.957143e+00
      vertex   1.667873e+02 -3.804331e+01 -7.528571e+00
      vertex   1.667873e+02 -3.804331e+01 -5.957143e+00
    endloop
  endfacet
  facet normal -9.999957e-01 -2.920485e-03 -2.826882e-09
    outer loop
      vertex   1.667873e+02 -3.804331e+01 -9.100000e+00
      vertex   1.667875e+02 -3.810000e+01 -9.100000e+00
      vertex   1.667873e+02 -3.804331e+01 -7.528571e+00
    endloop
  endfacet
  facet normal -9.999957e-01 -2.920563e-03 0.000000e+00
    outer loop
      vertex   1.667873e+02 -3.804331e+01 -7.528571e+00
      vertex   1.667875e+02 -3.810000e+01 -9.100000e+00
      vertex   1.667873e+02 -3.804331e+01 -5.957143e+00
    endloop
  endfacet
  facet normal -9.999957e-01 -2.920563e-03 0.000000e+00
    outer loop
      vertex   1.667873e+02 -3.804331e+01 -4.385714e+00
      vertex   1.667875e+02 -3.810000e+01 1.900000e+00
      vertex   1.667873e+02 -3.804331e+01 -2.814286e+00
    endloop
  endfacet
  facet normal -9.997910e-01 -2.044167e-02 -0.000000e+00
    outer loop
      vertex   1.667860e+02 -3.792995e+01 -2.814286e+00
      vertex   1.667849e+02 -3.787327e+01 -9.100000e+00
      vertex   1.667860e+02 -3.792995e+01 -4.385714e+00
    endloop
  endfacet
  facet normal -9.999616e-01 -8.761324e-03 0.000000e+00
    outer loop
      vertex   1.667873e+02 -3.804331e+01 -4.385714e+00
      vertex   1.667873e+02 -3.804331e+01 -2.814286e+00
      vertex   1.667868e+02 -3.798663e+01 -2.814286e+00
    endloop
  endfacet
  facet normal -9.998934e-01 -1.460169e-02 0.000000e+00
    outer loop
      vertex   1.667860e+02 -3.792995e+01 -4.385714e+00
      vertex   1.667868e+02 -3.798663e+01 -4.385714e+00
      vertex   1.667860e+02 -3.792995e+01 -2.814286e+00
    endloop
  endfacet
  facet normal -9.998934e-01 -1.460169e-02 2.724079e-20
    outer loop
      vertex   1.667860e+02 -3.792995e+01 -2.814286e+00
      vertex   1.667868e+02 -3.798663e+01 -4.385714e+00
      vertex   1.667868e+02 -3.798663e+01 -2.814286e+00
    endloop
  endfacet
  facet normal -9.999616e-01 -8.761324e-03 0.000000e+00
    outer loop
      vertex   1.667868e+02 -3.798663e+01 -4.385714e+00
      vertex   1.667873e+02 -3.804331e+01 -4.385714e+00
      vertex   1.667868e+02 -3.798663e+01 -2.814286e+00
    endloop
  endfacet
  facet normal -7.090119e-01 2.309824e-01 6.662952e-01
    outer loop
      vertex   8.794441e+01 -3.692736e+01 3.667913e+00
      vertex   8.788750e+01 -3.810000e+01 4.013866e+00
      vertex   8.841655e+01 -3.728985e+01 4.295980e+00
    endloop
  endfacet
  facet normal -7.054540e-01 2.268574e-01 6.714688e-01
    outer loop
      vertex   8.841655e+01 -3.728985e+01 4.295980e+00
      vertex   8.788750e+01 -3.810000e+01 4.013866e+00
      vertex   8.889056e+01 -3.783823e+01 4.979252e+00
    endloop
  endfacet
  facet normal -6.897472e-01 2.503201e-01 6.794031e-01
    outer loop
      vertex   8.841655e+01 -3.728985e+01 4.295980e+00
      vertex   8.889056e+01 -3.783823e+01 4.979252e+00
      vertex   8.896825e+01 -3.675780e+01 4.660054e+00
    endloop
  endfacet
  facet normal -6.983528e-01 2.707679e-01 6.625618e-01
    outer loop
      vertex   8.841655e+01 -3.728985e+01 4.295980e+00
      vertex   8.896825e+01 -3.675780e+01 4.660054e+00
      vertex   8.851122e+01 -3.641160e+01 4.036851e+00
    endloop
  endfacet
  facet normal -6.750108e-01 3.122385e-01 6.684815e-01
    outer loop
      vertex   8.851122e+01 -3.641160e+01 4.036851e+00
      vertex   8.896825e+01 -3.675780e+01 4.660054e+00
      vertex   8.914974e+01 -3.569013e+01 4.344626e+00
    endloop
  endfacet
  facet normal -6.798854e-01 3.203150e-01 6.596622e-01
    outer loop
      vertex   8.851122e+01 -3.641160e+01 4.036851e+00
      vertex   8.914974e+01 -3.569013e+01 4.344626e+00
      vertex   8.867212e+01 -3.554239e+01 3.780624e+00
    endloop
  endfacet
  facet normal -6.579728e-01 3.721176e-01 6.546757e-01
    outer loop
      vertex   8.867212e+01 -3.554239e+01 3.780624e+00
      vertex   8.914974e+01 -3.569013e+01 4.344626e+00
      vertex   8.943348e+01 -3.464545e+01 4.035987e+00
    endloop
  endfacet
  facet normal -6.548920e-01 3.679604e-01 6.600922e-01
    outer loop
      vertex   8.867212e+01 -3.554239e+01 3.780624e+00
      vertex   8.943348e+01 -3.464545e+01 4.035987e+00
      vertex   8.889873e+01 -3.468733e+01 3.528797e+00
    endloop
  endfacet
  facet normal -6.434144e-01 4.135037e-01 6.442302e-01
    outer loop
      vertex   8.889873e+01 -3.468733e+01 3.528797e+00
      vertex   8.943348e+01 -3.464545e+01 4.035987e+00
      vertex   8.918968e+01 -3.385138e+01 3.282819e+00
    endloop
  endfacet
  facet normal -6.407889e-01 4.133814e-01 6.469199e-01
    outer loop
      vertex   8.889873e+01 -3.468733e+01 3.528797e+00
      vertex   8.918968e+01 -3.385138e+01 3.282819e+00
      vertex   8.839801e+01 -3.461900e+01 2.989165e+00
    endloop
  endfacet
  facet normal -6.421017e-01 4.158379e-01 6.440375e-01
    outer loop
      vertex   8.839801e+01 -3.461900e+01 2.989165e+00
      vertex   8.918968e+01 -3.385138e+01 3.282819e+00
      vertex   8.879187e+01 -3.350534e+01 2.662782e+00
    endloop
  endfacet
  facet normal -6.111370e-01 4.563080e-01 6.467570e-01
    outer loop
      vertex   8.879187e+01 -3.350534e+01 2.662782e+00
      vertex   8.918968e+01 -3.385138e+01 3.282819e+00
      vertex   8.954331e+01 -3.303942e+01 3.044106e+00
    endloop
  endfacet
  facet normal -6.138115e-01 4.720874e-01 6.327471e-01
    outer loop
      vertex   8.879187e+01 -3.350534e+01 2.662782e+00
      vertex   8.954331e+01 -3.303942e+01 3.044106e+00
      vertex   8.929324e+01 -3.243318e+01 2.349220e+00
    endloop
  endfacet
  facet normal -5.822040e-01 4.972092e-01 6.432896e-01
    outer loop
      vertex   8.929324e+01 -3.243318e+01 2.349220e+00
      vertex   8.954331e+01 -3.303942e+01 3.044106e+00
      vertex   8.995792e+01 -3.225632e+01 2.814078e+00
    endloop
  endfacet
  facet normal -5.771699e-01 5.249599e-01 6.255333e-01
    outer loop
      vertex   8.929324e+01 -3.243318e+01 2.349220e+00
      vertex   8.995792e+01 -3.225632e+01 2.814078e+00
      vertex   8.989832e+01 -3.141320e+01 2.051529e+00
    endloop
  endfacet
  facet normal -5.539679e-01 5.365732e-01 6.365601e-01
    outer loop
      vertex   8.989832e+01 -3.141320e+01 2.051529e+00
      vertex   8.995792e+01 -3.225632e+01 2.814078e+00
      vertex   9.043118e+01 -3.150671e+01 2.594070e+00
    endloop
  endfacet
  facet normal -5.309844e-01 5.766656e-01 6.208963e-01
    outer loop
      vertex   8.989832e+01 -3.141320e+01 2.051529e+00
      vertex   9.043118e+01 -3.150671e+01 2.594070e+00
      vertex   9.096016e+01 -3.079486e+01 2.385311e+00
    endloop
  endfacet
  facet normal -5.270410e-01 5.751323e-01 6.256602e-01
    outer loop
      vertex   9.096016e+01 -3.079486e+01 2.385311e+00
      vertex   9.043118e+01 -3.150671e+01 2.594070e+00
      vertex   9.086465e+01 -3.174632e+01 3.179479e+00
    endloop
  endfacet
  facet normal -5.143315e-01 5.793826e-01 6.322808e-01
    outer loop
      vertex   9.096016e+01 -3.079486e+01 2.385311e+00
      vertex   9.086465e+01 -3.174632e+01 3.179479e+00
      vertex   9.151944e+01 -3.088847e+01 2.926038e+00
    endloop
  endfacet
  facet normal -6.230169e-01 4.290618e-01 6.540305e-01
    outer loop
      vertex   8.943348e+01 -3.464545e+01 4.035987e+00
      vertex   8.981650e+01 -3.363359e+01 3.737048e+00
      vertex   8.918968e+01 -3.385138e+01 3.282819e+00
    endloop
  endfacet
  facet normal -6.205016e-01 4.574963e-01 6.369261e-01
    outer loop
      vertex   8.918968e+01 -3.385138e+01 3.282819e+00
      vertex   8.981650e+01 -3.363359e+01 3.737048e+00
      vertex   8.954331e+01 -3.303942e+01 3.044106e+00
    endloop
  endfacet
  facet normal -5.906664e-01 4.826019e-01 6.466906e-01
    outer loop
      vertex   8.981650e+01 -3.363359e+01 3.737048e+00
      vertex   9.029502e+01 -3.266412e+01 3.450630e+00
      vertex   8.954331e+01 -3.303942e+01 3.044106e+00
    endloop
  endfacet
  facet normal -5.915999e-01 4.991912e-01 6.331017e-01
    outer loop
      vertex   8.954331e+01 -3.303942e+01 3.044106e+00
      vertex   9.029502e+01 -3.266412e+01 3.450630e+00
      vertex   8.995792e+01 -3.225632e+01 2.814078e+00
    endloop
  endfacet
  facet normal -5.566990e-01 5.336095e-01 6.366687e-01
    outer loop
      vertex   9.029502e+01 -3.266412e+01 3.450630e+00
      vertex   9.086465e+01 -3.174632e+01 3.179479e+00
      vertex   8.995792e+01 -3.225632e+01 2.814078e+00
    endloop
  endfacet
  facet normal -5.573527e-01 5.375883e-01 6.327376e-01
    outer loop
      vertex   8.995792e+01 -3.225632e+01 2.814078e+00
      vertex   9.086465e+01 -3.174632e+01 3.179479e+00
      vertex   9.043118e+01 -3.150671e+01 2.594070e+00
    endloop
  endfacet
  facet normal -4.912527e-01 6.168976e-01 6.149049e-01
    outer loop
      vertex   9.096016e+01 -3.079486e+01 2.385311e+00
      vertex   9.151944e+01 -3.088847e+01 2.926038e+00
      vertex   9.172801e+01 -2.993114e+01 2.132234e+00
    endloop
  endfacet
  facet normal -4.701562e-01 6.217966e-01 6.263562e-01
    outer loop
      vertex   9.172801e+01 -2.993114e+01 2.132234e+00
      vertex   9.151944e+01 -3.088847e+01 2.926038e+00
      vertex   9.225318e+01 -3.009860e+01 2.692683e+00
    endloop
  endfacet
  facet normal -4.414332e-01 6.578550e-01 6.102159e-01
    outer loop
      vertex   9.172801e+01 -2.993114e+01 2.132234e+00
      vertex   9.225318e+01 -3.009860e+01 2.692683e+00
      vertex   9.257839e+01 -2.914781e+01 1.902927e+00
    endloop
  endfacet
  facet normal -4.226202e-01 6.602543e-01 6.208514e-01
    outer loop
      vertex   9.257839e+01 -2.914781e+01 1.902927e+00
      vertex   9.225318e+01 -3.009860e+01 2.692683e+00
      vertex   9.305911e+01 -2.938431e+01 2.481653e+00
    endloop
  endfacet
  facet normal -3.960016e-01 6.867413e-01 6.095647e-01
    outer loop
      vertex   9.257839e+01 -2.914781e+01 1.902927e+00
      vertex   9.305911e+01 -2.938431e+01 2.481653e+00
      vertex   9.318445e+01 -2.867577e+01 1.764842e+00
    endloop
  endfacet
  facet normal -3.702381e-01 6.922174e-01 6.194827e-01
    outer loop
      vertex   9.318445e+01 -2.867577e+01 1.764842e+00
      vertex   9.305911e+01 -2.938431e+01 2.481653e+00
      vertex   9.392921e+01 -2.875165e+01 2.294743e+00
    endloop
  endfacet
  facet normal -3.598964e-01 7.083204e-01 6.072535e-01
    outer loop
      vertex   9.318445e+01 -2.867577e+01 1.764842e+00
      vertex   9.392921e+01 -2.875165e+01 2.294743e+00
      vertex   9.382039e+01 -2.824457e+01 1.638768e+00
    endloop
  endfacet
  facet normal -3.193833e-01 7.233627e-01 6.121607e-01
    outer loop
      vertex   9.382039e+01 -2.824457e+01 1.638768e+00
      vertex   9.392921e+01 -2.875165e+01 2.294743e+00
      vertex   9.485534e+01 -2.820642e+01 2.133663e+00
    endloop
  endfacet
  facet normal -3.191737e-01 7.238581e-01 6.116842e-01
    outer loop
      vertex   9.382039e+01 -2.824457e+01 1.638768e+00
      vertex   9.485534e+01 -2.820642e+01 2.133663e+00
      vertex   9.448355e+01 -2.785627e+01 1.525293e+00
    endloop
  endfacet
  facet normal -2.841958e-01 7.455627e-01 6.028009e-01
    outer loop
      vertex   9.448355e+01 -2.785627e+01 1.525293e+00
      vertex   9.485534e+01 -2.820642e+01 2.133663e+00
      vertex   9.517123e+01 -2.751308e+01 1.425042e+00
    endloop
  endfacet
  facet normal -2.827703e-01 7.436059e-01 6.058806e-01
    outer loop
      vertex   9.448355e+01 -2.785627e+01 1.525293e+00
      vertex   9.517123e+01 -2.751308e+01 1.425042e+00
      vertex   9.425492e+01 -2.742921e+01 8.944564e-01
    endloop
  endfacet
  facet normal -2.766276e-01 7.532059e-01 5.967898e-01
    outer loop
      vertex   9.425492e+01 -2.742921e+01 8.944564e-01
      vertex   9.517123e+01 -2.751308e+01 1.425042e+00
      vertex   9.533589e+01 -2.691422e+01 7.455463e-01
    endloop
  endfacet
  facet normal -2.421256e-01 7.562497e-01 6.078335e-01
    outer loop
      vertex   9.533589e+01 -2.691422e+01 7.455463e-01
      vertex   9.517123e+01 -2.751308e+01 1.425042e+00
      vertex   9.588030e+01 -2.721643e+01 1.338413e+00
    endloop
  endfacet
  facet normal -2.170897e-01 7.745052e-01 5.941497e-01
    outer loop
      vertex   9.533589e+01 -2.691422e+01 7.455463e-01
      vertex   9.588030e+01 -2.721643e+01 1.338413e+00
      vertex   9.646368e+01 -2.650810e+01 6.282236e-01
    endloop
  endfacet
  facet normal -2.043418e-01 7.718939e-01 6.020169e-01
    outer loop
      vertex   9.646368e+01 -2.650810e+01 6.282236e-01
      vertex   9.588030e+01 -2.721643e+01 1.338413e+00
      vertex   9.660751e+01 -2.696717e+01 1.265645e+00
    endloop
  endfacet
  facet normal -1.644835e-01 7.824363e-01 6.006151e-01
    outer loop
      vertex   9.646368e+01 -2.650810e+01 6.282236e-01
      vertex   9.660751e+01 -2.696717e+01 1.265645e+00
      vertex   9.734961e+01 -2.676613e+01 1.206975e+00
    endloop
  endfacet
  facet normal -1.649771e-01 7.837267e-01 5.987946e-01
    outer loop
      vertex   9.734961e+01 -2.676613e+01 1.206975e+00
      vertex   9.660751e+01 -2.696717e+01 1.265645e+00
      vertex   9.684121e+01 -2.739889e+01 1.895087e+00
    endloop
  endfacet
  facet normal -1.481077e-01 7.800767e-01 6.079017e-01
    outer loop
      vertex   9.734961e+01 -2.676613e+01 1.206975e+00
      vertex   9.684121e+01 -2.739889e+01 1.895087e+00
      vertex   9.788215e+01 -2.714214e+01 1.819234e+00
    endloop
  endfacet
  facet normal -2.620813e-01 7.455994e-01 6.126949e-01
    outer loop
      vertex   9.485534e+01 -2.820642e+01 2.133663e+00
      vertex   9.582910e+01 -2.775440e+01 2.000120e+00
      vertex   9.517123e+01 -2.751308e+01 1.425042e+00
    endloop
  endfacet
  facet normal -2.452401e-01 7.614276e-01 6.000710e-01
    outer loop
      vertex   9.517123e+01 -2.751308e+01 1.425042e+00
      vertex   9.582910e+01 -2.775440e+01 2.000120e+00
      vertex   9.588030e+01 -2.721643e+01 1.338413e+00
    endloop
  endfacet
  facet normal -2.063576e-01 7.669754e-01 6.075898e-01
    outer loop
      vertex   9.582910e+01 -2.775440e+01 2.000120e+00
      vertex   9.684121e+01 -2.739889e+01 1.895087e+00
      vertex   9.588030e+01 -2.721643e+01 1.338413e+00
    endloop
  endfacet
  facet normal -2.036507e-01 7.704755e-01 6.040645e-01
    outer loop
      vertex   9.588030e+01 -2.721643e+01 1.338413e+00
      vertex   9.684121e+01 -2.739889e+01 1.895087e+00
      vertex   9.660751e+01 -2.696717e+01 1.265645e+00
    endloop
  endfacet
  facet normal -1.249019e-01 7.933223e-01 5.958517e-01
    outer loop
      vertex   9.734961e+01 -2.676613e+01 1.206975e+00
      vertex   9.788215e+01 -2.714214e+01 1.819234e+00
      vertex   9.810331e+01 -2.661416e+01 1.162641e+00
    endloop
  endfacet
  facet normal -8.984992e-02 7.907118e-01 6.055591e-01
    outer loop
      vertex   9.810331e+01 -2.661416e+01 1.162641e+00
      vertex   9.788215e+01 -2.714214e+01 1.819234e+00
      vertex   9.894242e+01 -2.698643e+01 1.773232e+00
    endloop
  endfacet
  facet normal -7.859956e-02 7.995231e-01 5.954704e-01
    outer loop
      vertex   9.810331e+01 -2.661416e+01 1.162641e+00
      vertex   9.894242e+01 -2.698643e+01 1.773232e+00
      vertex   9.905457e+01 -2.649470e+01 1.127800e+00
    endloop
  endfacet
  facet normal -3.034712e-02 7.976159e-01 6.024019e-01
    outer loop
      vertex   9.905457e+01 -2.649470e+01 1.127800e+00
      vertex   9.894242e+01 -2.698643e+01 1.773232e+00
      vertex   1.000125e+02 -2.693402e+01 1.757749e+00
    endloop
  endfacet
  facet normal -2.627448e-02 8.007636e-01 5.984040e-01
    outer loop
      vertex   9.905457e+01 -2.649470e+01 1.127800e+00
      vertex   1.000125e+02 -2.693402e+01 1.757749e+00
      vertex   1.000125e+02 -2.597500e+01 4.744183e-01
    endloop
  endfacet
  facet normal -3.186097e-02 8.044591e-01 5.931530e-01
    outer loop
      vertex   1.000125e+02 -2.597500e+01 4.744183e-01
      vertex   9.881352e+01 -2.603530e+01 4.917957e-01
      vertex   9.905457e+01 -2.649470e+01 1.127800e+00
    endloop
  endfacet
  facet normal -7.763185e-02 7.939972e-01 6.029442e-01
    outer loop
      vertex   9.905457e+01 -2.649470e+01 1.127800e+00
      vertex   9.881352e+01 -2.603530e+01 4.917957e-01
      vertex   9.810331e+01 -2.661416e+01 1.162641e+00
    endloop
  endfacet
  facet normal -9.502539e-02 8.012262e-01 5.907680e-01
    outer loop
      vertex   9.881352e+01 -2.603530e+01 4.917957e-01
      vertex   9.762673e+01 -2.621407e+01 5.433521e-01
      vertex   9.810331e+01 -2.661416e+01 1.162641e+00
    endloop
  endfacet
  facet normal -1.232868e-01 7.876069e-01 6.037182e-01
    outer loop
      vertex   9.810331e+01 -2.661416e+01 1.162641e+00
      vertex   9.762673e+01 -2.621407e+01 5.433521e-01
      vertex   9.734961e+01 -2.676613e+01 1.206975e+00
    endloop
  endfacet
  facet normal -1.566269e-01 7.904509e-01 5.921616e-01
    outer loop
      vertex   9.762673e+01 -2.621407e+01 5.433521e-01
      vertex   9.646368e+01 -2.650810e+01 6.282236e-01
      vertex   9.734961e+01 -2.676613e+01 1.206975e+00
    endloop
  endfacet
  facet normal -3.211403e-01 7.261268e-01 6.079546e-01
    outer loop
      vertex   9.448355e+01 -2.785627e+01 1.525293e+00
      vertex   9.425492e+01 -2.742921e+01 8.944564e-01
      vertex   9.382039e+01 -2.824457e+01 1.638768e+00
    endloop
  endfacet
  facet normal -3.344587e-01 7.263660e-01 6.004414e-01
    outer loop
      vertex   9.382039e+01 -2.824457e+01 1.638768e+00
      vertex   9.425492e+01 -2.742921e+01 8.944564e-01
      vertex   9.323179e+01 -2.804849e+01 1.073710e+00
    endloop
  endfacet
  facet normal -3.555543e-01 7.040897e-01 6.146859e-01
    outer loop
      vertex   9.382039e+01 -2.824457e+01 1.638768e+00
      vertex   9.323179e+01 -2.804849e+01 1.073710e+00
      vertex   9.318445e+01 -2.867577e+01 1.764842e+00
    endloop
  endfacet
  facet normal -3.894177e-01 6.951497e-01 6.042523e-01
    outer loop
      vertex   9.318445e+01 -2.867577e+01 1.764842e+00
      vertex   9.323179e+01 -2.804849e+01 1.073710e+00
      vertex   9.227586e+01 -2.876436e+01 1.281200e+00
    endloop
  endfacet
  facet normal -3.933946e-01 6.845914e-01 6.136574e-01
    outer loop
      vertex   9.318445e+01 -2.867577e+01 1.764842e+00
      vertex   9.227586e+01 -2.876436e+01 1.281200e+00
      vertex   9.257839e+01 -2.914781e+01 1.902927e+00
    endloop
  endfacet
  facet normal -4.360579e-01 6.555635e-01 6.165144e-01
    outer loop
      vertex   9.257839e+01 -2.914781e+01 1.902927e+00
      vertex   9.227586e+01 -2.876436e+01 1.281200e+00
      vertex   9.139612e+01 -2.956926e+01 1.514851e+00
    endloop
  endfacet
  facet normal -4.360492e-01 6.542605e-01 6.179032e-01
    outer loop
      vertex   9.257839e+01 -2.914781e+01 1.902927e+00
      vertex   9.139612e+01 -2.956926e+01 1.514851e+00
      vertex   9.172801e+01 -2.993114e+01 2.132234e+00
    endloop
  endfacet
  facet normal -4.847700e-01 6.155262e-01 6.213900e-01
    outer loop
      vertex   9.172801e+01 -2.993114e+01 2.132234e+00
      vertex   9.139612e+01 -2.956926e+01 1.514851e+00
      vertex   9.060132e+01 -3.045532e+01 1.772496e+00
    endloop
  endfacet
  facet normal -4.845225e-01 6.134668e-01 6.236157e-01
    outer loop
      vertex   9.172801e+01 -2.993114e+01 2.132234e+00
      vertex   9.060132e+01 -3.045532e+01 1.772496e+00
      vertex   9.096016e+01 -3.079486e+01 2.385311e+00
    endloop
  endfacet
  facet normal -5.297634e-01 5.713864e-01 6.267921e-01
    outer loop
      vertex   9.096016e+01 -3.079486e+01 2.385311e+00
      vertex   9.060132e+01 -3.045532e+01 1.772496e+00
      vertex   8.989832e+01 -3.141320e+01 2.051529e+00
    endloop
  endfacet
  facet normal -6.579516e-01 3.678854e-01 6.570845e-01
    outer loop
      vertex   8.889873e+01 -3.468733e+01 3.528797e+00
      vertex   8.839801e+01 -3.461900e+01 2.989165e+00
      vertex   8.867212e+01 -3.554239e+01 3.780624e+00
    endloop
  endfacet
  facet normal -6.718094e-01 3.569027e-01 6.490706e-01
    outer loop
      vertex   8.867212e+01 -3.554239e+01 3.780624e+00
      vertex   8.839801e+01 -3.461900e+01 2.989165e+00
      vertex   8.811480e+01 -3.576334e+01 3.325267e+00
    endloop
  endfacet
  facet normal -6.722870e-01 3.210820e-01 6.670357e-01
    outer loop
      vertex   8.867212e+01 -3.554239e+01 3.780624e+00
      vertex   8.811480e+01 -3.576334e+01 3.325267e+00
      vertex   8.851122e+01 -3.641160e+01 4.036851e+00
    endloop
  endfacet
  facet normal -6.950566e-01 2.947694e-01 6.557494e-01
    outer loop
      vertex   8.851122e+01 -3.641160e+01 4.036851e+00
      vertex   8.811480e+01 -3.576334e+01 3.325267e+00
      vertex   8.794441e+01 -3.692736e+01 3.667913e+00
    endloop
  endfacet
  facet normal -6.867795e-01 2.728143e-01 6.737256e-01
    outer loop
      vertex   8.851122e+01 -3.641160e+01 4.036851e+00
      vertex   8.794441e+01 -3.692736e+01 3.667913e+00
      vertex   8.841655e+01 -3.728985e+01 4.295980e+00
    endloop
  endfacet
  facet normal -7.615429e-14 8.010401e-01 5.986107e-01
    outer loop
      vertex   1.571625e+02 -2.693402e+01 1.757749e+00
      vertex   1.571625e+02 -2.597500e+01 4.744183e-01
      vertex   1.000125e+02 -2.693402e+01 1.757749e+00
    endloop
  endfacet
  facet normal -7.633452e-14 8.010401e-01 5.986107e-01
    outer loop
      vertex   1.000125e+02 -2.693402e+01 1.757749e+00
      vertex   1.571625e+02 -2.597500e+01 4.744183e-01
      vertex   1.000125e+02 -2.597500e+01 4.744183e-01
    endloop
  endfacet
  facet normal 6.901643e-01 2.505501e-01 6.788946e-01
    outer loop
      vertex   1.682062e+02 -3.675800e+01 4.660113e+00
      vertex   1.682844e+02 -3.783823e+01 4.979252e+00
      vertex   1.687476e+02 -3.715394e+01 4.255873e+00
    endloop
  endfacet
  facet normal 7.053122e-01 2.310809e-01 6.701763e-01
    outer loop
      vertex   1.687476e+02 -3.715394e+01 4.255873e+00
      vertex   1.682844e+02 -3.783823e+01 4.979252e+00
      vertex   1.692875e+02 -3.810000e+01 4.013866e+00
    endloop
  endfacet
  facet normal 7.062629e-01 2.319574e-01 6.688710e-01
    outer loop
      vertex   1.687476e+02 -3.715394e+01 4.255873e+00
      vertex   1.692875e+02 -3.810000e+01 4.013866e+00
      vertex   1.692300e+02 -3.692743e+01 3.667947e+00
    endloop
  endfacet
  facet normal 6.869644e-01 2.787977e-01 6.710825e-01
    outer loop
      vertex   1.687476e+02 -3.715394e+01 4.255873e+00
      vertex   1.692300e+02 -3.692743e+01 3.667947e+00
      vertex   1.686522e+02 -3.634285e+01 4.016595e+00
    endloop
  endfacet
  facet normal 6.945652e-01 2.952829e-01 6.560390e-01
    outer loop
      vertex   1.686522e+02 -3.634285e+01 4.016595e+00
      vertex   1.692300e+02 -3.692743e+01 3.667947e+00
      vertex   1.690588e+02 -3.576349e+01 3.325345e+00
    endloop
  endfacet
  facet normal 6.731867e-01 3.218697e-01 6.657473e-01
    outer loop
      vertex   1.686522e+02 -3.634285e+01 4.016595e+00
      vertex   1.690588e+02 -3.576349e+01 3.325345e+00
      vertex   1.685119e+02 -3.559102e+01 3.794977e+00
    endloop
  endfacet
  facet normal 6.708072e-01 3.568766e-01 6.501206e-01
    outer loop
      vertex   1.685119e+02 -3.559102e+01 3.794977e+00
      vertex   1.690588e+02 -3.576349e+01 3.325345e+00
      vertex   1.687757e+02 -3.461915e+01 2.989239e+00
    endloop
  endfacet
  facet normal 6.642968e-01 3.618824e-01 6.540267e-01
    outer loop
      vertex   1.685119e+02 -3.559102e+01 3.794977e+00
      vertex   1.687757e+02 -3.461915e+01 2.989239e+00
      vertex   1.683229e+02 -3.484947e+01 3.576553e+00
    endloop
  endfacet
  facet normal 6.426275e-01 4.011987e-01 6.527400e-01
    outer loop
      vertex   1.683229e+02 -3.484947e+01 3.576553e+00
      vertex   1.687757e+02 -3.461915e+01 2.989239e+00
      vertex   1.680861e+02 -3.412143e+01 3.362270e+00
    endloop
  endfacet
  facet normal 6.496196e-01 4.013905e-01 6.456625e-01
    outer loop
      vertex   1.683229e+02 -3.484947e+01 3.576553e+00
      vertex   1.680861e+02 -3.412143e+01 3.362270e+00
      vertex   1.677404e+02 -3.464583e+01 4.036101e+00
    endloop
  endfacet
  facet normal 6.237395e-01 4.286587e-01 6.536059e-01
    outer loop
      vertex   1.677404e+02 -3.464583e+01 4.036101e+00
      vertex   1.680861e+02 -3.412143e+01 3.362270e+00
      vertex   1.673581e+02 -3.363371e+01 3.737084e+00
    endloop
  endfacet
  facet normal 6.261055e-01 4.395319e-01 6.440525e-01
    outer loop
      vertex   1.673581e+02 -3.363371e+01 3.737084e+00
      vertex   1.680861e+02 -3.412143e+01 3.362270e+00
      vertex   1.678019e+02 -3.341014e+01 3.153075e+00
    endloop
  endfacet
  facet normal 6.025412e-01 4.764379e-01 6.402742e-01
    outer loop
      vertex   1.673581e+02 -3.363371e+01 3.737084e+00
      vertex   1.678019e+02 -3.341014e+01 3.153075e+00
      vertex   1.674712e+02 -3.271883e+01 2.949914e+00
    endloop
  endfacet
  facet normal 6.035711e-01 4.766081e-01 6.391766e-01
    outer loop
      vertex   1.674712e+02 -3.271883e+01 2.949914e+00
      vertex   1.678019e+02 -3.341014e+01 3.153075e+00
      vertex   1.678818e+02 -3.243318e+01 2.349220e+00
    endloop
  endfacet
  facet normal 5.763985e-01 5.115691e-01 6.372298e-01
    outer loop
      vertex   1.674712e+02 -3.271883e+01 2.949914e+00
      vertex   1.678818e+02 -3.243318e+01 2.349220e+00
      vertex   1.670951e+02 -3.205065e+01 2.753698e+00
    endloop
  endfacet
  facet normal 5.769823e-01 5.249111e-01 6.257473e-01
    outer loop
      vertex   1.670951e+02 -3.205065e+01 2.753698e+00
      vertex   1.678818e+02 -3.243318e+01 2.349220e+00
      vertex   1.672767e+02 -3.141320e+01 2.051529e+00
    endloop
  endfacet
  facet normal 5.476213e-01 5.441497e-01 6.356194e-01
    outer loop
      vertex   1.670951e+02 -3.205065e+01 2.753698e+00
      vertex   1.672767e+02 -3.141320e+01 2.051529e+00
      vertex   1.666757e+02 -3.140841e+01 2.565233e+00
    endloop
  endfacet
  facet normal 5.349586e-01 5.733756e-01 6.205318e-01
    outer loop
      vertex   1.666757e+02 -3.140841e+01 2.565233e+00
      vertex   1.672767e+02 -3.141320e+01 2.051529e+00
      vertex   1.665737e+02 -3.045532e+01 1.772496e+00
    endloop
  endfacet
  facet normal 5.238185e-01 5.771523e-01 6.265056e-01
    outer loop
      vertex   1.666757e+02 -3.140841e+01 2.565233e+00
      vertex   1.665737e+02 -3.045532e+01 1.772496e+00
      vertex   1.662148e+02 -3.079486e+01 2.385311e+00
    endloop
  endfacet
  facet normal 4.845225e-01 6.134668e-01 6.236157e-01
    outer loop
      vertex   1.662148e+02 -3.079486e+01 2.385311e+00
      vertex   1.665737e+02 -3.045532e+01 1.772496e+00
      vertex   1.654470e+02 -2.993114e+01 2.132234e+00
    endloop
  endfacet
  facet normal 4.912527e-01 6.168976e-01 6.149049e-01
    outer loop
      vertex   1.662148e+02 -3.079486e+01 2.385311e+00
      vertex   1.654470e+02 -2.993114e+01 2.132234e+00
      vertex   1.656556e+02 -3.088847e+01 2.926038e+00
    endloop
  endfacet
  facet normal 4.701562e-01 6.217966e-01 6.263562e-01
    outer loop
      vertex   1.656556e+02 -3.088847e+01 2.926038e+00
      vertex   1.654470e+02 -2.993114e+01 2.132234e+00
      vertex   1.649218e+02 -3.009860e+01 2.692683e+00
    endloop
  endfacet
  facet normal 4.414332e-01 6.578551e-01 6.102159e-01
    outer loop
      vertex   1.649218e+02 -3.009860e+01 2.692683e+00
      vertex   1.654470e+02 -2.993114e+01 2.132234e+00
      vertex   1.645966e+02 -2.914781e+01 1.902927e+00
    endloop
  endfacet
  facet normal 4.226202e-01 6.602543e-01 6.208514e-01
    outer loop
      vertex   1.649218e+02 -3.009860e+01 2.692683e+00
      vertex   1.645966e+02 -2.914781e+01 1.902927e+00
      vertex   1.641159e+02 -2.938431e+01 2.481653e+00
    endloop
  endfacet
  facet normal 3.937348e-01 6.889211e-01 6.085725e-01
    outer loop
      vertex   1.641159e+02 -2.938431e+01 2.481653e+00
      vertex   1.645966e+02 -2.914781e+01 1.902927e+00
      vertex   1.638933e+02 -2.860581e+01 1.744384e+00
    endloop
  endfacet
  facet normal 3.703871e-01 6.923517e-01 6.192435e-01
    outer loop
      vertex   1.641159e+02 -2.938431e+01 2.481653e+00
      vertex   1.638933e+02 -2.860581e+01 1.744384e+00
      vertex   1.632458e+02 -2.875165e+01 2.294743e+00
    endloop
  endfacet
  facet normal 3.526797e-01 7.144736e-01 6.042718e-01
    outer loop
      vertex   1.632458e+02 -2.875165e+01 2.294743e+00
      vertex   1.638933e+02 -2.860581e+01 1.744384e+00
      vertex   1.631507e+02 -2.811881e+01 1.602011e+00
    endloop
  endfacet
  facet normal 3.176560e-01 7.213798e-01 6.153908e-01
    outer loop
      vertex   1.632458e+02 -2.875165e+01 2.294743e+00
      vertex   1.631507e+02 -2.811881e+01 1.602011e+00
      vertex   1.623197e+02 -2.820642e+01 2.133662e+00
    endloop
  endfacet
  facet normal 3.083529e-01 7.355816e-01 6.031901e-01
    outer loop
      vertex   1.623197e+02 -2.820642e+01 2.133662e+00
      vertex   1.631507e+02 -2.811881e+01 1.602011e+00
      vertex   1.623727e+02 -2.768996e+01 1.476709e+00
    endloop
  endfacet
  facet normal 2.639505e-01 7.477966e-01 6.092047e-01
    outer loop
      vertex   1.623197e+02 -2.820642e+01 2.133662e+00
      vertex   1.623727e+02 -2.768996e+01 1.476709e+00
      vertex   1.613460e+02 -2.775382e+01 1.999948e+00
    endloop
  endfacet
  facet normal 2.617218e-01 7.517309e-01 6.053117e-01
    outer loop
      vertex   1.613460e+02 -2.775382e+01 1.999948e+00
      vertex   1.623727e+02 -2.768996e+01 1.476709e+00
      vertex   1.615641e+02 -2.732188e+01 1.369210e+00
    endloop
  endfacet
  facet normal 2.170596e-01 7.687841e-01 6.015447e-01
    outer loop
      vertex   1.613460e+02 -2.775382e+01 1.999948e+00
      vertex   1.615641e+02 -2.732188e+01 1.369210e+00
      vertex   1.607297e+02 -2.701653e+01 1.280070e+00
    endloop
  endfacet
  facet normal 2.176075e-01 7.698319e-01 6.000048e-01
    outer loop
      vertex   1.607297e+02 -2.701653e+01 1.280070e+00
      vertex   1.615641e+02 -2.732188e+01 1.369210e+00
      vertex   1.618394e+02 -2.691343e+01 7.453310e-01
    endloop
  endfacet
  facet normal 2.163986e-01 7.718232e-01 5.978801e-01
    outer loop
      vertex   1.607297e+02 -2.701653e+01 1.280070e+00
      vertex   1.618394e+02 -2.691343e+01 7.453310e-01
      vertex   1.607119e+02 -2.650621e+01 6.277083e-01
    endloop
  endfacet
  facet normal 6.461840e-01 4.156056e-01 6.400924e-01
    outer loop
      vertex   1.687757e+02 -3.461915e+01 2.989239e+00
      vertex   1.683827e+02 -3.350539e+01 2.662805e+00
      vertex   1.680861e+02 -3.412143e+01 3.362270e+00
    endloop
  endfacet
  facet normal 6.205178e-01 4.389911e-01 6.498034e-01
    outer loop
      vertex   1.680861e+02 -3.412143e+01 3.362270e+00
      vertex   1.683827e+02 -3.350539e+01 2.662805e+00
      vertex   1.678019e+02 -3.341014e+01 3.153075e+00
    endloop
  endfacet
  facet normal 6.126602e-01 4.717185e-01 6.341365e-01
    outer loop
      vertex   1.683827e+02 -3.350539e+01 2.662805e+00
      vertex   1.678818e+02 -3.243318e+01 2.349220e+00
      vertex   1.678019e+02 -3.341014e+01 3.153075e+00
    endloop
  endfacet
  facet normal 4.847700e-01 6.155262e-01 6.213900e-01
    outer loop
      vertex   1.665737e+02 -3.045532e+01 1.772496e+00
      vertex   1.657789e+02 -2.956926e+01 1.514851e+00
      vertex   1.654470e+02 -2.993114e+01 2.132234e+00
    endloop
  endfacet
  facet normal 4.360492e-01 6.542605e-01 6.179032e-01
    outer loop
      vertex   1.654470e+02 -2.993114e+01 2.132234e+00
      vertex   1.657789e+02 -2.956926e+01 1.514851e+00
      vertex   1.645966e+02 -2.914781e+01 1.902927e+00
    endloop
  endfacet
  facet normal 4.360579e-01 6.555635e-01 6.165144e-01
    outer loop
      vertex   1.657789e+02 -2.956926e+01 1.514851e+00
      vertex   1.648991e+02 -2.876436e+01 1.281200e+00
      vertex   1.645966e+02 -2.914781e+01 1.902927e+00
    endloop
  endfacet
  facet normal 3.906685e-01 6.863609e-01 6.134222e-01
    outer loop
      vertex   1.645966e+02 -2.914781e+01 1.902927e+00
      vertex   1.648991e+02 -2.876436e+01 1.281200e+00
      vertex   1.638933e+02 -2.860581e+01 1.744384e+00
    endloop
  endfacet
  facet normal 3.884358e-01 6.943032e-01 6.058553e-01
    outer loop
      vertex   1.648991e+02 -2.876436e+01 1.281200e+00
      vertex   1.639432e+02 -2.804849e+01 1.073710e+00
      vertex   1.638933e+02 -2.860581e+01 1.744384e+00
    endloop
  endfacet
  facet normal 3.468061e-01 7.085305e-01 6.145811e-01
    outer loop
      vertex   1.638933e+02 -2.860581e+01 1.744384e+00
      vertex   1.639432e+02 -2.804849e+01 1.073710e+00
      vertex   1.631507e+02 -2.811881e+01 1.602011e+00
    endloop
  endfacet
  facet normal 3.350273e-01 7.269905e-01 5.993676e-01
    outer loop
      vertex   1.639432e+02 -2.804849e+01 1.073710e+00
      vertex   1.629201e+02 -2.742921e+01 8.944553e-01
      vertex   1.631507e+02 -2.811881e+01 1.602011e+00
    endloop
  endfacet
  facet normal 3.037307e-01 7.298841e-01 6.123862e-01
    outer loop
      vertex   1.631507e+02 -2.811881e+01 1.602011e+00
      vertex   1.629201e+02 -2.742921e+01 8.944553e-01
      vertex   1.623727e+02 -2.768996e+01 1.476709e+00
    endloop
  endfacet
  facet normal 2.768195e-01 7.527188e-01 5.973151e-01
    outer loop
      vertex   1.629201e+02 -2.742921e+01 8.944553e-01
      vertex   1.618394e+02 -2.691343e+01 7.453310e-01
      vertex   1.623727e+02 -2.768996e+01 1.476709e+00
    endloop
  endfacet
  facet normal 2.611080e-01 7.507977e-01 6.067334e-01
    outer loop
      vertex   1.623727e+02 -2.768996e+01 1.476709e+00
      vertex   1.618394e+02 -2.691343e+01 7.453310e-01
      vertex   1.615641e+02 -2.732188e+01 1.369210e+00
    endloop
  endfacet
  facet normal 1.693988e-01 7.784852e-01 6.043715e-01
    outer loop
      vertex   1.607297e+02 -2.701653e+01 1.280070e+00
      vertex   1.607119e+02 -2.650621e+01 6.277083e-01
      vertex   1.598743e+02 -2.677586e+01 1.209834e+00
    endloop
  endfacet
  facet normal 1.566997e-01 7.907300e-01 5.917696e-01
    outer loop
      vertex   1.598743e+02 -2.677586e+01 1.209834e+00
      vertex   1.607119e+02 -2.650621e+01 6.277083e-01
      vertex   1.595488e+02 -2.621221e+01 5.428477e-01
    endloop
  endfacet
  facet normal 1.220676e-01 7.866466e-01 6.052161e-01
    outer loop
      vertex   1.598743e+02 -2.677586e+01 1.209834e+00
      vertex   1.595488e+02 -2.621221e+01 5.428477e-01
      vertex   1.590028e+02 -2.660149e+01 1.158958e+00
    endloop
  endfacet
  facet normal 9.447507e-02 8.016694e-01 5.902548e-01
    outer loop
      vertex   1.590028e+02 -2.660149e+01 1.158958e+00
      vertex   1.595488e+02 -2.621221e+01 5.428477e-01
      vertex   1.583617e+02 -2.603458e+01 4.915990e-01
    endloop
  endfacet
  facet normal 7.521785e-02 7.944646e-01 6.026344e-01
    outer loop
      vertex   1.590028e+02 -2.660149e+01 1.158958e+00
      vertex   1.583617e+02 -2.603458e+01 4.915990e-01
      vertex   1.581205e+02 -2.649423e+01 1.127667e+00
    endloop
  endfacet
  facet normal 3.146335e-02 8.044139e-01 5.932355e-01
    outer loop
      vertex   1.581205e+02 -2.649423e+01 1.127667e+00
      vertex   1.583617e+02 -2.603458e+01 4.915990e-01
      vertex   1.571625e+02 -2.597500e+01 4.744183e-01
    endloop
  endfacet
  facet normal 2.596103e-02 8.007701e-01 5.984089e-01
    outer loop
      vertex   1.581205e+02 -2.649423e+01 1.127667e+00
      vertex   1.571625e+02 -2.597500e+01 4.744183e-01
      vertex   1.571625e+02 -2.693402e+01 1.757749e+00
    endloop
  endfacet
  facet normal 3.003935e-02 7.976202e-01 6.024115e-01
    outer loop
      vertex   1.571625e+02 -2.693402e+01 1.757749e+00
      vertex   1.582327e+02 -2.698590e+01 1.773076e+00
      vertex   1.581205e+02 -2.649423e+01 1.127667e+00
    endloop
  endfacet
  facet normal 7.607009e-02 7.994923e-01 5.958401e-01
    outer loop
      vertex   1.581205e+02 -2.649423e+01 1.127667e+00
      vertex   1.582327e+02 -2.698590e+01 1.773076e+00
      vertex   1.590028e+02 -2.660149e+01 1.158958e+00
    endloop
  endfacet
  facet normal 8.922980e-02 7.900920e-01 6.064591e-01
    outer loop
      vertex   1.582327e+02 -2.698590e+01 1.773076e+00
      vertex   1.592931e+02 -2.714079e+01 1.818835e+00
      vertex   1.590028e+02 -2.660149e+01 1.158958e+00
    endloop
  endfacet
  facet normal 1.242381e-01 7.943880e-01 5.945693e-01
    outer loop
      vertex   1.590028e+02 -2.660149e+01 1.158958e+00
      vertex   1.592931e+02 -2.714079e+01 1.818835e+00
      vertex   1.598743e+02 -2.677586e+01 1.209834e+00
    endloop
  endfacet
  facet normal 1.479568e-01 7.797103e-01 6.084083e-01
    outer loop
      vertex   1.592931e+02 -2.714079e+01 1.818835e+00
      vertex   1.603341e+02 -2.739750e+01 1.894677e+00
      vertex   1.598743e+02 -2.677586e+01 1.209834e+00
    endloop
  endfacet
  facet normal 1.716176e-01 7.840677e-01 5.964774e-01
    outer loop
      vertex   1.598743e+02 -2.677586e+01 1.209834e+00
      vertex   1.603341e+02 -2.739750e+01 1.894677e+00
      vertex   1.607297e+02 -2.701653e+01 1.280070e+00
    endloop
  endfacet
  facet normal 2.066315e-01 7.664838e-01 6.081167e-01
    outer loop
      vertex   1.603341e+02 -2.739750e+01 1.894677e+00
      vertex   1.613460e+02 -2.775382e+01 1.999948e+00
      vertex   1.607297e+02 -2.701653e+01 1.280070e+00
    endloop
  endfacet
  facet normal 5.143315e-01 5.793826e-01 6.322808e-01
    outer loop
      vertex   1.656556e+02 -3.088847e+01 2.926038e+00
      vertex   1.663103e+02 -3.174632e+01 3.179479e+00
      vertex   1.662148e+02 -3.079486e+01 2.385311e+00
    endloop
  endfacet
  facet normal 5.225596e-01 5.766501e-01 6.280176e-01
    outer loop
      vertex   1.662148e+02 -3.079486e+01 2.385311e+00
      vertex   1.663103e+02 -3.174632e+01 3.179479e+00
      vertex   1.666757e+02 -3.140841e+01 2.565233e+00
    endloop
  endfacet
  facet normal 5.531493e-01 5.459044e-01 6.292966e-01
    outer loop
      vertex   1.666757e+02 -3.140841e+01 2.565233e+00
      vertex   1.663103e+02 -3.174632e+01 3.179479e+00
      vertex   1.670951e+02 -3.205065e+01 2.753698e+00
    endloop
  endfacet
  facet normal 5.538032e-01 5.327649e-01 6.398934e-01
    outer loop
      vertex   1.670951e+02 -3.205065e+01 2.753698e+00
      vertex   1.663103e+02 -3.174632e+01 3.179479e+00
      vertex   1.668800e+02 -3.266412e+01 3.450630e+00
    endloop
  endfacet
  facet normal 5.819525e-01 5.128920e-01 6.310888e-01
    outer loop
      vertex   1.670951e+02 -3.205065e+01 2.753698e+00
      vertex   1.668800e+02 -3.266412e+01 3.450630e+00
      vertex   1.674712e+02 -3.271883e+01 2.949914e+00
    endloop
  endfacet
  facet normal 5.916325e-01 4.825681e-01 6.458320e-01
    outer loop
      vertex   1.674712e+02 -3.271883e+01 2.949914e+00
      vertex   1.668800e+02 -3.266412e+01 3.450630e+00
      vertex   1.673581e+02 -3.363371e+01 3.737084e+00
    endloop
  endfacet
  facet normal 6.515419e-01 3.721591e-01 6.610528e-01
    outer loop
      vertex   1.677404e+02 -3.464583e+01 4.036101e+00
      vertex   1.680240e+02 -3.569056e+01 4.344753e+00
      vertex   1.683229e+02 -3.484947e+01 3.576553e+00
    endloop
  endfacet
  facet normal 6.637463e-01 3.619033e-01 6.545738e-01
    outer loop
      vertex   1.683229e+02 -3.484947e+01 3.576553e+00
      vertex   1.680240e+02 -3.569056e+01 4.344753e+00
      vertex   1.685119e+02 -3.559102e+01 3.794977e+00
    endloop
  endfacet
  facet normal 6.786440e-01 3.213261e-01 6.604482e-01
    outer loop
      vertex   1.685119e+02 -3.559102e+01 3.794977e+00
      vertex   1.680240e+02 -3.569056e+01 4.344753e+00
      vertex   1.686522e+02 -3.634285e+01 4.016595e+00
    endloop
  endfacet
  facet normal 6.742359e-01 3.127713e-01 6.690142e-01
    outer loop
      vertex   1.686522e+02 -3.634285e+01 4.016595e+00
      vertex   1.680240e+02 -3.569056e+01 4.344753e+00
      vertex   1.682062e+02 -3.675800e+01 4.660113e+00
    endloop
  endfacet
  facet normal 6.967304e-01 2.771573e-01 6.616273e-01
    outer loop
      vertex   1.686522e+02 -3.634285e+01 4.016595e+00
      vertex   1.682062e+02 -3.675800e+01 4.660113e+00
      vertex   1.687476e+02 -3.715394e+01 4.255873e+00
    endloop
  endfacet
  facet normal 7.071068e-01 2.003449e-01 6.781312e-01
    outer loop
      vertex   1.682875e+02 -4.301355e+01 6.508234e+00
      vertex   1.692875e+02 -4.329688e+01 5.549211e+00
      vertex   1.682875e+02 -3.810000e+01 5.056589e+00
    endloop
  endfacet
  facet normal 7.071068e-01 2.003449e-01 6.781312e-01
    outer loop
      vertex   1.682875e+02 -3.810000e+01 5.056589e+00
      vertex   1.692875e+02 -4.329688e+01 5.549211e+00
      vertex   1.692875e+02 -3.838333e+01 4.097567e+00
    endloop
  endfacet
  facet normal 7.070323e-01 1.864088e-01 6.821708e-01
    outer loop
      vertex   1.692875e+02 -4.329688e+01 5.549211e+00
      vertex   1.682875e+02 -4.301355e+01 6.508234e+00
      vertex   1.692875e+02 -4.721567e+01 6.620053e+00
    endloop
  endfacet
  facet normal 7.070323e-01 1.864088e-01 6.821708e-01
    outer loop
      vertex   1.692875e+02 -4.721567e+01 6.620053e+00
      vertex   1.682875e+02 -4.301355e+01 6.508234e+00
      vertex   1.682875e+02 -4.697193e+01 7.589892e+00
    endloop
  endfacet
  facet normal 7.070323e-01 1.582649e-01 6.892441e-01
    outer loop
      vertex   1.692875e+02 -4.721567e+01 6.620053e+00
      vertex   1.682875e+02 -4.697193e+01 7.589892e+00
      vertex   1.692875e+02 -5.117510e+01 7.529219e+00
    endloop
  endfacet
  facet normal 7.070323e-01 1.582649e-01 6.892441e-01
    outer loop
      vertex   1.692875e+02 -5.117510e+01 7.529219e+00
      vertex   1.682875e+02 -4.697193e+01 7.589892e+00
      vertex   1.682875e+02 -5.097134e+01 8.508242e+00
    endloop
  endfacet
  facet normal 7.070323e-01 1.298544e-01 6.951569e-01
    outer loop
      vertex   1.692875e+02 -5.117510e+01 7.529219e+00
      vertex   1.682875e+02 -5.097134e+01 8.508242e+00
      vertex   1.692875e+02 -5.516849e+01 8.275180e+00
    endloop
  endfacet
  facet normal 7.070323e-01 1.298544e-01 6.951569e-01
    outer loop
      vertex   1.692875e+02 -5.516849e+01 8.275180e+00
      vertex   1.682875e+02 -5.097134e+01 8.508242e+00
      vertex   1.682875e+02 -5.500507e+01 9.261737e+00
    endloop
  endfacet
  facet normal 7.070323e-01 1.012254e-01 6.998991e-01
    outer loop
      vertex   1.692875e+02 -5.516849e+01 8.275180e+00
      vertex   1.682875e+02 -5.500507e+01 9.261737e+00
      vertex   1.692875e+02 -5.918912e+01 8.856677e+00
    endloop
  endfacet
  facet normal 7.070323e-01 1.012254e-01 6.998991e-01
    outer loop
      vertex   1.692875e+02 -5.918912e+01 8.856677e+00
      vertex   1.682875e+02 -5.500507e+01 9.261737e+00
      vertex   1.682875e+02 -5.906632e+01 9.849109e+00
    endloop
  endfacet
  facet normal 7.070323e-01 7.242582e-02 7.034627e-01
    outer loop
      vertex   1.692875e+02 -5.918912e+01 8.856677e+00
      vertex   1.682875e+02 -5.906632e+01 9.849109e+00
      vertex   1.692875e+02 -6.323022e+01 9.272734e+00
    endloop
  endfacet
  facet normal 7.070323e-01 7.242582e-02 7.034627e-01
    outer loop
      vertex   1.692875e+02 -6.323022e+01 9.272734e+00
      vertex   1.682875e+02 -5.906632e+01 9.849109e+00
      vertex   1.682875e+02 -6.314824e+01 1.026937e+01
    endloop
  endfacet
  facet normal 7.070323e-01 4.350433e-02 7.058418e-01
    outer loop
      vertex   1.692875e+02 -6.323022e+01 9.272734e+00
      vertex   1.682875e+02 -6.314824e+01 1.026937e+01
      vertex   1.692875e+02 -6.728499e+01 9.522648e+00
    endloop
  endfacet
  facet normal 7.070323e-01 4.350433e-02 7.058418e-01
    outer loop
      vertex   1.692875e+02 -6.728499e+01 9.522648e+00
      vertex   1.682875e+02 -6.314824e+01 1.026937e+01
      vertex   1.682875e+02 -6.724397e+01 1.052181e+01
    endloop
  endfacet
  facet normal 7.070323e-01 1.450959e-02 7.070323e-01
    outer loop
      vertex   1.692875e+02 -6.728499e+01 9.522648e+00
      vertex   1.682875e+02 -6.724397e+01 1.052181e+01
      vertex   1.692875e+02 -7.134660e+01 9.606000e+00
    endloop
  endfacet
  facet normal 7.070323e-01 1.450959e-02 7.070323e-01
    outer loop
      vertex   1.692875e+02 -7.134660e+01 9.606000e+00
      vertex   1.682875e+02 -6.724397e+01 1.052181e+01
      vertex   1.682875e+02 -7.134660e+01 1.060600e+01
    endloop
  endfacet
  facet normal 7.071068e-01 9.813377e-16 7.071068e-01
    outer loop
      vertex   1.692875e+02 -7.134660e+01 9.606000e+00
      vertex   1.682875e+02 -7.134660e+01 1.060600e+01
      vertex   1.692875e+02 -1.238250e+02 9.606000e+00
    endloop
  endfacet
  facet normal 7.071068e-01 6.462468e-16 7.071068e-01
    outer loop
      vertex   1.692875e+02 -1.238250e+02 9.606000e+00
      vertex   1.682875e+02 -7.134660e+01 1.060600e+01
      vertex   1.682875e+02 -1.238250e+02 1.060600e+01
    endloop
  endfacet
  facet normal 7.065499e-01 -3.967901e-02 7.065499e-01
    outer loop
      vertex   1.692875e+02 -1.238250e+02 9.606000e+00
      vertex   1.682875e+02 -1.238250e+02 1.060600e+01
      vertex   1.692113e+02 -1.251826e+02 9.606000e+00
    endloop
  endfacet
  facet normal 7.043913e-01 -4.260784e-02 7.085319e-01
    outer loop
      vertex   1.692113e+02 -1.251826e+02 9.606000e+00
      vertex   1.682875e+02 -1.238250e+02 1.060600e+01
      vertex   1.682064e+02 -1.251660e+02 1.060600e+01
    endloop
  endfacet
  facet normal 6.994005e-01 -1.188329e-01 7.047820e-01
    outer loop
      vertex   1.692113e+02 -1.251826e+02 9.606000e+00
      vertex   1.682064e+02 -1.251660e+02 1.060600e+01
      vertex   1.689835e+02 -1.265231e+02 9.606000e+00
    endloop
  endfacet
  facet normal 6.923985e-01 -1.268867e-01 7.102705e-01
    outer loop
      vertex   1.689835e+02 -1.265231e+02 9.606000e+00
      vertex   1.682064e+02 -1.251660e+02 1.060600e+01
      vertex   1.679642e+02 -1.264874e+02 1.060600e+01
    endloop
  endfacet
  facet normal 6.831110e-01 -1.968009e-01 7.032985e-01
    outer loop
      vertex   1.689835e+02 -1.265231e+02 9.606000e+00
      vertex   1.679642e+02 -1.264874e+02 1.060600e+01
      vertex   1.686071e+02 -1.278296e+02 9.606000e+00
    endloop
  endfacet
  facet normal 6.706917e-01 -2.089960e-01 7.116835e-01
    outer loop
      vertex   1.686071e+02 -1.278296e+02 9.606000e+00
      vertex   1.679642e+02 -1.264874e+02 1.060600e+01
      vertex   1.675646e+02 -1.277700e+02 1.060600e+01
    endloop
  endfacet
  facet normal 6.578702e-01 -2.724988e-01 7.021049e-01
    outer loop
      vertex   1.686071e+02 -1.278296e+02 9.606000e+00
      vertex   1.675646e+02 -1.277700e+02 1.060600e+01
      vertex   1.680867e+02 -1.290858e+02 9.606000e+00
    endloop
  endfacet
  facet normal 6.395984e-01 -2.878599e-01 7.127766e-01
    outer loop
      vertex   1.680867e+02 -1.290858e+02 9.606000e+00
      vertex   1.675646e+02 -1.277700e+02 1.060600e+01
      vertex   1.670132e+02 -1.289950e+02 1.060600e+01
    endloop
  endfacet
  facet normal 6.239984e-01 -3.448717e-01 7.012057e-01
    outer loop
      vertex   1.680867e+02 -1.290858e+02 9.606000e+00
      vertex   1.670132e+02 -1.289950e+02 1.060600e+01
      vertex   1.674290e+02 -1.302759e+02 9.606000e+00
    endloop
  endfacet
  facet normal 5.995602e-01 -3.624468e-01 7.135544e-01
    outer loop
      vertex   1.674290e+02 -1.302759e+02 9.606000e+00
      vertex   1.670132e+02 -1.289950e+02 1.060600e+01
      vertex   1.663182e+02 -1.301447e+02 1.060600e+01
    endloop
  endfacet
  facet normal 5.819434e-01 -4.129109e-01 7.006043e-01
    outer loop
      vertex   1.674290e+02 -1.302759e+02 9.606000e+00
      vertex   1.663182e+02 -1.301447e+02 1.060600e+01
      vertex   1.666422e+02 -1.313848e+02 9.606000e+00
    endloop
  endfacet
  facet normal 5.511273e-01 -4.317806e-01 7.140198e-01
    outer loop
      vertex   1.666422e+02 -1.313848e+02 9.606000e+00
      vertex   1.663182e+02 -1.301447e+02 1.060600e+01
      vertex   1.654897e+02 -1.312022e+02 1.060600e+01
    endloop
  endfacet
  facet normal 5.322734e-01 -4.756686e-01 7.003031e-01
    outer loop
      vertex   1.666422e+02 -1.313848e+02 9.606000e+00
      vertex   1.654897e+02 -1.312022e+02 1.060600e+01
      vertex   1.657362e+02 -1.323987e+02 9.606000e+00
    endloop
  endfacet
  facet normal 4.949518e-01 -4.949518e-01 7.141747e-01
    outer loop
      vertex   1.657362e+02 -1.323987e+02 9.606000e+00
      vertex   1.654897e+02 -1.312022e+02 1.060600e+01
      vertex   1.645397e+02 -1.321522e+02 1.060600e+01
    endloop
  endfacet
  facet normal 4.756686e-01 -5.322734e-01 7.003031e-01
    outer loop
      vertex   1.657362e+02 -1.323987e+02 9.606000e+00
      vertex   1.645397e+02 -1.321522e+02 1.060600e+01
      vertex   1.647223e+02 -1.333047e+02 9.606000e+00
    endloop
  endfacet
  facet normal 4.317806e-01 -5.511272e-01 7.140198e-01
    outer loop
      vertex   1.647223e+02 -1.333047e+02 9.606000e+00
      vertex   1.645397e+02 -1.321522e+02 1.060600e+01
      vertex   1.634822e+02 -1.329807e+02 1.060600e+01
    endloop
  endfacet
  facet normal 4.129109e-01 -5.819434e-01 7.006043e-01
    outer loop
      vertex   1.647223e+02 -1.333047e+02 9.606000e+00
      vertex   1.634822e+02 -1.329807e+02 1.060600e+01
      vertex   1.636134e+02 -1.340915e+02 9.606000e+00
    endloop
  endfacet
  facet normal 3.624468e-01 -5.995602e-01 7.135544e-01
    outer loop
      vertex   1.636134e+02 -1.340915e+02 9.606000e+00
      vertex   1.634822e+02 -1.329807e+02 1.060600e+01
      vertex   1.623325e+02 -1.336757e+02 1.060600e+01
    endloop
  endfacet
  facet normal 3.448718e-01 -6.239984e-01 7.012057e-01
    outer loop
      vertex   1.636134e+02 -1.340915e+02 9.606000e+00
      vertex   1.623325e+02 -1.336757e+02 1.060600e+01
      vertex   1.624233e+02 -1.347492e+02 9.606000e+00
    endloop
  endfacet
  facet normal 2.878599e-01 -6.395984e-01 7.127766e-01
    outer loop
      vertex   1.624233e+02 -1.347492e+02 9.606000e+00
      vertex   1.623325e+02 -1.336757e+02 1.060600e+01
      vertex   1.611075e+02 -1.342271e+02 1.060600e+01
    endloop
  endfacet
  facet normal 2.724988e-01 -6.578702e-01 7.021049e-01
    outer loop
      vertex   1.624233e+02 -1.347492e+02 9.606000e+00
      vertex   1.611075e+02 -1.342271e+02 1.060600e+01
      vertex   1.611671e+02 -1.352696e+02 9.606000e+00
    endloop
  endfacet
  facet normal 2.089960e-01 -6.706917e-01 7.116835e-01
    outer loop
      vertex   1.611671e+02 -1.352696e+02 9.606000e+00
      vertex   1.611075e+02 -1.342271e+02 1.060600e+01
      vertex   1.598249e+02 -1.346267e+02 1.060600e+01
    endloop
  endfacet
  facet normal 1.968009e-01 -6.831110e-01 7.032985e-01
    outer loop
      vertex   1.611671e+02 -1.352696e+02 9.606000e+00
      vertex   1.598249e+02 -1.346267e+02 1.060600e+01
      vertex   1.598606e+02 -1.356460e+02 9.606000e+00
    endloop
  endfacet
  facet normal 1.268867e-01 -6.923985e-01 7.102705e-01
    outer loop
      vertex   1.598606e+02 -1.356460e+02 9.606000e+00
      vertex   1.598249e+02 -1.346267e+02 1.060600e+01
      vertex   1.585035e+02 -1.348689e+02 1.060600e+01
    endloop
  endfacet
  facet normal 1.188329e-01 -6.994005e-01 7.047820e-01
    outer loop
      vertex   1.598606e+02 -1.356460e+02 9.606000e+00
      vertex   1.585035e+02 -1.348689e+02 1.060600e+01
      vertex   1.585201e+02 -1.358738e+02 9.606000e+00
    endloop
  endfacet
  facet normal 4.260784e-02 -7.043913e-01 7.085319e-01
    outer loop
      vertex   1.585201e+02 -1.358738e+02 9.606000e+00
      vertex   1.585035e+02 -1.348689e+02 1.060600e+01
      vertex   1.571625e+02 -1.349500e+02 1.060600e+01
    endloop
  endfacet
  facet normal 3.967901e-02 -7.065499e-01 7.065499e-01
    outer loop
      vertex   1.585201e+02 -1.358738e+02 9.606000e+00
      vertex   1.571625e+02 -1.349500e+02 1.060600e+01
      vertex   1.571625e+02 -1.359500e+02 9.606000e+00
    endloop
  endfacet
  facet normal -7.033135e-16 -7.071068e-01 7.071068e-01
    outer loop
      vertex   1.571625e+02 -1.359500e+02 9.606000e+00
      vertex   1.571625e+02 -1.349500e+02 1.060600e+01
      vertex   1.000125e+02 -1.359500e+02 9.606000e+00
    endloop
  endfacet
  facet normal -3.516568e-16 -7.071068e-01 7.071068e-01
    outer loop
      vertex   1.000125e+02 -1.359500e+02 9.606000e+00
      vertex   1.571625e+02 -1.349500e+02 1.060600e+01
      vertex   1.000125e+02 -1.349500e+02 1.060600e+01
    endloop
  endfacet
  facet normal -3.967901e-02 -7.065499e-01 7.065499e-01
    outer loop
      vertex   1.000125e+02 -1.359500e+02 9.606000e+00
      vertex   1.000125e+02 -1.349500e+02 1.060600e+01
      vertex   9.865493e+01 -1.358738e+02 9.606000e+00
    endloop
  endfacet
  facet normal -4.260784e-02 -7.043913e-01 7.085319e-01
    outer loop
      vertex   9.865493e+01 -1.358738e+02 9.606000e+00
      vertex   1.000125e+02 -1.349500e+02 1.060600e+01
      vertex   9.867153e+01 -1.348689e+02 1.060600e+01
    endloop
  endfacet
  facet normal -1.188329e-01 -6.994005e-01 7.047820e-01
    outer loop
      vertex   9.865493e+01 -1.358738e+02 9.606000e+00
      vertex   9.867153e+01 -1.348689e+02 1.060600e+01
      vertex   9.731443e+01 -1.356460e+02 9.606000e+00
    endloop
  endfacet
  facet normal -1.268867e-01 -6.923985e-01 7.102705e-01
    outer loop
      vertex   9.731443e+01 -1.356460e+02 9.606000e+00
      vertex   9.867153e+01 -1.348689e+02 1.060600e+01
      vertex   9.735011e+01 -1.346267e+02 1.060600e+01
    endloop
  endfacet
  facet normal -1.968009e-01 -6.831110e-01 7.032985e-01
    outer loop
      vertex   9.731443e+01 -1.356460e+02 9.606000e+00
      vertex   9.735011e+01 -1.346267e+02 1.060600e+01
      vertex   9.600787e+01 -1.352696e+02 9.606000e+00
    endloop
  endfacet
  facet normal -2.089960e-01 -6.706917e-01 7.116835e-01
    outer loop
      vertex   9.600787e+01 -1.352696e+02 9.606000e+00
      vertex   9.735011e+01 -1.346267e+02 1.060600e+01
      vertex   9.606752e+01 -1.342271e+02 1.060600e+01
    endloop
  endfacet
  facet normal -2.724988e-01 -6.578702e-01 7.021049e-01
    outer loop
      vertex   9.600787e+01 -1.352696e+02 9.606000e+00
      vertex   9.606752e+01 -1.342271e+02 1.060600e+01
      vertex   9.475166e+01 -1.347492e+02 9.606000e+00
    endloop
  endfacet
  facet normal -2.878599e-01 -6.395984e-01 7.127766e-01
    outer loop
      vertex   9.475166e+01 -1.347492e+02 9.606000e+00
      vertex   9.606752e+01 -1.342271e+02 1.060600e+01
      vertex   9.484245e+01 -1.336757e+02 1.060600e+01
    endloop
  endfacet
  facet normal -3.448718e-01 -6.239984e-01 7.012057e-01
    outer loop
      vertex   9.475166e+01 -1.347492e+02 9.606000e+00
      vertex   9.484245e+01 -1.336757e+02 1.060600e+01
      vertex   9.356161e+01 -1.340915e+02 9.606000e+00
    endloop
  endfacet
  facet normal -3.624468e-01 -5.995602e-01 7.135544e-01
    outer loop
      vertex   9.356161e+01 -1.340915e+02 9.606000e+00
      vertex   9.484245e+01 -1.336757e+02 1.060600e+01
      vertex   9.369278e+01 -1.329807e+02 1.060600e+01
    endloop
  endfacet
  facet normal -4.129109e-01 -5.819434e-01 7.006043e-01
    outer loop
      vertex   9.356161e+01 -1.340915e+02 9.606000e+00
      vertex   9.369278e+01 -1.329807e+02 1.060600e+01
      vertex   9.245269e+01 -1.333047e+02 9.606000e+00
    endloop
  endfacet
  facet normal -4.317806e-01 -5.511273e-01 7.140198e-01
    outer loop
      vertex   9.245269e+01 -1.333047e+02 9.606000e+00
      vertex   9.369278e+01 -1.329807e+02 1.060600e+01
      vertex   9.263526e+01 -1.321522e+02 1.060600e+01
    endloop
  endfacet
  facet normal -4.756686e-01 -5.322734e-01 7.003031e-01
    outer loop
      vertex   9.245269e+01 -1.333047e+02 9.606000e+00
      vertex   9.263526e+01 -1.321522e+02 1.060600e+01
      vertex   9.143883e+01 -1.323987e+02 9.606000e+00
    endloop
  endfacet
  facet normal -4.949518e-01 -4.949518e-01 7.141747e-01
    outer loop
      vertex   9.143883e+01 -1.323987e+02 9.606000e+00
      vertex   9.263526e+01 -1.321522e+02 1.060600e+01
      vertex   9.168532e+01 -1.312022e+02 1.060600e+01
    endloop
  endfacet
  facet normal -5.322734e-01 -4.756686e-01 7.003031e-01
    outer loop
      vertex   9.143883e+01 -1.323987e+02 9.606000e+00
      vertex   9.168532e+01 -1.312022e+02 1.060600e+01
      vertex   9.053279e+01 -1.313848e+02 9.606000e+00
    endloop
  endfacet
  facet normal -5.511272e-01 -4.317806e-01 7.140198e-01
    outer loop
      vertex   9.053279e+01 -1.313848e+02 9.606000e+00
      vertex   9.168532e+01 -1.312022e+02 1.060600e+01
      vertex   9.085680e+01 -1.301447e+02 1.060600e+01
    endloop
  endfacet
  facet normal -5.819434e-01 -4.129109e-01 7.006043e-01
    outer loop
      vertex   9.053279e+01 -1.313848e+02 9.606000e+00
      vertex   9.085680e+01 -1.301447e+02 1.060600e+01
      vertex   8.974597e+01 -1.302759e+02 9.606000e+00
    endloop
  endfacet
  facet normal -5.995602e-01 -3.624468e-01 7.135544e-01
    outer loop
      vertex   8.974597e+01 -1.302759e+02 9.606000e+00
      vertex   9.085680e+01 -1.301447e+02 1.060600e+01
      vertex   9.016180e+01 -1.289950e+02 1.060600e+01
    endloop
  endfacet
  facet normal -6.239984e-01 -3.448718e-01 7.012057e-01
    outer loop
      vertex   8.974597e+01 -1.302759e+02 9.606000e+00
      vertex   9.016180e+01 -1.289950e+02 1.060600e+01
      vertex   8.908825e+01 -1.290858e+02 9.606000e+00
    endloop
  endfacet
  facet normal -6.395984e-01 -2.878599e-01 7.127766e-01
    outer loop
      vertex   8.908825e+01 -1.290858e+02 9.606000e+00
      vertex   9.016180e+01 -1.289950e+02 1.060600e+01
      vertex   8.961044e+01 -1.277700e+02 1.060600e+01
    endloop
  endfacet
  facet normal -6.578702e-01 -2.724988e-01 7.021049e-01
    outer loop
      vertex   8.908825e+01 -1.290858e+02 9.606000e+00
      vertex   8.961044e+01 -1.277700e+02 1.060600e+01
      vertex   8.856791e+01 -1.278296e+02 9.606000e+00
    endloop
  endfacet
  facet normal -6.706917e-01 -2.089960e-01 7.116835e-01
    outer loop
      vertex   8.856791e+01 -1.278296e+02 9.606000e+00
      vertex   8.961044e+01 -1.277700e+02 1.060600e+01
      vertex   8.921077e+01 -1.264874e+02 1.060600e+01
    endloop
  endfacet
  facet normal -6.831110e-01 -1.968009e-01 7.032985e-01
    outer loop
      vertex   8.856791e+01 -1.278296e+02 9.606000e+00
      vertex   8.921077e+01 -1.264874e+02 1.060600e+01
      vertex   8.819150e+01 -1.265231e+02 9.606000e+00
    endloop
  endfacet
  facet normal -6.923985e-01 -1.268867e-01 7.102705e-01
    outer loop
      vertex   8.819150e+01 -1.265231e+02 9.606000e+00
      vertex   8.921077e+01 -1.264874e+02 1.060600e+01
      vertex   8.896861e+01 -1.251660e+02 1.060600e+01
    endloop
  endfacet
  facet normal -6.994005e-01 -1.188329e-01 7.047820e-01
    outer loop
      vertex   8.819150e+01 -1.265231e+02 9.606000e+00
      vertex   8.896861e+01 -1.251660e+02 1.060600e+01
      vertex   8.796374e+01 -1.251826e+02 9.606000e+00
    endloop
  endfacet
  facet normal -7.043913e-01 -4.260784e-02 7.085319e-01
    outer loop
      vertex   8.796374e+01 -1.251826e+02 9.606000e+00
      vertex   8.896861e+01 -1.251660e+02 1.060600e+01
      vertex   8.888750e+01 -1.238250e+02 1.060600e+01
    endloop
  endfacet
  facet normal -7.065499e-01 -3.967901e-02 7.065499e-01
    outer loop
      vertex   8.796374e+01 -1.251826e+02 9.606000e+00
      vertex   8.888750e+01 -1.238250e+02 1.060600e+01
      vertex   8.788750e+01 -1.238250e+02 9.606000e+00
    endloop
  endfacet
  facet normal -7.071068e-01 5.780319e-14 7.071068e-01
    outer loop
      vertex   8.788750e+01 -1.238250e+02 9.606000e+00
      vertex   8.888750e+01 -1.238250e+02 1.060600e+01
      vertex   8.788750e+01 -7.134660e+01 9.606000e+00
    endloop
  endfacet
  facet normal -7.071068e-01 5.789893e-14 7.071068e-01
    outer loop
      vertex   8.788750e+01 -7.134660e+01 9.606000e+00
      vertex   8.888750e+01 -1.238250e+02 1.060600e+01
      vertex   8.888750e+01 -7.134660e+01 1.060600e+01
    endloop
  endfacet
  facet normal -7.070323e-01 1.450959e-02 7.070323e-01
    outer loop
      vertex   8.788750e+01 -7.134660e+01 9.606000e+00
      vertex   8.888750e+01 -7.134660e+01 1.060600e+01
      vertex   8.788750e+01 -6.728499e+01 9.522648e+00
    endloop
  endfacet
  facet normal -7.070323e-01 1.450959e-02 7.070323e-01
    outer loop
      vertex   8.788750e+01 -6.728499e+01 9.522648e+00
      vertex   8.888750e+01 -7.134660e+01 1.060600e+01
      vertex   8.888750e+01 -6.724397e+01 1.052181e+01
    endloop
  endfacet
  facet normal -7.070323e-01 4.350433e-02 7.058418e-01
    outer loop
      vertex   8.788750e+01 -6.728499e+01 9.522648e+00
      vertex   8.888750e+01 -6.724397e+01 1.052181e+01
      vertex   8.788750e+01 -6.323022e+01 9.272734e+00
    endloop
  endfacet
  facet normal -7.070323e-01 4.350433e-02 7.058418e-01
    outer loop
      vertex   8.788750e+01 -6.323022e+01 9.272734e+00
      vertex   8.888750e+01 -6.724397e+01 1.052181e+01
      vertex   8.888750e+01 -6.314824e+01 1.026937e+01
    endloop
  endfacet
  facet normal -7.070323e-01 7.242582e-02 7.034627e-01
    outer loop
      vertex   8.788750e+01 -6.323022e+01 9.272734e+00
      vertex   8.888750e+01 -6.314824e+01 1.026937e+01
      vertex   8.788750e+01 -5.918912e+01 8.856677e+00
    endloop
  endfacet
  facet normal -7.070323e-01 7.242582e-02 7.034627e-01
    outer loop
      vertex   8.788750e+01 -5.918912e+01 8.856677e+00
      vertex   8.888750e+01 -6.314824e+01 1.026937e+01
      vertex   8.888750e+01 -5.906632e+01 9.849109e+00
    endloop
  endfacet
  facet normal -7.070323e-01 1.012254e-01 6.998991e-01
    outer loop
      vertex   8.788750e+01 -5.918912e+01 8.856677e+00
      vertex   8.888750e+01 -5.906632e+01 9.849109e+00
      vertex   8.788750e+01 -5.516849e+01 8.275180e+00
    endloop
  endfacet
  facet normal -7.070323e-01 1.012254e-01 6.998991e-01
    outer loop
      vertex   8.788750e+01 -5.516849e+01 8.275180e+00
      vertex   8.888750e+01 -5.906632e+01 9.849109e+00
      vertex   8.888750e+01 -5.500507e+01 9.261737e+00
    endloop
  endfacet
  facet normal -7.070323e-01 1.298544e-01 6.951569e-01
    outer loop
      vertex   8.788750e+01 -5.516849e+01 8.275180e+00
      vertex   8.888750e+01 -5.500507e+01 9.261737e+00
      vertex   8.788750e+01 -5.117510e+01 7.529219e+00
    endloop
  endfacet
  facet normal -7.070323e-01 1.298544e-01 6.951569e-01
    outer loop
      vertex   8.788750e+01 -5.117510e+01 7.529219e+00
      vertex   8.888750e+01 -5.500507e+01 9.261737e+00
      vertex   8.888750e+01 -5.097134e+01 8.508242e+00
    endloop
  endfacet
  facet normal -7.070323e-01 1.582649e-01 6.892441e-01
    outer loop
      vertex   8.788750e+01 -5.117510e+01 7.529219e+00
      vertex   8.888750e+01 -5.097134e+01 8.508242e+00
      vertex   8.788750e+01 -4.721567e+01 6.620053e+00
    endloop
  endfacet
  facet normal -7.070323e-01 1.582649e-01 6.892441e-01
    outer loop
      vertex   8.788750e+01 -4.721567e+01 6.620053e+00
      vertex   8.888750e+01 -5.097134e+01 8.508242e+00
      vertex   8.888750e+01 -4.697193e+01 7.589892e+00
    endloop
  endfacet
  facet normal -7.070323e-01 1.864088e-01 6.821708e-01
    outer loop
      vertex   8.788750e+01 -4.721567e+01 6.620053e+00
      vertex   8.888750e+01 -4.697193e+01 7.589892e+00
      vertex   8.788750e+01 -4.329688e+01 5.549211e+00
    endloop
  endfacet
  facet normal -7.070323e-01 1.864088e-01 6.821708e-01
    outer loop
      vertex   8.788750e+01 -4.329688e+01 5.549211e+00
      vertex   8.888750e+01 -4.697193e+01 7.589892e+00
      vertex   8.888750e+01 -4.301355e+01 6.508234e+00
    endloop
  endfacet
  facet normal -7.071068e-01 2.003449e-01 6.781312e-01
    outer loop
      vertex   8.788750e+01 -3.838333e+01 4.097567e+00
      vertex   8.788750e+01 -4.329688e+01 5.549211e+00
      vertex   8.888750e+01 -3.810000e+01 5.056589e+00
    endloop
  endfacet
  facet normal -7.071068e-01 2.003449e-01 6.781312e-01
    outer loop
      vertex   8.888750e+01 -3.810000e+01 5.056589e+00
      vertex   8.788750e+01 -4.329688e+01 5.549211e+00
      vertex   8.888750e+01 -4.301355e+01 6.508234e+00
    endloop
  endfacet
  facet normal 7.067395e-01 2.080299e-01 6.761973e-01
    outer loop
      vertex   1.682844e+02 -3.783823e+01 4.979252e+00
      vertex   1.682875e+02 -3.810000e+01 5.056589e+00
      vertex   1.687875e+02 -3.819624e+01 4.563658e+00
    endloop
  endfacet
  facet normal 7.071066e-01 2.009531e-01 6.779514e-01
    outer loop
      vertex   1.687875e+02 -3.819624e+01 4.563658e+00
      vertex   1.682875e+02 -3.810000e+01 5.056589e+00
      vertex   1.692875e+02 -3.838333e+01 4.097567e+00
    endloop
  endfacet
  facet normal 7.070761e-01 2.003410e-01 6.781643e-01
    outer loop
      vertex   1.687875e+02 -3.819624e+01 4.563658e+00
      vertex   1.692875e+02 -3.838333e+01 4.097567e+00
      vertex   1.692875e+02 -3.810000e+01 4.013866e+00
    endloop
  endfacet
  facet normal 7.059678e-01 2.049050e-01 6.779553e-01
    outer loop
      vertex   1.692875e+02 -3.810000e+01 4.013866e+00
      vertex   1.682844e+02 -3.783823e+01 4.979252e+00
      vertex   1.687875e+02 -3.819624e+01 4.563658e+00
    endloop
  endfacet
  facet normal -7.059297e-01 2.073070e-01 6.772644e-01
    outer loop
      vertex   8.788750e+01 -3.810000e+01 4.013866e+00
      vertex   8.838855e+01 -3.801590e+01 4.510379e+00
      vertex   8.889056e+01 -3.783823e+01 4.979252e+00
    endloop
  endfacet
  facet normal -7.058882e-01 2.061172e-01 6.776707e-01
    outer loop
      vertex   8.889056e+01 -3.783823e+01 4.979252e+00
      vertex   8.838855e+01 -3.801590e+01 4.510379e+00
      vertex   8.838818e+01 -3.805997e+01 4.523399e+00
    endloop
  endfacet
  facet normal -7.060647e-01 2.082135e-01 6.768455e-01
    outer loop
      vertex   8.889056e+01 -3.783823e+01 4.979252e+00
      vertex   8.838818e+01 -3.805997e+01 4.523399e+00
      vertex   8.888750e+01 -3.810000e+01 5.056589e+00
    endloop
  endfacet
  facet normal -7.069832e-01 2.034153e-01 6.773455e-01
    outer loop
      vertex   8.888750e+01 -3.810000e+01 5.056589e+00
      vertex   8.838818e+01 -3.805997e+01 4.523399e+00
      vertex   8.838754e+01 -3.819624e+01 4.563658e+00
    endloop
  endfacet
  facet normal -7.071066e-01 2.009531e-01 6.779514e-01
    outer loop
      vertex   8.888750e+01 -3.810000e+01 5.056589e+00
      vertex   8.838754e+01 -3.819624e+01 4.563658e+00
      vertex   8.788750e+01 -3.838333e+01 4.097567e+00
    endloop
  endfacet
  facet normal -7.072232e-01 2.033484e-01 6.771150e-01
    outer loop
      vertex   8.788750e+01 -3.838333e+01 4.097567e+00
      vertex   8.838754e+01 -3.819624e+01 4.563658e+00
      vertex   8.838818e+01 -3.805997e+01 4.523399e+00
    endloop
  endfacet
  facet normal -7.066243e-01 2.004689e-01 6.785973e-01
    outer loop
      vertex   8.788750e+01 -3.838333e+01 4.097567e+00
      vertex   8.838818e+01 -3.805997e+01 4.523399e+00
      vertex   8.788750e+01 -3.810000e+01 4.013866e+00
    endloop
  endfacet
  facet normal -7.060107e-01 2.060835e-01 6.775533e-01
    outer loop
      vertex   8.788750e+01 -3.810000e+01 4.013866e+00
      vertex   8.838818e+01 -3.805997e+01 4.523399e+00
      vertex   8.838855e+01 -3.801590e+01 4.510379e+00
    endloop
  endfacet
  facet normal 9.978589e-01 6.540316e-02 -0.000000e+00
    outer loop
      vertex   9.038750e+01 -1.238250e+02 -9.100000e+00
      vertex   9.038750e+01 -1.238250e+02 1.900000e+00
      vertex   9.046984e+01 -1.250813e+02 -9.100000e+00
    endloop
  endfacet
  facet normal 9.978589e-01 6.540316e-02 -0.000000e+00
    outer loop
      vertex   9.046984e+01 -1.250813e+02 -9.100000e+00
      vertex   9.038750e+01 -1.238250e+02 1.900000e+00
      vertex   9.046984e+01 -1.250813e+02 1.900000e+00
    endloop
  endfacet
  facet normal 9.807853e-01 1.950903e-01 -0.000000e+00
    outer loop
      vertex   9.046984e+01 -1.250813e+02 -9.100000e+00
      vertex   9.046984e+01 -1.250813e+02 1.900000e+00
      vertex   9.071546e+01 -1.263161e+02 -9.100000e+00
    endloop
  endfacet
  facet normal 9.807853e-01 1.950903e-01 -0.000000e+00
    outer loop
      vertex   9.071546e+01 -1.263161e+02 -9.100000e+00
      vertex   9.046984e+01 -1.250813e+02 1.900000e+00
      vertex   9.071546e+01 -1.263161e+02 1.900000e+00
    endloop
  endfacet
  facet normal 9.469301e-01 3.214395e-01 -0.000000e+00
    outer loop
      vertex   9.071546e+01 -1.263161e+02 -9.100000e+00
      vertex   9.071546e+01 -1.263161e+02 1.900000e+00
      vertex   9.112016e+01 -1.275083e+02 -9.100000e+00
    endloop
  endfacet
  facet normal 9.469301e-01 3.214395e-01 -0.000000e+00
    outer loop
      vertex   9.112016e+01 -1.275083e+02 -9.100000e+00
      vertex   9.071546e+01 -1.263161e+02 1.900000e+00
      vertex   9.112016e+01 -1.275083e+02 1.900000e+00
    endloop
  endfacet
  facet normal 8.968727e-01 4.422887e-01 -0.000000e+00
    outer loop
      vertex   9.112016e+01 -1.275083e+02 -9.100000e+00
      vertex   9.112016e+01 -1.275083e+02 1.900000e+00
      vertex   9.167701e+01 -1.286375e+02 -9.100000e+00
    endloop
  endfacet
  facet normal 8.968727e-01 4.422887e-01 -0.000000e+00
    outer loop
      vertex   9.167701e+01 -1.286375e+02 -9.100000e+00
      vertex   9.112016e+01 -1.275083e+02 1.900000e+00
      vertex   9.167701e+01 -1.286375e+02 1.900000e+00
    endloop
  endfacet
  facet normal 8.314696e-01 5.555702e-01 -0.000000e+00
    outer loop
      vertex   9.167701e+01 -1.286375e+02 -9.100000e+00
      vertex   9.167701e+01 -1.286375e+02 1.900000e+00
      vertex   9.237647e+01 -1.296843e+02 -9.100000e+00
    endloop
  endfacet
  facet normal 8.314696e-01 5.555702e-01 -0.000000e+00
    outer loop
      vertex   9.237647e+01 -1.296843e+02 -9.100000e+00
      vertex   9.167701e+01 -1.286375e+02 1.900000e+00
      vertex   9.237647e+01 -1.296843e+02 1.900000e+00
    endloop
  endfacet
  facet normal 7.518398e-01 6.593458e-01 -0.000000e+00
    outer loop
      vertex   9.237647e+01 -1.296843e+02 -9.100000e+00
      vertex   9.237647e+01 -1.296843e+02 1.900000e+00
      vertex   9.320660e+01 -1.306309e+02 -9.100000e+00
    endloop
  endfacet
  facet normal 7.518398e-01 6.593458e-01 -0.000000e+00
    outer loop
      vertex   9.320660e+01 -1.306309e+02 -9.100000e+00
      vertex   9.237647e+01 -1.296843e+02 1.900000e+00
      vertex   9.320660e+01 -1.306309e+02 1.900000e+00
    endloop
  endfacet
  facet normal 6.593458e-01 7.518398e-01 -0.000000e+00
    outer loop
      vertex   9.320660e+01 -1.306309e+02 -9.100000e+00
      vertex   9.320660e+01 -1.306309e+02 1.900000e+00
      vertex   9.415317e+01 -1.314610e+02 -9.100000e+00
    endloop
  endfacet
  facet normal 6.593458e-01 7.518398e-01 -0.000000e+00
    outer loop
      vertex   9.415317e+01 -1.314610e+02 -9.100000e+00
      vertex   9.320660e+01 -1.306309e+02 1.900000e+00
      vertex   9.415317e+01 -1.314610e+02 1.900000e+00
    endloop
  endfacet
  facet normal 5.555702e-01 8.314696e-01 -0.000000e+00
    outer loop
      vertex   9.415317e+01 -1.314610e+02 -9.100000e+00
      vertex   9.415317e+01 -1.314610e+02 1.900000e+00
      vertex   9.520000e+01 -1.321605e+02 -9.100000e+00
    endloop
  endfacet
  facet normal 5.555702e-01 8.314696e-01 -0.000000e+00
    outer loop
      vertex   9.520000e+01 -1.321605e+02 -9.100000e+00
      vertex   9.415317e+01 -1.314610e+02 1.900000e+00
      vertex   9.520000e+01 -1.321605e+02 1.900000e+00
    endloop
  endfacet
  facet normal 4.422887e-01 8.968727e-01 -0.000000e+00
    outer loop
      vertex   9.520000e+01 -1.321605e+02 -9.100000e+00
      vertex   9.520000e+01 -1.321605e+02 1.900000e+00
      vertex   9.632917e+01 -1.327173e+02 -9.100000e+00
    endloop
  endfacet
  facet normal 4.422887e-01 8.968727e-01 -0.000000e+00
    outer loop
      vertex   9.632917e+01 -1.327173e+02 -9.100000e+00
      vertex   9.520000e+01 -1.321605e+02 1.900000e+00
      vertex   9.632917e+01 -1.327173e+02 1.900000e+00
    endloop
  endfacet
  facet normal 3.214395e-01 9.469301e-01 -0.000000e+00
    outer loop
      vertex   9.632917e+01 -1.327173e+02 -9.100000e+00
      vertex   9.632917e+01 -1.327173e+02 1.900000e+00
      vertex   9.752137e+01 -1.331220e+02 -9.100000e+00
    endloop
  endfacet
  facet normal 3.214395e-01 9.469301e-01 -0.000000e+00
    outer loop
      vertex   9.752137e+01 -1.331220e+02 -9.100000e+00
      vertex   9.632917e+01 -1.327173e+02 1.900000e+00
      vertex   9.752137e+01 -1.331220e+02 1.900000e+00
    endloop
  endfacet
  facet normal 1.950903e-01 9.807853e-01 -0.000000e+00
    outer loop
      vertex   9.752137e+01 -1.331220e+02 -9.100000e+00
      vertex   9.752137e+01 -1.331220e+02 1.900000e+00
      vertex   9.875619e+01 -1.333677e+02 -9.100000e+00
    endloop
  endfacet
  facet normal 1.950903e-01 9.807853e-01 -0.000000e+00
    outer loop
      vertex   9.875619e+01 -1.333677e+02 -9.100000e+00
      vertex   9.752137e+01 -1.331220e+02 1.900000e+00
      vertex   9.875619e+01 -1.333677e+02 1.900000e+00
    endloop
  endfacet
  facet normal 6.540316e-02 9.978589e-01 -0.000000e+00
    outer loop
      vertex   9.875619e+01 -1.333677e+02 -9.100000e+00
      vertex   9.875619e+01 -1.333677e+02 1.900000e+00
      vertex   1.000125e+02 -1.334500e+02 -9.100000e+00
    endloop
  endfacet
  facet normal 6.540316e-02 9.978589e-01 -0.000000e+00
    outer loop
      vertex   1.000125e+02 -1.334500e+02 -9.100000e+00
      vertex   9.875619e+01 -1.333677e+02 1.900000e+00
      vertex   1.000125e+02 -1.334500e+02 1.900000e+00
    endloop
  endfacet
  facet normal 9.946355e-16 1.000000e+00 7.967930e-15
    outer loop
      vertex   1.571625e+02 -1.334500e+02 1.900000e+00
      vertex   1.282259e+02 -1.334500e+02 -1.621873e+00
      vertex   1.000125e+02 -1.334500e+02 1.900000e+00
    endloop
  endfacet
  facet normal 0.000000e+00 1.000000e+00 0.000000e+00
    outer loop
      vertex   1.000125e+02 -1.334500e+02 1.900000e+00
      vertex   1.282259e+02 -1.334500e+02 -1.621873e+00
      vertex   1.275237e+02 -1.334500e+02 -1.794951e+00
    endloop
  endfacet
  facet normal 0.000000e+00 1.000000e+00 0.000000e+00
    outer loop
      vertex   1.000125e+02 -1.334500e+02 1.900000e+00
      vertex   1.275237e+02 -1.334500e+02 -1.794951e+00
      vertex   1.268833e+02 -1.334500e+02 -2.131048e+00
    endloop
  endfacet
  facet normal 2.215066e-15 1.000000e+00 -0.000000e+00
    outer loop
      vertex   1.571625e+02 -1.334500e+02 -9.100000e+00
      vertex   1.315003e+02 -1.334500e+02 -3.882053e+00
      vertex   1.571625e+02 -1.334500e+02 1.900000e+00
    endloop
  endfacet
  facet normal 2.040689e-15 1.000000e+00 7.739311e-16
    outer loop
      vertex   1.571625e+02 -1.334500e+02 1.900000e+00
      vertex   1.315003e+02 -1.334500e+02 -3.882053e+00
      vertex   1.312439e+02 -1.334500e+02 -3.205830e+00
    endloop
  endfacet
  facet normal 1.930630e-15 1.000000e+00 1.332618e-15
    outer loop
      vertex   1.571625e+02 -1.334500e+02 1.900000e+00
      vertex   1.312439e+02 -1.334500e+02 -3.205830e+00
      vertex   1.308330e+02 -1.334500e+02 -2.610632e+00
    endloop
  endfacet
  facet normal 9.946355e-16 1.000000e+00 -1.891181e-14
    outer loop
      vertex   1.000125e+02 -1.334500e+02 -9.100000e+00
      vertex   1.289491e+02 -1.334500e+02 -7.578127e+00
      vertex   1.571625e+02 -1.334500e+02 -9.100000e+00
    endloop
  endfacet
  facet normal 1.653008e-15 1.000000e+00 -6.706516e-15
    outer loop
      vertex   1.571625e+02 -1.334500e+02 -9.100000e+00
      vertex   1.289491e+02 -1.334500e+02 -7.578127e+00
      vertex   1.296513e+02 -1.334500e+02 -7.405049e+00
    endloop
  endfacet
  facet normal 1.849129e-15 1.000000e+00 -3.523221e-15
    outer loop
      vertex   1.571625e+02 -1.334500e+02 -9.100000e+00
      vertex   1.296513e+02 -1.334500e+02 -7.405049e+00
      vertex   1.302917e+02 -1.334500e+02 -7.068952e+00
    endloop
  endfacet
  facet normal 0.000000e+00 1.000000e+00 0.000000e+00
    outer loop
      vertex   1.000125e+02 -1.334500e+02 1.900000e+00
      vertex   1.256747e+02 -1.334500e+02 -3.882053e+00
      vertex   1.000125e+02 -1.334500e+02 -9.100000e+00
    endloop
  endfacet
  facet normal 0.000000e+00 1.000000e+00 0.000000e+00
    outer loop
      vertex   1.000125e+02 -1.334500e+02 -9.100000e+00
      vertex   1.256747e+02 -1.334500e+02 -3.882053e+00
      vertex   1.255875e+02 -1.334500e+02 -4.600000e+00
    endloop
  endfacet
  facet normal 0.000000e+00 1.000000e+00 0.000000e+00
    outer loop
      vertex   1.000125e+02 -1.334500e+02 -9.100000e+00
      vertex   1.255875e+02 -1.334500e+02 -4.600000e+00
      vertex   1.256747e+02 -1.334500e+02 -5.317947e+00
    endloop
  endfacet
  facet normal 0.000000e+00 1.000000e+00 0.000000e+00
    outer loop
      vertex   1.256747e+02 -1.334500e+02 -5.317947e+00
      vertex   1.259311e+02 -1.334500e+02 -5.994170e+00
      vertex   1.000125e+02 -1.334500e+02 -9.100000e+00
    endloop
  endfacet
  facet normal 0.000000e+00 1.000000e+00 0.000000e+00
    outer loop
      vertex   1.000125e+02 -1.334500e+02 -9.100000e+00
      vertex   1.259311e+02 -1.334500e+02 -5.994170e+00
      vertex   1.263420e+02 -1.334500e+02 -6.589368e+00
    endloop
  endfacet
  facet normal 0.000000e+00 1.000000e+00 0.000000e+00
    outer loop
      vertex   1.000125e+02 -1.334500e+02 -9.100000e+00
      vertex   1.263420e+02 -1.334500e+02 -6.589368e+00
      vertex   1.268833e+02 -1.334500e+02 -7.068952e+00
    endloop
  endfacet
  facet normal 0.000000e+00 1.000000e+00 0.000000e+00
    outer loop
      vertex   1.268833e+02 -1.334500e+02 -7.068952e+00
      vertex   1.275237e+02 -1.334500e+02 -7.405049e+00
      vertex   1.000125e+02 -1.334500e+02 -9.100000e+00
    endloop
  endfacet
  facet normal 0.000000e+00 1.000000e+00 0.000000e+00
    outer loop
      vertex   1.000125e+02 -1.334500e+02 -9.100000e+00
      vertex   1.275237e+02 -1.334500e+02 -7.405049e+00
      vertex   1.282259e+02 -1.334500e+02 -7.578127e+00
    endloop
  endfacet
  facet normal 0.000000e+00 1.000000e+00 0.000000e+00
    outer loop
      vertex   1.000125e+02 -1.334500e+02 -9.100000e+00
      vertex   1.282259e+02 -1.334500e+02 -7.578127e+00
      vertex   1.289491e+02 -1.334500e+02 -7.578127e+00
    endloop
  endfacet
  facet normal 1.949136e-15 1.000000e+00 -2.200120e-15
    outer loop
      vertex   1.302917e+02 -1.334500e+02 -7.068952e+00
      vertex   1.308330e+02 -1.334500e+02 -6.589368e+00
      vertex   1.571625e+02 -1.334500e+02 -9.100000e+00
    endloop
  endfacet
  facet normal 2.025606e-15 1.000000e+00 -1.398175e-15
    outer loop
      vertex   1.571625e+02 -1.334500e+02 -9.100000e+00
      vertex   1.308330e+02 -1.334500e+02 -6.589368e+00
      vertex   1.312439e+02 -1.334500e+02 -5.994170e+00
    endloop
  endfacet
  facet normal 2.097813e-15 1.000000e+00 -7.955954e-16
    outer loop
      vertex   1.571625e+02 -1.334500e+02 -9.100000e+00
      vertex   1.312439e+02 -1.334500e+02 -5.994170e+00
      vertex   1.315003e+02 -1.334500e+02 -5.317947e+00
    endloop
  endfacet
  facet normal 2.176125e-15 1.000000e+00 -2.642294e-16
    outer loop
      vertex   1.315003e+02 -1.334500e+02 -5.317947e+00
      vertex   1.315875e+02 -1.334500e+02 -4.600000e+00
      vertex   1.571625e+02 -1.334500e+02 -9.100000e+00
    endloop
  endfacet
  facet normal 2.271138e-15 1.000000e+00 2.757661e-16
    outer loop
      vertex   1.571625e+02 -1.334500e+02 -9.100000e+00
      vertex   1.315875e+02 -1.334500e+02 -4.600000e+00
      vertex   1.315003e+02 -1.334500e+02 -3.882053e+00
    endloop
  endfacet
  facet normal 1.809095e-15 1.000000e+00 2.042046e-15
    outer loop
      vertex   1.308330e+02 -1.334500e+02 -2.610632e+00
      vertex   1.302917e+02 -1.334500e+02 -2.131048e+00
      vertex   1.571625e+02 -1.334500e+02 1.900000e+00
    endloop
  endfacet
  facet normal 1.645188e-15 1.000000e+00 3.134643e-15
    outer loop
      vertex   1.571625e+02 -1.334500e+02 1.900000e+00
      vertex   1.302917e+02 -1.334500e+02 -2.131048e+00
      vertex   1.296513e+02 -1.334500e+02 -1.794951e+00
    endloop
  endfacet
  facet normal 1.337423e-15 1.000000e+00 5.426139e-15
    outer loop
      vertex   1.571625e+02 -1.334500e+02 1.900000e+00
      vertex   1.296513e+02 -1.334500e+02 -1.794951e+00
      vertex   1.289491e+02 -1.334500e+02 -1.621873e+00
    endloop
  endfacet
  facet normal 9.910743e-30 1.000000e+00 1.614011e-14
    outer loop
      vertex   1.289491e+02 -1.334500e+02 -1.621873e+00
      vertex   1.282259e+02 -1.334500e+02 -1.621873e+00
      vertex   1.571625e+02 -1.334500e+02 1.900000e+00
    endloop
  endfacet
  facet normal 0.000000e+00 1.000000e+00 0.000000e+00
    outer loop
      vertex   1.268833e+02 -1.334500e+02 -2.131048e+00
      vertex   1.263420e+02 -1.334500e+02 -2.610632e+00
      vertex   1.000125e+02 -1.334500e+02 1.900000e+00
    endloop
  endfacet
  facet normal 0.000000e+00 1.000000e+00 0.000000e+00
    outer loop
      vertex   1.000125e+02 -1.334500e+02 1.900000e+00
      vertex   1.263420e+02 -1.334500e+02 -2.610632e+00
      vertex   1.259311e+02 -1.334500e+02 -3.205830e+00
    endloop
  endfacet
  facet normal 0.000000e+00 1.000000e+00 0.000000e+00
    outer loop
      vertex   1.000125e+02 -1.334500e+02 1.900000e+00
      vertex   1.259311e+02 -1.334500e+02 -3.205830e+00
      vertex   1.256747e+02 -1.334500e+02 -3.882053e+00
    endloop
  endfacet
  facet normal -6.540316e-02 9.978589e-01 0.000000e+00
    outer loop
      vertex   1.571625e+02 -1.334500e+02 -9.100000e+00
      vertex   1.571625e+02 -1.334500e+02 1.900000e+00
      vertex   1.584188e+02 -1.333677e+02 -9.100000e+00
    endloop
  endfacet
  facet normal -6.540316e-02 9.978589e-01 0.000000e+00
    outer loop
      vertex   1.584188e+02 -1.333677e+02 -9.100000e+00
      vertex   1.571625e+02 -1.334500e+02 1.900000e+00
      vertex   1.584188e+02 -1.333677e+02 1.900000e+00
    endloop
  endfacet
  facet normal -1.950904e-01 9.807853e-01 0.000000e+00
    outer loop
      vertex   1.584188e+02 -1.333677e+02 -9.100000e+00
      vertex   1.584188e+02 -1.333677e+02 1.900000e+00
      vertex   1.596536e+02 -1.331220e+02 -9.100000e+00
    endloop
  endfacet
  facet normal -1.950904e-01 9.807853e-01 0.000000e+00
    outer loop
      vertex   1.596536e+02 -1.331220e+02 -9.100000e+00
      vertex   1.584188e+02 -1.333677e+02 1.900000e+00
      vertex   1.596536e+02 -1.331220e+02 1.900000e+00
    endloop
  endfacet
  facet normal -3.214395e-01 9.469301e-01 0.000000e+00
    outer loop
      vertex   1.596536e+02 -1.331220e+02 -9.100000e+00
      vertex   1.596536e+02 -1.331220e+02 1.900000e+00
      vertex   1.608458e+02 -1.327173e+02 -9.100000e+00
    endloop
  endfacet
  facet normal -3.214395e-01 9.469301e-01 0.000000e+00
    outer loop
      vertex   1.608458e+02 -1.327173e+02 -9.100000e+00
      vertex   1.596536e+02 -1.331220e+02 1.900000e+00
      vertex   1.608458e+02 -1.327173e+02 1.900000e+00
    endloop
  endfacet
  facet normal -4.422887e-01 8.968727e-01 0.000000e+00
    outer loop
      vertex   1.608458e+02 -1.327173e+02 -9.100000e+00
      vertex   1.608458e+02 -1.327173e+02 1.900000e+00
      vertex   1.619750e+02 -1.321605e+02 -9.100000e+00
    endloop
  endfacet
  facet normal -4.422887e-01 8.968727e-01 0.000000e+00
    outer loop
      vertex   1.619750e+02 -1.321605e+02 -9.100000e+00
      vertex   1.608458e+02 -1.327173e+02 1.900000e+00
      vertex   1.619750e+02 -1.321605e+02 1.900000e+00
    endloop
  endfacet
  facet normal -5.555702e-01 8.314696e-01 0.000000e+00
    outer loop
      vertex   1.619750e+02 -1.321605e+02 -9.100000e+00
      vertex   1.619750e+02 -1.321605e+02 1.900000e+00
      vertex   1.630218e+02 -1.314610e+02 -9.100000e+00
    endloop
  endfacet
  facet normal -5.555702e-01 8.314696e-01 0.000000e+00
    outer loop
      vertex   1.630218e+02 -1.314610e+02 -9.100000e+00
      vertex   1.619750e+02 -1.321605e+02 1.900000e+00
      vertex   1.630218e+02 -1.314610e+02 1.900000e+00
    endloop
  endfacet
  facet normal -6.593458e-01 7.518398e-01 0.000000e+00
    outer loop
      vertex   1.630218e+02 -1.314610e+02 -9.100000e+00
      vertex   1.630218e+02 -1.314610e+02 1.900000e+00
      vertex   1.639684e+02 -1.306309e+02 -9.100000e+00
    endloop
  endfacet
  facet normal -6.593458e-01 7.518398e-01 0.000000e+00
    outer loop
      vertex   1.639684e+02 -1.306309e+02 -9.100000e+00
      vertex   1.630218e+02 -1.314610e+02 1.900000e+00
      vertex   1.639684e+02 -1.306309e+02 1.900000e+00
    endloop
  endfacet
  facet normal -7.518398e-01 6.593458e-01 0.000000e+00
    outer loop
      vertex   1.639684e+02 -1.306309e+02 -9.100000e+00
      vertex   1.639684e+02 -1.306309e+02 1.900000e+00
      vertex   1.647985e+02 -1.296843e+02 -9.100000e+00
    endloop
  endfacet
  facet normal -7.518398e-01 6.593458e-01 0.000000e+00
    outer loop
      vertex   1.647985e+02 -1.296843e+02 -9.100000e+00
      vertex   1.639684e+02 -1.306309e+02 1.900000e+00
      vertex   1.647985e+02 -1.296843e+02 1.900000e+00
    endloop
  endfacet
  facet normal -8.314696e-01 5.555702e-01 0.000000e+00
    outer loop
      vertex   1.647985e+02 -1.296843e+02 -9.100000e+00
      vertex   1.647985e+02 -1.296843e+02 1.900000e+00
      vertex   1.654980e+02 -1.286375e+02 -9.100000e+00
    endloop
  endfacet
  facet normal -8.314696e-01 5.555702e-01 0.000000e+00
    outer loop
      vertex   1.654980e+02 -1.286375e+02 -9.100000e+00
      vertex   1.647985e+02 -1.296843e+02 1.900000e+00
      vertex   1.654980e+02 -1.286375e+02 1.900000e+00
    endloop
  endfacet
  facet normal -8.968727e-01 4.422887e-01 0.000000e+00
    outer loop
      vertex   1.654980e+02 -1.286375e+02 -9.100000e+00
      vertex   1.654980e+02 -1.286375e+02 1.900000e+00
      vertex   1.660548e+02 -1.275083e+02 -9.100000e+00
    endloop
  endfacet
  facet normal -8.968727e-01 4.422887e-01 0.000000e+00
    outer loop
      vertex   1.660548e+02 -1.275083e+02 -9.100000e+00
      vertex   1.654980e+02 -1.286375e+02 1.900000e+00
      vertex   1.660548e+02 -1.275083e+02 1.900000e+00
    endloop
  endfacet
  facet normal -9.469301e-01 3.214395e-01 0.000000e+00
    outer loop
      vertex   1.660548e+02 -1.275083e+02 -9.100000e+00
      vertex   1.660548e+02 -1.275083e+02 1.900000e+00
      vertex   1.664595e+02 -1.263161e+02 -9.100000e+00
    endloop
  endfacet
  facet normal -9.469301e-01 3.214395e-01 0.000000e+00
    outer loop
      vertex   1.664595e+02 -1.263161e+02 -9.100000e+00
      vertex   1.660548e+02 -1.275083e+02 1.900000e+00
      vertex   1.664595e+02 -1.263161e+02 1.900000e+00
    endloop
  endfacet
  facet normal -9.807853e-01 1.950903e-01 0.000000e+00
    outer loop
      vertex   1.664595e+02 -1.263161e+02 -9.100000e+00
      vertex   1.664595e+02 -1.263161e+02 1.900000e+00
      vertex   1.667052e+02 -1.250813e+02 -9.100000e+00
    endloop
  endfacet
  facet normal -9.807853e-01 1.950903e-01 2.520364e-16
    outer loop
      vertex   1.667052e+02 -1.250813e+02 -9.100000e+00
      vertex   1.664595e+02 -1.263161e+02 1.900000e+00
      vertex   1.667052e+02 -1.250813e+02 1.900000e+00
    endloop
  endfacet
  facet normal -9.978589e-01 6.540315e-02 8.449406e-17
    outer loop
      vertex   1.667052e+02 -1.250813e+02 -9.100000e+00
      vertex   1.667052e+02 -1.250813e+02 1.900000e+00
      vertex   1.667875e+02 -1.238250e+02 -9.100000e+00
    endloop
  endfacet
  facet normal -9.978589e-01 6.540315e-02 0.000000e+00
    outer loop
      vertex   1.667875e+02 -1.238250e+02 -9.100000e+00
      vertex   1.667052e+02 -1.250813e+02 1.900000e+00
      vertex   1.667875e+02 -1.238250e+02 1.900000e+00
    endloop
  endfacet
  facet normal -1.000000e+00 -6.630903e-16 -0.000000e+00
    outer loop
      vertex   1.667875e+02 -1.238250e+02 1.900000e+00
      vertex   1.667875e+02 -3.810000e+01 1.900000e+00
      vertex   1.667875e+02 -1.238250e+02 -9.100000e+00
    endloop
  endfacet
  facet normal -1.000000e+00 -6.630903e-16 8.566437e-31
    outer loop
      vertex   1.667875e+02 -1.238250e+02 -9.100000e+00
      vertex   1.667875e+02 -3.810000e+01 1.900000e+00
      vertex   1.667875e+02 -3.810000e+01 -9.100000e+00
    endloop
  endfacet
  facet normal 0.000000e+00 -0.000000e+00 -1.000000e+00
    outer loop
      vertex   9.038750e+01 -3.810000e+01 1.900000e+00
      vertex   9.138750e+01 -3.810000e+01 1.900000e+00
      vertex   9.038750e+01 -1.238250e+02 1.900000e+00
    endloop
  endfacet
  facet normal 0.000000e+00 0.000000e+00 -1.000000e+00
    outer loop
      vertex   9.038750e+01 -1.238250e+02 1.900000e+00
      vertex   9.138750e+01 -3.810000e+01 1.900000e+00
      vertex   9.138750e+01 -1.238250e+02 1.900000e+00
    endloop
  endfacet
  facet normal 0.000000e+00 0.000000e+00 -1.000000e+00
    outer loop
      vertex   9.038750e+01 -1.238250e+02 1.900000e+00
      vertex   9.138750e+01 -1.238250e+02 1.900000e+00
      vertex   9.046984e+01 -1.250813e+02 1.900000e+00
    endloop
  endfacet
  facet normal 0.000000e+00 0.000000e+00 -1.000000e+00
    outer loop
      vertex   9.046984e+01 -1.250813e+02 1.900000e+00
      vertex   9.138750e+01 -1.238250e+02 1.900000e+00
      vertex   9.146129e+01 -1.249508e+02 1.900000e+00
    endloop
  endfacet
  facet normal 0.000000e+00 0.000000e+00 -1.000000e+00
    outer loop
      vertex   9.046984e+01 -1.250813e+02 1.900000e+00
      vertex   9.146129e+01 -1.249508e+02 1.900000e+00
      vertex   9.071546e+01 -1.263161e+02 1.900000e+00
    endloop
  endfacet
  facet normal 0.000000e+00 0.000000e+00 -1.000000e+00
    outer loop
      vertex   9.071546e+01 -1.263161e+02 1.900000e+00
      vertex   9.146129e+01 -1.249508e+02 1.900000e+00
      vertex   9.168139e+01 -1.260573e+02 1.900000e+00
    endloop
  endfacet
  facet normal 0.000000e+00 0.000000e+00 -1.000000e+00
    outer loop
      vertex   9.071546e+01 -1.263161e+02 1.900000e+00
      vertex   9.168139e+01 -1.260573e+02 1.900000e+00
      vertex   9.112016e+01 -1.275083e+02 1.900000e+00
    endloop
  endfacet
  facet normal 0.000000e+00 0.000000e+00 -1.000000e+00
    outer loop
      vertex   9.112016e+01 -1.275083e+02 1.900000e+00
      vertex   9.168139e+01 -1.260573e+02 1.900000e+00
      vertex   9.204404e+01 -1.271256e+02 1.900000e+00
    endloop
  endfacet
  facet normal 0.000000e+00 0.000000e+00 -1.000000e+00
    outer loop
      vertex   9.112016e+01 -1.275083e+02 1.900000e+00
      vertex   9.204404e+01 -1.271256e+02 1.900000e+00
      vertex   9.167701e+01 -1.286375e+02 1.900000e+00
    endloop
  endfacet
  facet normal 0.000000e+00 0.000000e+00 -1.000000e+00
    outer loop
      vertex   9.167701e+01 -1.286375e+02 1.900000e+00
      vertex   9.204404e+01 -1.271256e+02 1.900000e+00
      vertex   9.254303e+01 -1.281375e+02 1.900000e+00
    endloop
  endfacet
  facet normal 0.000000e+00 0.000000e+00 -1.000000e+00
    outer loop
      vertex   9.167701e+01 -1.286375e+02 1.900000e+00
      vertex   9.254303e+01 -1.281375e+02 1.900000e+00
      vertex   9.237647e+01 -1.296843e+02 1.900000e+00
    endloop
  endfacet
  facet normal 0.000000e+00 0.000000e+00 -1.000000e+00
    outer loop
      vertex   9.237647e+01 -1.296843e+02 1.900000e+00
      vertex   9.254303e+01 -1.281375e+02 1.900000e+00
      vertex   9.316983e+01 -1.290756e+02 1.900000e+00
    endloop
  endfacet
  facet normal 0.000000e+00 0.000000e+00 -1.000000e+00
    outer loop
      vertex   9.237647e+01 -1.296843e+02 1.900000e+00
      vertex   9.316983e+01 -1.290756e+02 1.900000e+00
      vertex   9.320660e+01 -1.306309e+02 1.900000e+00
    endloop
  endfacet
  facet normal 0.000000e+00 0.000000e+00 -1.000000e+00
    outer loop
      vertex   9.320660e+01 -1.306309e+02 1.900000e+00
      vertex   9.316983e+01 -1.290756e+02 1.900000e+00
      vertex   9.391370e+01 -1.299238e+02 1.900000e+00
    endloop
  endfacet
  facet normal 0.000000e+00 0.000000e+00 -1.000000e+00
    outer loop
      vertex   9.320660e+01 -1.306309e+02 1.900000e+00
      vertex   9.391370e+01 -1.299238e+02 1.900000e+00
      vertex   9.415317e+01 -1.314610e+02 1.900000e+00
    endloop
  endfacet
  facet normal 0.000000e+00 0.000000e+00 -1.000000e+00
    outer loop
      vertex   9.415317e+01 -1.314610e+02 1.900000e+00
      vertex   9.391370e+01 -1.299238e+02 1.900000e+00
      vertex   9.476193e+01 -1.306677e+02 1.900000e+00
    endloop
  endfacet
  facet normal 0.000000e+00 0.000000e+00 -1.000000e+00
    outer loop
      vertex   9.415317e+01 -1.314610e+02 1.900000e+00
      vertex   9.476193e+01 -1.306677e+02 1.900000e+00
      vertex   9.520000e+01 -1.321605e+02 1.900000e+00
    endloop
  endfacet
  facet normal 0.000000e+00 0.000000e+00 -1.000000e+00
    outer loop
      vertex   9.520000e+01 -1.321605e+02 1.900000e+00
      vertex   9.476193e+01 -1.306677e+02 1.900000e+00
      vertex   9.570000e+01 -1.312945e+02 1.900000e+00
    endloop
  endfacet
  facet normal 0.000000e+00 0.000000e+00 -1.000000e+00
    outer loop
      vertex   9.520000e+01 -1.321605e+02 1.900000e+00
      vertex   9.570000e+01 -1.312945e+02 1.900000e+00
      vertex   9.632917e+01 -1.327173e+02 1.900000e+00
    endloop
  endfacet
  facet normal 0.000000e+00 0.000000e+00 -1.000000e+00
    outer loop
      vertex   9.632917e+01 -1.327173e+02 1.900000e+00
      vertex   9.570000e+01 -1.312945e+02 1.900000e+00
      vertex   9.671186e+01 -1.317935e+02 1.900000e+00
    endloop
  endfacet
  facet normal 0.000000e+00 0.000000e+00 -1.000000e+00
    outer loop
      vertex   9.632917e+01 -1.327173e+02 1.900000e+00
      vertex   9.671186e+01 -1.317935e+02 1.900000e+00
      vertex   9.752137e+01 -1.331220e+02 1.900000e+00
    endloop
  endfacet
  facet normal 0.000000e+00 0.000000e+00 -1.000000e+00
    outer loop
      vertex   9.752137e+01 -1.331220e+02 1.900000e+00
      vertex   9.671186e+01 -1.317935e+02 1.900000e+00
      vertex   9.778019e+01 -1.321561e+02 1.900000e+00
    endloop
  endfacet
  facet normal 0.000000e+00 0.000000e+00 -1.000000e+00
    outer loop
      vertex   9.752137e+01 -1.331220e+02 1.900000e+00
      vertex   9.778019e+01 -1.321561e+02 1.900000e+00
      vertex   9.875619e+01 -1.333677e+02 1.900000e+00
    endloop
  endfacet
  facet normal 0.000000e+00 0.000000e+00 -1.000000e+00
    outer loop
      vertex   9.875619e+01 -1.333677e+02 1.900000e+00
      vertex   9.778019e+01 -1.321561e+02 1.900000e+00
      vertex   9.888671e+01 -1.323762e+02 1.900000e+00
    endloop
  endfacet
  facet normal 0.000000e+00 0.000000e+00 -1.000000e+00
    outer loop
      vertex   9.875619e+01 -1.333677e+02 1.900000e+00
      vertex   9.888671e+01 -1.323762e+02 1.900000e+00
      vertex   1.000125e+02 -1.334500e+02 1.900000e+00
    endloop
  endfacet
  facet normal 0.000000e+00 0.000000e+00 -1.000000e+00
    outer loop
      vertex   1.000125e+02 -1.334500e+02 1.900000e+00
      vertex   9.888671e+01 -1.323762e+02 1.900000e+00
      vertex   1.000125e+02 -1.324500e+02 1.900000e+00
    endloop
  endfacet
  facet normal 0.000000e+00 0.000000e+00 -1.000000e+00
    outer loop
      vertex   1.000125e+02 -1.334500e+02 1.900000e+00
      vertex   1.000125e+02 -1.324500e+02 1.900000e+00
      vertex   1.571625e+02 -1.334500e+02 1.900000e+00
    endloop
  endfacet
  facet normal 0.000000e+00 0.000000e+00 -1.000000e+00
    outer loop
      vertex   1.571625e+02 -1.334500e+02 1.900000e+00
      vertex   1.000125e+02 -1.324500e+02 1.900000e+00
      vertex   1.571625e+02 -1.324500e+02 1.900000e+00
    endloop
  endfacet
  facet normal 0.000000e+00 0.000000e+00 -1.000000e+00
    outer loop
      vertex   1.571625e+02 -1.334500e+02 1.900000e+00
      vertex   1.571625e+02 -1.324500e+02 1.900000e+00
      vertex   1.582883e+02 -1.323762e+02 1.900000e+00
    endloop
  endfacet
  facet normal 0.000000e+00 0.000000e+00 -1.000000e+00
    outer loop
      vertex   9.038750e+01 -3.810000e+01 1.900000e+00
      vertex   9.038767e+01 -3.804331e+01 1.900000e+00
      vertex   9.138750e+01 -3.810000e+01 1.900000e+00
    endloop
  endfacet
  facet normal 0.000000e+00 0.000000e+00 -1.000000e+00
    outer loop
      vertex   9.138750e+01 -3.810000e+01 1.900000e+00
      vertex   9.038767e+01 -3.804331e+01 1.900000e+00
      vertex   9.038816e+01 -3.798663e+01 1.900000e+00
    endloop
  endfacet
  facet normal 0.000000e+00 0.000000e+00 -1.000000e+00
    outer loop
      vertex   9.138750e+01 -3.810000e+01 1.900000e+00
      vertex   9.038816e+01 -3.798663e+01 1.900000e+00
      vertex   9.038899e+01 -3.792995e+01 1.900000e+00
    endloop
  endfacet
  facet normal 0.000000e+00 0.000000e+00 -1.000000e+00
    outer loop
      vertex   9.038899e+01 -3.792995e+01 1.900000e+00
      vertex   9.039015e+01 -3.787327e+01 1.900000e+00
      vertex   9.138750e+01 -3.810000e+01 1.900000e+00
    endloop
  endfacet
  facet normal 0.000000e+00 0.000000e+00 -1.000000e+00
    outer loop
      vertex   9.138750e+01 -3.810000e+01 1.900000e+00
      vertex   9.039015e+01 -3.787327e+01 1.900000e+00
      vertex   9.045683e+01 -3.694205e+01 1.900000e+00
    endloop
  endfacet
  facet normal 0.000000e+00 0.000000e+00 -1.000000e+00
    outer loop
      vertex   9.138750e+01 -3.810000e+01 1.900000e+00
      vertex   9.045683e+01 -3.694205e+01 1.900000e+00
      vertex   9.146129e+01 -3.697421e+01 1.900000e+00
    endloop
  endfacet
  facet normal 0.000000e+00 0.000000e+00 -1.000000e+00
    outer loop
      vertex   9.146129e+01 -3.697421e+01 1.900000e+00
      vertex   9.045683e+01 -3.694205e+01 1.900000e+00
      vertex   9.061223e+01 -3.602365e+01 1.900000e+00
    endloop
  endfacet
  facet normal 0.000000e+00 0.000000e+00 -1.000000e+00
    outer loop
      vertex   9.146129e+01 -3.697421e+01 1.900000e+00
      vertex   9.061223e+01 -3.602365e+01 1.900000e+00
      vertex   9.168139e+01 -3.586769e+01 1.900000e+00
    endloop
  endfacet
  facet normal -0.000000e+00 0.000000e+00 -1.000000e+00
    outer loop
      vertex   9.168139e+01 -3.586769e+01 1.900000e+00
      vertex   9.061223e+01 -3.602365e+01 1.900000e+00
      vertex   9.085498e+01 -3.512445e+01 1.900000e+00
    endloop
  endfacet
  facet normal 0.000000e+00 0.000000e+00 -1.000000e+00
    outer loop
      vertex   9.168139e+01 -3.586769e+01 1.900000e+00
      vertex   9.085498e+01 -3.512445e+01 1.900000e+00
      vertex   9.204404e+01 -3.479936e+01 1.900000e+00
    endloop
  endfacet
  facet normal -0.000000e+00 0.000000e+00 -1.000000e+00
    outer loop
      vertex   9.204404e+01 -3.479936e+01 1.900000e+00
      vertex   9.085498e+01 -3.512445e+01 1.900000e+00
      vertex   9.118371e+01 -3.425084e+01 1.900000e+00
    endloop
  endfacet
  facet normal 0.000000e+00 0.000000e+00 -1.000000e+00
    outer loop
      vertex   9.204404e+01 -3.479936e+01 1.900000e+00
      vertex   9.118371e+01 -3.425084e+01 1.900000e+00
      vertex   9.159513e+01 -3.341267e+01 1.900000e+00
    endloop
  endfacet
  facet normal 0.000000e+00 0.000000e+00 -1.000000e+00
    outer loop
      vertex   9.204404e+01 -3.479936e+01 1.900000e+00
      vertex   9.159513e+01 -3.341267e+01 1.900000e+00
      vertex   9.254303e+01 -3.378750e+01 1.900000e+00
    endloop
  endfacet
  facet normal 0.000000e+00 0.000000e+00 -1.000000e+00
    outer loop
      vertex   9.254303e+01 -3.378750e+01 1.900000e+00
      vertex   9.159513e+01 -3.341267e+01 1.900000e+00
      vertex   9.208410e+01 -3.261992e+01 1.900000e+00
    endloop
  endfacet
  facet normal 0.000000e+00 0.000000e+00 -1.000000e+00
    outer loop
      vertex   9.254303e+01 -3.378750e+01 1.900000e+00
      vertex   9.208410e+01 -3.261992e+01 1.900000e+00
      vertex   9.316983e+01 -3.284943e+01 1.900000e+00
    endloop
  endfacet
  facet normal 0.000000e+00 0.000000e+00 -1.000000e+00
    outer loop
      vertex   9.316983e+01 -3.284943e+01 1.900000e+00
      vertex   9.208410e+01 -3.261992e+01 1.900000e+00
      vertex   9.264698e+01 -3.187803e+01 1.900000e+00
    endloop
  endfacet
  facet normal 0.000000e+00 0.000000e+00 -1.000000e+00
    outer loop
      vertex   9.316983e+01 -3.284943e+01 1.900000e+00
      vertex   9.264698e+01 -3.187803e+01 1.900000e+00
      vertex   9.328009e+01 -3.119243e+01 1.900000e+00
    endloop
  endfacet
  facet normal 0.000000e+00 0.000000e+00 -1.000000e+00
    outer loop
      vertex   9.316983e+01 -3.284943e+01 1.900000e+00
      vertex   9.328009e+01 -3.119243e+01 1.900000e+00
      vertex   9.391370e+01 -3.200120e+01 1.900000e+00
    endloop
  endfacet
  facet normal 0.000000e+00 0.000000e+00 -1.000000e+00
    outer loop
      vertex   9.391370e+01 -3.200120e+01 1.900000e+00
      vertex   9.328009e+01 -3.119243e+01 1.900000e+00
      vertex   9.397688e+01 -3.057091e+01 1.900000e+00
    endloop
  endfacet
  facet normal 0.000000e+00 0.000000e+00 -1.000000e+00
    outer loop
      vertex   9.391370e+01 -3.200120e+01 1.900000e+00
      vertex   9.397688e+01 -3.057091e+01 1.900000e+00
      vertex   9.476193e+01 -3.125733e+01 1.900000e+00
    endloop
  endfacet
  facet normal 0.000000e+00 0.000000e+00 -1.000000e+00
    outer loop
      vertex   9.476193e+01 -3.125733e+01 1.900000e+00
      vertex   9.397688e+01 -3.057091e+01 1.900000e+00
      vertex   9.472857e+01 -3.002107e+01 1.900000e+00
    endloop
  endfacet
  facet normal 0.000000e+00 0.000000e+00 -1.000000e+00
    outer loop
      vertex   9.476193e+01 -3.125733e+01 1.900000e+00
      vertex   9.472857e+01 -3.002107e+01 1.900000e+00
      vertex   9.570000e+01 -3.063053e+01 1.900000e+00
    endloop
  endfacet
  facet normal 0.000000e+00 0.000000e+00 -1.000000e+00
    outer loop
      vertex   9.570000e+01 -3.063053e+01 1.900000e+00
      vertex   9.472857e+01 -3.002107e+01 1.900000e+00
      vertex   9.552969e+01 -2.954658e+01 1.900000e+00
    endloop
  endfacet
  facet normal 0.000000e+00 0.000000e+00 -1.000000e+00
    outer loop
      vertex   9.570000e+01 -3.063053e+01 1.900000e+00
      vertex   9.552969e+01 -2.954658e+01 1.900000e+00
      vertex   9.637478e+01 -2.915110e+01 1.900000e+00
    endloop
  endfacet
  facet normal 0.000000e+00 0.000000e+00 -1.000000e+00
    outer loop
      vertex   9.570000e+01 -3.063053e+01 1.900000e+00
      vertex   9.637478e+01 -2.915110e+01 1.900000e+00
      vertex   9.671186e+01 -3.013154e+01 1.900000e+00
    endloop
  endfacet
  facet normal 0.000000e+00 0.000000e+00 -1.000000e+00
    outer loop
      vertex   9.671186e+01 -3.013154e+01 1.900000e+00
      vertex   9.637478e+01 -2.915110e+01 1.900000e+00
      vertex   9.725489e+01 -2.883931e+01 1.900000e+00
    endloop
  endfacet
  facet normal 0.000000e+00 0.000000e+00 -1.000000e+00
    outer loop
      vertex   9.671186e+01 -3.013154e+01 1.900000e+00
      vertex   9.725489e+01 -2.883931e+01 1.900000e+00
      vertex   9.778019e+01 -2.976889e+01 1.900000e+00
    endloop
  endfacet
  facet normal 0.000000e+00 0.000000e+00 -1.000000e+00
    outer loop
      vertex   9.778019e+01 -2.976889e+01 1.900000e+00
      vertex   9.725489e+01 -2.883931e+01 1.900000e+00
      vertex   9.815887e+01 -2.861500e+01 1.900000e+00
    endloop
  endfacet
  facet normal 0.000000e+00 0.000000e+00 -1.000000e+00
    outer loop
      vertex   9.778019e+01 -2.976889e+01 1.900000e+00
      vertex   9.815887e+01 -2.861500e+01 1.900000e+00
      vertex   9.888671e+01 -2.954879e+01 1.900000e+00
    endloop
  endfacet
  facet normal 0.000000e+00 0.000000e+00 -1.000000e+00
    outer loop
      vertex   9.888671e+01 -2.954879e+01 1.900000e+00
      vertex   9.815887e+01 -2.861500e+01 1.900000e+00
      vertex   9.908022e+01 -2.847948e+01 1.900000e+00
    endloop
  endfacet
  facet normal 0.000000e+00 0.000000e+00 -1.000000e+00
    outer loop
      vertex   9.888671e+01 -2.954879e+01 1.900000e+00
      vertex   9.908022e+01 -2.847948e+01 1.900000e+00
      vertex   1.000125e+02 -2.947500e+01 1.900000e+00
    endloop
  endfacet
  facet normal 0.000000e+00 0.000000e+00 -1.000000e+00
    outer loop
      vertex   1.000125e+02 -2.947500e+01 1.900000e+00
      vertex   9.908022e+01 -2.847948e+01 1.900000e+00
      vertex   1.000125e+02 -2.843402e+01 1.900000e+00
    endloop
  endfacet
  facet normal 0.000000e+00 0.000000e+00 -1.000000e+00
    outer loop
      vertex   1.000125e+02 -2.947500e+01 1.900000e+00
      vertex   1.000125e+02 -2.843402e+01 1.900000e+00
      vertex   1.571625e+02 -2.947500e+01 1.900000e+00
    endloop
  endfacet
  facet normal 0.000000e+00 0.000000e+00 -1.000000e+00
    outer loop
      vertex   1.571625e+02 -2.947500e+01 1.900000e+00
      vertex   1.000125e+02 -2.843402e+01 1.900000e+00
      vertex   1.571625e+02 -2.843402e+01 1.900000e+00
    endloop
  endfacet
  facet normal 1.190948e-15 7.961787e-24 -1.000000e+00
    outer loop
      vertex   1.571625e+02 -2.947500e+01 1.900000e+00
      vertex   1.571625e+02 -2.843402e+01 1.900000e+00
      vertex   1.580947e+02 -2.847948e+01 1.900000e+00
    endloop
  endfacet
  facet normal 6.886824e-17 1.050726e-15 -1.000000e+00
    outer loop
      vertex   1.571625e+02 -2.947500e+01 1.900000e+00
      vertex   1.580947e+02 -2.847948e+01 1.900000e+00
      vertex   1.582883e+02 -2.954879e+01 1.900000e+00
    endloop
  endfacet
  facet normal 1.568799e-16 1.066658e-15 -1.000000e+00
    outer loop
      vertex   1.582883e+02 -2.954879e+01 1.900000e+00
      vertex   1.580947e+02 -2.847948e+01 1.900000e+00
      vertex   1.590159e+02 -2.861496e+01 1.900000e+00
    endloop
  endfacet
  facet normal 2.047520e-16 1.029358e-15 -1.000000e+00
    outer loop
      vertex   1.582883e+02 -2.954879e+01 1.900000e+00
      vertex   1.590159e+02 -2.861496e+01 1.900000e+00
      vertex   1.593948e+02 -2.976889e+01 1.900000e+00
    endloop
  endfacet
  facet normal 2.598605e-16 1.047453e-15 -1.000000e+00
    outer loop
      vertex   1.593948e+02 -2.976889e+01 1.900000e+00
      vertex   1.590159e+02 -2.861496e+01 1.900000e+00
      vertex   1.599196e+02 -2.883916e+01 1.900000e+00
    endloop
  endfacet
  facet normal 3.401739e-16 1.002120e-15 -1.000000e+00
    outer loop
      vertex   1.593948e+02 -2.976889e+01 1.900000e+00
      vertex   1.599196e+02 -2.883916e+01 1.900000e+00
      vertex   1.604631e+02 -3.013154e+01 1.900000e+00
    endloop
  endfacet
  facet normal 3.575053e-16 1.009409e-15 -1.000000e+00
    outer loop
      vertex   1.604631e+02 -3.013154e+01 1.900000e+00
      vertex   1.599196e+02 -2.883916e+01 1.900000e+00
      vertex   1.607994e+02 -2.915076e+01 1.900000e+00
    endloop
  endfacet
  facet normal 4.774984e-16 9.682709e-16 -1.000000e+00
    outer loop
      vertex   1.604631e+02 -3.013154e+01 1.900000e+00
      vertex   1.607994e+02 -2.915076e+01 1.900000e+00
      vertex   1.614750e+02 -3.063053e+01 1.900000e+00
    endloop
  endfacet
  facet normal 1.124185e-16 8.015903e-16 -1.000000e+00
    outer loop
      vertex   1.614750e+02 -3.063053e+01 1.900000e+00
      vertex   1.607994e+02 -2.915076e+01 1.900000e+00
      vertex   1.616448e+02 -2.954633e+01 1.900000e+00
    endloop
  endfacet
  facet normal 6.975622e-16 7.099375e-16 -1.000000e+00
    outer loop
      vertex   1.614750e+02 -3.063053e+01 1.900000e+00
      vertex   1.616448e+02 -2.954633e+01 1.900000e+00
      vertex   1.624461e+02 -3.002083e+01 1.900000e+00
    endloop
  endfacet
  facet normal 5.894340e-16 8.821503e-16 -1.000000e+00
    outer loop
      vertex   1.614750e+02 -3.063053e+01 1.900000e+00
      vertex   1.624461e+02 -3.002083e+01 1.900000e+00
      vertex   1.624131e+02 -3.125733e+01 1.900000e+00
    endloop
  endfacet
  facet normal 6.441268e-16 8.806911e-16 -1.000000e+00
    outer loop
      vertex   1.624131e+02 -3.125733e+01 1.900000e+00
      vertex   1.624461e+02 -3.002083e+01 1.900000e+00
      vertex   1.631977e+02 -3.057056e+01 1.900000e+00
    endloop
  endfacet
  facet normal 7.081748e-16 8.075186e-16 -1.000000e+00
    outer loop
      vertex   1.624131e+02 -3.125733e+01 1.900000e+00
      vertex   1.631977e+02 -3.057056e+01 1.900000e+00
      vertex   1.632613e+02 -3.200120e+01 1.900000e+00
    endloop
  endfacet
  facet normal 5.683108e-17 7.785550e-16 -1.000000e+00
    outer loop
      vertex   1.632613e+02 -3.200120e+01 1.900000e+00
      vertex   1.631977e+02 -3.057056e+01 1.900000e+00
      vertex   1.638943e+02 -3.119181e+01 1.900000e+00
    endloop
  endfacet
  facet normal 4.960795e-16 4.350500e-16 -1.000000e+00
    outer loop
      vertex   1.632613e+02 -3.200120e+01 1.900000e+00
      vertex   1.638943e+02 -3.119181e+01 1.900000e+00
      vertex   1.640052e+02 -3.284943e+01 1.900000e+00
    endloop
  endfacet
  facet normal 1.224969e-15 4.838164e-16 -1.000000e+00
    outer loop
      vertex   1.640052e+02 -3.284943e+01 1.900000e+00
      vertex   1.638943e+02 -3.119181e+01 1.900000e+00
      vertex   1.645277e+02 -3.187761e+01 1.900000e+00
    endloop
  endfacet
  facet normal 8.811977e-16 6.686424e-16 -1.000000e+00
    outer loop
      vertex   1.640052e+02 -3.284943e+01 1.900000e+00
      vertex   1.645277e+02 -3.187761e+01 1.900000e+00
      vertex   1.650906e+02 -3.261956e+01 1.900000e+00
    endloop
  endfacet
  facet normal 8.960107e-16 5.986953e-16 -1.000000e+00
    outer loop
      vertex   1.640052e+02 -3.284943e+01 1.900000e+00
      vertex   1.650906e+02 -3.261956e+01 1.900000e+00
      vertex   1.646320e+02 -3.378750e+01 1.900000e+00
    endloop
  endfacet
  facet normal 9.415333e-16 5.808175e-16 -1.000000e+00
    outer loop
      vertex   1.646320e+02 -3.378750e+01 1.900000e+00
      vertex   1.650906e+02 -3.261956e+01 1.900000e+00
      vertex   1.655796e+02 -3.341218e+01 1.900000e+00
    endloop
  endfacet
  facet normal 9.801362e-16 4.833497e-16 -1.000000e+00
    outer loop
      vertex   1.646320e+02 -3.378750e+01 1.900000e+00
      vertex   1.655796e+02 -3.341218e+01 1.900000e+00
      vertex   1.651310e+02 -3.479936e+01 1.900000e+00
    endloop
  endfacet
  facet normal 9.827859e-16 4.824927e-16 -1.000000e+00
    outer loop
      vertex   1.651310e+02 -3.479936e+01 1.900000e+00
      vertex   1.655796e+02 -3.341218e+01 1.900000e+00
      vertex   1.659909e+02 -3.425002e+01 1.900000e+00
    endloop
  endfacet
  facet normal 1.040775e-15 3.917108e-16 -1.000000e+00
    outer loop
      vertex   1.651310e+02 -3.479936e+01 1.900000e+00
      vertex   1.659909e+02 -3.425002e+01 1.900000e+00
      vertex   1.663199e+02 -3.512397e+01 1.900000e+00
    endloop
  endfacet
  facet normal 1.029215e-15 3.493715e-16 -1.000000e+00
    outer loop
      vertex   1.651310e+02 -3.479936e+01 1.900000e+00
      vertex   1.663199e+02 -3.512397e+01 1.900000e+00
      vertex   1.654936e+02 -3.586769e+01 1.900000e+00
    endloop
  endfacet
  facet normal 1.080974e-15 2.918679e-16 -1.000000e+00
    outer loop
      vertex   1.654936e+02 -3.586769e+01 1.900000e+00
      vertex   1.663199e+02 -3.512397e+01 1.900000e+00
      vertex   1.665627e+02 -3.602343e+01 1.900000e+00
    endloop
  endfacet
  facet normal 1.069445e-15 2.127259e-16 -1.000000e+00
    outer loop
      vertex   1.654936e+02 -3.586769e+01 1.900000e+00
      vertex   1.665627e+02 -3.602343e+01 1.900000e+00
      vertex   1.657137e+02 -3.697421e+01 1.900000e+00
    endloop
  endfacet
  facet normal 1.099335e-15 1.860351e-16 -1.000000e+00
    outer loop
      vertex   1.657137e+02 -3.697421e+01 1.900000e+00
      vertex   1.665627e+02 -3.602343e+01 1.900000e+00
      vertex   1.667182e+02 -3.694200e+01 1.900000e+00
    endloop
  endfacet
  facet normal 1.102983e-15 7.229336e-17 -1.000000e+00
    outer loop
      vertex   1.657137e+02 -3.697421e+01 1.900000e+00
      vertex   1.667182e+02 -3.694200e+01 1.900000e+00
      vertex   1.657875e+02 -3.810000e+01 1.900000e+00
    endloop
  endfacet
  facet normal -2.666731e-16 1.173059e-15 -1.000000e+00
    outer loop
      vertex   1.657875e+02 -3.810000e+01 1.900000e+00
      vertex   1.667182e+02 -3.694200e+01 1.900000e+00
      vertex   1.667849e+02 -3.787327e+01 1.900000e+00
    endloop
  endfacet
  facet normal 0.000000e+00 0.000000e+00 -1.000000e+00
    outer loop
      vertex   1.657875e+02 -3.810000e+01 1.900000e+00
      vertex   1.667849e+02 -3.787327e+01 1.900000e+00
      vertex   1.667860e+02 -3.792995e+01 1.900000e+00
    endloop
  endfacet
  facet normal 0.000000e+00 -0.000000e+00 -1.000000e+00
    outer loop
      vertex   1.667860e+02 -3.792995e+01 1.900000e+00
      vertex   1.667868e+02 -3.798663e+01 1.900000e+00
      vertex   1.657875e+02 -3.810000e+01 1.900000e+00
    endloop
  endfacet
  facet normal 0.000000e+00 0.000000e+00 -1.000000e+00
    outer loop
      vertex   1.657875e+02 -3.810000e+01 1.900000e+00
      vertex   1.667868e+02 -3.798663e+01 1.900000e+00
      vertex   1.667873e+02 -3.804331e+01 1.900000e+00
    endloop
  endfacet
  facet normal 0.000000e+00 0.000000e+00 -1.000000e+00
    outer loop
      vertex   1.657875e+02 -3.810000e+01 1.900000e+00
      vertex   1.667873e+02 -3.804331e+01 1.900000e+00
      vertex   1.667875e+02 -3.810000e+01 1.900000e+00
    endloop
  endfacet
  facet normal 0.000000e+00 -0.000000e+00 -1.000000e+00
    outer loop
      vertex   1.667875e+02 -3.810000e+01 1.900000e+00
      vertex   1.667875e+02 -1.238250e+02 1.900000e+00
      vertex   1.657875e+02 -3.810000e+01 1.900000e+00
    endloop
  endfacet
  facet normal 0.000000e+00 0.000000e+00 -1.000000e+00
    outer loop
      vertex   1.657875e+02 -3.810000e+01 1.900000e+00
      vertex   1.667875e+02 -1.238250e+02 1.900000e+00
      vertex   1.657875e+02 -1.238250e+02 1.900000e+00
    endloop
  endfacet
  facet normal 0.000000e+00 0.000000e+00 -1.000000e+00
    outer loop
      vertex   1.657875e+02 -1.238250e+02 1.900000e+00
      vertex   1.667875e+02 -1.238250e+02 1.900000e+00
      vertex   1.667052e+02 -1.250813e+02 1.900000e+00
    endloop
  endfacet
  facet normal 0.000000e+00 -0.000000e+00 -1.000000e+00
    outer loop
      vertex   1.657875e+02 -1.238250e+02 1.900000e+00
      vertex   1.667052e+02 -1.250813e+02 1.900000e+00
      vertex   1.657137e+02 -1.249508e+02 1.900000e+00
    endloop
  endfacet
  facet normal 0.000000e+00 0.000000e+00 -1.000000e+00
    outer loop
      vertex   1.657137e+02 -1.249508e+02 1.900000e+00
      vertex   1.667052e+02 -1.250813e+02 1.900000e+00
      vertex   1.664595e+02 -1.263161e+02 1.900000e+00
    endloop
  endfacet
  facet normal 0.000000e+00 -0.000000e+00 -1.000000e+00
    outer loop
      vertex   1.657137e+02 -1.249508e+02 1.900000e+00
      vertex   1.664595e+02 -1.263161e+02 1.900000e+00
      vertex   1.654936e+02 -1.260573e+02 1.900000e+00
    endloop
  endfacet
  facet normal 0.000000e+00 0.000000e+00 -1.000000e+00
    outer loop
      vertex   1.654936e+02 -1.260573e+02 1.900000e+00
      vertex   1.664595e+02 -1.263161e+02 1.900000e+00
      vertex   1.660548e+02 -1.275083e+02 1.900000e+00
    endloop
  endfacet
  facet normal 0.000000e+00 -0.000000e+00 -1.000000e+00
    outer loop
      vertex   1.654936e+02 -1.260573e+02 1.900000e+00
      vertex   1.660548e+02 -1.275083e+02 1.900000e+00
      vertex   1.651310e+02 -1.271256e+02 1.900000e+00
    endloop
  endfacet
  facet normal 0.000000e+00 0.000000e+00 -1.000000e+00
    outer loop
      vertex   1.651310e+02 -1.271256e+02 1.900000e+00
      vertex   1.660548e+02 -1.275083e+02 1.900000e+00
      vertex   1.654980e+02 -1.286375e+02 1.900000e+00
    endloop
  endfacet
  facet normal 0.000000e+00 -0.000000e+00 -1.000000e+00
    outer loop
      vertex   1.651310e+02 -1.271256e+02 1.900000e+00
      vertex   1.654980e+02 -1.286375e+02 1.900000e+00
      vertex   1.646320e+02 -1.281375e+02 1.900000e+00
    endloop
  endfacet
  facet normal 0.000000e+00 0.000000e+00 -1.000000e+00
    outer loop
      vertex   1.646320e+02 -1.281375e+02 1.900000e+00
      vertex   1.654980e+02 -1.286375e+02 1.900000e+00
      vertex   1.647985e+02 -1.296843e+02 1.900000e+00
    endloop
  endfacet
  facet normal 0.000000e+00 -0.000000e+00 -1.000000e+00
    outer loop
      vertex   1.646320e+02 -1.281375e+02 1.900000e+00
      vertex   1.647985e+02 -1.296843e+02 1.900000e+00
      vertex   1.640052e+02 -1.290756e+02 1.900000e+00
    endloop
  endfacet
  facet normal 0.000000e+00 -0.000000e+00 -1.000000e+00
    outer loop
      vertex   1.640052e+02 -1.290756e+02 1.900000e+00
      vertex   1.647985e+02 -1.296843e+02 1.900000e+00
      vertex   1.639684e+02 -1.306309e+02 1.900000e+00
    endloop
  endfacet
  facet normal 0.000000e+00 0.000000e+00 -1.000000e+00
    outer loop
      vertex   1.640052e+02 -1.290756e+02 1.900000e+00
      vertex   1.639684e+02 -1.306309e+02 1.900000e+00
      vertex   1.632613e+02 -1.299238e+02 1.900000e+00
    endloop
  endfacet
  facet normal 0.000000e+00 -0.000000e+00 -1.000000e+00
    outer loop
      vertex   1.632613e+02 -1.299238e+02 1.900000e+00
      vertex   1.639684e+02 -1.306309e+02 1.900000e+00
      vertex   1.630218e+02 -1.314610e+02 1.900000e+00
    endloop
  endfacet
  facet normal 0.000000e+00 0.000000e+00 -1.000000e+00
    outer loop
      vertex   1.632613e+02 -1.299238e+02 1.900000e+00
      vertex   1.630218e+02 -1.314610e+02 1.900000e+00
      vertex   1.624131e+02 -1.306677e+02 1.900000e+00
    endloop
  endfacet
  facet normal 0.000000e+00 -0.000000e+00 -1.000000e+00
    outer loop
      vertex   1.624131e+02 -1.306677e+02 1.900000e+00
      vertex   1.630218e+02 -1.314610e+02 1.900000e+00
      vertex   1.619750e+02 -1.321605e+02 1.900000e+00
    endloop
  endfacet
  facet normal 0.000000e+00 0.000000e+00 -1.000000e+00
    outer loop
      vertex   1.624131e+02 -1.306677e+02 1.900000e+00
      vertex   1.619750e+02 -1.321605e+02 1.900000e+00
      vertex   1.614750e+02 -1.312945e+02 1.900000e+00
    endloop
  endfacet
  facet normal 0.000000e+00 -0.000000e+00 -1.000000e+00
    outer loop
      vertex   1.614750e+02 -1.312945e+02 1.900000e+00
      vertex   1.619750e+02 -1.321605e+02 1.900000e+00
      vertex   1.608458e+02 -1.327173e+02 1.900000e+00
    endloop
  endfacet
  facet normal 0.000000e+00 0.000000e+00 -1.000000e+00
    outer loop
      vertex   1.614750e+02 -1.312945e+02 1.900000e+00
      vertex   1.608458e+02 -1.327173e+02 1.900000e+00
      vertex   1.604631e+02 -1.317935e+02 1.900000e+00
    endloop
  endfacet
  facet normal 0.000000e+00 -0.000000e+00 -1.000000e+00
    outer loop
      vertex   1.604631e+02 -1.317935e+02 1.900000e+00
      vertex   1.608458e+02 -1.327173e+02 1.900000e+00
      vertex   1.596536e+02 -1.331220e+02 1.900000e+00
    endloop
  endfacet
  facet normal 0.000000e+00 0.000000e+00 -1.000000e+00
    outer loop
      vertex   1.604631e+02 -1.317935e+02 1.900000e+00
      vertex   1.596536e+02 -1.331220e+02 1.900000e+00
      vertex   1.593948e+02 -1.321561e+02 1.900000e+00
    endloop
  endfacet
  facet normal 0.000000e+00 -0.000000e+00 -1.000000e+00
    outer loop
      vertex   1.593948e+02 -1.321561e+02 1.900000e+00
      vertex   1.596536e+02 -1.331220e+02 1.900000e+00
      vertex   1.584188e+02 -1.333677e+02 1.900000e+00
    endloop
  endfacet
  facet normal 0.000000e+00 0.000000e+00 -1.000000e+00
    outer loop
      vertex   1.593948e+02 -1.321561e+02 1.900000e+00
      vertex   1.584188e+02 -1.333677e+02 1.900000e+00
      vertex   1.582883e+02 -1.323762e+02 1.900000e+00
    endloop
  endfacet
  facet normal 0.000000e+00 -0.000000e+00 -1.000000e+00
    outer loop
      vertex   1.582883e+02 -1.323762e+02 1.900000e+00
      vertex   1.584188e+02 -1.333677e+02 1.900000e+00
      vertex   1.571625e+02 -1.334500e+02 1.900000e+00
    endloop
  endfacet
  facet normal 1.224645e-13 -1.000000e+00 0.000000e+00
    outer loop
      vertex   1.000125e+02 -2.947500e+01 1.900000e+00
      vertex   1.571625e+02 -2.947500e+01 1.900000e+00
      vertex   1.000125e+02 -2.947500e+01 2.508447e+00
    endloop
  endfacet
  facet normal 1.224645e-13 -1.000000e+00 5.836701e-28
    outer loop
      vertex   1.000125e+02 -2.947500e+01 2.508447e+00
      vertex   1.571625e+02 -2.947500e+01 1.900000e+00
      vertex   1.571625e+02 -2.947500e+01 2.508447e+00
    endloop
  endfacet
  facet normal -6.540316e-02 -9.978589e-01 0.000000e+00
    outer loop
      vertex   1.571625e+02 -2.947500e+01 1.900000e+00
      vertex   1.582883e+02 -2.954879e+01 1.900000e+00
      vertex   1.571625e+02 -2.947500e+01 2.508447e+00
    endloop
  endfacet
  facet normal -6.540316e-02 -9.978589e-01 -4.979546e-09
    outer loop
      vertex   1.571625e+02 -2.947500e+01 2.508447e+00
      vertex   1.582883e+02 -2.954879e+01 1.900000e+00
      vertex   1.582883e+02 -2.954879e+01 2.530247e+00
    endloop
  endfacet
  facet normal -1.950903e-01 -9.807853e-01 -5.325569e-09
    outer loop
      vertex   1.582883e+02 -2.954879e+01 2.530247e+00
      vertex   1.582883e+02 -2.954879e+01 1.900000e+00
      vertex   1.593948e+02 -2.976889e+01 1.900000e+00
    endloop
  endfacet
  facet normal -1.950903e-01 -9.807853e-01 -8.787213e-09
    outer loop
      vertex   1.582883e+02 -2.954879e+01 2.530247e+00
      vertex   1.593948e+02 -2.976889e+01 1.900000e+00
      vertex   1.593948e+02 -2.976889e+01 2.595273e+00
    endloop
  endfacet
  facet normal -3.214395e-01 -9.469301e-01 -9.258812e-09
    outer loop
      vertex   1.593948e+02 -2.976889e+01 2.595273e+00
      vertex   1.593948e+02 -2.976889e+01 1.900000e+00
      vertex   1.604631e+02 -3.013154e+01 1.900000e+00
    endloop
  endfacet
  facet normal -3.214395e-01 -9.469301e-01 -1.084442e-08
    outer loop
      vertex   1.593948e+02 -2.976889e+01 2.595273e+00
      vertex   1.604631e+02 -3.013154e+01 1.900000e+00
      vertex   1.604631e+02 -3.013154e+01 2.702413e+00
    endloop
  endfacet
  facet normal -4.422887e-01 -8.968727e-01 -1.126893e-08
    outer loop
      vertex   1.604631e+02 -3.013154e+01 2.702413e+00
      vertex   1.604631e+02 -3.013154e+01 1.900000e+00
      vertex   1.614750e+02 -3.063053e+01 1.900000e+00
    endloop
  endfacet
  facet normal -4.422887e-01 -8.968727e-01 -1.129555e-08
    outer loop
      vertex   1.604631e+02 -3.013154e+01 2.702413e+00
      vertex   1.614750e+02 -3.063053e+01 1.900000e+00
      vertex   1.614750e+02 -3.063053e+01 2.849833e+00
    endloop
  endfacet
  facet normal -5.555702e-01 -8.314696e-01 -1.158415e-08
    outer loop
      vertex   1.614750e+02 -3.063053e+01 2.849833e+00
      vertex   1.614750e+02 -3.063053e+01 1.900000e+00
      vertex   1.624131e+02 -3.125733e+01 1.900000e+00
    endloop
  endfacet
  facet normal -5.555702e-01 -8.314696e-01 -1.061100e-08
    outer loop
      vertex   1.614750e+02 -3.063053e+01 2.849833e+00
      vertex   1.624131e+02 -3.125733e+01 1.900000e+00
      vertex   1.624131e+02 -3.125733e+01 3.035012e+00
    endloop
  endfacet
  facet normal -6.593458e-01 -7.518398e-01 -1.074454e-08
    outer loop
      vertex   1.624131e+02 -3.125733e+01 3.035012e+00
      vertex   1.624131e+02 -3.125733e+01 1.900000e+00
      vertex   1.632613e+02 -3.200120e+01 1.900000e+00
    endloop
  endfacet
  facet normal -6.593458e-01 -7.518398e-01 -9.261206e-09
    outer loop
      vertex   1.624131e+02 -3.125733e+01 3.035012e+00
      vertex   1.632613e+02 -3.200120e+01 1.900000e+00
      vertex   1.632613e+02 -3.200120e+01 3.254781e+00
    endloop
  endfacet
  facet normal -7.518398e-01 -6.593458e-01 -9.261204e-09
    outer loop
      vertex   1.632613e+02 -3.200120e+01 3.254781e+00
      vertex   1.632613e+02 -3.200120e+01 1.900000e+00
      vertex   1.640052e+02 -3.284943e+01 1.900000e+00
    endloop
  endfacet
  facet normal -7.518398e-01 -6.593458e-01 -7.596463e-09
    outer loop
      vertex   1.632613e+02 -3.200120e+01 3.254781e+00
      vertex   1.640052e+02 -3.284943e+01 1.900000e+00
      vertex   1.640052e+02 -3.284943e+01 3.505379e+00
    endloop
  endfacet
  facet normal -8.314696e-01 -5.555702e-01 -7.502053e-09
    outer loop
      vertex   1.640052e+02 -3.284943e+01 3.505379e+00
      vertex   1.640052e+02 -3.284943e+01 1.900000e+00
      vertex   1.646320e+02 -3.378750e+01 1.900000e+00
    endloop
  endfacet
  facet normal -8.314696e-01 -5.555702e-01 -5.844848e-09
    outer loop
      vertex   1.640052e+02 -3.284943e+01 3.505379e+00
      vertex   1.646320e+02 -3.378750e+01 1.900000e+00
      vertex   1.646320e+02 -3.378750e+01 3.782518e+00
    endloop
  endfacet
  facet normal -8.968727e-01 -4.422887e-01 -5.699234e-09
    outer loop
      vertex   1.646320e+02 -3.378750e+01 3.782518e+00
      vertex   1.646320e+02 -3.378750e+01 1.900000e+00
      vertex   1.651310e+02 -3.479936e+01 1.900000e+00
    endloop
  endfacet
  facet normal -8.968727e-01 -4.422887e-01 -4.145082e-09
    outer loop
      vertex   1.646320e+02 -3.378750e+01 3.782518e+00
      vertex   1.651310e+02 -3.479936e+01 1.900000e+00
      vertex   1.651310e+02 -3.479936e+01 4.081457e+00
    endloop
  endfacet
  facet normal -9.469301e-01 -3.214395e-01 -3.988932e-09
    outer loop
      vertex   1.651310e+02 -3.479936e+01 4.081457e+00
      vertex   1.651310e+02 -3.479936e+01 1.900000e+00
      vertex   1.654936e+02 -3.586769e+01 1.900000e+00
    endloop
  endfacet
  facet normal -9.469301e-01 -3.214395e-01 -2.577981e-09
    outer loop
      vertex   1.651310e+02 -3.479936e+01 4.081457e+00
      vertex   1.654936e+02 -3.586769e+01 1.900000e+00
      vertex   1.654936e+02 -3.586769e+01 4.397082e+00
    endloop
  endfacet
  facet normal -9.807853e-01 -1.950903e-01 -2.446671e-09
    outer loop
      vertex   1.654936e+02 -3.586769e+01 4.397082e+00
      vertex   1.654936e+02 -3.586769e+01 1.900000e+00
      vertex   1.657137e+02 -3.697421e+01 1.900000e+00
    endloop
  endfacet
  facet normal -9.807853e-01 -1.950904e-01 -1.188538e-09
    outer loop
      vertex   1.654936e+02 -3.586769e+01 4.397082e+00
      vertex   1.657137e+02 -3.697421e+01 1.900000e+00
      vertex   1.657137e+02 -3.697421e+01 4.723990e+00
    endloop
  endfacet
  facet normal -9.978589e-01 -6.540316e-02 -1.111314e-09
    outer loop
      vertex   1.657137e+02 -3.697421e+01 4.723990e+00
      vertex   1.657137e+02 -3.697421e+01 1.900000e+00
      vertex   1.657875e+02 -3.810000e+01 1.900000e+00
    endloop
  endfacet
  facet normal -9.978589e-01 -6.540317e-02 2.182106e-20
    outer loop
      vertex   1.657137e+02 -3.697421e+01 4.723990e+00
      vertex   1.657875e+02 -3.810000e+01 1.900000e+00
      vertex   1.657875e+02 -3.810000e+01 5.056589e+00
    endloop
  endfacet
  facet normal -1.000000e+00 -3.315452e-16 0.000000e+00
    outer loop
      vertex   1.657875e+02 -3.810000e+01 1.900000e+00
      vertex   1.657875e+02 -1.238250e+02 1.900000e+00
      vertex   1.657875e+02 -3.810000e+01 5.056589e+00
    endloop
  endfacet
  facet normal -1.000000e+00 -2.948020e-16 -9.978514e-16
    outer loop
      vertex   1.657875e+02 -3.810000e+01 5.056589e+00
      vertex   1.657875e+02 -1.238250e+02 1.900000e+00
      vertex   1.657875e+02 -4.301355e+01 6.508234e+00
    endloop
  endfacet
  facet normal -1.000000e+00 -2.909810e-16 -1.064857e-15
    outer loop
      vertex   1.657875e+02 -4.301355e+01 6.508234e+00
      vertex   1.657875e+02 -1.238250e+02 1.900000e+00
      vertex   1.657875e+02 -4.697193e+01 7.589892e+00
    endloop
  endfacet
  facet normal -1.000000e+00 -2.796516e-16 -1.217884e-15
    outer loop
      vertex   1.657875e+02 -4.697193e+01 7.589892e+00
      vertex   1.657875e+02 -1.238250e+02 1.900000e+00
      vertex   1.657875e+02 -5.097134e+01 8.508242e+00
    endloop
  endfacet
  facet normal -1.000000e+00 -2.073992e-16 -2.014442e-15
    outer loop
      vertex   1.657875e+02 -5.097134e+01 8.508242e+00
      vertex   1.657875e+02 -1.238250e+02 1.900000e+00
      vertex   1.657875e+02 -7.134660e+01 1.060600e+01
    endloop
  endfacet
  facet normal -1.000000e+00 0.000000e+00 0.000000e+00
    outer loop
      vertex   1.657875e+02 -5.097134e+01 8.508242e+00
      vertex   1.657875e+02 -7.134660e+01 1.060600e+01
      vertex   1.657875e+02 -5.500507e+01 9.261737e+00
    endloop
  endfacet
  facet normal -1.000000e+00 0.000000e+00 0.000000e+00
    outer loop
      vertex   1.657875e+02 -5.500507e+01 9.261737e+00
      vertex   1.657875e+02 -7.134660e+01 1.060600e+01
      vertex   1.657875e+02 -5.906632e+01 9.849109e+00
    endloop
  endfacet
  facet normal -1.000000e+00 0.000000e+00 0.000000e+00
    outer loop
      vertex   1.657875e+02 -5.906632e+01 9.849109e+00
      vertex   1.657875e+02 -7.134660e+01 1.060600e+01
      vertex   1.657875e+02 -6.314824e+01 1.026937e+01
    endloop
  endfacet
  facet normal -1.000000e+00 0.000000e+00 0.000000e+00
    outer loop
      vertex   1.657875e+02 -6.314824e+01 1.026937e+01
      vertex   1.657875e+02 -7.134660e+01 1.060600e+01
      vertex   1.657875e+02 -6.724397e+01 1.052181e+01
    endloop
  endfacet
  facet normal -1.000000e+00 -5.415887e-16 0.000000e+00
    outer loop
      vertex   1.657875e+02 -1.238250e+02 1.900000e+00
      vertex   1.657875e+02 -1.238250e+02 1.060600e+01
      vertex   1.657875e+02 -7.134660e+01 1.060600e+01
    endloop
  endfacet
  facet normal -9.978589e-01 6.540316e-02 0.000000e+00
    outer loop
      vertex   1.657875e+02 -1.238250e+02 1.060600e+01
      vertex   1.657875e+02 -1.238250e+02 1.900000e+00
      vertex   1.657137e+02 -1.249508e+02 1.060600e+01
    endloop
  endfacet
  facet normal -9.978589e-01 6.540316e-02 0.000000e+00
    outer loop
      vertex   1.657137e+02 -1.249508e+02 1.060600e+01
      vertex   1.657875e+02 -1.238250e+02 1.900000e+00
      vertex   1.657137e+02 -1.249508e+02 1.900000e+00
    endloop
  endfacet
  facet normal -9.807853e-01 1.950903e-01 0.000000e+00
    outer loop
      vertex   1.657137e+02 -1.249508e+02 1.060600e+01
      vertex   1.657137e+02 -1.249508e+02 1.900000e+00
      vertex   1.654936e+02 -1.260573e+02 1.900000e+00
    endloop
  endfacet
  facet normal -9.807853e-01 1.950903e-01 1.027891e-18
    outer loop
      vertex   1.657137e+02 -1.249508e+02 1.060600e+01
      vertex   1.654936e+02 -1.260573e+02 1.900000e+00
      vertex   1.654936e+02 -1.260573e+02 1.060600e+01
    endloop
  endfacet
  facet normal -9.469301e-01 3.214395e-01 0.000000e+00
    outer loop
      vertex   1.654936e+02 -1.260573e+02 1.060600e+01
      vertex   1.654936e+02 -1.260573e+02 1.900000e+00
      vertex   1.651310e+02 -1.271256e+02 1.900000e+00
    endloop
  endfacet
  facet normal -9.469301e-01 3.214395e-01 2.640509e-19
    outer loop
      vertex   1.654936e+02 -1.260573e+02 1.060600e+01
      vertex   1.651310e+02 -1.271256e+02 1.900000e+00
      vertex   1.651310e+02 -1.271256e+02 1.060600e+01
    endloop
  endfacet
  facet normal -8.968727e-01 4.422887e-01 0.000000e+00
    outer loop
      vertex   1.651310e+02 -1.271256e+02 1.060600e+01
      vertex   1.651310e+02 -1.271256e+02 1.900000e+00
      vertex   1.646320e+02 -1.281375e+02 1.900000e+00
    endloop
  endfacet
  facet normal -8.968727e-01 4.422887e-01 1.440393e-18
    outer loop
      vertex   1.651310e+02 -1.271256e+02 1.060600e+01
      vertex   1.646320e+02 -1.281375e+02 1.900000e+00
      vertex   1.646320e+02 -1.281375e+02 1.060600e+01
    endloop
  endfacet
  facet normal -8.314696e-01 5.555702e-01 0.000000e+00
    outer loop
      vertex   1.646320e+02 -1.281375e+02 1.060600e+01
      vertex   1.646320e+02 -1.281375e+02 1.900000e+00
      vertex   1.640052e+02 -1.290756e+02 1.900000e+00
    endloop
  endfacet
  facet normal -8.314696e-01 5.555702e-01 4.603313e-18
    outer loop
      vertex   1.646320e+02 -1.281375e+02 1.060600e+01
      vertex   1.640052e+02 -1.290756e+02 1.900000e+00
      vertex   1.640052e+02 -1.290756e+02 1.060600e+01
    endloop
  endfacet
  facet normal -7.518398e-01 6.593458e-01 0.000000e+00
    outer loop
      vertex   1.640052e+02 -1.290756e+02 1.060600e+01
      vertex   1.640052e+02 -1.290756e+02 1.900000e+00
      vertex   1.632613e+02 -1.299238e+02 1.900000e+00
    endloop
  endfacet
  facet normal -7.518398e-01 6.593458e-01 -6.036052e-19
    outer loop
      vertex   1.640052e+02 -1.290756e+02 1.060600e+01
      vertex   1.632613e+02 -1.299238e+02 1.900000e+00
      vertex   1.632613e+02 -1.299238e+02 1.060600e+01
    endloop
  endfacet
  facet normal -6.593458e-01 7.518398e-01 0.000000e+00
    outer loop
      vertex   1.632613e+02 -1.299238e+02 1.060600e+01
      vertex   1.632613e+02 -1.299238e+02 1.900000e+00
      vertex   1.624131e+02 -1.306677e+02 1.900000e+00
    endloop
  endfacet
  facet normal -6.593458e-01 7.518398e-01 4.607969e-19
    outer loop
      vertex   1.632613e+02 -1.299238e+02 1.060600e+01
      vertex   1.624131e+02 -1.306677e+02 1.900000e+00
      vertex   1.624131e+02 -1.306677e+02 1.060600e+01
    endloop
  endfacet
  facet normal -5.555702e-01 8.314696e-01 0.000000e+00
    outer loop
      vertex   1.624131e+02 -1.306677e+02 1.060600e+01
      vertex   1.624131e+02 -1.306677e+02 1.900000e+00
      vertex   1.614750e+02 -1.312945e+02 1.900000e+00
    endloop
  endfacet
  facet normal -5.555702e-01 8.314696e-01 4.284186e-18
    outer loop
      vertex   1.624131e+02 -1.306677e+02 1.060600e+01
      vertex   1.614750e+02 -1.312945e+02 1.900000e+00
      vertex   1.614750e+02 -1.312945e+02 1.060600e+01
    endloop
  endfacet
  facet normal -4.422887e-01 8.968727e-01 0.000000e+00
    outer loop
      vertex   1.614750e+02 -1.312945e+02 1.060600e+01
      vertex   1.614750e+02 -1.312945e+02 1.900000e+00
      vertex   1.604631e+02 -1.317935e+02 1.900000e+00
    endloop
  endfacet
  facet normal -4.422887e-01 8.968727e-01 2.903191e-18
    outer loop
      vertex   1.614750e+02 -1.312945e+02 1.060600e+01
      vertex   1.604631e+02 -1.317935e+02 1.900000e+00
      vertex   1.604631e+02 -1.317935e+02 1.060600e+01
    endloop
  endfacet
  facet normal -3.214395e-01 9.469301e-01 0.000000e+00
    outer loop
      vertex   1.604631e+02 -1.317935e+02 1.060600e+01
      vertex   1.604631e+02 -1.317935e+02 1.900000e+00
      vertex   1.593948e+02 -1.321561e+02 1.900000e+00
    endloop
  endfacet
  facet normal -3.214395e-01 9.469301e-01 -1.291902e-19
    outer loop
      vertex   1.604631e+02 -1.317935e+02 1.060600e+01
      vertex   1.593948e+02 -1.321561e+02 1.900000e+00
      vertex   1.593948e+02 -1.321561e+02 1.060600e+01
    endloop
  endfacet
  facet normal -1.950903e-01 9.807853e-01 0.000000e+00
    outer loop
      vertex   1.593948e+02 -1.321561e+02 1.060600e+01
      vertex   1.593948e+02 -1.321561e+02 1.900000e+00
      vertex   1.582883e+02 -1.323762e+02 1.900000e+00
    endloop
  endfacet
  facet normal -1.950903e-01 9.807853e-01 -6.335663e-19
    outer loop
      vertex   1.593948e+02 -1.321561e+02 1.060600e+01
      vertex   1.582883e+02 -1.323762e+02 1.900000e+00
      vertex   1.582883e+02 -1.323762e+02 1.060600e+01
    endloop
  endfacet
  facet normal -6.540316e-02 9.978589e-01 0.000000e+00
    outer loop
      vertex   1.582883e+02 -1.323762e+02 1.060600e+01
      vertex   1.582883e+02 -1.323762e+02 1.900000e+00
      vertex   1.571625e+02 -1.324500e+02 1.060600e+01
    endloop
  endfacet
  facet normal -6.540316e-02 9.978589e-01 0.000000e+00
    outer loop
      vertex   1.571625e+02 -1.324500e+02 1.060600e+01
      vertex   1.582883e+02 -1.323762e+02 1.900000e+00
      vertex   1.571625e+02 -1.324500e+02 1.900000e+00
    endloop
  endfacet
  facet normal -9.595788e-15 2.635941e-01 9.646337e-01
    outer loop
      vertex   1.682875e+02 -4.301355e+01 6.508234e+00
      vertex   1.657875e+02 -4.301355e+01 6.508234e+00
      vertex   1.682875e+02 -4.697193e+01 7.589892e+00
    endloop
  endfacet
  facet normal 7.491795e-16 2.635941e-01 9.646337e-01
    outer loop
      vertex   1.682875e+02 -4.697193e+01 7.589892e+00
      vertex   1.657875e+02 -4.301355e+01 6.508234e+00
      vertex   1.657875e+02 -4.697193e+01 7.589892e+00
    endloop
  endfacet
  facet normal 6.360686e-16 2.237968e-01 9.746358e-01
    outer loop
      vertex   1.682875e+02 -4.697193e+01 7.589892e+00
      vertex   1.657875e+02 -4.697193e+01 7.589892e+00
      vertex   1.682875e+02 -5.097134e+01 8.508242e+00
    endloop
  endfacet
  facet normal 6.925204e-16 2.237968e-01 9.746358e-01
    outer loop
      vertex   1.682875e+02 -5.097134e+01 8.508242e+00
      vertex   1.657875e+02 -4.697193e+01 7.589892e+00
      vertex   1.657875e+02 -5.097134e+01 8.508242e+00
    endloop
  endfacet
  facet normal 6.984612e-16 1.836226e-01 9.829968e-01
    outer loop
      vertex   1.682875e+02 -5.097134e+01 8.508242e+00
      vertex   1.657875e+02 -5.097134e+01 8.508242e+00
      vertex   1.682875e+02 -5.500507e+01 9.261737e+00
    endloop
  endfacet
  facet normal 1.765745e-16 1.836226e-01 9.829968e-01
    outer loop
      vertex   1.682875e+02 -5.500507e+01 9.261737e+00
      vertex   1.657875e+02 -5.097134e+01 8.508242e+00
      vertex   1.657875e+02 -5.500507e+01 9.261737e+00
    endloop
  endfacet
  facet normal 2.963999e-16 1.431392e-01 9.897026e-01
    outer loop
      vertex   1.682875e+02 -5.500507e+01 9.261737e+00
      vertex   1.657875e+02 -5.500507e+01 9.261737e+00
      vertex   1.682875e+02 -5.906632e+01 9.849109e+00
    endloop
  endfacet
  facet normal -1.104262e-16 1.431392e-01 9.897026e-01
    outer loop
      vertex   1.682875e+02 -5.906632e+01 9.849109e+00
      vertex   1.657875e+02 -5.500507e+01 9.261737e+00
      vertex   1.657875e+02 -5.906632e+01 9.849109e+00
    endloop
  endfacet
  facet normal 1.246458e-16 1.024148e-01 9.947418e-01
    outer loop
      vertex   1.682875e+02 -5.906632e+01 9.849109e+00
      vertex   1.657875e+02 -5.906632e+01 9.849109e+00
      vertex   1.682875e+02 -6.314824e+01 1.026937e+01
    endloop
  endfacet
  facet normal 4.157262e-16 1.024148e-01 9.947418e-01
    outer loop
      vertex   1.682875e+02 -6.314824e+01 1.026937e+01
      vertex   1.657875e+02 -5.906632e+01 9.849109e+00
      vertex   1.657875e+02 -6.314824e+01 1.026937e+01
    endloop
  endfacet
  facet normal 5.343524e-16 6.151794e-02 9.981060e-01
    outer loop
      vertex   1.682875e+02 -6.314824e+01 1.026937e+01
      vertex   1.657875e+02 -6.314824e+01 1.026937e+01
      vertex   1.682875e+02 -6.724397e+01 1.052181e+01
    endloop
  endfacet
  facet normal 3.595079e-16 6.151794e-02 9.981060e-01
    outer loop
      vertex   1.682875e+02 -6.724397e+01 1.052181e+01
      vertex   1.657875e+02 -6.314824e+01 1.026937e+01
      vertex   1.657875e+02 -6.724397e+01 1.052181e+01
    endloop
  endfacet
  facet normal 5.937647e-16 2.051750e-02 9.997895e-01
    outer loop
      vertex   1.682875e+02 -6.724397e+01 1.052181e+01
      vertex   1.657875e+02 -6.724397e+01 1.052181e+01
      vertex   1.682875e+02 -7.134660e+01 1.060600e+01
    endloop
  endfacet
  facet normal -3.551966e-15 2.051750e-02 9.997895e-01
    outer loop
      vertex   1.682875e+02 -7.134660e+01 1.060600e+01
      vertex   1.657875e+02 -6.724397e+01 1.052181e+01
      vertex   1.657875e+02 -7.134660e+01 1.060600e+01
    endloop
  endfacet
  facet normal -9.539969e-15 2.833305e-01 9.590223e-01
    outer loop
      vertex   1.657875e+02 -4.301355e+01 6.508234e+00
      vertex   1.682875e+02 -4.301355e+01 6.508234e+00
      vertex   1.657875e+02 -3.810000e+01 5.056589e+00
    endloop
  endfacet
  facet normal 5.065510e-17 2.833305e-01 9.590223e-01
    outer loop
      vertex   1.657875e+02 -3.810000e+01 5.056589e+00
      vertex   1.682875e+02 -4.301355e+01 6.508234e+00
      vertex   1.682875e+02 -3.810000e+01 5.056589e+00
    endloop
  endfacet
  facet normal 5.065527e-17 2.833305e-01 9.590223e-01
    outer loop
      vertex   1.657875e+02 -3.810000e+01 5.056589e+00
      vertex   1.682875e+02 -3.810000e+01 5.056589e+00
      vertex   1.682844e+02 -3.783823e+01 4.979252e+00
    endloop
  endfacet
  facet normal 4.078617e-16 2.833305e-01 9.590223e-01
    outer loop
      vertex   1.657875e+02 -3.810000e+01 5.056589e+00
      vertex   1.682844e+02 -3.783823e+01 4.979252e+00
      vertex   1.657137e+02 -3.697421e+01 4.723990e+00
    endloop
  endfacet
  facet normal 2.643370e-16 2.833305e-01 9.590223e-01
    outer loop
      vertex   1.657137e+02 -3.697421e+01 4.723990e+00
      vertex   1.682844e+02 -3.783823e+01 4.979252e+00
      vertex   1.682062e+02 -3.675800e+01 4.660113e+00
    endloop
  endfacet
  facet normal 2.664431e-16 2.833305e-01 9.590223e-01
    outer loop
      vertex   1.657137e+02 -3.697421e+01 4.723990e+00
      vertex   1.682062e+02 -3.675800e+01 4.660113e+00
      vertex   1.654936e+02 -3.586769e+01 4.397082e+00
    endloop
  endfacet
  facet normal 1.432715e-15 2.833305e-01 9.590223e-01
    outer loop
      vertex   1.654936e+02 -3.586769e+01 4.397082e+00
      vertex   1.682062e+02 -3.675800e+01 4.660113e+00
      vertex   1.680240e+02 -3.569056e+01 4.344753e+00
    endloop
  endfacet
  facet normal 1.558763e-15 2.833305e-01 9.590223e-01
    outer loop
      vertex   1.654936e+02 -3.586769e+01 4.397082e+00
      vertex   1.680240e+02 -3.569056e+01 4.344753e+00
      vertex   1.651310e+02 -3.479936e+01 4.081457e+00
    endloop
  endfacet
  facet normal 1.000231e-15 2.833305e-01 9.590223e-01
    outer loop
      vertex   1.651310e+02 -3.479936e+01 4.081457e+00
      vertex   1.680240e+02 -3.569056e+01 4.344753e+00
      vertex   1.677404e+02 -3.464583e+01 4.036101e+00
    endloop
  endfacet
  facet normal 8.685450e-16 2.833305e-01 9.590223e-01
    outer loop
      vertex   1.651310e+02 -3.479936e+01 4.081457e+00
      vertex   1.677404e+02 -3.464583e+01 4.036101e+00
      vertex   1.646320e+02 -3.378750e+01 3.782518e+00
    endloop
  endfacet
  facet normal 2.867013e-16 2.833305e-01 9.590223e-01
    outer loop
      vertex   1.646320e+02 -3.378750e+01 3.782518e+00
      vertex   1.677404e+02 -3.464583e+01 4.036101e+00
      vertex   1.673581e+02 -3.363371e+01 3.737084e+00
    endloop
  endfacet
  facet normal 2.524164e-16 2.833305e-01 9.590223e-01
    outer loop
      vertex   1.646320e+02 -3.378750e+01 3.782518e+00
      vertex   1.673581e+02 -3.363371e+01 3.737084e+00
      vertex   1.640052e+02 -3.284943e+01 3.505379e+00
    endloop
  endfacet
  facet normal 1.457526e-15 2.833305e-01 9.590223e-01
    outer loop
      vertex   1.640052e+02 -3.284943e+01 3.505379e+00
      vertex   1.673581e+02 -3.363371e+01 3.737084e+00
      vertex   1.668800e+02 -3.266412e+01 3.450630e+00
    endloop
  endfacet
  facet normal 1.649199e-15 2.833305e-01 9.590223e-01
    outer loop
      vertex   1.640052e+02 -3.284943e+01 3.505379e+00
      vertex   1.668800e+02 -3.266412e+01 3.450630e+00
      vertex   1.632613e+02 -3.200120e+01 3.254781e+00
    endloop
  endfacet
  facet normal 4.221486e-16 2.833305e-01 9.590223e-01
    outer loop
      vertex   1.632613e+02 -3.200120e+01 3.254781e+00
      vertex   1.668800e+02 -3.266412e+01 3.450630e+00
      vertex   1.663103e+02 -3.174632e+01 3.179479e+00
    endloop
  endfacet
  facet normal 2.541692e-18 2.833305e-01 9.590223e-01
    outer loop
      vertex   1.632613e+02 -3.200120e+01 3.254781e+00
      vertex   1.663103e+02 -3.174632e+01 3.179479e+00
      vertex   1.624131e+02 -3.125733e+01 3.035012e+00
    endloop
  endfacet
  facet normal 3.140589e-16 2.833305e-01 9.590223e-01
    outer loop
      vertex   1.624131e+02 -3.125733e+01 3.035012e+00
      vertex   1.663103e+02 -3.174632e+01 3.179479e+00
      vertex   1.656556e+02 -3.088847e+01 2.926038e+00
    endloop
  endfacet
  facet normal 4.766711e-16 2.833305e-01 9.590223e-01
    outer loop
      vertex   1.624131e+02 -3.125733e+01 3.035012e+00
      vertex   1.656556e+02 -3.088847e+01 2.926038e+00
      vertex   1.614750e+02 -3.063053e+01 2.849833e+00
    endloop
  endfacet
  facet normal 3.019220e-16 2.833305e-01 9.590223e-01
    outer loop
      vertex   1.614750e+02 -3.063053e+01 2.849833e+00
      vertex   1.656556e+02 -3.088847e+01 2.926038e+00
      vertex   1.649218e+02 -3.009860e+01 2.692683e+00
    endloop
  endfacet
  facet normal 4.843855e-16 2.833305e-01 9.590223e-01
    outer loop
      vertex   1.614750e+02 -3.063053e+01 2.849833e+00
      vertex   1.649218e+02 -3.009860e+01 2.692683e+00
      vertex   1.604631e+02 -3.013154e+01 2.702413e+00
    endloop
  endfacet
  facet normal 4.602807e-16 2.833305e-01 9.590223e-01
    outer loop
      vertex   1.604631e+02 -3.013154e+01 2.702413e+00
      vertex   1.649218e+02 -3.009860e+01 2.692683e+00
      vertex   1.641159e+02 -2.938431e+01 2.481653e+00
    endloop
  endfacet
  facet normal 2.431306e-16 2.833305e-01 9.590223e-01
    outer loop
      vertex   1.604631e+02 -3.013154e+01 2.702413e+00
      vertex   1.641159e+02 -2.938431e+01 2.481653e+00
      vertex   1.593948e+02 -2.976889e+01 2.595273e+00
    endloop
  endfacet
  facet normal 1.816802e-16 2.833305e-01 9.590223e-01
    outer loop
      vertex   1.593948e+02 -2.976889e+01 2.595273e+00
      vertex   1.641159e+02 -2.938431e+01 2.481653e+00
      vertex   1.632458e+02 -2.875165e+01 2.294743e+00
    endloop
  endfacet
  facet normal 4.378136e-16 2.833305e-01 9.590223e-01
    outer loop
      vertex   1.593948e+02 -2.976889e+01 2.595273e+00
      vertex   1.632458e+02 -2.875165e+01 2.294743e+00
      vertex   1.582883e+02 -2.954879e+01 2.530247e+00
    endloop
  endfacet
  facet normal 4.462544e-16 2.833305e-01 9.590223e-01
    outer loop
      vertex   1.582883e+02 -2.954879e+01 2.530247e+00
      vertex   1.632458e+02 -2.875165e+01 2.294743e+00
      vertex   1.623197e+02 -2.820642e+01 2.133662e+00
    endloop
  endfacet
  facet normal -9.753569e-16 2.833305e-01 9.590223e-01
    outer loop
      vertex   1.582883e+02 -2.954879e+01 2.530247e+00
      vertex   1.623197e+02 -2.820642e+01 2.133662e+00
      vertex   1.571625e+02 -2.947500e+01 2.508447e+00
    endloop
  endfacet
  facet normal 6.536042e-17 2.833305e-01 9.590223e-01
    outer loop
      vertex   1.571625e+02 -2.947500e+01 2.508447e+00
      vertex   1.623197e+02 -2.820642e+01 2.133662e+00
      vertex   1.613460e+02 -2.775382e+01 1.999948e+00
    endloop
  endfacet
  facet normal 1.663035e-15 2.833305e-01 9.590223e-01
    outer loop
      vertex   1.571625e+02 -2.947500e+01 2.508447e+00
      vertex   1.613460e+02 -2.775382e+01 1.999948e+00
      vertex   1.603341e+02 -2.739750e+01 1.894677e+00
    endloop
  endfacet
  facet normal 4.993258e-16 2.833305e-01 9.590223e-01
    outer loop
      vertex   1.571625e+02 -2.947500e+01 2.508447e+00
      vertex   1.603341e+02 -2.739750e+01 1.894677e+00
      vertex   1.571625e+02 -2.693402e+01 1.757749e+00
    endloop
  endfacet
  facet normal 1.264577e-16 2.833305e-01 9.590223e-01
    outer loop
      vertex   1.571625e+02 -2.693402e+01 1.757749e+00
      vertex   1.603341e+02 -2.739750e+01 1.894677e+00
      vertex   1.592931e+02 -2.714079e+01 1.818835e+00
    endloop
  endfacet
  facet normal 3.548551e-16 2.833305e-01 9.590223e-01
    outer loop
      vertex   1.571625e+02 -2.693402e+01 1.757749e+00
      vertex   1.592931e+02 -2.714079e+01 1.818835e+00
      vertex   1.582327e+02 -2.698590e+01 1.773076e+00
    endloop
  endfacet
  facet normal 4.092453e-16 2.833305e-01 9.590223e-01
    outer loop
      vertex   1.571625e+02 -2.947500e+01 2.508447e+00
      vertex   1.571625e+02 -2.693402e+01 1.757749e+00
      vertex   1.000125e+02 -2.947500e+01 2.508447e+00
    endloop
  endfacet
  facet normal 3.970638e-16 2.833305e-01 9.590223e-01
    outer loop
      vertex   1.000125e+02 -2.947500e+01 2.508447e+00
      vertex   1.571625e+02 -2.693402e+01 1.757749e+00
      vertex   1.000125e+02 -2.693402e+01 1.757749e+00
    endloop
  endfacet
  facet normal 8.374597e-16 2.833305e-01 9.590223e-01
    outer loop
      vertex   1.000125e+02 -2.947500e+01 2.508447e+00
      vertex   1.000125e+02 -2.693402e+01 1.757749e+00
      vertex   9.684121e+01 -2.739889e+01 1.895087e+00
    endloop
  endfacet
  facet normal 7.416072e-16 2.833305e-01 9.590223e-01
    outer loop
      vertex   9.684121e+01 -2.739889e+01 1.895087e+00
      vertex   1.000125e+02 -2.693402e+01 1.757749e+00
      vertex   9.788215e+01 -2.714214e+01 1.819234e+00
    endloop
  endfacet
  facet normal 1.283626e-15 2.833305e-01 9.590223e-01
    outer loop
      vertex   9.788215e+01 -2.714214e+01 1.819234e+00
      vertex   1.000125e+02 -2.693402e+01 1.757749e+00
      vertex   9.894242e+01 -2.698643e+01 1.773232e+00
    endloop
  endfacet
  facet normal -1.210352e-15 2.833305e-01 9.590223e-01
    outer loop
      vertex   9.684121e+01 -2.739889e+01 1.895087e+00
      vertex   9.582910e+01 -2.775440e+01 2.000120e+00
      vertex   1.000125e+02 -2.947500e+01 2.508447e+00
    endloop
  endfacet
  facet normal -1.965518e-16 2.833305e-01 9.590223e-01
    outer loop
      vertex   1.000125e+02 -2.947500e+01 2.508447e+00
      vertex   9.582910e+01 -2.775440e+01 2.000120e+00
      vertex   9.485534e+01 -2.820642e+01 2.133663e+00
    endloop
  endfacet
  facet normal 2.012723e-15 2.833305e-01 9.590223e-01
    outer loop
      vertex   1.000125e+02 -2.947500e+01 2.508447e+00
      vertex   9.485534e+01 -2.820642e+01 2.133663e+00
      vertex   9.888671e+01 -2.954879e+01 2.530247e+00
    endloop
  endfacet
  facet normal 1.051329e-15 2.833305e-01 9.590223e-01
    outer loop
      vertex   9.888671e+01 -2.954879e+01 2.530247e+00
      vertex   9.485534e+01 -2.820642e+01 2.133663e+00
      vertex   9.392921e+01 -2.875165e+01 2.294743e+00
    endloop
  endfacet
  facet normal 3.039726e-16 2.833305e-01 9.590223e-01
    outer loop
      vertex   9.888671e+01 -2.954879e+01 2.530247e+00
      vertex   9.392921e+01 -2.875165e+01 2.294743e+00
      vertex   9.778019e+01 -2.976889e+01 2.595273e+00
    endloop
  endfacet
  facet normal 7.601630e-16 2.833305e-01 9.590223e-01
    outer loop
      vertex   9.778019e+01 -2.976889e+01 2.595273e+00
      vertex   9.392921e+01 -2.875165e+01 2.294743e+00
      vertex   9.305911e+01 -2.938431e+01 2.481653e+00
    endloop
  endfacet
  facet normal 4.332313e-16 2.833305e-01 9.590223e-01
    outer loop
      vertex   9.778019e+01 -2.976889e+01 2.595273e+00
      vertex   9.305911e+01 -2.938431e+01 2.481653e+00
      vertex   9.671186e+01 -3.013154e+01 2.702413e+00
    endloop
  endfacet
  facet normal 8.401170e-16 2.833305e-01 9.590223e-01
    outer loop
      vertex   9.671186e+01 -3.013154e+01 2.702413e+00
      vertex   9.305911e+01 -2.938431e+01 2.481653e+00
      vertex   9.225318e+01 -3.009860e+01 2.692683e+00
    endloop
  endfacet
  facet normal 8.547190e-16 2.833305e-01 9.590223e-01
    outer loop
      vertex   9.671186e+01 -3.013154e+01 2.702413e+00
      vertex   9.225318e+01 -3.009860e+01 2.692683e+00
      vertex   9.570000e+01 -3.063053e+01 2.849833e+00
    endloop
  endfacet
  facet normal 2.918097e-16 2.833305e-01 9.590223e-01
    outer loop
      vertex   9.570000e+01 -3.063053e+01 2.849833e+00
      vertex   9.225318e+01 -3.009860e+01 2.692683e+00
      vertex   9.151944e+01 -3.088847e+01 2.926038e+00
    endloop
  endfacet
  facet normal 7.787789e-17 2.833305e-01 9.590223e-01
    outer loop
      vertex   9.570000e+01 -3.063053e+01 2.849833e+00
      vertex   9.151944e+01 -3.088847e+01 2.926038e+00
      vertex   9.476193e+01 -3.125733e+01 3.035012e+00
    endloop
  endfacet
  facet normal -1.515804e-16 2.833305e-01 9.590223e-01
    outer loop
      vertex   9.476193e+01 -3.125733e+01 3.035012e+00
      vertex   9.151944e+01 -3.088847e+01 2.926038e+00
      vertex   9.086465e+01 -3.174632e+01 3.179479e+00
    endloop
  endfacet
  facet normal 7.778820e-17 2.833305e-01 9.590223e-01
    outer loop
      vertex   9.476193e+01 -3.125733e+01 3.035012e+00
      vertex   9.086465e+01 -3.174632e+01 3.179479e+00
      vertex   9.391370e+01 -3.200120e+01 3.254781e+00
    endloop
  endfacet
  facet normal 3.659499e-16 2.833305e-01 9.590223e-01
    outer loop
      vertex   9.391370e+01 -3.200120e+01 3.254781e+00
      vertex   9.086465e+01 -3.174632e+01 3.179479e+00
      vertex   9.029502e+01 -3.266412e+01 3.450630e+00
    endloop
  endfacet
  facet normal 9.414808e-16 2.833305e-01 9.590223e-01
    outer loop
      vertex   9.391370e+01 -3.200120e+01 3.254781e+00
      vertex   9.029502e+01 -3.266412e+01 3.450630e+00
      vertex   9.316983e+01 -3.284943e+01 3.505379e+00
    endloop
  endfacet
  facet normal 9.390029e-16 2.833305e-01 9.590223e-01
    outer loop
      vertex   9.316983e+01 -3.284943e+01 3.505379e+00
      vertex   9.029502e+01 -3.266412e+01 3.450630e+00
      vertex   8.981650e+01 -3.363359e+01 3.737048e+00
    endloop
  endfacet
  facet normal -9.994016e-17 2.833305e-01 9.590223e-01
    outer loop
      vertex   9.316983e+01 -3.284943e+01 3.505379e+00
      vertex   8.981650e+01 -3.363359e+01 3.737048e+00
      vertex   9.254303e+01 -3.378750e+01 3.782518e+00
    endloop
  endfacet
  facet normal -1.682998e-16 2.833305e-01 9.590223e-01
    outer loop
      vertex   9.254303e+01 -3.378750e+01 3.782518e+00
      vertex   8.981650e+01 -3.363359e+01 3.737048e+00
      vertex   8.943348e+01 -3.464545e+01 4.035987e+00
    endloop
  endfacet
  facet normal 2.185171e-16 2.833305e-01 9.590223e-01
    outer loop
      vertex   9.254303e+01 -3.378750e+01 3.782518e+00
      vertex   8.943348e+01 -3.464545e+01 4.035987e+00
      vertex   9.204404e+01 -3.479936e+01 4.081457e+00
    endloop
  endfacet
  facet normal 1.786216e-16 2.833305e-01 9.590223e-01
    outer loop
      vertex   9.204404e+01 -3.479936e+01 4.081457e+00
      vertex   8.943348e+01 -3.464545e+01 4.035987e+00
      vertex   8.914974e+01 -3.569013e+01 4.344626e+00
    endloop
  endfacet
  facet normal -1.025894e-16 2.833305e-01 9.590223e-01
    outer loop
      vertex   9.204404e+01 -3.479936e+01 4.081457e+00
      vertex   8.914974e+01 -3.569013e+01 4.344626e+00
      vertex   9.168139e+01 -3.586769e+01 4.397082e+00
    endloop
  endfacet
  facet normal -1.459295e-16 2.833305e-01 9.590223e-01
    outer loop
      vertex   9.168139e+01 -3.586769e+01 4.397082e+00
      vertex   8.914974e+01 -3.569013e+01 4.344626e+00
      vertex   8.896825e+01 -3.675780e+01 4.660054e+00
    endloop
  endfacet
  facet normal -3.282950e-16 2.833305e-01 9.590223e-01
    outer loop
      vertex   9.168139e+01 -3.586769e+01 4.397082e+00
      vertex   8.896825e+01 -3.675780e+01 4.660054e+00
      vertex   9.146129e+01 -3.697421e+01 4.723990e+00
    endloop
  endfacet
  facet normal -1.129914e-16 2.833305e-01 9.590223e-01
    outer loop
      vertex   9.146129e+01 -3.697421e+01 4.723990e+00
      vertex   8.896825e+01 -3.675780e+01 4.660054e+00
      vertex   8.889056e+01 -3.783823e+01 4.979252e+00
    endloop
  endfacet
  facet normal 1.328142e-15 2.833305e-01 9.590223e-01
    outer loop
      vertex   9.146129e+01 -3.697421e+01 4.723990e+00
      vertex   8.889056e+01 -3.783823e+01 4.979252e+00
      vertex   9.138750e+01 -3.810000e+01 5.056589e+00
    endloop
  endfacet
  facet normal 1.392354e-15 2.833305e-01 9.590223e-01
    outer loop
      vertex   9.138750e+01 -3.810000e+01 5.056589e+00
      vertex   8.889056e+01 -3.783823e+01 4.979252e+00
      vertex   8.888750e+01 -3.810000e+01 5.056589e+00
    endloop
  endfacet
  facet normal 1.392354e-15 2.833305e-01 9.590223e-01
    outer loop
      vertex   9.138750e+01 -3.810000e+01 5.056589e+00
      vertex   8.888750e+01 -3.810000e+01 5.056589e+00
      vertex   9.138750e+01 -4.301355e+01 6.508234e+00
    endloop
  endfacet
  facet normal 9.323103e-15 2.833305e-01 9.590223e-01
    outer loop
      vertex   9.138750e+01 -4.301355e+01 6.508234e+00
      vertex   8.888750e+01 -3.810000e+01 5.056589e+00
      vertex   8.888750e+01 -4.301355e+01 6.508234e+00
    endloop
  endfacet
  facet normal -3.552714e-15 -1.692465e-16 1.000000e+00
    outer loop
      vertex   1.682875e+02 -7.134660e+01 1.060600e+01
      vertex   1.657875e+02 -7.134660e+01 1.060600e+01
      vertex   1.682875e+02 -1.238250e+02 1.060600e+01
    endloop
  endfacet
  facet normal 0.000000e+00 0.000000e+00 1.000000e+00
    outer loop
      vertex   1.682875e+02 -1.238250e+02 1.060600e+01
      vertex   1.657875e+02 -7.134660e+01 1.060600e+01
      vertex   1.657875e+02 -1.238250e+02 1.060600e+01
    endloop
  endfacet
  facet normal 0.000000e+00 0.000000e+00 1.000000e+00
    outer loop
      vertex   1.682875e+02 -1.238250e+02 1.060600e+01
      vertex   1.657875e+02 -1.238250e+02 1.060600e+01
      vertex   1.657137e+02 -1.249508e+02 1.060600e+01
    endloop
  endfacet
  facet normal 0.000000e+00 0.000000e+00 1.000000e+00
    outer loop
      vertex   1.682875e+02 -1.238250e+02 1.060600e+01
      vertex   1.657137e+02 -1.249508e+02 1.060600e+01
      vertex   1.682064e+02 -1.251660e+02 1.060600e+01
    endloop
  endfacet
  facet normal 0.000000e+00 0.000000e+00 1.000000e+00
    outer loop
      vertex   1.682064e+02 -1.251660e+02 1.060600e+01
      vertex   1.657137e+02 -1.249508e+02 1.060600e+01
      vertex   1.654936e+02 -1.260573e+02 1.060600e+01
    endloop
  endfacet
  facet normal 0.000000e+00 0.000000e+00 1.000000e+00
    outer loop
      vertex   1.682064e+02 -1.251660e+02 1.060600e+01
      vertex   1.654936e+02 -1.260573e+02 1.060600e+01
      vertex   1.679642e+02 -1.264874e+02 1.060600e+01
    endloop
  endfacet
  facet normal 0.000000e+00 0.000000e+00 1.000000e+00
    outer loop
      vertex   1.679642e+02 -1.264874e+02 1.060600e+01
      vertex   1.654936e+02 -1.260573e+02 1.060600e+01
      vertex   1.651310e+02 -1.271256e+02 1.060600e+01
    endloop
  endfacet
  facet normal 0.000000e+00 0.000000e+00 1.000000e+00
    outer loop
      vertex   1.679642e+02 -1.264874e+02 1.060600e+01
      vertex   1.651310e+02 -1.271256e+02 1.060600e+01
      vertex   1.675646e+02 -1.277700e+02 1.060600e+01
    endloop
  endfacet
  facet normal 0.000000e+00 0.000000e+00 1.000000e+00
    outer loop
      vertex   1.675646e+02 -1.277700e+02 1.060600e+01
      vertex   1.651310e+02 -1.271256e+02 1.060600e+01
      vertex   1.646320e+02 -1.281375e+02 1.060600e+01
    endloop
  endfacet
  facet normal 0.000000e+00 0.000000e+00 1.000000e+00
    outer loop
      vertex   1.675646e+02 -1.277700e+02 1.060600e+01
      vertex   1.646320e+02 -1.281375e+02 1.060600e+01
      vertex   1.670132e+02 -1.289950e+02 1.060600e+01
    endloop
  endfacet
  facet normal 0.000000e+00 0.000000e+00 1.000000e+00
    outer loop
      vertex   1.670132e+02 -1.289950e+02 1.060600e+01
      vertex   1.646320e+02 -1.281375e+02 1.060600e+01
      vertex   1.663182e+02 -1.301447e+02 1.060600e+01
    endloop
  endfacet
  facet normal 0.000000e+00 0.000000e+00 1.000000e+00
    outer loop
      vertex   1.663182e+02 -1.301447e+02 1.060600e+01
      vertex   1.646320e+02 -1.281375e+02 1.060600e+01
      vertex   1.640052e+02 -1.290756e+02 1.060600e+01
    endloop
  endfacet
  facet normal 0.000000e+00 0.000000e+00 1.000000e+00
    outer loop
      vertex   1.663182e+02 -1.301447e+02 1.060600e+01
      vertex   1.640052e+02 -1.290756e+02 1.060600e+01
      vertex   1.654897e+02 -1.312022e+02 1.060600e+01
    endloop
  endfacet
  facet normal 0.000000e+00 0.000000e+00 1.000000e+00
    outer loop
      vertex   1.654897e+02 -1.312022e+02 1.060600e+01
      vertex   1.640052e+02 -1.290756e+02 1.060600e+01
      vertex   1.632613e+02 -1.299238e+02 1.060600e+01
    endloop
  endfacet
  facet normal 0.000000e+00 0.000000e+00 1.000000e+00
    outer loop
      vertex   1.654897e+02 -1.312022e+02 1.060600e+01
      vertex   1.632613e+02 -1.299238e+02 1.060600e+01
      vertex   1.645397e+02 -1.321522e+02 1.060600e+01
    endloop
  endfacet
  facet normal 0.000000e+00 0.000000e+00 1.000000e+00
    outer loop
      vertex   1.645397e+02 -1.321522e+02 1.060600e+01
      vertex   1.632613e+02 -1.299238e+02 1.060600e+01
      vertex   1.624131e+02 -1.306677e+02 1.060600e+01
    endloop
  endfacet
  facet normal 0.000000e+00 0.000000e+00 1.000000e+00
    outer loop
      vertex   1.645397e+02 -1.321522e+02 1.060600e+01
      vertex   1.624131e+02 -1.306677e+02 1.060600e+01
      vertex   1.634822e+02 -1.329807e+02 1.060600e+01
    endloop
  endfacet
  facet normal 0.000000e+00 0.000000e+00 1.000000e+00
    outer loop
      vertex   1.634822e+02 -1.329807e+02 1.060600e+01
      vertex   1.624131e+02 -1.306677e+02 1.060600e+01
      vertex   1.614750e+02 -1.312945e+02 1.060600e+01
    endloop
  endfacet
  facet normal 0.000000e+00 0.000000e+00 1.000000e+00
    outer loop
      vertex   1.634822e+02 -1.329807e+02 1.060600e+01
      vertex   1.614750e+02 -1.312945e+02 1.060600e+01
      vertex   1.623325e+02 -1.336757e+02 1.060600e+01
    endloop
  endfacet
  facet normal 0.000000e+00 0.000000e+00 1.000000e+00
    outer loop
      vertex   1.623325e+02 -1.336757e+02 1.060600e+01
      vertex   1.614750e+02 -1.312945e+02 1.060600e+01
      vertex   1.604631e+02 -1.317935e+02 1.060600e+01
    endloop
  endfacet
  facet normal 0.000000e+00 0.000000e+00 1.000000e+00
    outer loop
      vertex   1.623325e+02 -1.336757e+02 1.060600e+01
      vertex   1.604631e+02 -1.317935e+02 1.060600e+01
      vertex   1.611075e+02 -1.342271e+02 1.060600e+01
    endloop
  endfacet
  facet normal 0.000000e+00 0.000000e+00 1.000000e+00
    outer loop
      vertex   1.611075e+02 -1.342271e+02 1.060600e+01
      vertex   1.604631e+02 -1.317935e+02 1.060600e+01
      vertex   1.593948e+02 -1.321561e+02 1.060600e+01
    endloop
  endfacet
  facet normal 0.000000e+00 0.000000e+00 1.000000e+00
    outer loop
      vertex   1.611075e+02 -1.342271e+02 1.060600e+01
      vertex   1.593948e+02 -1.321561e+02 1.060600e+01
      vertex   1.598249e+02 -1.346267e+02 1.060600e+01
    endloop
  endfacet
  facet normal 0.000000e+00 0.000000e+00 1.000000e+00
    outer loop
      vertex   1.598249e+02 -1.346267e+02 1.060600e+01
      vertex   1.593948e+02 -1.321561e+02 1.060600e+01
      vertex   1.582883e+02 -1.323762e+02 1.060600e+01
    endloop
  endfacet
  facet normal 0.000000e+00 0.000000e+00 1.000000e+00
    outer loop
      vertex   1.598249e+02 -1.346267e+02 1.060600e+01
      vertex   1.582883e+02 -1.323762e+02 1.060600e+01
      vertex   1.585035e+02 -1.348689e+02 1.060600e+01
    endloop
  endfacet
  facet normal 0.000000e+00 0.000000e+00 1.000000e+00
    outer loop
      vertex   1.585035e+02 -1.348689e+02 1.060600e+01
      vertex   1.582883e+02 -1.323762e+02 1.060600e+01
      vertex   1.571625e+02 -1.324500e+02 1.060600e+01
    endloop
  endfacet
  facet normal 0.000000e+00 0.000000e+00 1.000000e+00
    outer loop
      vertex   1.585035e+02 -1.348689e+02 1.060600e+01
      vertex   1.571625e+02 -1.324500e+02 1.060600e+01
      vertex   1.571625e+02 -1.349500e+02 1.060600e+01
    endloop
  endfacet
  facet normal 0.000000e+00 0.000000e+00 1.000000e+00
    outer loop
      vertex   1.571625e+02 -1.349500e+02 1.060600e+01
      vertex   1.571625e+02 -1.324500e+02 1.060600e+01
      vertex   1.000125e+02 -1.324500e+02 1.060600e+01
    endloop
  endfacet
  facet normal 0.000000e+00 0.000000e+00 1.000000e+00
    outer loop
      vertex   1.571625e+02 -1.349500e+02 1.060600e+01
      vertex   1.000125e+02 -1.324500e+02 1.060600e+01
      vertex   1.000125e+02 -1.349500e+02 1.060600e+01
    endloop
  endfacet
  facet normal 0.000000e+00 -0.000000e+00 1.000000e+00
    outer loop
      vertex   1.000125e+02 -1.349500e+02 1.060600e+01
      vertex   1.000125e+02 -1.324500e+02 1.060600e+01
      vertex   9.867153e+01 -1.348689e+02 1.060600e+01
    endloop
  endfacet
  facet normal 0.000000e+00 0.000000e+00 1.000000e+00
    outer loop
      vertex   9.867153e+01 -1.348689e+02 1.060600e+01
      vertex   1.000125e+02 -1.324500e+02 1.060600e+01
      vertex   9.888671e+01 -1.323762e+02 1.060600e+01
    endloop
  endfacet
  facet normal 0.000000e+00 -0.000000e+00 1.000000e+00
    outer loop
      vertex   9.867153e+01 -1.348689e+02 1.060600e+01
      vertex   9.888671e+01 -1.323762e+02 1.060600e+01
      vertex   9.735011e+01 -1.346267e+02 1.060600e+01
    endloop
  endfacet
  facet normal 0.000000e+00 0.000000e+00 1.000000e+00
    outer loop
      vertex   9.735011e+01 -1.346267e+02 1.060600e+01
      vertex   9.888671e+01 -1.323762e+02 1.060600e+01
      vertex   9.778019e+01 -1.321561e+02 1.060600e+01
    endloop
  endfacet
  facet normal 0.000000e+00 -0.000000e+00 1.000000e+00
    outer loop
      vertex   9.735011e+01 -1.346267e+02 1.060600e+01
      vertex   9.778019e+01 -1.321561e+02 1.060600e+01
      vertex   9.606752e+01 -1.342271e+02 1.060600e+01
    endloop
  endfacet
  facet normal 0.000000e+00 0.000000e+00 1.000000e+00
    outer loop
      vertex   9.606752e+01 -1.342271e+02 1.060600e+01
      vertex   9.778019e+01 -1.321561e+02 1.060600e+01
      vertex   9.671186e+01 -1.317935e+02 1.060600e+01
    endloop
  endfacet
  facet normal 0.000000e+00 -0.000000e+00 1.000000e+00
    outer loop
      vertex   9.606752e+01 -1.342271e+02 1.060600e+01
      vertex   9.671186e+01 -1.317935e+02 1.060600e+01
      vertex   9.484245e+01 -1.336757e+02 1.060600e+01
    endloop
  endfacet
  facet normal 0.000000e+00 0.000000e+00 1.000000e+00
    outer loop
      vertex   9.484245e+01 -1.336757e+02 1.060600e+01
      vertex   9.671186e+01 -1.317935e+02 1.060600e+01
      vertex   9.570000e+01 -1.312945e+02 1.060600e+01
    endloop
  endfacet
  facet normal 0.000000e+00 -0.000000e+00 1.000000e+00
    outer loop
      vertex   9.484245e+01 -1.336757e+02 1.060600e+01
      vertex   9.570000e+01 -1.312945e+02 1.060600e+01
      vertex   9.369278e+01 -1.329807e+02 1.060600e+01
    endloop
  endfacet
  facet normal 0.000000e+00 0.000000e+00 1.000000e+00
    outer loop
      vertex   9.369278e+01 -1.329807e+02 1.060600e+01
      vertex   9.570000e+01 -1.312945e+02 1.060600e+01
      vertex   9.476193e+01 -1.306677e+02 1.060600e+01
    endloop
  endfacet
  facet normal 0.000000e+00 -0.000000e+00 1.000000e+00
    outer loop
      vertex   9.369278e+01 -1.329807e+02 1.060600e+01
      vertex   9.476193e+01 -1.306677e+02 1.060600e+01
      vertex   9.263526e+01 -1.321522e+02 1.060600e+01
    endloop
  endfacet
  facet normal 0.000000e+00 0.000000e+00 1.000000e+00
    outer loop
      vertex   9.263526e+01 -1.321522e+02 1.060600e+01
      vertex   9.476193e+01 -1.306677e+02 1.060600e+01
      vertex   9.391370e+01 -1.299238e+02 1.060600e+01
    endloop
  endfacet
  facet normal 0.000000e+00 -0.000000e+00 1.000000e+00
    outer loop
      vertex   9.263526e+01 -1.321522e+02 1.060600e+01
      vertex   9.391370e+01 -1.299238e+02 1.060600e+01
      vertex   9.168532e+01 -1.312022e+02 1.060600e+01
    endloop
  endfacet
  facet normal 0.000000e+00 0.000000e+00 1.000000e+00
    outer loop
      vertex   9.168532e+01 -1.312022e+02 1.060600e+01
      vertex   9.391370e+01 -1.299238e+02 1.060600e+01
      vertex   9.316983e+01 -1.290756e+02 1.060600e+01
    endloop
  endfacet
  facet normal 0.000000e+00 -0.000000e+00 1.000000e+00
    outer loop
      vertex   9.168532e+01 -1.312022e+02 1.060600e+01
      vertex   9.316983e+01 -1.290756e+02 1.060600e+01
      vertex   9.085680e+01 -1.301447e+02 1.060600e+01
    endloop
  endfacet
  facet normal 0.000000e+00 0.000000e+00 1.000000e+00
    outer loop
      vertex   9.085680e+01 -1.301447e+02 1.060600e+01
      vertex   9.316983e+01 -1.290756e+02 1.060600e+01
      vertex   9.254303e+01 -1.281375e+02 1.060600e+01
    endloop
  endfacet
  facet normal 0.000000e+00 -0.000000e+00 1.000000e+00
    outer loop
      vertex   9.085680e+01 -1.301447e+02 1.060600e+01
      vertex   9.254303e+01 -1.281375e+02 1.060600e+01
      vertex   9.016180e+01 -1.289950e+02 1.060600e+01
    endloop
  endfacet
  facet normal 0.000000e+00 -0.000000e+00 1.000000e+00
    outer loop
      vertex   9.016180e+01 -1.289950e+02 1.060600e+01
      vertex   9.254303e+01 -1.281375e+02 1.060600e+01
      vertex   8.961044e+01 -1.277700e+02 1.060600e+01
    endloop
  endfacet
  facet normal -0.000000e+00 0.000000e+00 1.000000e+00
    outer loop
      vertex   8.961044e+01 -1.277700e+02 1.060600e+01
      vertex   9.254303e+01 -1.281375e+02 1.060600e+01
      vertex   9.204404e+01 -1.271256e+02 1.060600e+01
    endloop
  endfacet
  facet normal 0.000000e+00 -0.000000e+00 1.000000e+00
    outer loop
      vertex   8.961044e+01 -1.277700e+02 1.060600e+01
      vertex   9.204404e+01 -1.271256e+02 1.060600e+01
      vertex   8.921077e+01 -1.264874e+02 1.060600e+01
    endloop
  endfacet
  facet normal -0.000000e+00 0.000000e+00 1.000000e+00
    outer loop
      vertex   8.921077e+01 -1.264874e+02 1.060600e+01
      vertex   9.204404e+01 -1.271256e+02 1.060600e+01
      vertex   9.168139e+01 -1.260573e+02 1.060600e+01
    endloop
  endfacet
  facet normal 0.000000e+00 -0.000000e+00 1.000000e+00
    outer loop
      vertex   8.921077e+01 -1.264874e+02 1.060600e+01
      vertex   9.168139e+01 -1.260573e+02 1.060600e+01
      vertex   8.896861e+01 -1.251660e+02 1.060600e+01
    endloop
  endfacet
  facet normal -0.000000e+00 0.000000e+00 1.000000e+00
    outer loop
      vertex   8.896861e+01 -1.251660e+02 1.060600e+01
      vertex   9.168139e+01 -1.260573e+02 1.060600e+01
      vertex   9.146129e+01 -1.249508e+02 1.060600e+01
    endloop
  endfacet
  facet normal 0.000000e+00 -0.000000e+00 1.000000e+00
    outer loop
      vertex   8.896861e+01 -1.251660e+02 1.060600e+01
      vertex   9.146129e+01 -1.249508e+02 1.060600e+01
      vertex   8.888750e+01 -1.238250e+02 1.060600e+01
    endloop
  endfacet
  facet normal -0.000000e+00 0.000000e+00 1.000000e+00
    outer loop
      vertex   8.888750e+01 -1.238250e+02 1.060600e+01
      vertex   9.146129e+01 -1.249508e+02 1.060600e+01
      vertex   9.138750e+01 -1.238250e+02 1.060600e+01
    endloop
  endfacet
  facet normal 3.306028e-24 -1.692465e-16 1.000000e+00
    outer loop
      vertex   8.888750e+01 -1.238250e+02 1.060600e+01
      vertex   9.138750e+01 -1.238250e+02 1.060600e+01
      vertex   8.888750e+01 -7.134660e+01 1.060600e+01
    endloop
  endfacet
  facet normal 3.552714e-15 -2.905406e-28 1.000000e+00
    outer loop
      vertex   8.888750e+01 -7.134660e+01 1.060600e+01
      vertex   9.138750e+01 -1.238250e+02 1.060600e+01
      vertex   9.138750e+01 -7.134660e+01 1.060600e+01
    endloop
  endfacet
  facet normal 3.551966e-15 2.051750e-02 9.997895e-01
    outer loop
      vertex   8.888750e+01 -7.134660e+01 1.060600e+01
      vertex   9.138750e+01 -7.134660e+01 1.060600e+01
      vertex   8.888750e+01 -6.724397e+01 1.052181e+01
    endloop
  endfacet
  facet normal -1.781294e-15 2.051750e-02 9.997895e-01
    outer loop
      vertex   8.888750e+01 -6.724397e+01 1.052181e+01
      vertex   9.138750e+01 -7.134660e+01 1.060600e+01
      vertex   9.138750e+01 -6.724397e+01 1.052181e+01
    endloop
  endfacet
  facet normal -1.078524e-15 6.151794e-02 9.981060e-01
    outer loop
      vertex   8.888750e+01 -6.724397e+01 1.052181e+01
      vertex   9.138750e+01 -6.724397e+01 1.052181e+01
      vertex   8.888750e+01 -6.314824e+01 1.026937e+01
    endloop
  endfacet
  facet normal -0.000000e+00 6.151794e-02 9.981060e-01
    outer loop
      vertex   8.888750e+01 -6.314824e+01 1.026937e+01
      vertex   9.138750e+01 -6.724397e+01 1.052181e+01
      vertex   9.138750e+01 -6.314824e+01 1.026937e+01
    endloop
  endfacet
  facet normal -0.000000e+00 1.024148e-01 9.947418e-01
    outer loop
      vertex   8.888750e+01 -6.314824e+01 1.026937e+01
      vertex   9.138750e+01 -6.314824e+01 1.026937e+01
      vertex   8.888750e+01 -5.906632e+01 9.849109e+00
    endloop
  endfacet
  facet normal -8.285705e-17 1.024148e-01 9.947418e-01
    outer loop
      vertex   8.888750e+01 -5.906632e+01 9.849109e+00
      vertex   9.138750e+01 -6.314824e+01 1.026937e+01
      vertex   9.138750e+01 -5.906632e+01 9.849109e+00
    endloop
  endfacet
  facet normal 7.381047e-16 1.431392e-01 9.897026e-01
    outer loop
      vertex   8.888750e+01 -5.906632e+01 9.849109e+00
      vertex   9.138750e+01 -5.906632e+01 9.849109e+00
      vertex   8.888750e+01 -5.500507e+01 9.261737e+00
    endloop
  endfacet
  facet normal 8.136522e-16 1.431392e-01 9.897026e-01
    outer loop
      vertex   8.888750e+01 -5.500507e+01 9.261737e+00
      vertex   9.138750e+01 -5.906632e+01 9.849109e+00
      vertex   9.138750e+01 -5.500507e+01 9.261737e+00
    endloop
  endfacet
  facet normal 1.043774e-15 1.836226e-01 9.829968e-01
    outer loop
      vertex   8.888750e+01 -5.500507e+01 9.261737e+00
      vertex   9.138750e+01 -5.500507e+01 9.261737e+00
      vertex   8.888750e+01 -5.097134e+01 8.508242e+00
    endloop
  endfacet
  facet normal 1.557824e-15 1.836226e-01 9.829968e-01
    outer loop
      vertex   8.888750e+01 -5.097134e+01 8.508242e+00
      vertex   9.138750e+01 -5.500507e+01 9.261737e+00
      vertex   9.138750e+01 -5.097134e+01 8.508242e+00
    endloop
  endfacet
  facet normal 2.374919e-15 2.237968e-01 9.746358e-01
    outer loop
      vertex   8.888750e+01 -5.097134e+01 8.508242e+00
      vertex   9.138750e+01 -5.097134e+01 8.508242e+00
      vertex   8.888750e+01 -4.697193e+01 7.589892e+00
    endloop
  endfacet
  facet normal 2.898084e-16 2.237968e-01 9.746358e-01
    outer loop
      vertex   8.888750e+01 -4.697193e+01 7.589892e+00
      vertex   9.138750e+01 -5.097134e+01 8.508242e+00
      vertex   9.138750e+01 -4.697193e+01 7.589892e+00
    endloop
  endfacet
  facet normal 4.064727e-16 2.635941e-01 9.646337e-01
    outer loop
      vertex   8.888750e+01 -4.697193e+01 7.589892e+00
      vertex   9.138750e+01 -4.697193e+01 7.589892e+00
      vertex   8.888750e+01 -4.301355e+01 6.508234e+00
    endloop
  endfacet
  facet normal 9.316848e-15 2.635941e-01 9.646337e-01
    outer loop
      vertex   8.888750e+01 -4.301355e+01 6.508234e+00
      vertex   9.138750e+01 -4.697193e+01 7.589892e+00
      vertex   9.138750e+01 -4.301355e+01 6.508234e+00
    endloop
  endfacet
  facet normal 1.000000e+00 -8.172588e-14 0.000000e+00
    outer loop
      vertex   9.138750e+01 -3.810000e+01 1.900000e+00
      vertex   9.138750e+01 -3.810000e+01 5.056589e+00
      vertex   9.138750e+01 -1.238250e+02 1.900000e+00
    endloop
  endfacet
  facet normal 1.000000e+00 -8.164332e-14 -2.242190e-15
    outer loop
      vertex   9.138750e+01 -1.238250e+02 1.900000e+00
      vertex   9.138750e+01 -3.810000e+01 5.056589e+00
      vertex   9.138750e+01 -4.301355e+01 6.508234e+00
    endloop
  endfacet
  facet normal 1.000000e+00 -3.155888e-13 4.100300e-12
    outer loop
      vertex   9.138750e+01 -1.238250e+02 1.900000e+00
      vertex   9.138750e+01 -4.301355e+01 6.508234e+00
      vertex   9.138750e+01 -4.697193e+01 7.589892e+00
    endloop
  endfacet
  facet normal 1.000000e+00 -2.901425e-14 2.295525e-13
    outer loop
      vertex   9.138750e+01 -4.697193e+01 7.589892e+00
      vertex   9.138750e+01 -5.097134e+01 8.508242e+00
      vertex   9.138750e+01 -1.238250e+02 1.900000e+00
    endloop
  endfacet
  facet normal 1.000000e+00 8.057849e-14 -9.786708e-13
    outer loop
      vertex   9.138750e+01 -1.238250e+02 1.900000e+00
      vertex   9.138750e+01 -5.097134e+01 8.508242e+00
      vertex   9.138750e+01 -7.134660e+01 1.060600e+01
    endloop
  endfacet
  facet normal 1.000000e+00 -8.177990e-14 0.000000e+00
    outer loop
      vertex   9.138750e+01 -1.238250e+02 1.900000e+00
      vertex   9.138750e+01 -7.134660e+01 1.060600e+01
      vertex   9.138750e+01 -1.238250e+02 1.060600e+01
    endloop
  endfacet
  facet normal 1.000000e+00 5.078447e-13 3.171311e-12
    outer loop
      vertex   9.138750e+01 -5.097134e+01 8.508242e+00
      vertex   9.138750e+01 -5.500507e+01 9.261737e+00
      vertex   9.138750e+01 -7.134660e+01 1.060600e+01
    endloop
  endfacet
  facet normal 1.000000e+00 6.788643e-13 5.250310e-12
    outer loop
      vertex   9.138750e+01 -7.134660e+01 1.060600e+01
      vertex   9.138750e+01 -5.500507e+01 9.261737e+00
      vertex   9.138750e+01 -5.906632e+01 9.849109e+00
    endloop
  endfacet
  facet normal 1.000000e+00 1.004605e-12 1.053533e-11
    outer loop
      vertex   9.138750e+01 -7.134660e+01 1.060600e+01
      vertex   9.138750e+01 -5.906632e+01 9.849109e+00
      vertex   9.138750e+01 -6.314824e+01 1.026937e+01
    endloop
  endfacet
  facet normal 1.000000e+00 1.879830e-12 3.185062e-11
    outer loop
      vertex   9.138750e+01 -6.314824e+01 1.026937e+01
      vertex   9.138750e+01 -6.724397e+01 1.052181e+01
      vertex   9.138750e+01 -7.134660e+01 1.060600e+01
    endloop
  endfacet
  facet normal 4.973178e-16 1.000000e+00 -0.000000e+00
    outer loop
      vertex   1.571625e+02 -1.324500e+02 1.900000e+00
      vertex   1.000125e+02 -1.324500e+02 1.900000e+00
      vertex   1.571625e+02 -1.324500e+02 1.060600e+01
    endloop
  endfacet
  facet normal 4.973178e-16 1.000000e+00 0.000000e+00
    outer loop
      vertex   1.571625e+02 -1.324500e+02 1.060600e+01
      vertex   1.000125e+02 -1.324500e+02 1.900000e+00
      vertex   1.000125e+02 -1.324500e+02 1.060600e+01
    endloop
  endfacet
  facet normal 9.978589e-01 -6.540316e-02 0.000000e+00
    outer loop
      vertex   9.138750e+01 -3.810000e+01 5.056589e+00
      vertex   9.138750e+01 -3.810000e+01 1.900000e+00
      vertex   9.146129e+01 -3.697421e+01 4.723990e+00
    endloop
  endfacet
  facet normal 9.978589e-01 -6.540316e-02 1.111319e-09
    outer loop
      vertex   9.146129e+01 -3.697421e+01 4.723990e+00
      vertex   9.138750e+01 -3.810000e+01 1.900000e+00
      vertex   9.146129e+01 -3.697421e+01 1.900000e+00
    endloop
  endfacet
  facet normal 9.807853e-01 -1.950903e-01 1.188543e-09
    outer loop
      vertex   9.146129e+01 -3.697421e+01 4.723990e+00
      vertex   9.146129e+01 -3.697421e+01 1.900000e+00
      vertex   9.168139e+01 -3.586769e+01 4.397082e+00
    endloop
  endfacet
  facet normal 9.807853e-01 -1.950903e-01 2.446666e-09
    outer loop
      vertex   9.168139e+01 -3.586769e+01 4.397082e+00
      vertex   9.146129e+01 -3.697421e+01 1.900000e+00
      vertex   9.168139e+01 -3.586769e+01 1.900000e+00
    endloop
  endfacet
  facet normal 9.469301e-01 -3.214395e-01 2.577977e-09
    outer loop
      vertex   9.168139e+01 -3.586769e+01 4.397082e+00
      vertex   9.168139e+01 -3.586769e+01 1.900000e+00
      vertex   9.204404e+01 -3.479936e+01 4.081457e+00
    endloop
  endfacet
  facet normal 9.469301e-01 -3.214395e-01 3.988933e-09
    outer loop
      vertex   9.204404e+01 -3.479936e+01 4.081457e+00
      vertex   9.168139e+01 -3.586769e+01 1.900000e+00
      vertex   9.204404e+01 -3.479936e+01 1.900000e+00
    endloop
  endfacet
  facet normal 8.968727e-01 -4.422887e-01 4.145084e-09
    outer loop
      vertex   9.204404e+01 -3.479936e+01 4.081457e+00
      vertex   9.204404e+01 -3.479936e+01 1.900000e+00
      vertex   9.254303e+01 -3.378750e+01 3.782518e+00
    endloop
  endfacet
  facet normal 8.968727e-01 -4.422887e-01 5.699234e-09
    outer loop
      vertex   9.254303e+01 -3.378750e+01 3.782518e+00
      vertex   9.204404e+01 -3.479936e+01 1.900000e+00
      vertex   9.254303e+01 -3.378750e+01 1.900000e+00
    endloop
  endfacet
  facet normal 8.314696e-01 -5.555702e-01 5.844848e-09
    outer loop
      vertex   9.254303e+01 -3.378750e+01 3.782518e+00
      vertex   9.254303e+01 -3.378750e+01 1.900000e+00
      vertex   9.316983e+01 -3.284943e+01 3.505379e+00
    endloop
  endfacet
  facet normal 8.314696e-01 -5.555702e-01 7.502036e-09
    outer loop
      vertex   9.316983e+01 -3.284943e+01 3.505379e+00
      vertex   9.254303e+01 -3.378750e+01 1.900000e+00
      vertex   9.316983e+01 -3.284943e+01 1.900000e+00
    endloop
  endfacet
  facet normal 7.518398e-01 -6.593458e-01 7.596447e-09
    outer loop
      vertex   9.316983e+01 -3.284943e+01 3.505379e+00
      vertex   9.316983e+01 -3.284943e+01 1.900000e+00
      vertex   9.391370e+01 -3.200120e+01 3.254781e+00
    endloop
  endfacet
  facet normal 7.518398e-01 -6.593458e-01 9.261209e-09
    outer loop
      vertex   9.391370e+01 -3.200120e+01 3.254781e+00
      vertex   9.316983e+01 -3.284943e+01 1.900000e+00
      vertex   9.391370e+01 -3.200120e+01 1.900000e+00
    endloop
  endfacet
  facet normal 6.593458e-01 -7.518398e-01 9.261209e-09
    outer loop
      vertex   9.391370e+01 -3.200120e+01 3.254781e+00
      vertex   9.391370e+01 -3.200120e+01 1.900000e+00
      vertex   9.476193e+01 -3.125733e+01 3.035012e+00
    endloop
  endfacet
  facet normal 6.593458e-01 -7.518398e-01 1.074454e-08
    outer loop
      vertex   9.476193e+01 -3.125733e+01 3.035012e+00
      vertex   9.391370e+01 -3.200120e+01 1.900000e+00
      vertex   9.476193e+01 -3.125733e+01 1.900000e+00
    endloop
  endfacet
  facet normal 5.555702e-01 -8.314696e-01 1.061100e-08
    outer loop
      vertex   9.476193e+01 -3.125733e+01 3.035012e+00
      vertex   9.476193e+01 -3.125733e+01 1.900000e+00
      vertex   9.570000e+01 -3.063053e+01 2.849833e+00
    endloop
  endfacet
  facet normal 5.555702e-01 -8.314696e-01 1.158415e-08
    outer loop
      vertex   9.570000e+01 -3.063053e+01 2.849833e+00
      vertex   9.476193e+01 -3.125733e+01 1.900000e+00
      vertex   9.570000e+01 -3.063053e+01 1.900000e+00
    endloop
  endfacet
  facet normal 4.422887e-01 -8.968727e-01 1.129555e-08
    outer loop
      vertex   9.570000e+01 -3.063053e+01 2.849833e+00
      vertex   9.570000e+01 -3.063053e+01 1.900000e+00
      vertex   9.671186e+01 -3.013154e+01 2.702413e+00
    endloop
  endfacet
  facet normal 4.422887e-01 -8.968727e-01 1.126894e-08
    outer loop
      vertex   9.671186e+01 -3.013154e+01 2.702413e+00
      vertex   9.570000e+01 -3.063053e+01 1.900000e+00
      vertex   9.671186e+01 -3.013154e+01 1.900000e+00
    endloop
  endfacet
  facet normal 3.214395e-01 -9.469301e-01 1.084442e-08
    outer loop
      vertex   9.671186e+01 -3.013154e+01 2.702413e+00
      vertex   9.671186e+01 -3.013154e+01 1.900000e+00
      vertex   9.778019e+01 -2.976889e+01 2.595273e+00
    endloop
  endfacet
  facet normal 3.214395e-01 -9.469301e-01 9.258825e-09
    outer loop
      vertex   9.778019e+01 -2.976889e+01 2.595273e+00
      vertex   9.671186e+01 -3.013154e+01 1.900000e+00
      vertex   9.778019e+01 -2.976889e+01 1.900000e+00
    endloop
  endfacet
  facet normal 1.950903e-01 -9.807853e-01 8.787221e-09
    outer loop
      vertex   9.778019e+01 -2.976889e+01 2.595273e+00
      vertex   9.778019e+01 -2.976889e+01 1.900000e+00
      vertex   9.888671e+01 -2.954879e+01 2.530247e+00
    endloop
  endfacet
  facet normal 1.950903e-01 -9.807853e-01 5.325570e-09
    outer loop
      vertex   9.888671e+01 -2.954879e+01 2.530247e+00
      vertex   9.778019e+01 -2.976889e+01 1.900000e+00
      vertex   9.888671e+01 -2.954879e+01 1.900000e+00
    endloop
  endfacet
  facet normal 6.540316e-02 -9.978589e-01 4.979551e-09
    outer loop
      vertex   9.888671e+01 -2.954879e+01 2.530247e+00
      vertex   9.888671e+01 -2.954879e+01 1.900000e+00
      vertex   1.000125e+02 -2.947500e+01 2.508447e+00
    endloop
  endfacet
  facet normal 6.540316e-02 -9.978589e-01 0.000000e+00
    outer loop
      vertex   1.000125e+02 -2.947500e+01 2.508447e+00
      vertex   9.888671e+01 -2.954879e+01 1.900000e+00
      vertex   1.000125e+02 -2.947500e+01 1.900000e+00
    endloop
  endfacet
  facet normal 6.540316e-02 9.978589e-01 0.000000e+00
    outer loop
      vertex   1.000125e+02 -1.324500e+02 1.060600e+01
      vertex   1.000125e+02 -1.324500e+02 1.900000e+00
      vertex   9.888671e+01 -1.323762e+02 1.060600e+01
    endloop
  endfacet
  facet normal 6.540316e-02 9.978589e-01 0.000000e+00
    outer loop
      vertex   9.888671e+01 -1.323762e+02 1.060600e+01
      vertex   1.000125e+02 -1.324500e+02 1.900000e+00
      vertex   9.888671e+01 -1.323762e+02 1.900000e+00
    endloop
  endfacet
  facet normal 1.950903e-01 9.807853e-01 0.000000e+00
    outer loop
      vertex   9.888671e+01 -1.323762e+02 1.060600e+01
      vertex   9.888671e+01 -1.323762e+02 1.900000e+00
      vertex   9.778019e+01 -1.321561e+02 1.900000e+00
    endloop
  endfacet
  facet normal 1.950903e-01 9.807853e-01 1.302649e-18
    outer loop
      vertex   9.888671e+01 -1.323762e+02 1.060600e+01
      vertex   9.778019e+01 -1.321561e+02 1.900000e+00
      vertex   9.778019e+01 -1.321561e+02 1.060600e+01
    endloop
  endfacet
  facet normal 3.214395e-01 9.469301e-01 0.000000e+00
    outer loop
      vertex   9.778019e+01 -1.321561e+02 1.060600e+01
      vertex   9.778019e+01 -1.321561e+02 1.900000e+00
      vertex   9.671186e+01 -1.317935e+02 1.900000e+00
    endloop
  endfacet
  facet normal 3.214395e-01 9.469301e-01 -4.938949e-19
    outer loop
      vertex   9.778019e+01 -1.321561e+02 1.060600e+01
      vertex   9.671186e+01 -1.317935e+02 1.900000e+00
      vertex   9.671186e+01 -1.317935e+02 1.060600e+01
    endloop
  endfacet
  facet normal 4.422887e-01 8.968727e-01 0.000000e+00
    outer loop
      vertex   9.671186e+01 -1.317935e+02 1.060600e+01
      vertex   9.671186e+01 -1.317935e+02 1.900000e+00
      vertex   9.570000e+01 -1.312945e+02 1.900000e+00
    endloop
  endfacet
  facet normal 4.422887e-01 8.968727e-01 -1.350369e-18
    outer loop
      vertex   9.671186e+01 -1.317935e+02 1.060600e+01
      vertex   9.570000e+01 -1.312945e+02 1.900000e+00
      vertex   9.570000e+01 -1.312945e+02 1.060600e+01
    endloop
  endfacet
  facet normal 5.555702e-01 8.314696e-01 0.000000e+00
    outer loop
      vertex   9.570000e+01 -1.312945e+02 1.060600e+01
      vertex   9.570000e+01 -1.312945e+02 1.900000e+00
      vertex   9.476193e+01 -1.306677e+02 1.900000e+00
    endloop
  endfacet
  facet normal 5.555702e-01 8.314696e-01 3.751462e-18
    outer loop
      vertex   9.570000e+01 -1.312945e+02 1.060600e+01
      vertex   9.476193e+01 -1.306677e+02 1.900000e+00
      vertex   9.476193e+01 -1.306677e+02 1.060600e+01
    endloop
  endfacet
  facet normal 6.593458e-01 7.518398e-01 0.000000e+00
    outer loop
      vertex   9.476193e+01 -1.306677e+02 1.060600e+01
      vertex   9.476193e+01 -1.306677e+02 1.900000e+00
      vertex   9.391370e+01 -1.299238e+02 1.900000e+00
    endloop
  endfacet
  facet normal 6.593458e-01 7.518398e-01 -1.544120e-18
    outer loop
      vertex   9.476193e+01 -1.306677e+02 1.060600e+01
      vertex   9.391370e+01 -1.299238e+02 1.900000e+00
      vertex   9.391370e+01 -1.299238e+02 1.060600e+01
    endloop
  endfacet
  facet normal 7.518398e-01 6.593458e-01 0.000000e+00
    outer loop
      vertex   9.391370e+01 -1.299238e+02 1.060600e+01
      vertex   9.391370e+01 -1.299238e+02 1.900000e+00
      vertex   9.316983e+01 -1.290756e+02 1.900000e+00
    endloop
  endfacet
  facet normal 7.518398e-01 6.593458e-01 -1.428541e-18
    outer loop
      vertex   9.391370e+01 -1.299238e+02 1.060600e+01
      vertex   9.316983e+01 -1.290756e+02 1.900000e+00
      vertex   9.316983e+01 -1.290756e+02 1.060600e+01
    endloop
  endfacet
  facet normal 8.314696e-01 5.555702e-01 0.000000e+00
    outer loop
      vertex   9.316983e+01 -1.290756e+02 1.060600e+01
      vertex   9.316983e+01 -1.290756e+02 1.900000e+00
      vertex   9.254303e+01 -1.281375e+02 1.900000e+00
    endloop
  endfacet
  facet normal 8.314696e-01 5.555702e-01 1.866762e-18
    outer loop
      vertex   9.316983e+01 -1.290756e+02 1.060600e+01
      vertex   9.254303e+01 -1.281375e+02 1.900000e+00
      vertex   9.254303e+01 -1.281375e+02 1.060600e+01
    endloop
  endfacet
  facet normal 8.968727e-01 4.422887e-01 0.000000e+00
    outer loop
      vertex   9.254303e+01 -1.281375e+02 1.060600e+01
      vertex   9.254303e+01 -1.281375e+02 1.900000e+00
      vertex   9.204404e+01 -1.271256e+02 1.900000e+00
    endloop
  endfacet
  facet normal 8.968727e-01 4.422887e-01 2.875061e-18
    outer loop
      vertex   9.254303e+01 -1.281375e+02 1.060600e+01
      vertex   9.204404e+01 -1.271256e+02 1.900000e+00
      vertex   9.204404e+01 -1.271256e+02 1.060600e+01
    endloop
  endfacet
  facet normal 9.469301e-01 3.214395e-01 0.000000e+00
    outer loop
      vertex   9.204404e+01 -1.271256e+02 1.060600e+01
      vertex   9.204404e+01 -1.271256e+02 1.900000e+00
      vertex   9.168139e+01 -1.260573e+02 1.900000e+00
    endloop
  endfacet
  facet normal 9.469301e-01 3.214395e-01 6.118855e-19
    outer loop
      vertex   9.204404e+01 -1.271256e+02 1.060600e+01
      vertex   9.168139e+01 -1.260573e+02 1.900000e+00
      vertex   9.168139e+01 -1.260573e+02 1.060600e+01
    endloop
  endfacet
  facet normal 9.807853e-01 1.950903e-01 0.000000e+00
    outer loop
      vertex   9.168139e+01 -1.260573e+02 1.060600e+01
      vertex   9.168139e+01 -1.260573e+02 1.900000e+00
      vertex   9.146129e+01 -1.249508e+02 1.900000e+00
    endloop
  endfacet
  facet normal 9.807853e-01 1.950903e-01 2.651123e-19
    outer loop
      vertex   9.168139e+01 -1.260573e+02 1.060600e+01
      vertex   9.146129e+01 -1.249508e+02 1.900000e+00
      vertex   9.146129e+01 -1.249508e+02 1.060600e+01
    endloop
  endfacet
  facet normal 9.978589e-01 6.540316e-02 0.000000e+00
    outer loop
      vertex   9.146129e+01 -1.249508e+02 1.060600e+01
      vertex   9.146129e+01 -1.249508e+02 1.900000e+00
      vertex   9.138750e+01 -1.238250e+02 1.060600e+01
    endloop
  endfacet
  facet normal 9.978589e-01 6.540316e-02 0.000000e+00
    outer loop
      vertex   9.138750e+01 -1.238250e+02 1.060600e+01
      vertex   9.146129e+01 -1.249508e+02 1.900000e+00
      vertex   9.138750e+01 -1.238250e+02 1.900000e+00
    endloop
  endfacet
endsolid
